{
    "id": "1",
    "extraversion": 0.3344322446660892,
    "active": 0.9202171746803377,
    "assertive": 0.299788599260563,
    "cheerful": 0.913986906192086,
    "openness": 0.444360629173302,
    "adventurous": 0.31184868549716416,
    "artistic": 0.2927108652529824,
    "emotionally_aware": 0.855427970087261,
    "imaginative": 0.9610631501504018,
    "intellectual": 0.9301446279067601,
    "conscientiousness": 0.4341258532860242,
    "cautious": 0.8148241276227194,
    "disciplined": 0.14973132549194906,
    "dutiful": 0.12355302247180543,
    "neuroticism": 0.7504167481537358,
    "melancholy": 0.9418135762113634,
    "self_conscious": 0.9551960811704336,
    "authority_challenging": 0.9697333743096881,
    "achievement_striving": 0.8774993248214269,
    "orderliness": 0.32978515352163823,
    "self_efficacy": 0.29510425688449315,
    "stress_prone": 0.8588737090120042,
    "agreeableness": 0.4218329468518052,
    "cooperative": 0.31666340718389996,
    "trusting": 0,
    "excitement_seeking": 0.09974948546736319,
    "outgoing": 0.2488754784455061,
    "gregariousness": 0.3899365797781688,
    "altruism": 0.29291574702688605,
    "modesty": 0.11426815299080818,
    "uncompromising": 0.8734016893433538,
    "sympathy": 0.34781474962515946,
    "fiery": 0.8592462213281926,
    "prone_to_worry": 1,
    "immoderation": 0.9490961919928477
}