{
    "id": "1",
    "extraversion": 0.5729682801846441,
    "active": 1,
    "assertive": 0.11184517003345609,
    "cheerful": 0.6758459323254139,
    "openness": 0.34685342819633247,
    "adventurous": 0.6529136492610003,
    "artistic": 0.22698301782916186,
    "emotionally_aware": 0.6415851437767331,
    "imaginative": 0.7751026976665396,
    "intellectual": 0.72742768813789,
    "conscientiousness": 0.6005801888790073,
    "cautious": 0.6752318638038368,
    "disciplined": 0.8415809088214119,
    "dutiful": 0.7914178630415448,
    "neuroticism": 0.6053974505568965,
    "melancholy": 0.18182780671663915,
    "self_conscious": 0.7804916783127938,
    "authority_challenging": 0.8691822301274721,
    "achievement_striving": 0.08131114216745011,
    "orderliness": 0.7998665989073815,
    "self_efficacy": 0.6835429636217337,
    "stress_prone": 0.7068881548299665,
    "agreeableness": 0.5795324609325371,
    "cooperative": 0.7241985347054588,
    "trusting": 0.7589569305043832,
    "excitement_seeking": 0.20037691102358868,
    "outgoing": 0.7802375809935205,
    "gregariousness": 0.6810866895354254,
    "altruism": 0.7446427815186549,
    "modesty": 0.7951869732774318,
    "uncompromising": 0.16659255494854527,
    "sympathy": 0.7406830982933129,
    "fiery": 0.7915872612543938,
    "prone_to_worry": 0.7157603862279254,
    "immoderation": 0
}