{
    "id": "1",
    "extraversion": 0.3348707005346367,
    "active": 0.1519354764691035,
    "assertive": 0,
    "cheerful": 0.7521282210137444,
    "openness": 0.3381634198389206,
    "adventurous": 0.21295977604919575,
    "artistic": 0.2275647644615773,
    "emotionally_aware": 0.7091737224937473,
    "imaginative": 1,
    "intellectual": 0.8070718891259951,
    "conscientiousness": 0.29682659874716044,
    "cautious": 0.7558454372318212,
    "disciplined": 0.914240150524311,
    "dutiful": 0.13515063903994862,
    "neuroticism": 0.743443243615337,
    "melancholy": 0.17491567426171958,
    "self_conscious": 0.8631857919735664,
    "authority_challenging": 0.13593079553016224,
    "achievement_striving": 0.1365847502351942,
    "orderliness": 0.7792960234964778,
    "self_efficacy": 0.84820219820564,
    "stress_prone": 0.8554186457401161,
    "agreeableness": 0.36506734586172873,
    "cooperative": 0.8102039879764118,
    "trusting": 0.13704366581767283,
    "excitement_seeking": 0.22149560588329775,
    "outgoing": 0.8038135884903972,
    "gregariousness": 0.2491108510589477,
    "altruism": 0.8136229090658773,
    "modesty": 0.12872582088524817,
    "uncompromising": 0.8296734815630664,
    "sympathy": 0.7954727977788485,
    "fiery": 0.20263417544342716,
    "prone_to_worry": 0.8251302172965284,
    "immoderation": 0.8533994171772102
}