{
    "id": "1",
    "extraversion": 0.32409693844103055,
    "active": 0.8625467100806363,
    "assertive": 0.06519743886715762,
    "cheerful": 0.7712244050610783,
    "openness": 0.6695220821223312,
    "adventurous": 0.2268088547016018,
    "artistic": 0.2140796748322808,
    "emotionally_aware": 0.832193352417998,
    "imaginative": 0.8778217259238216,
    "intellectual": 0.7551408404536615,
    "conscientiousness": 0.24308909333275064,
    "cautious": 0.1637639037608444,
    "disciplined": 0.11325145866567603,
    "dutiful": 0,
    "neuroticism": 0.7337361508708288,
    "melancholy": 0.8332969122178274,
    "self_conscious": 1,
    "authority_challenging": 0.8949869976617644,
    "achievement_striving": 0.19099232971307445,
    "orderliness": 0.16187364786608685,
    "self_efficacy": 0.10726382727650186,
    "stress_prone": 0.7926072419746072,
    "agreeableness": 0.2883241187911103,
    "cooperative": 0.0792049998907367,
    "trusting": 0.1356285920325168,
    "excitement_seeking": 0.8476541159502633,
    "outgoing": 0.8388474902209305,
    "gregariousness": 0.23659885054959467,
    "altruism": 0.22671051768973582,
    "modesty": 0.23832521142457555,
    "uncompromising": 0.7606258604488538,
    "sympathy": 0.8302812438539366,
    "fiery": 0.8315596250081948,
    "prone_to_worry": 0.9141627149756342,
    "immoderation": 0.9045912458206771
}