{
    "id": "1",
    "extraversion": 0.32660795366519285,
    "active": 0.09050064949768208,
    "assertive": 0,
    "cheerful": 0.7548235630608622,
    "openness": 0.3364874688658221,
    "adventurous": 0.7313820595631085,
    "artistic": 0.23466530013943343,
    "emotionally_aware": 0.8295575073589875,
    "imaginative": 1,
    "intellectual": 0.8757254710347868,
    "conscientiousness": 0.35063340920737446,
    "cautious": 0.24638009319397933,
    "disciplined": 0.10935395836064402,
    "dutiful": 0.1400769863307552,
    "neuroticism": 0.8407479353124143,
    "melancholy": 0.8251719083314464,
    "self_conscious": 0.8430360739354793,
    "authority_challenging": 0.12134285135441124,
    "achievement_striving": 0.23160253125335178,
    "orderliness": 0.214083969920511,
    "self_efficacy": 0.7861782126300485,
    "stress_prone": 0.9046489733169668,
    "agreeableness": 0.2765310865083243,
    "cooperative": 0.12767098473382513,
    "trusting": 0.8911346545744896,
    "excitement_seeking": 0.8502580114645278,
    "outgoing": 0.7923990895115062,
    "gregariousness": 0.23226990501841235,
    "altruism": 0.7545732978989643,
    "modesty": 0.17455399172933225,
    "uncompromising": 0.17744991717414876,
    "sympathy": 0.8407717700897379,
    "fiery": 0.8552037277591735,
    "prone_to_worry": 0.9606011130841009,
    "immoderation": 0.8500673332459392
}