{
    "id": "1",
    "extraversion": 0.2678154681139756,
    "active": 1,
    "assertive": 0.13734961555857078,
    "cheerful": 0.09653550429669831,
    "openness": 0.25645409317051115,
    "adventurous": 0,
    "artistic": 0.03236544549977384,
    "emotionally_aware": 0.6918136589778381,
    "imaginative": 0.8434825870646767,
    "intellectual": 0.8506377204884668,
    "conscientiousness": 0.279520578923564,
    "cautious": 0.196164631388512,
    "disciplined": 0.854075079149706,
    "dutiful": 0.8574129353233831,
    "neuroticism": 0.6804703753957485,
    "melancholy": 0.7141474445952058,
    "self_conscious": 0.8522297602894618,
    "authority_challenging": 0.014717322478516516,
    "achievement_striving": 0.7477521483491634,
    "orderliness": 0.6668475802804162,
    "self_efficacy": 0.6424785165083673,
    "stress_prone": 0.7250113071008594,
    "agreeableness": 0.26500226142017186,
    "cooperative": 0.7208683853459974,
    "trusting": 0.12511080958842152,
    "excitement_seeking": 0.17687924016282225,
    "outgoing": 0.702894617819991,
    "gregariousness": 0.12376300316598825,
    "altruism": 0.7170872908186342,
    "modesty": 0.19583898688376303,
    "uncompromising": 0.027345092718227028,
    "sympathy": 0.6696788783355947,
    "fiery": 0.054997738579828155,
    "prone_to_worry": 0.6594482134780643,
    "immoderation": 0.13750339213025778
}