{
    "id": "1",
    "extraversion": 0.33162683458944864,
    "active": 0.9040559301864339,
    "assertive": 0.8857472233240777,
    "cheerful": 0.7660154700515669,
    "openness": 0.7362901626338754,
    "adventurous": 0.22612554541848473,
    "artistic": 0.23141858389527964,
    "emotionally_aware": 0.84829928599762,
    "imaginative": 0.9017998809996034,
    "intellectual": 0.9008949821499403,
    "conscientiousness": 0.7255181475604918,
    "cautious": 0.22024990083300278,
    "disciplined": 0.9440326259420866,
    "dutiful": 0.11970696152320506,
    "neuroticism": 0.6886156287187625,
    "melancholy": 0.9193400436334787,
    "self_conscious": 0.9317359182863942,
    "authority_challenging": 0.886466184053947,
    "achievement_striving": 1,
    "orderliness": 0,
    "self_efficacy": 0.8519436731455772,
    "stress_prone": 0.9584118405394685,
    "agreeableness": 0.3119669773899246,
    "cooperative": 0.7801343712812375,
    "trusting": 0.037770230067433554,
    "excitement_seeking": 0.8648105910353034,
    "outgoing": 0.8363744545815153,
    "gregariousness": 0.7325837961126538,
    "altruism": 0.982559004363348,
    "modesty": 0.020341630305434327,
    "uncompromising": 0.8747396866322888,
    "sympathy": 0.7902618008726695,
    "fiery": 0.1312227290757636,
    "prone_to_worry": 0.8906931773105909,
    "immoderation": 0.9231083895279651
}