{
    "id": "1",
    "extraversion": 0.3773606041653053,
    "active": 0.7942552019640974,
    "assertive": 0.7590713478898089,
    "cheerful": 0.7271174257629082,
    "openness": 0.6222193179802658,
    "adventurous": 0.30795440755019937,
    "artistic": 0.6835973600440616,
    "emotionally_aware": 0.6815063058353482,
    "imaginative": 1,
    "intellectual": 0.7964676119974236,
    "conscientiousness": 0.6466491789811711,
    "cautious": 0.7774987631040954,
    "disciplined": 0.8316234608814167,
    "dutiful": 0.9034941142425064,
    "neuroticism": 0.6277456755318653,
    "melancholy": 0.19584963079824128,
    "self_conscious": 0.2594400828953633,
    "authority_challenging": 0.2190005881089962,
    "achievement_striving": 0.831306068724737,
    "orderliness": 0.81106765120469,
    "self_efficacy": 0.8180036033344847,
    "stress_prone": 0.787879353640208,
    "agreeableness": 0.36034278352921406,
    "cooperative": 0.8500135358419761,
    "trusting": 0.926579726109239,
    "excitement_seeking": 0.22079292028789338,
    "outgoing": 0.7440232256378183,
    "gregariousness": 0.28477544504914915,
    "altruism": 0.19668978650709934,
    "modesty": 0.7199761022376148,
    "uncompromising": 0.7520420451256966,
    "sympathy": 0.23985511981553917,
    "fiery": 0.16696694454038818,
    "prone_to_worry": 0.7168021806708177,
    "immoderation": 0
}