{
    "id": "1",
    "extraversion": 0.2311382511968178,
    "active": 1,
    "assertive": 0.8127367400581668,
    "cheerful": 0.16542570734681233,
    "openness": 0.3320607253865297,
    "adventurous": 0.14719609822401228,
    "artistic": 0.20093546678393312,
    "emotionally_aware": 0.8153652418121672,
    "imaginative": 0.8205522851974375,
    "intellectual": 0.8704738299169474,
    "conscientiousness": 0.6305905633788741,
    "cautious": 0.7663831615978893,
    "disciplined": 0.8364532216636517,
    "dutiful": 0.12413924063283928,
    "neuroticism": 0.3422149374856332,
    "melancholy": 0.809528568715832,
    "self_conscious": 0.8939404539412535,
    "authority_challenging": 0.8903724876820213,
    "achievement_striving": 0.8253095735430804,
    "orderliness": 0.2190951157840031,
    "self_efficacy": 0.7602666480106339,
    "stress_prone": 0.807049981510539,
    "agreeableness": 0.3304716311702329,
    "cooperative": 0.15417212189052237,
    "trusting": 0.16992314380802945,
    "excitement_seeking": 0,
    "outgoing": 0.14209900356796623,
    "gregariousness": 0.2766722967908292,
    "altruism": 0.1999660193689597,
    "modesty": 0.06785132474489541,
    "uncompromising": 0.7859320187493128,
    "sympathy": 0.18275582917736888,
    "fiery": 0.22419221044004914,
    "prone_to_worry": 0.8377724696922754,
    "immoderation": 0.9991404899207452
}