{
    "id": "1",
    "extraversion": 0.5198985158374175,
    "active": 1,
    "assertive": 0.765478066605476,
    "cheerful": 0.21003411668946884,
    "openness": 0.6403719931420259,
    "adventurous": 0.2380288519820584,
    "artistic": 0.6494207090036888,
    "emotionally_aware": 0.6132085274405555,
    "imaginative": 0.723446997904508,
    "intellectual": 0.756533259442703,
    "conscientiousness": 0.5784510676618811,
    "cautious": 0.5945828931645395,
    "disciplined": 0.8721836413071714,
    "dutiful": 0.13605978213809466,
    "neuroticism": 0.5132483591084633,
    "melancholy": 0.08558613165232148,
    "self_conscious": 0.6682455016192439,
    "authority_challenging": 0.6950279687581178,
    "achievement_striving": 0.6657690109623677,
    "orderliness": 0.6418786692759295,
    "self_efficacy": 0.6556292537623608,
    "stress_prone": 0.6119269868209134,
    "agreeableness": 0.5063124534575619,
    "cooperative": 0.6784718494016589,
    "trusting": 0.11638640181493859,
    "excitement_seeking": 0.17073065133436083,
    "outgoing": 0.6745233188438425,
    "gregariousness": 0.5830403685295187,
    "altruism": 0.7085014633808426,
    "modesty": 0.6395407235509066,
    "uncompromising": 0.6616386401814939,
    "sympathy": 0.20021474464437247,
    "fiery": 0.1861610931195123,
    "prone_to_worry": 0.16745752731932875,
    "immoderation": 0
}