{
    "id": "1",
    "extraversion": 0.2780073705155829,
    "active": 0.9563420578573699,
    "assertive": 0.9702824579374331,
    "cheerful": 0.04126782287214625,
    "openness": 0.7137979348427584,
    "adventurous": 0.19993406567529698,
    "artistic": 0.8431116291665196,
    "emotionally_aware": 0.9388576878245206,
    "imaginative": 0.8940223470264798,
    "intellectual": 0.8637632015824238,
    "conscientiousness": 0.668020675120389,
    "cautious": 0.7015883107861491,
    "disciplined": 1,
    "dutiful": 0.1070019898037276,
    "neuroticism": 0.643012727679465,
    "melancholy": 0.8402505504338713,
    "self_conscious": 0.8403918382725208,
    "authority_challenging": 0.8775152178776212,
    "achievement_striving": 0.8548385197744105,
    "orderliness": 0.1475045035498569,
    "self_efficacy": 0.804881494825333,
    "stress_prone": 0.759904866188643,
    "agreeableness": 0.6406814783417517,
    "cooperative": 0.7472360566564233,
    "trusting": 0.11480814288910081,
    "excitement_seeking": 0.0757656034756808,
    "outgoing": 0.8720285401434072,
    "gregariousness": 0.19748507647204264,
    "altruism": 0.9162398596540803,
    "modesty": 0.022217512627600577,
    "uncompromising": 0.8063885651042587,
    "sympathy": 0.7739276841745847,
    "fiery": 0.7654739618287356,
    "prone_to_worry": 0.8394263713750839,
    "immoderation": 0
}