{
    "id": "1",
    "extraversion": 0.253627936556881,
    "active": 1,
    "assertive": 0.12988301952244213,
    "cheerful": 0.07693345410395268,
    "openness": 0.2791053980612461,
    "adventurous": 0.08387134074659368,
    "artistic": 0.18204243673996412,
    "emotionally_aware": 0.6693326138487925,
    "imaginative": 0.11439804197421416,
    "intellectual": 0.6768390217579833,
    "conscientiousness": 0.29055291102160374,
    "cautious": 0.6097535123051128,
    "disciplined": 0.8424521574900267,
    "dutiful": 0.709331457534352,
    "neuroticism": 0.6144847655572472,
    "melancholy": 0.7280155717011312,
    "self_conscious": 0.7622135712771492,
    "authority_challenging": 0.1413787122511515,
    "achievement_striving": 0.7095338125614291,
    "orderliness": 0.648451502245177,
    "self_efficacy": 0.144847655572472,
    "stress_prone": 0.7890111584343501,
    "agreeableness": 0.258031567384224,
    "cooperative": 0.11474493630634625,
    "trusting": 0.03964231339975718,
    "excitement_seeking": 0,
    "outgoing": 0.09191736206132323,
    "gregariousness": 0.20381005608125033,
    "altruism": 0.633910848156642,
    "modesty": 0.12489159552120872,
    "uncompromising": 0.6551966698144115,
    "sympathy": 0.14294937269941602,
    "fiery": 0.7510647728805719,
    "prone_to_worry": 0.7395209003835109,
    "immoderation": 0.08565399217560563
}