{
    "id": "1",
    "extraversion": 0.3033766114074398,
    "active": 1,
    "assertive": 0.9635957282582398,
    "cheerful": 0.77265762704054,
    "openness": 0.6150017856525696,
    "adventurous": 0.25429996659101645,
    "artistic": 0.7736022948515604,
    "emotionally_aware": 0.6876375240487079,
    "imaginative": 0.8222987684757439,
    "intellectual": 0.8375171365044987,
    "conscientiousness": 0.26567054134073703,
    "cautious": 0.6731103763694802,
    "disciplined": 0.9097842240475559,
    "dutiful": 0.06639171457207702,
    "neuroticism": 0.623388592560165,
    "melancholy": 0.9237929564646383,
    "self_conscious": 0.8739674896028938,
    "authority_challenging": 0.8712602099005795,
    "achievement_striving": 0.7426125825144292,
    "orderliness": 0.03791343617156088,
    "self_efficacy": 0.7431885994723685,
    "stress_prone": 0.7896270866214301,
    "agreeableness": 0.3336520627167263,
    "cooperative": 0.18054675529647593,
    "trusting": 0,
    "excitement_seeking": 0.7114385447507574,
    "outgoing": 0.14977592940336165,
    "gregariousness": 0.20344918954414018,
    "altruism": 0.18962478255359838,
    "modesty": 0.20403672684123822,
    "uncompromising": 0.06663364169441148,
    "sympathy": 0.12000737301706166,
    "fiery": 0.896766240798129,
    "prone_to_worry": 0.8276326855062612,
    "immoderation": 0.7800997661371151
}