{
    "id": "1",
    "extraversion": 0.33189092440513795,
    "active": 1,
    "assertive": 0.9453358601810908,
    "cheerful": 0.7514845230574859,
    "openness": 0.7104443040640135,
    "adventurous": 0.20576963571278165,
    "artistic": 0.1448831332912192,
    "emotionally_aware": 0.7890713834491472,
    "imaginative": 0.9459044009265108,
    "intellectual": 0.8815224257738471,
    "conscientiousness": 0.6439776795114761,
    "cautious": 0.7639503053274374,
    "disciplined": 0,
    "dutiful": 0.885007369972626,
    "neuroticism": 0.6874394609391451,
    "melancholy": 0.10165297957464732,
    "self_conscious": 0.7801431880395873,
    "authority_challenging": 0.7979679932617394,
    "achievement_striving": 0.9590018951358181,
    "orderliness": 0.8306590861233946,
    "self_efficacy": 0.7902084649399874,
    "stress_prone": 0.9798905032638451,
    "agreeableness": 0.3607706885660139,
    "cooperative": 0.883112234154559,
    "trusting": 0.9508949252474205,
    "excitement_seeking": 0.891671930932828,
    "outgoing": 0.8178985049484102,
    "gregariousness": 0.7106022320488524,
    "altruism": 0.21712992208886084,
    "modesty": 0.07130974942093074,
    "uncompromising": 0.7941145504316699,
    "sympathy": 0.7742261528742893,
    "fiery": 0.8562118340703306,
    "prone_to_worry": 0.8086018109075596,
    "immoderation": 0.8504843124868393
}