{
    "id": "1",
    "extraversion": 0.25785566508458074,
    "active": 1,
    "assertive": 0.051612510648655165,
    "cheerful": 0.07758305951077032,
    "openness": 0.26700742363392965,
    "adventurous": 0.1061944748691736,
    "artistic": 0.03601070950468535,
    "emotionally_aware": 0.8676767676767677,
    "imaginative": 0.8822076183521966,
    "intellectual": 0.724960447852014,
    "conscientiousness": 0.2264086649628818,
    "cautious": 0.6619569185834246,
    "disciplined": 0.9176463429475478,
    "dutiful": 0.7984179140805646,
    "neuroticism": 0.6322502129731046,
    "melancholy": 0.06710478276743333,
    "self_conscious": 0.8209808932700499,
    "authority_challenging": 0.8540708287696238,
    "achievement_striving": 0.7661068516490204,
    "orderliness": 0.09087258123402697,
    "self_efficacy": 0.7552147985882925,
    "stress_prone": 0.8375319459656808,
    "agreeableness": 0.25289034927589144,
    "cooperative": 0.8050991846172569,
    "trusting": 0,
    "excitement_seeking": 0.03279785809906289,
    "outgoing": 0.8383473287087745,
    "gregariousness": 0.7018619934282585,
    "altruism": 0.8054642813678959,
    "modesty": 0.08686868686868687,
    "uncompromising": 0.10568333941827915,
    "sympathy": 0.04611171960569548,
    "fiery": 0.87166849215042,
    "prone_to_worry": 0.764208348545698,
    "immoderation": 0.0361689180966289
}