{
    "id": "1",
    "extraversion": 0.5292833336303848,
    "active": 0.6698094711889783,
    "assertive": 0.6677954622417881,
    "cheerful": 0.6255369205268505,
    "openness": 0.5084392321813678,
    "adventurous": 0.09695759887358085,
    "artistic": 0.5792147147414761,
    "emotionally_aware": 0.6651487336695956,
    "imaginative": 0.7807938403407776,
    "intellectual": 0.6990482470992925,
    "conscientiousness": 0.154953927317447,
    "cautious": 0.16550519543016023,
    "disciplined": 0.7497281979075695,
    "dutiful": 0,
    "neuroticism": 0.5523820557149732,
    "melancholy": 0.8244069367458606,
    "self_conscious": 1,
    "authority_challenging": 0.6796210811485198,
    "achievement_striving": 0.07545404316751918,
    "orderliness": 0.07221915269039514,
    "self_efficacy": 0.09057693335947388,
    "stress_prone": 0.6189156433243624,
    "agreeableness": 0.24031760742866307,
    "cooperative": 0.05772898212344271,
    "trusting": 0.023312599140927173,
    "excitement_seeking": 0.19064466109398115,
    "outgoing": 0.6123478353859589,
    "gregariousness": 0.1869018126080525,
    "altruism": 0.13257704029800205,
    "modesty": 0.11216069296166252,
    "uncompromising": 0.171484841463632,
    "sympathy": 0.6293688844529204,
    "fiery": 0.6299035770937672,
    "prone_to_worry": 0.6836490990429003,
    "immoderation": 0.733847826474415
}