{
    "id": "1",
    "extraversion": 0.2729074279379158,
    "active": 0.8967294900221731,
    "assertive": 0.016116962305986738,
    "cheerful": 0.1134423503325943,
    "openness": 0.2725748337028825,
    "adventurous": 0.13975886917960087,
    "artistic": 0.14029933481152992,
    "emotionally_aware": 0.945731707317073,
    "imaginative": 0.9277716186252772,
    "intellectual": 0.9233508869179601,
    "conscientiousness": 0.7196646341463415,
    "cautious": 0.8983508869179601,
    "disciplined": 0.1086890243902439,
    "dutiful": 0.985490576496674,
    "neuroticism": 0.7704961197339246,
    "melancholy": 0.8762610864745012,
    "self_conscious": 0.9918375831485589,
    "authority_challenging": 0.8952189578713969,
    "achievement_striving": 0.8550166297117517,
    "orderliness": 0.9314717294900222,
    "self_efficacy": 0.904670177383592,
    "stress_prone": 0.9430570953436807,
    "agreeableness": 0.34050720620842573,
    "cooperative": 0.12742516629711756,
    "trusting": 0,
    "excitement_seeking": 0.03378603104212862,
    "outgoing": 0.8726302660753881,
    "gregariousness": 0.05261917960088692,
    "altruism": 0.8314024390243903,
    "modesty": 0.847630266075388,
    "uncompromising": 0.1872366962305987,
    "sympathy": 0.11304046563192909,
    "fiery": 0.07455654101995567,
    "prone_to_worry": 0.9053630820399113,
    "immoderation": 1
}