{
    "id": "1",
    "extraversion": 0.3695407674002865,
    "active": 0.9810458522263131,
    "assertive": 0,
    "cheerful": 0.29518036629689703,
    "openness": 0.7505889874152035,
    "adventurous": 0.288100678371435,
    "artistic": 0.24162098807818444,
    "emotionally_aware": 0.7968555767341091,
    "imaginative": 0.9376206092320077,
    "intellectual": 0.9487847324990824,
    "conscientiousness": 0.42157292196952656,
    "cautious": 0.28646690423478993,
    "disciplined": 0.06089952289059637,
    "dutiful": 0.1531012111238709,
    "neuroticism": 0.3631122213408787,
    "melancholy": 0.8853279979163461,
    "self_conscious": 1,
    "authority_challenging": 0.9174825671564043,
    "achievement_striving": 0.8665987900600235,
    "orderliness": 0.8223566599973954,
    "self_efficacy": 0.2680099920679082,
    "stress_prone": 0.9427587105023264,
    "agreeableness": 0.4455231036973019,
    "cooperative": 0.210093882818142,
    "trusting": 0.1323948997833474,
    "excitement_seeking": 0.2615814460085004,
    "outgoing": 0.25074881314596237,
    "gregariousness": 0.2852593320468349,
    "altruism": 0.840233463956338,
    "modesty": 0.17469544319083194,
    "uncompromising": 0.8562989096333479,
    "sympathy": 0.875916038216108,
    "fiery": 0.8577195827956481,
    "prone_to_worry": 0.952928362555791,
    "immoderation": 0.9761800466454355
}