{
    "id": "1",
    "extraversion": 0.2470917271290179,
    "active": 1,
    "assertive": 0.7637408293137692,
    "cheerful": 0.6061367597584209,
    "openness": 0.5598678610514368,
    "adventurous": 0.12986907705403108,
    "artistic": 0.6626910137408293,
    "emotionally_aware": 0.6445117749584532,
    "imaginative": 0.8123809330793239,
    "intellectual": 0.7018057638522962,
    "conscientiousness": 0.5189696404685663,
    "cautious": 0.22045113696242552,
    "disciplined": 0.8709213246321592,
    "dutiful": 0.6857342628997608,
    "neuroticism": 0.5922641968302866,
    "melancholy": 0,
    "self_conscious": 0.7581573507356816,
    "authority_challenging": 0.7568602813019334,
    "achievement_striving": 0.6715678326780431,
    "orderliness": 0.6985428235580236,
    "self_efficacy": 0.6753678407847269,
    "stress_prone": 0.6947934822260955,
    "agreeableness": 0.2509525353654088,
    "cooperative": 0.6801001175469175,
    "trusting": 0.09342953264966965,
    "excitement_seeking": 0.18688946536419282,
    "outgoing": 0.6505208544444895,
    "gregariousness": 0.6118013051761176,
    "altruism": 0.1513517895504844,
    "modesty": 0.14403550727574888,
    "uncompromising": 0.6430323051355843,
    "sympathy": 0.65087552186778,
    "fiery": 0.1348850877548539,
    "prone_to_worry": 0.13911069676948645,
    "immoderation": 0.670726764217097
}