{
    "id": "1",
    "extraversion": 0.2409626802891942,
    "active": 0.9930627522219919,
    "assertive": 0.8571097645724874,
    "cheerful": 0.10073030077663034,
    "openness": 0.6229989880640324,
    "adventurous": 0.09131807707782157,
    "artistic": 0.7187427610002317,
    "emotionally_aware": 0.9354677460650321,
    "imaginative": 0.8584630765291815,
    "intellectual": 0.7699979273600663,
    "conscientiousness": 0.5499445264017752,
    "cautious": 0.7909925506882383,
    "disciplined": 1,
    "dutiful": 0.8562929005986272,
    "neuroticism": 0.6045159166554906,
    "melancholy": 0.7497714000073152,
    "self_conscious": 0.7711073993245632,
    "authority_challenging": 0.7721071432925715,
    "achievement_striving": 0.8152546299118518,
    "orderliness": 0.7551846478340913,
    "self_efficacy": 0.766389095475549,
    "stress_prone": 0.8764828519525487,
    "agreeableness": 0.24530303215030297,
    "cooperative": 0.7948939905633923,
    "trusting": 0.05679033418270932,
    "excitement_seeking": 0.015325343509588972,
    "outgoing": 0.7283134806939686,
    "gregariousness": 0.13826946757537703,
    "altruism": 0.04996281440118996,
    "modesty": 0,
    "uncompromising": 0.7097572572877677,
    "sympathy": 0.08186927738018311,
    "fiery": 0.767644871435364,
    "prone_to_worry": 0.7172431450482193,
    "immoderation": 0.7512222479608881
}