{
    "id": "1",
    "extraversion": 0.233917750038846,
    "active": 0.19309058890557826,
    "assertive": 0,
    "cheerful": 0.21322577303568652,
    "openness": 0.2855052571606153,
    "adventurous": 0.11134562593877863,
    "artistic": 0.1464235769410058,
    "emotionally_aware": 0.7849355156160979,
    "imaginative": 0.9781685399078055,
    "intellectual": 1,
    "conscientiousness": 0.32323768581343554,
    "cautious": 0.8712125135961051,
    "disciplined": 0.06072926917698244,
    "dutiful": 0.05815248355518725,
    "neuroticism": 0.7399518309421453,
    "melancholy": 0.9238229657637126,
    "self_conscious": 0.9720697156471746,
    "authority_challenging": 0.9610374475578805,
    "achievement_striving": 0.188869322007562,
    "orderliness": 0.12690992904128034,
    "self_efficacy": 0.8946366602786553,
    "stress_prone": 0.847127984668773,
    "agreeableness": 0.3500932304345574,
    "cooperative": 0.1778758999326669,
    "trusting": 0.012987517480706458,
    "excitement_seeking": 0.8772077484850055,
    "outgoing": 0.8723002019992748,
    "gregariousness": 0.17132387217071526,
    "altruism": 0.13844719531776034,
    "modesty": 0.1678018335318796,
    "uncompromising": 0.9126482622882892,
    "sympathy": 0.8800823535505258,
    "fiery": 0.18770394157559434,
    "prone_to_worry": 0.8842000310768116,
    "immoderation": 0.10119386750919356
}