{
    "id": "1",
    "extraversion": 0.6634235877010929,
    "active": 0.8657341315066521,
    "assertive": 0.08783905370874671,
    "cheerful": 0.9395971544081481,
    "openness": 0.6517868925225236,
    "adventurous": 0.28298763151265044,
    "artistic": 0.21253164101395206,
    "emotionally_aware": 0.23139028515901486,
    "imaginative": 0.8676895761603705,
    "intellectual": 0.8248017563012104,
    "conscientiousness": 0.3040776419496863,
    "cautious": 0.25285218997804626,
    "disciplined": 0.0038509063425987574,
    "dutiful": 0.1557517664983145,
    "neuroticism": 0.7110260685965186,
    "melancholy": 0.9196588168960015,
    "self_conscious": 1,
    "authority_challenging": 0.9139844284223281,
    "achievement_striving": 0.22112120157875165,
    "orderliness": 0,
    "self_efficacy": 0.11406360593591419,
    "stress_prone": 0.7788668018282808,
    "agreeableness": 0.3567786748563408,
    "cooperative": 0.0848998884316854,
    "trusting": 0.11236008973451542,
    "excitement_seeking": 0.7319601233249757,
    "outgoing": 0.17742960999076265,
    "gregariousness": 0.7565771320944852,
    "altruism": 0.13466175606127861,
    "modesty": 0.11976198759552291,
    "uncompromising": 0.07978933982748901,
    "sympathy": 0.19749991002555273,
    "fiery": 0.9016039444797678,
    "prone_to_worry": 0.8880118046474802,
    "immoderation": 0.9896109504900609
}