{
    "id": "1",
    "extraversion": 0.5410194343828364,
    "active": 0.8223042630259124,
    "assertive": 1,
    "cheerful": 0.7142832265254946,
    "openness": 0.6780353162440792,
    "adventurous": 0.157860824742268,
    "artistic": 0.7985075926441907,
    "emotionally_aware": 0.7350410977988298,
    "imaginative": 0.8945214544441348,
    "intellectual": 0.6633550431875174,
    "conscientiousness": 0.28473286430760664,
    "cautious": 0.6552660908331012,
    "disciplined": 0.8327528559487322,
    "dutiful": 0.6749094455280022,
    "neuroticism": 0.5404186402897744,
    "melancholy": 0.7074655196433548,
    "self_conscious": 0.644059974923377,
    "authority_challenging": 0.8350428392309837,
    "achievement_striving": 0.6783748955140707,
    "orderliness": 0.09722415714683755,
    "self_efficacy": 0.15534445528002225,
    "stress_prone": 0.6594455280022291,
    "agreeableness": 0.3014680273056562,
    "cooperative": 0.6426232933964894,
    "trusting": 0.70290296740039,
    "excitement_seeking": 0.6195057815547507,
    "outgoing": 0.1690582334912232,
    "gregariousness": 0.21947269434382832,
    "altruism": 0.1276121482307049,
    "modesty": 0.22773578991362492,
    "uncompromising": 0.17817463081638338,
    "sympathy": 0.1442167038172193,
    "fiery": 0.7535002786291447,
    "prone_to_worry": 0,
    "immoderation": 0.7011789495681249
}