{
    "id": "1",
    "extraversion": 0.34540032509991325,
    "active": 0.9476173598464942,
    "assertive": 0.01646276628249469,
    "cheerful": 0.8159885603940309,
    "openness": 0.7073123036873175,
    "adventurous": 0.787841752117427,
    "artistic": 0.0558414099069921,
    "emotionally_aware": 0.7814130846604173,
    "imaginative": 1,
    "intellectual": 0.9576881240757263,
    "conscientiousness": 0.37327825374903756,
    "cautious": 0.795920362743061,
    "disciplined": 0,
    "dutiful": 0.14501167182019284,
    "neuroticism": 0.7233228633235966,
    "melancholy": 0.06884540643600053,
    "self_conscious": 0.979907358746532,
    "authority_challenging": 0.04123635741435572,
    "achievement_striving": 0.18751909656445168,
    "orderliness": 0.9401498392833135,
    "self_efficacy": 0.2158247882572934,
    "stress_prone": 0.8604881387418878,
    "agreeableness": 0.39283313574754647,
    "cooperative": 0.11803815646349959,
    "trusting": 0.11006954204910717,
    "excitement_seeking": 0.7745810977621881,
    "outgoing": 0.8102198702044707,
    "gregariousness": 0.2439960401363953,
    "altruism": 0.21081384974517542,
    "modesty": 0.8362278632624877,
    "uncompromising": 0.8462864056904706,
    "sympathy": 0.8890260446584618,
    "fiery": 0.2042018552694296,
    "prone_to_worry": 0.23501301621833023,
    "immoderation": 0.1309443785825155
}