{
    "id": "1",
    "extraversion": 0.20994056748466253,
    "active": 1,
    "assertive": 0.7718845858895703,
    "cheerful": 0.07658167177914106,
    "openness": 0.2586848159509202,
    "adventurous": 0.15298121165644166,
    "artistic": 0.6638420245398773,
    "emotionally_aware": 0.7542657208588956,
    "imaginative": 0.7942868098159508,
    "intellectual": 0.6904236963190182,
    "conscientiousness": 0.5586368865030674,
    "cautious": 0.6429064417177913,
    "disciplined": 0.9330904907975458,
    "dutiful": 0.7560678680981594,
    "neuroticism": 0.6579850460122698,
    "melancholy": 0.6716928680981594,
    "self_conscious": 0.7209451687116563,
    "authority_challenging": 0.8151169478527607,
    "achievement_striving": 0.7738017638036808,
    "orderliness": 0.12204754601226991,
    "self_efficacy": 0.7831384202453987,
    "stress_prone": 0.8570743865030673,
    "agreeableness": 0.1896951687116564,
    "cooperative": 0.7164398006134969,
    "trusting": 0,
    "excitement_seeking": 0.05248274539877296,
    "outgoing": 0.6477473159509202,
    "gregariousness": 0.5961944018404908,
    "altruism": 0.7235046012269938,
    "modesty": 0.10771664110429444,
    "uncompromising": 0.6979198619631901,
    "sympathy": 0.10813842024539873,
    "fiery": 0.7247603527607361,
    "prone_to_worry": 0.7963094325153373,
    "immoderation": 0.742868098159509
}