{
    "id": "1",
    "extraversion": 0.7390646284243984,
    "active": 0.8947652922225345,
    "assertive": 1,
    "cheerful": 0.26311920257735305,
    "openness": 0.3908300720015568,
    "adventurous": 0.2689463555968778,
    "artistic": 0.1893338234340202,
    "emotionally_aware": 0.7613570023135635,
    "imaginative": 0.23650241086293758,
    "intellectual": 0.832363943004173,
    "conscientiousness": 0.33781270946398845,
    "cautious": 0.7826223269692318,
    "disciplined": 0.9182252589245172,
    "dutiful": 0.09270470712880284,
    "neuroticism": 0.7282968280395252,
    "melancholy": 0.9088737053774136,
    "self_conscious": 0.22484810482388815,
    "authority_challenging": 0.9008519103115742,
    "achievement_striving": 0.8377694652857359,
    "orderliness": 0.15184112088910032,
    "self_efficacy": 0.8307314752751411,
    "stress_prone": 0.8243853921165862,
    "agreeableness": 0.39036519708534245,
    "cooperative": 0,
    "trusting": 0.15922506432571518,
    "excitement_seeking": 0.14284633181257975,
    "outgoing": 0.0038054876862203273,
    "gregariousness": 0.3199744859348311,
    "altruism": 0.19582045017189562,
    "modesty": 0.25314060844558806,
    "uncompromising": 0.9662587299184846,
    "sympathy": 0.236188890570607,
    "fiery": 0.943231204999027,
    "prone_to_worry": 0.8575104326580034,
    "immoderation": 0.11350515686825664
}