{
    "id": "1",
    "extraversion": 0.19851301115241637,
    "active": 0.8934560689207529,
    "assertive": 0.8554552428158376,
    "cheerful": 0.10997816722723788,
    "openness": 0.2496489054109872,
    "adventurous": 0.07852717295096476,
    "artistic": 0.6491768454593734,
    "emotionally_aware": 0.7505281170708681,
    "imaginative": 0.8411046202867763,
    "intellectual": 0.7424558918982711,
    "conscientiousness": 0.6361125862984599,
    "cautious": 0.8092877795480027,
    "disciplined": 1,
    "dutiful": 0.9679589307842096,
    "neuroticism": 0.6550657933557561,
    "melancholy": 0.7018233315631084,
    "self_conscious": 0.7044550657933557,
    "authority_challenging": 0.0018882398064554082,
    "achievement_striving": 0.7977931197262051,
    "orderliness": 0.0528589130819614,
    "self_efficacy": 0.7859916209358588,
    "stress_prone": 0.9367911724789048,
    "agreeableness": 0.2246533309730336,
    "cooperative": 0.7293798312385673,
    "trusting": 0.0356169233492654,
    "excitement_seeking": 0.05198560217147581,
    "outgoing": 0.7061072756240042,
    "gregariousness": 0.6552546173364017,
    "altruism": 0.728176078361952,
    "modesty": 0.029067091520623166,
    "uncompromising": 0.6703133297928836,
    "sympathy": 0,
    "fiery": 0.7434472177966602,
    "prone_to_worry": 0.7641942526700891,
    "immoderation": 0.9640054286894436
}