{
    "id": "1",
    "extraversion": 0.711578720383831,
    "active": 0.25926558190100546,
    "assertive": 0,
    "cheerful": 0.35984150800995524,
    "openness": 0.7085149013018985,
    "adventurous": 0.4011626339859299,
    "artistic": 0.1986001671174045,
    "emotionally_aware": 0.7846431684022319,
    "imaginative": 0.8620203236327372,
    "intellectual": 1,
    "conscientiousness": 0.7192337756853162,
    "cautious": 0.8102588522807932,
    "disciplined": 0.27242832370461556,
    "dutiful": 0.3223479096847232,
    "neuroticism": 0.7035283335879029,
    "melancholy": 0.8267998814005517,
    "self_conscious": 0.8026397362060755,
    "authority_challenging": 0.2791309894967611,
    "achievement_striving": 0.8073477749126229,
    "orderliness": 0.8058023881616188,
    "self_efficacy": 0.3622943602368396,
    "stress_prone": 0.3577390632440544,
    "agreeableness": 0.6876611649700357,
    "cooperative": 0.3351512592206579,
    "trusting": 0.26804373803897613,
    "excitement_seeking": 0.8377254063378827,
    "outgoing": 0.8355600679251386,
    "gregariousness": 0.7828821462906226,
    "altruism": 0.33100926333569936,
    "modesty": 0.7868264764283597,
    "uncompromising": 0.33278825506069243,
    "sympathy": 0.8040593356633934,
    "fiery": 0.2525269768820924,
    "prone_to_worry": 0.8288484173263013,
    "immoderation": 0.2048985166084152
}