{
    "id": "1",
    "extraversion": 0.6738746524385661,
    "active": 0.8747651611933569,
    "assertive": 0.09849139550612454,
    "cheerful": 0.8253832569324415,
    "openness": 0.7439035845795446,
    "adventurous": 0.8011197114300743,
    "artistic": 0.277851882467874,
    "emotionally_aware": 0.9723735627865032,
    "imaginative": 0.20932591868941153,
    "intellectual": 0.7205981814082814,
    "conscientiousness": 0.3523427519350717,
    "cautious": 0.157426542421282,
    "disciplined": 0,
    "dutiful": 0.8461430074396934,
    "neuroticism": 0.6497238295633877,
    "melancholy": 0.8535451266250845,
    "self_conscious": 0.7979259036597279,
    "authority_challenging": 0.8224055008642068,
    "achievement_striving": 0.23048019839182382,
    "orderliness": 0.2018204704290974,
    "self_efficacy": 0.1848838956939956,
    "stress_prone": 0.7579657323213346,
    "agreeableness": 0.6349289847448711,
    "cooperative": 0.15664687758322685,
    "trusting": 0.7902889456676937,
    "excitement_seeking": 0.8112459607725258,
    "outgoing": 0.7657248064928233,
    "gregariousness": 0.689787329976704,
    "altruism": 0.8619429623506425,
    "modesty": 0.24807432178552635,
    "uncompromising": 0.2854418726985797,
    "sympathy": 0.8855959269557375,
    "fiery": 0.7314195536183964,
    "prone_to_worry": 0.8783347110543323,
    "immoderation": 1
}