{
    "id": "1",
    "extraversion": 0.2481577542860888,
    "active": 1,
    "assertive": 0.03327746514480469,
    "cheerful": 0.14678976394910062,
    "openness": 0.18284815400893265,
    "adventurous": 0.1278476390228373,
    "artistic": 0.615146209234169,
    "emotionally_aware": 0.6098652609106826,
    "imaginative": 0.6994447513553498,
    "intellectual": 0.608610567514677,
    "conscientiousness": 0.5256884427756814,
    "cautious": 0.5520089139411417,
    "disciplined": 0.8823490856655961,
    "dutiful": 0.8272174833097687,
    "neuroticism": 0.56423749286042,
    "melancholy": 0,
    "self_conscious": 0.6853060421914063,
    "authority_challenging": 0.0421539527523666,
    "achievement_striving": 0.7338832760606372,
    "orderliness": 0.677450163391043,
    "self_efficacy": 0.6614106873659866,
    "stress_prone": 0.7769267502504705,
    "agreeableness": 0.24737123006769723,
    "cooperative": 0.7229842976057829,
    "trusting": 0.6253054803883932,
    "excitement_seeking": 0.056311388683414614,
    "outgoing": 0.6507177033492824,
    "gregariousness": 0.6162323617262334,
    "altruism": 0.6492944690493357,
    "modesty": 0.5812133072407045,
    "uncompromising": 0.6601091770522196,
    "sympathy": 0.6442569686982088,
    "fiery": 0.6694070169196341,
    "prone_to_worry": 0.6885738630511522,
    "immoderation": 0.6914203316510453
}