{
    "id": "1",
    "extraversion": 0.2682550017104581,
    "active": 1,
    "assertive": 0.815027753561615,
    "cheerful": 0.1921120294860901,
    "openness": 0.5773513280879286,
    "adventurous": 0.13255498295059534,
    "artistic": 0.15734007217029541,
    "emotionally_aware": 0.6029309526699699,
    "imaginative": 0.7455941910636843,
    "intellectual": 0.7181165097827166,
    "conscientiousness": 0.5570906763482272,
    "cautious": 0.63744910007835,
    "disciplined": 0.8657676646177954,
    "dutiful": 0,
    "neuroticism": 0.5611074940133967,
    "melancholy": 0.73853165450954,
    "self_conscious": 0.6719451770599985,
    "authority_challenging": 0.7527450093247553,
    "achievement_striving": 0.7631512155287522,
    "orderliness": 0.13942992087752018,
    "self_efficacy": 0.07503945088778291,
    "stress_prone": 0.7218353766870083,
    "agreeableness": 0.2478177865569031,
    "cooperative": 0.08230062128251248,
    "trusting": 0.03587547865237972,
    "excitement_seeking": 0.1634866860150741,
    "outgoing": 0.11854026197596532,
    "gregariousness": 0.6515852084000043,
    "altruism": 0.6759399242984363,
    "modesty": 0.11269159889206457,
    "uncompromising": 0.6691091272249748,
    "sympathy": 0.6806409251922885,
    "fiery": 0.7902205939151833,
    "prone_to_worry": 0.6679283593948289,
    "immoderation": 0.8091680552643485
}