{
    "id": "1",
    "extraversion": 0.29198600944171554,
    "active": 0.919936545555322,
    "assertive": 0.74292349152348,
    "cheerful": 0.16443684180348236,
    "openness": 0.6549091187095049,
    "adventurous": 0.2036467192905334,
    "artistic": 0.14393838038263793,
    "emotionally_aware": 0.7366736109783835,
    "imaginative": 0.7574109822059977,
    "intellectual": 0.9084879876149157,
    "conscientiousness": 0.5959748475755433,
    "cautious": 0.13431509336595246,
    "disciplined": 0.8023738078400643,
    "dutiful": 0,
    "neuroticism": 0.7624089753636207,
    "melancholy": 0.85083427304524,
    "self_conscious": 0.8768945547676842,
    "authority_challenging": 0.9580187687544198,
    "achievement_striving": 0.780594789854934,
    "orderliness": 0.06762103170810956,
    "self_efficacy": 0.6869134764243803,
    "stress_prone": 0.6895605970833892,
    "agreeableness": 0.18434280690353774,
    "cooperative": 0.744156266126412,
    "trusting": 0.167045736893408,
    "excitement_seeking": 0.1570688633627033,
    "outgoing": 0.18417079184266358,
    "gregariousness": 0.16833584984996464,
    "altruism": 0.14048852277288276,
    "modesty": 0.0034689703942967134,
    "uncompromising": 0.7064467422258749,
    "sympathy": 0.7033218019533266,
    "fiery": 0.09943426157756922,
    "prone_to_worry": 0.13471646184132566,
    "immoderation": 1
}