{
    "id": "1",
    "extraversion": 0.31242512818055496,
    "active": 0.1347213570367531,
    "assertive": 0,
    "cheerful": 0.8517537974986823,
    "openness": 0.7070535243662849,
    "adventurous": 0.27764866548469025,
    "artistic": 0.04482725573817625,
    "emotionally_aware": 0.748179117351095,
    "imaginative": 0.0795917389429297,
    "intellectual": 0.9010494034213427,
    "conscientiousness": 0.35311945948536105,
    "cautious": 0.8026977813982462,
    "disciplined": 0.01384829172456756,
    "dutiful": 0.13896209689012412,
    "neuroticism": 0.6977813982462026,
    "melancholy": 0.8372106952896642,
    "self_conscious": 0.8733767789544301,
    "authority_challenging": 0.9250443241171115,
    "achievement_striving": 0.2122286645263309,
    "orderliness": 0.20932962767741628,
    "self_efficacy": 0.13989649719679909,
    "stress_prone": 0.8592769179165269,
    "agreeableness": 0.36536249940102544,
    "cooperative": 0.03940054626479471,
    "trusting": 0.09945373520532846,
    "excitement_seeking": 0.16232210455699844,
    "outgoing": 0.06927739709617135,
    "gregariousness": 0.2103119459485361,
    "altruism": 0.20761656044851218,
    "modesty": 0.17123484594374433,
    "uncompromising": 0.24542383439551488,
    "sympathy": 0.1472998227035316,
    "fiery": 1,
    "prone_to_worry": 0.9201327327615123,
    "immoderation": 0.8913100771479228
}