{
    "id": "1",
    "extraversion": 0.37120079720976573,
    "active": 0.23024177284266967,
    "assertive": 0.10790803615915721,
    "cheerful": 0.27542885614634494,
    "openness": 0.7085557690938856,
    "adventurous": 0.26153700144731534,
    "artistic": 0.8472607777540513,
    "emotionally_aware": 0.7852041663700856,
    "imaginative": 0.9174318456829667,
    "intellectual": 0.8211260587942202,
    "conscientiousness": 0.7005362184734382,
    "cautious": 0.7985503120032268,
    "disciplined": 0.9207416897999857,
    "dutiful": 0,
    "neuroticism": 0.6905236434384416,
    "melancholy": 0.9477898782831518,
    "self_conscious": 1,
    "authority_challenging": 0.8585308562887037,
    "achievement_striving": 0.25890336204237546,
    "orderliness": 0.11672242389731176,
    "self_efficacy": 0.8439983865992834,
    "stress_prone": 0.8614136237454623,
    "agreeableness": 0.4105511661565473,
    "cooperative": 0.2050323866467364,
    "trusting": 0.133603815218165,
    "excitement_seeking": 0.21022848601323935,
    "outgoing": 0.25416992905782143,
    "gregariousness": 0.2457114385365506,
    "altruism": 0.8610340000474529,
    "modesty": 0.837971860393385,
    "uncompromising": 0.20729826559422973,
    "sympathy": 0.8846181222862837,
    "fiery": 0.8679858590172491,
    "prone_to_worry": 0.8948323724108476,
    "immoderation": 0.1981398438797542
}