{
    "id": "1",
    "extraversion": 0.16743181204428842,
    "active": 0.6562508166874287,
    "assertive": 0.02879966548482924,
    "cheerful": 0.013633235476030764,
    "openness": 0.17895690503776363,
    "adventurous": 0.15494847246783341,
    "artistic": 0.14324044149033477,
    "emotionally_aware": 0.6862090894044061,
    "imaginative": 0.7123517984546096,
    "intellectual": 0.6701279694754907,
    "conscientiousness": 0.5030881673969666,
    "cautious": 0.12215901666477921,
    "disciplined": 0.615586316238795,
    "dutiful": 0,
    "neuroticism": 0.4895333339140888,
    "melancholy": 0.7569973778888957,
    "self_conscious": 1,
    "authority_challenging": 0.10296795100746563,
    "achievement_striving": 0.5571071406793098,
    "orderliness": 0.053435313999982574,
    "self_efficacy": 0.12284721193801018,
    "stress_prone": 0.535877623200021,
    "agreeableness": 0.2109623409092889,
    "cooperative": 0.04263326161002851,
    "trusting": 0.011298598346589108,
    "excitement_seeking": 0.01742266514508726,
    "outgoing": 0.5837986636815834,
    "gregariousness": 0.10005836592823605,
    "altruism": 0.5518977638009286,
    "modesty": 0.08901239622625076,
    "uncompromising": 0.6557629820633663,
    "sympathy": 0.5749392384553065,
    "fiery": 0.09442213375380035,
    "prone_to_worry": 0.6081729722195603,
    "immoderation": 0.7185891125765508
}