{
    "id": "1",
    "extraversion": 0.6558534873617254,
    "active": 0.7097374313500507,
    "assertive": 0.8192097318613745,
    "cheerful": 0.7450844965299052,
    "openness": 0.6725522742210389,
    "adventurous": 0.17387235843907003,
    "artistic": 0.6688983702251384,
    "emotionally_aware": 0.7998707765659987,
    "imaginative": 0.779150467320953,
    "intellectual": 0.841578753885058,
    "conscientiousness": 0.5967449062573107,
    "cautious": 0.13208640146156161,
    "disciplined": 0.7802199026368265,
    "dutiful": 0.0018603718515712955,
    "neuroticism": 0.5842347410518341,
    "melancholy": 0.7985451223723641,
    "self_conscious": 1,
    "authority_challenging": 0.76513640870253,
    "achievement_striving": 0.6804839194804327,
    "orderliness": 0.03778671449419052,
    "self_efficacy": 0.7023627836510077,
    "stress_prone": 0.6447246761059187,
    "agreeableness": 0.24047812670580504,
    "cooperative": 0.03898982922454803,
    "trusting": 0,
    "excitement_seeking": 0.12499025254269389,
    "outgoing": 0.8039034389029377,
    "gregariousness": 0.6513083872692638,
    "altruism": 0.7021845444316954,
    "modesty": 0.1095057203649448,
    "uncompromising": 0.8614190069847495,
    "sympathy": 0.10818006617131021,
    "fiery": 0.8021210467098154,
    "prone_to_worry": 0.7051254915503471,
    "immoderation": 0.7722659774750188
}