{
    "id": "1",
    "extraversion": 0.6177921657494335,
    "active": 0.8704823567497572,
    "assertive": 0.02383943023632241,
    "cheerful": 0.14996438977015214,
    "openness": 0.6399093557785691,
    "adventurous": 0.17525412754936873,
    "artistic": 0.8266494011006797,
    "emotionally_aware": 0.9176044027193266,
    "imaginative": 0.9185496924571058,
    "intellectual": 0.8584266752994496,
    "conscientiousness": 0.6133894464227906,
    "cautious": 0.7855616704435092,
    "disciplined": 1,
    "dutiful": 0.944305600517967,
    "neuroticism": 0.695292975072839,
    "melancholy": 0.04670767238588539,
    "self_conscious": 0.8242020071220459,
    "authority_challenging": 0.09483975396568466,
    "achievement_striving": 0.7708773065717061,
    "orderliness": 0.8096730333441243,
    "self_efficacy": 0.9163224344448041,
    "stress_prone": 0.8549303981871156,
    "agreeableness": 0.3063904176108773,
    "cooperative": 0.8036646163807057,
    "trusting": 0.099592101003561,
    "excitement_seeking": 0.7658659760440272,
    "outgoing": 0.8323729362253157,
    "gregariousness": 0.1815474263515701,
    "altruism": 0.1379605050178051,
    "modesty": 0.11017157656199415,
    "uncompromising": 0.764726448688896,
    "sympathy": 0,
    "fiery": 0.15463904176108773,
    "prone_to_worry": 0.8294464227905471,
    "immoderation": 0.06009711880867596
}