{
    "id": "1",
    "extraversion": 0.5240890663907901,
    "active": 0,
    "assertive": 0.7031360896919246,
    "cheerful": 0.09357745191208847,
    "openness": 0.4845721709632017,
    "adventurous": 0.009683744541616043,
    "artistic": 0.6089451334672618,
    "emotionally_aware": 0.6354942318565122,
    "imaginative": 0.7815082582492271,
    "intellectual": 1,
    "conscientiousness": 0.5345787871861805,
    "cautious": 0.5822877696110863,
    "disciplined": 0.9071443178674108,
    "dutiful": 0.7525051426096789,
    "neuroticism": 0.5461631921471447,
    "melancholy": 0.6371663318456856,
    "self_conscious": 0.7088501004462943,
    "authority_challenging": 0.0005533568309495073,
    "achievement_striving": 0.6433976109420299,
    "orderliness": 0.05098100542530287,
    "self_efficacy": 0.6888570775541628,
    "stress_prone": 0.6827220344284185,
    "agreeableness": 0.18926006568104994,
    "cooperative": 0.6371543023493605,
    "trusting": 0.7238147938745804,
    "excitement_seeking": 0.07351225204200702,
    "outgoing": 0.6612132949993383,
    "gregariousness": 0.07653165561957921,
    "altruism": 0.06080910392281876,
    "modesty": 0.06663138014411339,
    "uncompromising": 0.03869888967748924,
    "sympathy": 0.656329319491393,
    "fiery": 0.7022940249491753,
    "prone_to_worry": 0.696086804845481,
    "immoderation": 0.7395734340603158
}