{
    "id": "1",
    "extraversion": 0.3248708031690413,
    "active": 0.8304078102101308,
    "assertive": 0.04744746730135642,
    "cheerful": 0.26281224863089925,
    "openness": 0.6201227507630602,
    "adventurous": 0.08340220158011309,
    "artistic": 0.19447290998644678,
    "emotionally_aware": 0.808425065838044,
    "imaginative": 0.8185734906835036,
    "intellectual": 0.8854032373585448,
    "conscientiousness": 0.721860434365806,
    "cautious": 0.7938249975207432,
    "disciplined": 0.9810584774057056,
    "dutiful": 1,
    "neuroticism": 0.6840324837746411,
    "melancholy": 0.8365343294436548,
    "self_conscious": 0.8353773428977554,
    "authority_challenging": 0,
    "achievement_striving": 0.8198296475047657,
    "orderliness": 0.19642325873524846,
    "self_efficacy": 0.7512699304706181,
    "stress_prone": 0.962943373772768,
    "agreeableness": 0.3049596156600884,
    "cooperative": 0.8323581589589325,
    "trusting": 0.13616078807312157,
    "excitement_seeking": 0.1625180434806563,
    "outgoing": 0.2216896411137924,
    "gregariousness": 0.17499146033739932,
    "altruism": 0.21243374874659793,
    "modesty": 0.22442233314601173,
    "uncompromising": 0.7968441814595661,
    "sympathy": 0.8118850065562571,
    "fiery": 0.9168291957290668,
    "prone_to_worry": 0.8394433241876301,
    "immoderation": 0.8498451841812393
}