{
    "id": "1",
    "extraversion": 0.7263337497334024,
    "active": 0.8486233407472856,
    "assertive": 0.8859063810771558,
    "cheerful": 0.897260900033515,
    "openness": 0.6766602683241421,
    "adventurous": 0.7744939723550979,
    "artistic": 0.792571829011913,
    "emotionally_aware": 0.8199831408752525,
    "imaginative": 0.8709566029879243,
    "intellectual": 0.8311548500451946,
    "conscientiousness": 0.3616993185257406,
    "cautious": 0.31522500837878187,
    "disciplined": 0.06560840112529584,
    "dutiful": 0,
    "neuroticism": 0.752028680824269,
    "melancholy": 0.9066451357362664,
    "self_conscious": 0.9114692828778322,
    "authority_challenging": 1,
    "achievement_striving": 0.26984755695032653,
    "orderliness": 0.15728750901353808,
    "self_efficacy": 0.258005545230188,
    "stress_prone": 0.824390887947757,
    "agreeableness": 0.40586819414399317,
    "cooperative": 0.19978062825629936,
    "trusting": 0.22857316961701352,
    "excitement_seeking": 0.8036724454871372,
    "outgoing": 0.2360886830586109,
    "gregariousness": 0.7672628296923717,
    "altruism": 0.31968353594751325,
    "modesty": 0.2607680042249373,
    "uncompromising": 0.21321714755796592,
    "sympathy": 0.8559662005017112,
    "fiery": 0.9072037211947634,
    "prone_to_worry": 0.8524623462620476,
    "immoderation": 0.8713323786600042
}