{
    "id": "1",
    "extraversion": 0.7500958091931739,
    "active": 0.27745215176176197,
    "assertive": 0.14485222840911652,
    "cheerful": 0.21719380509028607,
    "openness": 0.7273833945760725,
    "adventurous": 0.2507157510313578,
    "artistic": 0.2583241281363421,
    "emotionally_aware": 0.8745688586307175,
    "imaginative": 0.8935165355395748,
    "intellectual": 0.8881512207218376,
    "conscientiousness": 0.3941815640568993,
    "cautious": 0.2785455037309227,
    "disciplined": 0.18247706215198717,
    "dutiful": 0.10338375526950565,
    "neuroticism": 0.7290741450438467,
    "melancholy": 0.9939471133253679,
    "self_conscious": 1,
    "authority_challenging": 0.9030523681778218,
    "achievement_striving": 0.21084785500123987,
    "orderliness": 0.20783831916860163,
    "self_efficacy": 0.07628666110597625,
    "stress_prone": 0.864300367456435,
    "agreeableness": 0.426722874726662,
    "cooperative": 0,
    "trusting": 0.00376473770824411,
    "excitement_seeking": 0.8371130999346241,
    "outgoing": 0.20278861110484908,
    "gregariousness": 0.34243332807322074,
    "altruism": 0.17712301900403524,
    "modesty": 0.2323992876304696,
    "uncompromising": 0.1691539484659257,
    "sympathy": 0.9546202574449378,
    "fiery": 0.9756982799431908,
    "prone_to_worry": 0.9334182465790481,
    "immoderation": 0.9640771883946887
}