{
    "id": "1",
    "extraversion": 0.3339609512504605,
    "active": 0.15307055244020576,
    "assertive": 0,
    "cheerful": 0.22655642421513653,
    "openness": 0.3412740643717681,
    "adventurous": 0.9020370294571104,
    "artistic": 0.7925449906539506,
    "emotionally_aware": 0.7631288117555565,
    "imaginative": 0.9523829015049186,
    "intellectual": 0.8487167942368301,
    "conscientiousness": 0.7208464655560557,
    "cautious": 0.7706875144966094,
    "disciplined": 0.05124636732020798,
    "dutiful": 0.06532683885227789,
    "neuroticism": 0.38138703559685105,
    "melancholy": 0.8907535508165854,
    "self_conscious": 0.11976587122917606,
    "authority_challenging": 0.055885282359843434,
    "achievement_striving": 0.22489187234797323,
    "orderliness": 0.8470249546341397,
    "self_efficacy": 0.9076583029757275,
    "stress_prone": 0.21300806352584833,
    "agreeableness": 0.3936938043196485,
    "cooperative": 0.9875567925995661,
    "trusting": 1,
    "excitement_seeking": 0.7883563232505151,
    "outgoing": 0.9887710968305294,
    "gregariousness": 0.9235670527881243,
    "altruism": 0.9511276656706642,
    "modesty": 0.19914589387799655,
    "uncompromising": 0.15775039908313207,
    "sympathy": 0.8783376311516787,
    "fiery": 0.13484234510799123,
    "prone_to_worry": 0.8919678550475488,
    "immoderation": 0.11076091850517787
}