{
    "id": "1",
    "extraversion": 0.7318250894651699,
    "active": 0.9931981959899996,
    "assertive": 0.11208882788371977,
    "cheerful": 0.12879307809206336,
    "openness": 0.3411074072258444,
    "adventurous": 0.2988504338447963,
    "artistic": 0.2437742046178734,
    "emotionally_aware": 0.8022819746065984,
    "imaginative": 0.9271655473307514,
    "intellectual": 0.9780381391244669,
    "conscientiousness": 0.6770184812981028,
    "cautious": 0.8204201186332662,
    "disciplined": 0,
    "dutiful": 0.16068189617138096,
    "neuroticism": 0.7403794303642335,
    "melancholy": 0.8976788077846952,
    "self_conscious": 0.9296411588803373,
    "authority_challenging": 0.8959752929065149,
    "achievement_striving": 0.8404823765870876,
    "orderliness": 0.21562331486837588,
    "self_efficacy": 0.2505147311142703,
    "stress_prone": 0.8822981518701897,
    "agreeableness": 0.38460218638168536,
    "cooperative": 0.22934947791558413,
    "trusting": 0.1547257218491103,
    "excitement_seeking": 0.23884749252414333,
    "outgoing": 0.8803250159321535,
    "gregariousness": 0.8604343350164224,
    "altruism": 1,
    "modesty": 0.11941761851071134,
    "uncompromising": 0.8557649884798274,
    "sympathy": 0.2534683072699642,
    "fiery": 0.860802000098044,
    "prone_to_worry": 0.9258051865287513,
    "immoderation": 0.890607382714839
}