{
    "id": "1",
    "extraversion": 0.40965254003856294,
    "active": 0.2434285601857317,
    "assertive": 0.21610986502970922,
    "cheerful": 1,
    "openness": 0.7509443985361823,
    "adventurous": 0.2736689883130681,
    "artistic": 0.32795222917404476,
    "emotionally_aware": 0.805709676150002,
    "imaginative": 0.915476331011687,
    "intellectual": 0.9281470113721325,
    "conscientiousness": 0.3991854562625428,
    "cautious": 0.41498445677409207,
    "disciplined": 0.28912367685830087,
    "dutiful": 0.2297347814110888,
    "neuroticism": 0.7717900287254555,
    "melancholy": 0.9130858222169757,
    "self_conscious": 0.9148565694723174,
    "authority_challenging": 0.8966965726203125,
    "achievement_striving": 0.3159603352614804,
    "orderliness": 0.25322669499862277,
    "self_efficacy": 0.831326486443946,
    "stress_prone": 0.839973635540865,
    "agreeableness": 0.42017864872309446,
    "cooperative": 0.2914748357140046,
    "trusting": 0,
    "excitement_seeking": 0.8060244756620628,
    "outgoing": 0.3210856648172195,
    "gregariousness": 0.2415004131743596,
    "altruism": 0.2930193208200527,
    "modesty": 0.3506571439814269,
    "uncompromising": 0.29789871325699446,
    "sympathy": 0.8121532286624956,
    "fiery": 0.9390862944162437,
    "prone_to_worry": 0.882579782001338,
    "immoderation": 0.9166961791209225
}