{
    "id": "1",
    "extraversion": 0.3588260728569884,
    "active": 0.1586423089395741,
    "assertive": 0.19528699600043242,
    "cheerful": 0.24295751810615068,
    "openness": 0.6806615501026916,
    "adventurous": 0.03861204194141177,
    "artistic": 0.7820884228732029,
    "emotionally_aware": 0.7996432818073722,
    "imaginative": 0.8340611825748567,
    "intellectual": 0.8235109717868339,
    "conscientiousness": 0.35835044860015136,
    "cautious": 0.2939574100097287,
    "disciplined": 0,
    "dutiful": 0.16140957734298994,
    "neuroticism": 0.6779699491946817,
    "melancholy": 0.9037725651280942,
    "self_conscious": 1,
    "authority_challenging": 0.913371527402443,
    "achievement_striving": 0.24650308074802726,
    "orderliness": 0.14161712247324615,
    "self_efficacy": 0.17851043130472383,
    "stress_prone": 0.8056210139444384,
    "agreeableness": 0.3633985515079451,
    "cooperative": 0.04059020646416606,
    "trusting": 0.015511836558209955,
    "excitement_seeking": 0.7309155766944114,
    "outgoing": 0.23450437790509135,
    "gregariousness": 0.226191763052643,
    "altruism": 0.280704788671495,
    "modesty": 0.21718733109934066,
    "uncompromising": 0.2581234461139337,
    "sympathy": 0.8315317262998594,
    "fiery": 0.8505566965733434,
    "prone_to_worry": 0.8760782618095341,
    "immoderation": 0.8586206896551725
}