{
    "id": "1",
    "extraversion": 0.224835594525742,
    "active": 0.28020024882990696,
    "assertive": 0.07635720915536061,
    "cheerful": 0.8192230977348579,
    "openness": 0.7550802772676106,
    "adventurous": 0.1986393348737089,
    "artistic": 0.11374094041906106,
    "emotionally_aware": 0.3864762920394178,
    "imaginative": 0.8859529592985366,
    "intellectual": 0.9057606098307562,
    "conscientiousness": 0.7621403321681773,
    "cautious": 0.7985366431660643,
    "disciplined": 0.24263878191836005,
    "dutiful": 0.28505835653770956,
    "neuroticism": 0.36616505717163333,
    "melancholy": 0.11617986847562053,
    "self_conscious": 1,
    "authority_challenging": 0.9690443746667456,
    "achievement_striving": 0.23054288366214426,
    "orderliness": 0.9514979165432391,
    "self_efficacy": 0.8597764480518199,
    "stress_prone": 0.077621107095602,
    "agreeableness": 0.47947153267373654,
    "cooperative": 0.9264766870075242,
    "trusting": 0.31059304461164755,
    "excitement_seeking": 0.3364634555759622,
    "outgoing": 0.8634990224539368,
    "gregariousness": 0,
    "altruism": 0.17111993206548567,
    "modesty": 0.8810948515907341,
    "uncompromising": 0.9119319864920906,
    "sympathy": 0.9460276082706321,
    "fiery": 0.1987282026976321,
    "prone_to_worry": 0.21956277030629773,
    "immoderation": 0.22289037660208932
}