{
    "id": "1",
    "extraversion": 0.29727693466795824,
    "active": 1,
    "assertive": 0.06106267714275463,
    "cheerful": 0.6908118968177089,
    "openness": 0.3197479041844557,
    "adventurous": 0.15979621856276682,
    "artistic": 0.13762422415958092,
    "emotionally_aware": 0.6645260048553558,
    "imaginative": 0.8756263528623878,
    "intellectual": 0.9707602339181286,
    "conscientiousness": 0.24849615518004278,
    "cautious": 0.6860402540092562,
    "disciplined": 0,
    "dutiful": 0.8534902354727992,
    "neuroticism": 0.7054138413518459,
    "melancholy": 0.7586433705258374,
    "self_conscious": 0.8831724847223716,
    "authority_challenging": 0.8677453688754948,
    "achievement_striving": 0.1655724177519463,
    "orderliness": 0.8043985218670399,
    "self_efficacy": 0.7284229660723042,
    "stress_prone": 0.8157236991592819,
    "agreeableness": 0.26723591528241186,
    "cooperative": 0.7762709432066874,
    "trusting": 0.13077171456247982,
    "excitement_seeking": 0.7409918798359224,
    "outgoing": 0.7670146736985614,
    "gregariousness": 0.18785204319592433,
    "altruism": 0.15807412191009215,
    "modesty": 0.7452732034585442,
    "uncompromising": 0.06400459225774041,
    "sympathy": 0.758894509621019,
    "fiery": 0.8115978425955823,
    "prone_to_worry": 0.8241547973546681,
    "immoderation": 0.8324304284911324
}