{
    "id": "1",
    "extraversion": 0.3998810157497573,
    "active": 0.23631942052582688,
    "assertive": 0.07134880128586485,
    "cheerful": 0.3431651898007536,
    "openness": 0.46888144367556955,
    "adventurous": 0.24191376773021886,
    "artistic": 0,
    "emotionally_aware": 0.8065462212063332,
    "imaginative": 1,
    "intellectual": 0.8857646825521077,
    "conscientiousness": 0.37901702309755664,
    "cautious": 0.8415943889532518,
    "disciplined": 0.2198181837158573,
    "dutiful": 0.26277776038241957,
    "neuroticism": 0.7790963459310517,
    "melancholy": 0.9180782999864316,
    "self_conscious": 0.9550469152811264,
    "authority_challenging": 0.2007180803874294,
    "achievement_striving": 0.31470290467691603,
    "orderliness": 0.865265992422582,
    "self_efficacy": 0.3126363361200697,
    "stress_prone": 0.9210737806723653,
    "agreeableness": 0.7103881600233793,
    "cooperative": 0.2848002838922462,
    "trusting": 0.1536984271117095,
    "excitement_seeking": 0.27456137604241687,
    "outgoing": 0.8935090960328146,
    "gregariousness": 0.28448716744423913,
    "altruism": 0.31854379977246866,
    "modesty": 0.9026312218847522,
    "uncompromising": 0.88407385373287,
    "sympathy": 0.8415526400935175,
    "fiery": 0.2969178904301176,
    "prone_to_worry": 0.8588575424533718,
    "immoderation": 0.17568963897673542
}