{
    "id": "1",
    "extraversion": 0.26859223363203977,
    "active": 0.958719536428086,
    "assertive": 0.9379126443854724,
    "cheerful": 0.0516774995833493,
    "openness": 0.654167147417407,
    "adventurous": 0.10782918605694648,
    "artistic": 0.7847262284783918,
    "emotionally_aware": 0.9987051780059741,
    "imaginative": 0.9183749342973988,
    "intellectual": 0.815622476058613,
    "conscientiousness": 0.6397061651474942,
    "cautious": 0.8580695614271245,
    "disciplined": 1,
    "dutiful": 0.9583990359345153,
    "neuroticism": 0.6643590631129572,
    "melancholy": 0.09317590349089133,
    "self_conscious": 0.7959693857928541,
    "authority_challenging": 0.8844018819788981,
    "achievement_striving": 0.8420701767880723,
    "orderliness": 0.8500955091470841,
    "self_efficacy": 0.8663641142007358,
    "stress_prone": 0.8120585105701063,
    "agreeableness": 0.31555196595002755,
    "cooperative": 0.8074945835416586,
    "trusting": 0.8694921990179865,
    "excitement_seeking": 0.05488250451905691,
    "outgoing": 0.7720344089329897,
    "gregariousness": 0.14266117969821673,
    "altruism": 0.1314564824429829,
    "modesty": 0.04849813468712739,
    "uncompromising": 0.1567503813955873,
    "sympathy": 0,
    "fiery": 0.8529928336089637,
    "prone_to_worry": 0.8271348537876747,
    "immoderation": 0.8405958745176467
}