{
    "id": "1",
    "extraversion": 0.6414345034039883,
    "active": 0.956798319733475,
    "assertive": 0.023900342812997907,
    "cheerful": 0.7194244604316546,
    "openness": 0.5908575153300178,
    "adventurous": 0.18234271643088212,
    "artistic": 0.7205711940514703,
    "emotionally_aware": 0.6881246680507943,
    "imaginative": 0.8063227270532567,
    "intellectual": 0.8108493071314761,
    "conscientiousness": 0.2541885954323789,
    "cautious": 0.6908164743373088,
    "disciplined": 0.8129254985273526,
    "dutiful": 0.012795133021099898,
    "neuroticism": 0.6174738061899474,
    "melancholy": 0.0025228139635942023,
    "self_conscious": 0.753343633817778,
    "authority_challenging": 1,
    "achievement_striving": 0.012131234609627738,
    "orderliness": 0.8321785524600454,
    "self_efficacy": 0.7853073246101105,
    "stress_prone": 0.7168292211868089,
    "agreeableness": 0.5941770073873788,
    "cooperative": 0.8104751098450099,
    "trusting": 0,
    "excitement_seeking": 0.7141615566607117,
    "outgoing": 0.8123098836367147,
    "gregariousness": 0.7572304572449423,
    "altruism": 0.8492829897156101,
    "modesty": 0.7807928154120999,
    "uncompromising": 0.1151924098305248,
    "sympathy": 0.877396069721404,
    "fiery": 0.7952658007821931,
    "prone_to_worry": 0.7223938969629665,
    "immoderation": 0.81704166867848
}