{
    "id": "1",
    "extraversion": 0.33112868288784675,
    "active": 0.9193182057159681,
    "assertive": 0.12685327332758514,
    "cheerful": 0.1862631700700301,
    "openness": 0.34248491093773004,
    "adventurous": 0.20818699922188807,
    "artistic": 0.7736325208723266,
    "emotionally_aware": 0.822853357447793,
    "imaginative": 0.8281739605896826,
    "intellectual": 0.7526550440579588,
    "conscientiousness": 0.2700048369119472,
    "cautious": 0.26831191773043683,
    "disciplined": 1,
    "dutiful": 0.10266871359172258,
    "neuroticism": 0.655496204075624,
    "melancholy": 0.743738302033606,
    "self_conscious": 0.8526950011566528,
    "authority_challenging": 0.914428718638935,
    "achievement_striving": 0.10113351979979389,
    "orderliness": 0.11908266913419278,
    "self_efficacy": 0.7682277975226599,
    "stress_prone": 0.7874282349477404,
    "agreeableness": 0.3316334041345082,
    "cooperative": 0.7826123530525121,
    "trusting": 0,
    "excitement_seeking": 0.15911337301003134,
    "outgoing": 0.7207840003364808,
    "gregariousness": 0.22523185632268514,
    "altruism": 0.176032049799163,
    "modesty": 0.18041681562953463,
    "uncompromising": 0.23443250404828503,
    "sympathy": 0.1636032891001241,
    "fiery": 0.8492776177157157,
    "prone_to_worry": 0.7942524868036424,
    "immoderation": 0.8175853294357638
}