{
    "id": "1",
    "extraversion": 0.2601230680212309,
    "active": 0.12384693275768063,
    "assertive": 0,
    "cheerful": 0.8302417963925268,
    "openness": 0.30464342543034867,
    "adventurous": 0.6933647865226051,
    "artistic": 0.1843794856958462,
    "emotionally_aware": 0.7597057939890285,
    "imaginative": 1,
    "intellectual": 0.7021998686977712,
    "conscientiousness": 0.5647442388365288,
    "cautious": 0.65282800520758,
    "disciplined": 0.055113554173296705,
    "dutiful": 0.9265152611022711,
    "neuroticism": 0.6102660539229323,
    "melancholy": 0.15657234418987637,
    "self_conscious": 0.7528513725533832,
    "authority_challenging": 0.840167354705182,
    "achievement_striving": 0.7188574480632921,
    "orderliness": 0.7358933558846766,
    "self_efficacy": 0.7591383013052332,
    "stress_prone": 0.8238213399503722,
    "agreeableness": 0.5712982229689881,
    "cooperative": 0.7458968053500096,
    "trusting": 0.9660617120475359,
    "excitement_seeking": 0.7871012251165586,
    "outgoing": 0.7671277081084691,
    "gregariousness": 0.709321345514026,
    "altruism": 0.7375068154758593,
    "modesty": 0.7330447651581747,
    "uncompromising": 0.7010982652527569,
    "sympathy": 0.9108368847989852,
    "fiery": 0.16255883563854054,
    "prone_to_worry": 0.146134929731053,
    "immoderation": 0.8508273153145134
}