{
    "id": "1",
    "extraversion": 0.27288717140035,
    "active": 0.6681598419602475,
    "assertive": 0.11449217599251389,
    "cheerful": 0.22051050999012248,
    "openness": 0.3140866792590154,
    "adventurous": 0.252413052142721,
    "artistic": 0.2217668567071586,
    "emotionally_aware": 0.6990139844386296,
    "imaginative": 0.7134836328348381,
    "intellectual": 0.7199906423830731,
    "conscientiousness": 0.25474379191432583,
    "cautious": 0.2565719929991162,
    "disciplined": 0.697852946782886,
    "dutiful": 0.13016618434505345,
    "neuroticism": 0.5986795362780946,
    "melancholy": 0.7612508014625609,
    "self_conscious": 0.9147936992046026,
    "authority_challenging": 0.7577590240352124,
    "achievement_striving": 0.676035836207046,
    "orderliness": 0.10243991196908521,
    "self_efficacy": 0.16665222589980416,
    "stress_prone": 0.6954702202505763,
    "agreeableness": 0.2719687386278961,
    "cooperative": 0.124889528133502,
    "trusting": 0.013620531304694367,
    "excitement_seeking": 0.26034103315022444,
    "outgoing": 0.708744173150571,
    "gregariousness": 0.1609683400627307,
    "altruism": 0.679007746027345,
    "modesty": 0,
    "uncompromising": 0.6432668480426985,
    "sympathy": 0.6275581818496889,
    "fiery": 0.6586549292113608,
    "prone_to_worry": 0.7718127783457812,
    "immoderation": 1
}