{
    "id": "1",
    "extraversion": 0.34280304841316134,
    "active": 0.8146377379779879,
    "assertive": 0.03144990868147522,
    "cheerful": 0.17651727402250927,
    "openness": 0.32340144770938717,
    "adventurous": 0.31286395930349303,
    "artistic": 0.21544478336951015,
    "emotionally_aware": 0.821828474167854,
    "imaginative": 0.8483347517187962,
    "intellectual": 0.8446628864303541,
    "conscientiousness": 0.6713871809827977,
    "cautious": 0.7190927432849807,
    "disciplined": 0.8609185400510618,
    "dutiful": 0.0813452031478595,
    "neuroticism": 0.6794576348980196,
    "melancholy": 0.9697549221162948,
    "self_conscious": 1,
    "authority_challenging": 0.8070549536713871,
    "achievement_striving": 0.1649088249074862,
    "orderliness": 0.2805152085982845,
    "self_efficacy": 0.7848994540012814,
    "stress_prone": 0.8068350242400482,
    "agreeableness": 0.3532353531779803,
    "cooperative": 0.14645387697338855,
    "trusting": 0,
    "excitement_seeking": 0.13924401648514517,
    "outgoing": 0.2514845236615382,
    "gregariousness": 0.2670612646898517,
    "altruism": 0.19306935426806526,
    "modesty": 0.07208904273324473,
    "uncompromising": 0.8610524101397029,
    "sympathy": 0.8555254879086625,
    "fiery": 0.23933103204276193,
    "prone_to_worry": 0.9583185916866674,
    "immoderation": 0.2657130016542518
}