{
    "id": "1",
    "extraversion": 0.3530684928369387,
    "active": 0.9238230477651936,
    "assertive": 0.10914650206703848,
    "cheerful": 0.15732395817825776,
    "openness": 0.3758116418354843,
    "adventurous": 0.28911054361393906,
    "artistic": 0.2843695246384114,
    "emotionally_aware": 0.753535723692498,
    "imaginative": 0.8732865339028665,
    "intellectual": 0.9053972034859087,
    "conscientiousness": 0.4034790375960514,
    "cautious": 0.831510598582275,
    "disciplined": 0,
    "dutiful": 0.8646061175177217,
    "neuroticism": 0.7165351625574018,
    "melancholy": 0.9002553737274258,
    "self_conscious": 0.9272242135519851,
    "authority_challenging": 0.847657547267043,
    "achievement_striving": 0.8286018574716856,
    "orderliness": 0.19000721459409314,
    "self_efficacy": 0.20069168489401415,
    "stress_prone": 0.9236970786619791,
    "agreeableness": 0.40978894449343245,
    "cooperative": 0.10662712000274839,
    "trusting": 0.09687024037195241,
    "excitement_seeking": 0.19537807908569335,
    "outgoing": 0.20401268852421467,
    "gregariousness": 0.8432142734445679,
    "altruism": 0.7933763155182484,
    "modesty": 0.2140558615714073,
    "uncompromising": 0.932881371459982,
    "sympathy": 0.8164744683531258,
    "fiery": 0.9945833285617766,
    "prone_to_worry": 1,
    "immoderation": 0.958189709469441
}