{
    "id": "1",
    "extraversion": 0.3661749144102085,
    "active": 0.16453159041394336,
    "assertive": 0,
    "cheerful": 0.9490071584189231,
    "openness": 0.4366262060379707,
    "adventurous": 0.8493370681605975,
    "artistic": 0.26920634920634917,
    "emotionally_aware": 0.35774665421724244,
    "imaginative": 0.9899408652349828,
    "intellectual": 0.9283411142234671,
    "conscientiousness": 0.3767942732648615,
    "cautious": 0.2848303765950825,
    "disciplined": 0.12553999377528788,
    "dutiful": 0.18324307500778086,
    "neuroticism": 0.7366448801742919,
    "melancholy": 0.9004295051353874,
    "self_conscious": 0.9449984438219733,
    "authority_challenging": 0.17206349206349206,
    "achievement_striving": 0.2578898225957049,
    "orderliness": 0.14789915966386558,
    "self_efficacy": 0.20632430750077807,
    "stress_prone": 0.9283037659508248,
    "agreeableness": 0.34431372549019607,
    "cooperative": 0.20684718331777158,
    "trusting": 0.049735449735449716,
    "excitement_seeking": 0.804680983504513,
    "outgoing": 0.9242452536570183,
    "gregariousness": 0.906218487394958,
    "altruism": 0.18626828509181448,
    "modesty": 0.1713414254590725,
    "uncompromising": 0.16344849050731405,
    "sympathy": 0.8826392779333955,
    "fiery": 1,
    "prone_to_worry": 0.9343790849673203,
    "immoderation": 0.9863803299097418
}