{
    "id": "1",
    "extraversion": 0.22658799485776443,
    "active": 1,
    "assertive": 0.9244706683807452,
    "cheerful": 0.08875850171957232,
    "openness": 0.5818087923437826,
    "adventurous": 0.1258529188779378,
    "artistic": 0.7241761984815023,
    "emotionally_aware": 0.7432398281526409,
    "imaginative": 0.8070123391677929,
    "intellectual": 0.716440869784971,
    "conscientiousness": 0.22341255452637593,
    "cautious": 0.6836865873355967,
    "disciplined": 0.9979013525837536,
    "dutiful": 0.7420971091406533,
    "neuroticism": 0.6995308259441166,
    "melancholy": 0.6854116535363857,
    "self_conscious": 0.7519640483018536,
    "authority_challenging": 0.8183736031908231,
    "achievement_striving": 0.7180890222061069,
    "orderliness": 0,
    "self_efficacy": 0.08012218303282019,
    "stress_prone": 0.7395150036808738,
    "agreeableness": 0.2987660832207096,
    "cooperative": 0.7138367889595763,
    "trusting": 0.03856676665458018,
    "excitement_seeking": 0.025051916801265766,
    "outgoing": 0.7090131962070518,
    "gregariousness": 0.6791157112876466,
    "altruism": 0.8104624715693708,
    "modesty": 0.11210732768566432,
    "uncompromising": 0.14058740152289279,
    "sympathy": 0.06704684049180865,
    "fiery": 0.800760347650284,
    "prone_to_worry": 0.8107701266879828,
    "immoderation": 0.7214512531452242
}