{
    "id": "1",
    "extraversion": 0.29648446310995585,
    "active": 0.18529339104843126,
    "assertive": 0.003200824910580963,
    "cheerful": 0.09298503775469649,
    "openness": 0.28541046820120086,
    "adventurous": 0.22390736941601058,
    "artistic": 0.24371381617812915,
    "emotionally_aware": 0.6648156303369459,
    "imaginative": 0.8151577319255433,
    "intellectual": 1,
    "conscientiousness": 0.5803267419254359,
    "cautious": 0.674407364045499,
    "disciplined": 0.02163242070439629,
    "dutiful": 0.9733192983963652,
    "neuroticism": 0.6569209782923922,
    "melancholy": 0.7549220738767575,
    "self_conscious": 0.7220975070085176,
    "authority_challenging": 0.8076067926230652,
    "achievement_striving": 0.16787145143446364,
    "orderliness": 0.1854222833267097,
    "self_efficacy": 0.7795512400511273,
    "stress_prone": 0.8118817198526332,
    "agreeableness": 0.31773020697951687,
    "cooperative": 0.2114907466085219,
    "trusting": 0,
    "excitement_seeking": 0.24054521433711776,
    "outgoing": 0.17006262016519696,
    "gregariousness": 0.8253294808863493,
    "altruism": 0.24790281522217808,
    "modesty": 0.13297386709057907,
    "uncompromising": 0.15829045874910044,
    "sympathy": 0.7252446268031493,
    "fiery": 0.7941912546589188,
    "prone_to_worry": 0.8954576212930043,
    "immoderation": 0.7891429737596803
}