{
    "id": "1",
    "extraversion": 0.7647958618885166,
    "active": 1,
    "assertive": 0.14328412281496242,
    "cheerful": 0.8504966337590195,
    "openness": 0.36385593092413127,
    "adventurous": 0.1874729543418974,
    "artistic": 0,
    "emotionally_aware": 0.6937978645251538,
    "imaginative": 0.8069719932775816,
    "intellectual": 0.8186859080799848,
    "conscientiousness": 0.35663033742917816,
    "cautious": 0.7321297386508872,
    "disciplined": 0.8624118185752097,
    "dutiful": 0.1806499008745182,
    "neuroticism": 0.6537250047801628,
    "melancholy": 0.8312451569402933,
    "self_conscious": 0.849359458181123,
    "authority_challenging": 0.9398202658776883,
    "achievement_striving": 0.027775261902605455,
    "orderliness": 0.8219062283005767,
    "self_efficacy": 0.8220068633074703,
    "stress_prone": 0.7681872616208275,
    "agreeableness": 0.6443256951363102,
    "cooperative": 0.8266562006259497,
    "trusting": 0.19155873562177342,
    "excitement_seeking": 0.22083345912709199,
    "outgoing": 0.8756151314796365,
    "gregariousness": 0.8325836025319768,
    "altruism": 0.8772756090933792,
    "modesty": 0.7609918586279424,
    "uncompromising": 0.800883575360525,
    "sympathy": 0.7839265766989706,
    "fiery": 0.8809588503456812,
    "prone_to_worry": 0.7305497690426592,
    "immoderation": 0.04832493031025774
}