{
    "id": "1",
    "extraversion": 0.3155379725735114,
    "active": 0,
    "assertive": 0.7978574444913653,
    "cheerful": 0.1977418709577045,
    "openness": 0.33993065587980353,
    "adventurous": 0.09581490454070629,
    "artistic": 0.7342808881381547,
    "emotionally_aware": 0.7616406996643923,
    "imaginative": 0.9517702753761696,
    "intellectual": 0.8993732358366857,
    "conscientiousness": 0.6410108239059409,
    "cautious": 0.687140221812282,
    "disciplined": 0.9357233347409597,
    "dutiful": 0.15360167137110212,
    "neuroticism": 0.6735492187673637,
    "melancholy": 0.8210388282621741,
    "self_conscious": 1,
    "authority_challenging": 0.8193607894561376,
    "achievement_striving": 0.7677194230213588,
    "orderliness": 0.7942791100837907,
    "self_efficacy": 0.8474984997666303,
    "stress_prone": 0.7774764963438756,
    "agreeableness": 0.3595114795634876,
    "cooperative": 0.1848620896583913,
    "trusting": 0.06825506189851752,
    "excitement_seeking": 0.14897873002467046,
    "outgoing": 0.7685862245238148,
    "gregariousness": 0.1619251883626342,
    "altruism": 0.751250194474696,
    "modesty": 0.16505900917920566,
    "uncompromising": 0.7550952370368724,
    "sympathy": 0.7453381637143556,
    "fiery": 0.17723868157268904,
    "prone_to_worry": 0.7799102082546174,
    "immoderation": 0.8554108416864845
}