{
    "id": "1",
    "extraversion": 0.20414557984279103,
    "active": 0.12113707332830842,
    "assertive": 0.0766340045224508,
    "cheerful": 0.333907612792075,
    "openness": 0.7116722299989232,
    "adventurous": 0.2369871863895769,
    "artistic": 0.19587595563691182,
    "emotionally_aware": 0.3212985894260795,
    "imaginative": 0.9174760417788306,
    "intellectual": 0.9775815656293744,
    "conscientiousness": 0.7405620760202434,
    "cautious": 0.823893614730268,
    "disciplined": 0,
    "dutiful": 0.2107139011521482,
    "neuroticism": 0.3824055130828039,
    "melancholy": 0.1645202971896199,
    "self_conscious": 0.8789706040702057,
    "authority_challenging": 0.17191773446753528,
    "achievement_striving": 0.16327123936685692,
    "orderliness": 0.817034564444923,
    "self_efficacy": 0.8420480241197373,
    "stress_prone": 0.16682459351782067,
    "agreeableness": 0.385118983525358,
    "cooperative": 0.8717239151502101,
    "trusting": 0.11821901582857763,
    "excitement_seeking": 0.23051577473888235,
    "outgoing": 1,
    "gregariousness": 0.009917088403144234,
    "altruism": 0.15282653171099392,
    "modesty": 0.836513405836115,
    "uncompromising": 0.8191665769355013,
    "sympathy": 0.8553784860557768,
    "fiery": 0.11167222999892325,
    "prone_to_worry": 0.8717346828900613,
    "immoderation": 0.21661462259071826
}