{
    "id": "1",
    "extraversion": 0.2788199160579029,
    "active": 0.9463431347356313,
    "assertive": 0.07559683320485053,
    "cheerful": 0,
    "openness": 0.26796617843202036,
    "adventurous": 0.23027788994530302,
    "artistic": 0.18978745273668365,
    "emotionally_aware": 0.7603245108476194,
    "imaginative": 0.8795320778728142,
    "intellectual": 0.8252389168287997,
    "conscientiousness": 0.3237766601813442,
    "cautious": 0.70124689499896,
    "disciplined": 0.003940139250884085,
    "dutiful": 0.0876130342743169,
    "neuroticism": 0.7457508902022687,
    "melancholy": 0.973495833486289,
    "self_conscious": 1,
    "authority_challenging": 0.8497974866316703,
    "achievement_striving": 0.7953330151854434,
    "orderliness": 0.16165583740195538,
    "self_efficacy": 0.16826352434443176,
    "stress_prone": 0.9526326737882848,
    "agreeableness": 0.322455122792849,
    "cooperative": 0.029355261064816528,
    "trusting": 0.06482875078007412,
    "excitement_seeking": 0.17794256206942966,
    "outgoing": 0.09346206086413862,
    "gregariousness": 0.14867295620571933,
    "altruism": 0.1993441258886727,
    "modesty": 0.00999718561482081,
    "uncompromising": 0.8520367583177318,
    "sympathy": 0.8683601923571087,
    "fiery": 0.9021450509648447,
    "prone_to_worry": 0.9759675978610672,
    "immoderation": 0.8156577707622088
}