{
    "id": "1",
    "extraversion": 0.34678494513383246,
    "active": 0.28472977130550714,
    "assertive": 0.8963696031176289,
    "cheerful": 0.15681468567326431,
    "openness": 0.8186134755409701,
    "adventurous": 0.3063378115065122,
    "artistic": 0.1399651317813558,
    "emotionally_aware": 0.8764434416982874,
    "imaginative": 0.11617270023587328,
    "intellectual": 0.9325299969233924,
    "conscientiousness": 0.3111475746077325,
    "cautious": 0.35643523741154753,
    "disciplined": 0.22893036611629577,
    "dutiful": 0.18979591836734694,
    "neuroticism": 0.7102245923495026,
    "melancholy": 1,
    "self_conscious": 0.9990667623833452,
    "authority_challenging": 0.9322633576043482,
    "achievement_striving": 0.2254435442518716,
    "orderliness": 0.1753973951389601,
    "self_efficacy": 0.12529996923392472,
    "stress_prone": 0.7855809660547636,
    "agreeableness": 0.3278022766895703,
    "cooperative": 0.14235463029432882,
    "trusting": 0.026745974771818264,
    "excitement_seeking": 0.289560045123577,
    "outgoing": 0,
    "gregariousness": 0.10608142754589275,
    "altruism": 0.287078248384781,
    "modesty": 0.2571736232181315,
    "uncompromising": 0.9680340477899703,
    "sympathy": 0.11909547738693467,
    "fiery": 0.8732642805866064,
    "prone_to_worry": 0.9110347656650599,
    "immoderation": 0.8276279355963491
}