{
    "id": "1",
    "extraversion": 0.2403307735381169,
    "active": 1,
    "assertive": 0.7878569714422845,
    "cheerful": 0.19523438124950002,
    "openness": 0.2994360451163906,
    "adventurous": 0.10899128069754417,
    "artistic": 0.749860011199104,
    "emotionally_aware": 0.8283737301015918,
    "imaginative": 0.792986561075114,
    "intellectual": 0.8203543716502678,
    "conscientiousness": 0.32224422046236295,
    "cautious": 0.7423106151507879,
    "disciplined": 0.057065434765218734,
    "dutiful": 0.13671906247500196,
    "neuroticism": 0.7803975681945443,
    "melancholy": 0.7464802815774737,
    "self_conscious": 0.8061955043596511,
    "authority_challenging": 0.8193144548436124,
    "achievement_striving": 0.7886669066474681,
    "orderliness": 0,
    "self_efficacy": 0.7423506119510439,
    "stress_prone": 0.771428285737141,
    "agreeableness": 0.28320734341252696,
    "cooperative": 0.16897648188144945,
    "trusting": 0.14260859131269493,
    "excitement_seeking": 0.04496640268778493,
    "outgoing": 0.23614110871130306,
    "gregariousness": 0.2346412287017038,
    "altruism": 0.1107211423086153,
    "modesty": 0.20373370130389565,
    "uncompromising": 0.17673586113110945,
    "sympathy": 0.16262698984081267,
    "fiery": 0.8652907767378608,
    "prone_to_worry": 0.8988780897528196,
    "immoderation": 0.771328293736501
}