{
    "id": "1",
    "extraversion": 0.2921806748907982,
    "active": 0.8146330341285459,
    "assertive": 0.05454087265396245,
    "cheerful": 0.7497719963519416,
    "openness": 0.3033888542216675,
    "adventurous": 0.1781068497095953,
    "artistic": 0.1734027744443911,
    "emotionally_aware": 0.6771708347333557,
    "imaginative": 0.8564657034512551,
    "intellectual": 0.8858061728987662,
    "conscientiousness": 0.6423582777324437,
    "cautious": 0.8024048384774156,
    "disciplined": 0.12893006288100606,
    "dutiful": 0.8733979743675897,
    "neuroticism": 0.6143378294052704,
    "melancholy": 0.837457399318389,
    "self_conscious": 0.843445495127922,
    "authority_challenging": 0.022524360389766178,
    "achievement_striving": 0.7776244419910717,
    "orderliness": 1,
    "self_efficacy": 0.7705203283252532,
    "stress_prone": 0.7030912494599912,
    "agreeableness": 0.607449719195507,
    "cooperative": 0.09380550088801416,
    "trusting": 0.07251716027456437,
    "excitement_seeking": 0,
    "outgoing": 0.8076369221907549,
    "gregariousness": 0.7789204627274036,
    "altruism": 0.19191907070513126,
    "modesty": 0.7429918878702059,
    "uncompromising": 0.8014088225411605,
    "sympathy": 0.7721283540536648,
    "fiery": 0.8758820141122257,
    "prone_to_worry": 0.9363269812316996,
    "immoderation": 0.07026112417798683
}