{
    "id": "1",
    "extraversion": 0.2954340623770294,
    "active": 0.8764137650896813,
    "assertive": 0.12771169981847957,
    "cheerful": 0,
    "openness": 0.3468056207872657,
    "adventurous": 0.182510567537034,
    "artistic": 0.8100762893664556,
    "emotionally_aware": 0.7602025920613362,
    "imaginative": 0.9549245357265262,
    "intellectual": 0.8249406567740134,
    "conscientiousness": 0.6548064839614619,
    "cautious": 0.7619797154063901,
    "disciplined": 0.04409804643369425,
    "dutiful": 0.881148529430432,
    "neuroticism": 0.6811586844209752,
    "melancholy": 0.8752713286535752,
    "self_conscious": 0.8590106500463321,
    "authority_challenging": 1,
    "achievement_striving": 0.800632148161312,
    "orderliness": 0.1288541362545856,
    "self_efficacy": 0.20071338808565736,
    "stress_prone": 0.8592899122862693,
    "agreeableness": 0.38180225694664827,
    "cooperative": 0.17301565137917468,
    "trusting": 0.12942535447263864,
    "excitement_seeking": 0.10003935058835475,
    "outgoing": 0.865179806801305,
    "gregariousness": 0.21717716650376373,
    "altruism": 0.8063189428654846,
    "modesty": 0.11142563373487861,
    "uncompromising": 0.1779154343162518,
    "sympathy": 0.16581830183170645,
    "fiery": 0.8981708323284124,
    "prone_to_worry": 0.9500120590512701,
    "immoderation": 0.11067670318232015
}