{
    "id": "1",
    "extraversion": 0.30797546012269944,
    "active": 0.8972184168205373,
    "assertive": 0.11941151944725718,
    "cheerful": 0.16394067544225388,
    "openness": 0.3309905295133719,
    "adventurous": 0.1572815533980583,
    "artistic": 0.20586098040383585,
    "emotionally_aware": 0.8114956221335399,
    "imaginative": 0.9825361844064566,
    "intellectual": 0.9842515933051402,
    "conscientiousness": 0.7228065995592351,
    "cautious": 0.8542974566680565,
    "disciplined": 0,
    "dutiful": 0.8934421347310739,
    "neuroticism": 0.8088867711001251,
    "melancholy": 0.84059801060218,
    "self_conscious": 0.8650902376556078,
    "authority_challenging": 0.8995890166180237,
    "achievement_striving": 0.8002144261123354,
    "orderliness": 0.8512478408481744,
    "self_efficacy": 0.8069092858419202,
    "stress_prone": 0.9061171004824587,
    "agreeableness": 0.39777235094407054,
    "cooperative": 0.2364881767824171,
    "trusting": 0.20954196199892786,
    "excitement_seeking": 0.09352552266364884,
    "outgoing": 0.8328429328727143,
    "gregariousness": 0.17484066948597296,
    "altruism": 0.10923819167311931,
    "modesty": 0.8815533980582524,
    "uncompromising": 0.06400619453213413,
    "sympathy": 0.8165227232116267,
    "fiery": 0.1647864673297993,
    "prone_to_worry": 0.9424504139615223,
    "immoderation": 1
}