{
    "id": "1",
    "extraversion": 0.21311108803820877,
    "active": 0.7342241248492496,
    "assertive": 0.0610029790666656,
    "cheerful": 0.670713298777225,
    "openness": 0.31134840703794514,
    "adventurous": 0.2132628367423547,
    "artistic": 0.19123531431948695,
    "emotionally_aware": 0.7364125008985121,
    "imaginative": 0.9261542884982469,
    "intellectual": 0.8011213430558994,
    "conscientiousness": 0.3434791984473712,
    "cautious": 0.2694497911458625,
    "disciplined": 0.24342089499788355,
    "dutiful": 0.17143610181539376,
    "neuroticism": 0.6974929516720312,
    "melancholy": 0.8760532558083813,
    "self_conscious": 0.9691550791888631,
    "authority_challenging": 0.7491593920467706,
    "achievement_striving": 0.2412724528181332,
    "orderliness": 0.26309231911953807,
    "self_efficacy": 0.23267868409913187,
    "stress_prone": 0.8116319375114811,
    "agreeableness": 0.34523628870590306,
    "cooperative": 0.1131805729711598,
    "trusting": 0,
    "excitement_seeking": 0.7088102102917568,
    "outgoing": 0.7253588058175662,
    "gregariousness": 0.08930810577683358,
    "altruism": 0.21061921458065447,
    "modesty": 0.17957462442195726,
    "uncompromising": 0.691654619949364,
    "sympathy": 1,
    "fiery": 0.24737434807958025,
    "prone_to_worry": 0.8307842213294784,
    "immoderation": 0.8019280072200436
}