{
    "id": "1",
    "extraversion": 0.14473819565888285,
    "active": 1,
    "assertive": 0.7711026529049367,
    "cheerful": 0.07930139789002046,
    "openness": 0.46616146029786604,
    "adventurous": 0.06957446078935639,
    "artistic": 0.019042393900947557,
    "emotionally_aware": 0.5236772622844015,
    "imaginative": 0.6609402324863697,
    "intellectual": 0.6662551863662861,
    "conscientiousness": 0.18637771605573275,
    "cautious": 0.5617277600612649,
    "disciplined": 0.8577306861434011,
    "dutiful": 0.7372583981986306,
    "neuroticism": 0.5114814433814537,
    "melancholy": 0.02406016756392234,
    "self_conscious": 0.7049000445770326,
    "authority_challenging": 0.7096549280480976,
    "achievement_striving": 0.6108882259484051,
    "orderliness": 0.6681068477179988,
    "self_efficacy": 0.05940175336327998,
    "stress_prone": 0.6843488895746894,
    "agreeableness": 0.4399410211569455,
    "cooperative": 0.6726331310221857,
    "trusting": 0.0030175222027912438,
    "excitement_seeking": 0,
    "outgoing": 0.5997096777880648,
    "gregariousness": 0.5723576678210975,
    "altruism": 0.04232532089748427,
    "modesty": 0.6327309718936095,
    "uncompromising": 0.02830070065951149,
    "sympathy": 0.670415709403468,
    "fiery": 0.6939729566002585,
    "prone_to_worry": 0.6042702511172833,
    "immoderation": 0.710443598623827
}