{
    "id": "1",
    "extraversion": 0.6091377058416779,
    "active": 0.19909340026122369,
    "assertive": 0.7923698790346676,
    "cheerful": 0.6482188132250878,
    "openness": 0.676663166611178,
    "adventurous": 0.6421918884079869,
    "artistic": 0.055446000973186166,
    "emotionally_aware": 0.6325197838502318,
    "imaginative": 0.023288174080808573,
    "intellectual": 0.7717024782100204,
    "conscientiousness": 0.6928914726696886,
    "cautious": 0.6220708377084027,
    "disciplined": 0.7198589733739681,
    "dutiful": 0.14809503077487815,
    "neuroticism": 0.5936350210430166,
    "melancholy": 0.7150527996175549,
    "self_conscious": 0.7524094894187346,
    "authority_challenging": 0.7318957495667614,
    "achievement_striving": 0.15395975789860084,
    "orderliness": 0.04483485713797902,
    "self_efficacy": 0.14445838775492784,
    "stress_prone": 0.7552607541339069,
    "agreeableness": 0.30488897994724307,
    "cooperative": 0.14674622890362896,
    "trusting": 0.06680837623035492,
    "excitement_seeking": 0.11360667913027891,
    "outgoing": 0,
    "gregariousness": 0.010406262538308562,
    "altruism": 0.23413663875158996,
    "modesty": 0.17824672830179017,
    "uncompromising": 1,
    "sympathy": 0.09702836752289978,
    "fiery": 0.8175617418324924,
    "prone_to_worry": 0.12801666367881445,
    "immoderation": 0.7647450508361717
}