{
    "id": "1",
    "extraversion": 0.3076923076923077,
    "active": 0.8714514172864948,
    "assertive": 0.10139421064494317,
    "cheerful": 0.13216558800485131,
    "openness": 0.3278058623391399,
    "adventurous": 0.2239001406016894,
    "artistic": 0.17438902662845737,
    "emotionally_aware": 0.7007545266230909,
    "imaginative": 0.9078897940346246,
    "intellectual": 0.747829260177523,
    "conscientiousness": 0.34299299138143846,
    "cautious": 0.7239591718453167,
    "disciplined": 0,
    "dutiful": 0.10320807976730959,
    "neuroticism": 0.7133550138991747,
    "melancholy": 0.8677485483680545,
    "self_conscious": 0.8147599574975046,
    "authority_challenging": 0.8052612937502012,
    "achievement_striving": 0.7745113822970667,
    "orderliness": 0.16935527149005597,
    "self_efficacy": 0.2013502055360574,
    "stress_prone": 1,
    "agreeableness": 0.2883407927359372,
    "cooperative": 0.06778933359092426,
    "trusting": 0.11689259533545845,
    "excitement_seeking": 0.1466980068905561,
    "outgoing": 0.1337325991993217,
    "gregariousness": 0.7372358351847678,
    "altruism": 0.21357503944360373,
    "modesty": 0.048148028893110525,
    "uncompromising": 0.05631580642045273,
    "sympathy": 0.7570166682766096,
    "fiery": 0.938199654398901,
    "prone_to_worry": 0.8943770057206641,
    "immoderation": 0.8290240525485398
}