{
    "id": "1",
    "extraversion": 0.25407155948017324,
    "active": 0.8076057980673109,
    "assertive": 0.7594551816061312,
    "cheerful": 0.10885954681772739,
    "openness": 0.554283988670443,
    "adventurous": 0.1385059146951016,
    "artistic": 0.09991461179606795,
    "emotionally_aware": 0.8130414861712763,
    "imaginative": 0.9643764578473841,
    "intellectual": 0.8021492835721425,
    "conscientiousness": 0.23016286237920688,
    "cautious": 0.7668381372875708,
    "disciplined": 1,
    "dutiful": 0.7762829056981005,
    "neuroticism": 0.6261558647117628,
    "melancholy": 0.7846967677440853,
    "self_conscious": 0.851299566811063,
    "authority_challenging": 0.7040465678107297,
    "achievement_striving": 0.14503498833722087,
    "orderliness": 0.1732964011996001,
    "self_efficacy": 0.7325370709763412,
    "stress_prone": 0.8086991836054648,
    "agreeableness": 0.25914278573808724,
    "cooperative": 0.6438791236254582,
    "trusting": 0,
    "excitement_seeking": 0.08837679106964345,
    "outgoing": 0.7904656781072975,
    "gregariousness": 0.16579890036654443,
    "altruism": 0.7526761912695767,
    "modesty": 0.03806022992335885,
    "uncompromising": 0.6694643452182606,
    "sympathy": 0.15585429856714425,
    "fiery": 0.6758580473175608,
    "prone_to_worry": 0.685625624791736,
    "immoderation": 0.7986087970676441
}