{
    "id": "1",
    "extraversion": 0.7663538938997186,
    "active": 0.8722480845698768,
    "assertive": 0.9252254873436135,
    "cheerful": 0.2525337018717874,
    "openness": 0.40013092813500145,
    "adventurous": 0.2883813403161672,
    "artistic": 0.21043060808844924,
    "emotionally_aware": 0.7970735137232082,
    "imaginative": 0.14757298031228785,
    "intellectual": 0.9032950247308698,
    "conscientiousness": 0.3713388614101445,
    "cautious": 0.3327393075356415,
    "disciplined": 0,
    "dutiful": 0.12361798079720686,
    "neuroticism": 0.8082751430511105,
    "melancholy": 0.9063863834739597,
    "self_conscious": 0.8727451265638638,
    "authority_challenging": 0.9583454563087964,
    "achievement_striving": 0.8295145960624576,
    "orderliness": 0.1904640675007274,
    "self_efficacy": 0.1892760159053438,
    "stress_prone": 0.8918145669673165,
    "agreeableness": 0.38063718359034043,
    "cooperative": 0.18396615265250701,
    "trusting": 0.08852196683153916,
    "excitement_seeking": 0.8882504121811657,
    "outgoing": 0.8189797303850257,
    "gregariousness": 0.8374672679662496,
    "altruism": 0.24420521772863932,
    "modesty": 0.15346474638735336,
    "uncompromising": 0.21321889244496173,
    "sympathy": 0.20560566385413637,
    "fiery": 0.9601154107264086,
    "prone_to_worry": 1,
    "immoderation": 0.9927989525749199
}