{
    "id": "1",
    "extraversion": 0.35817161561842414,
    "active": 0.9558685994856209,
    "assertive": 0.9106616787467852,
    "cheerful": 0.7801847089081132,
    "openness": 0.6302197802197802,
    "adventurous": 0.1834931026420388,
    "artistic": 0.7963058218377368,
    "emotionally_aware": 0.7474397942483049,
    "imaginative": 0.8723871872808043,
    "intellectual": 0.9938391395838205,
    "conscientiousness": 0.14346504559270518,
    "cautious": 0.25293429974281034,
    "disciplined": 1,
    "dutiful": 0.00264203881225156,
    "neuroticism": 0.7344634089314941,
    "melancholy": 0.8395019873743279,
    "self_conscious": 0.8977203647416414,
    "authority_challenging": 0.9417348608837972,
    "achievement_striving": 0.7849193359831658,
    "orderliness": 0.046714987140519054,
    "self_efficacy": 0.09990647650222116,
    "stress_prone": 0.9189151274257658,
    "agreeableness": 0.26705634790741173,
    "cooperative": 0.12435118073415942,
    "trusting": 0,
    "excitement_seeking": 0.7804185176525602,
    "outgoing": 0.21903203179798922,
    "gregariousness": 0.23055880289922842,
    "altruism": 0.1621346738368015,
    "modesty": 0.10747018938508296,
    "uncompromising": 0.13787701660042084,
    "sympathy": 0.788216039279869,
    "fiery": 0.9302080897825579,
    "prone_to_worry": 0.9304652794014496,
    "immoderation": 0.9167407061024083
}