{
    "id": "1",
    "extraversion": 0.1878658010042537,
    "active": 1,
    "assertive": 0.7458662487606742,
    "cheerful": 0.0982825343013401,
    "openness": 0.4868604812315434,
    "adventurous": 0.08413556358674217,
    "artistic": 0.6136075308365583,
    "emotionally_aware": 0.5454632679822177,
    "imaginative": 0.676869116533939,
    "intellectual": 0.6015927335529472,
    "conscientiousness": 0.17245018709821858,
    "cautious": 0.5455165723179923,
    "disciplined": 0.8542126416562724,
    "dutiful": 0.6924446434472981,
    "neuroticism": 0.5299943497404079,
    "melancholy": 0.008880502340060345,
    "self_conscious": 0.6404515943326831,
    "authority_challenging": 0.6706538309826122,
    "achievement_striving": 0.6091512883657957,
    "orderliness": 0.6411019072291341,
    "self_efficacy": 0.05059647551731858,
    "stress_prone": 0.6232769373460838,
    "agreeableness": 0.44477137770386244,
    "cooperative": 0.6778712380465027,
    "trusting": 0.0002878434131832203,
    "excitement_seeking": 0.5524461359686997,
    "outgoing": 0.639172290274091,
    "gregariousness": 0.06222748158335203,
    "altruism": 0.04131086022537074,
    "modesty": 0.08140638159507896,
    "uncompromising": 0,
    "sympathy": 0.1103506359207258,
    "fiery": 0.6109316531806698,
    "prone_to_worry": 0.08559610238696819,
    "immoderation": 0.6932015650152984
}