{
    "id": "1",
    "extraversion": 0.24402533216371766,
    "active": 0.9757696998224181,
    "assertive": 0.07901324375788954,
    "cheerful": 0.6475427373285694,
    "openness": 0.22386015960974773,
    "adventurous": 0.09009606538436848,
    "artistic": 0.6713879201523353,
    "emotionally_aware": 0.7290913369990801,
    "imaginative": 0.8352339587924432,
    "intellectual": 0.7753803033868931,
    "conscientiousness": 0.192194954962665,
    "cautious": 0.1385245726267143,
    "disciplined": 0.9550696420548151,
    "dutiful": 0,
    "neuroticism": 0.5800937118894285,
    "melancholy": 0.7548728042961981,
    "self_conscious": 1,
    "authority_challenging": 0.8163739061597381,
    "achievement_striving": 0.1385780611480776,
    "orderliness": 0.10821797642225976,
    "self_efficacy": 0.6569246239756948,
    "stress_prone": 0.7644044588031409,
    "agreeableness": 0.24324439975181328,
    "cooperative": 0.09763794689659595,
    "trusting": 0.035794518496330675,
    "excitement_seeking": 0.6785232889022016,
    "outgoing": 0.7323541368022423,
    "gregariousness": 0.16978326451143586,
    "altruism": 0.7971715269903079,
    "modesty": 0.10624959883608974,
    "uncompromising": 0.6818823680438179,
    "sympathy": 0.7082415113716597,
    "fiery": 0.06231412738826245,
    "prone_to_worry": 0.7464216179207943,
    "immoderation": 0.7743212306638995
}