{
    "id": "1",
    "extraversion": 0.25371982806128074,
    "active": 0.9693045299239502,
    "assertive": 0.03696682464454978,
    "cheerful": 0.07453984349167864,
    "openness": 0.2621845034718396,
    "adventurous": 0.21233329659429076,
    "artistic": 0.0981373305411661,
    "emotionally_aware": 0.7958117491458173,
    "imaginative": 0.9066901796539183,
    "intellectual": 0.860817811087843,
    "conscientiousness": 0.6464675410558801,
    "cautious": 0.6907748264080239,
    "disciplined": 0.048418384216907334,
    "dutiful": 0.17187258900033067,
    "neuroticism": 0.6273558911054778,
    "melancholy": 0.8547668907748265,
    "self_conscious": 1,
    "authority_challenging": 0,
    "achievement_striving": 0.7203240383555606,
    "orderliness": 0.7474705169183291,
    "self_efficacy": 0.7201256475256255,
    "stress_prone": 0.7958889011352365,
    "agreeableness": 0.32814945442521776,
    "cooperative": 0.7868180315220986,
    "trusting": 0.040130056210735204,
    "excitement_seeking": 0.13695580293177564,
    "outgoing": 0.8651052573569933,
    "gregariousness": 0.1655461258679599,
    "altruism": 0.8010801278518682,
    "modesty": 0.1373084977405489,
    "uncompromising": 0.7496087291965172,
    "sympathy": 0.8978838311473604,
    "fiery": 0.10806789375068888,
    "prone_to_worry": 0.7717623718725891,
    "immoderation": 0.831973988757853
}