{
    "id": "1",
    "extraversion": 0.37501436323013093,
    "active": 0.003855729332907785,
    "assertive": 0,
    "cheerful": 0.9972039578678584,
    "openness": 0.7242387488030642,
    "adventurous": 0.3177784870730929,
    "artistic": 0.2369613788700926,
    "emotionally_aware": 0.3586466645387807,
    "imaginative": 0.9432875837855093,
    "intellectual": 0.9372997127353974,
    "conscientiousness": 0.40187679540376636,
    "cautious": 0.3634727098627514,
    "disciplined": 0.10444940951165024,
    "dutiful": 0.17635493137567831,
    "neuroticism": 0.4206830513884456,
    "melancholy": 0.256495371848069,
    "self_conscious": 0.898193424832429,
    "authority_challenging": 0.12998404085541015,
    "achievement_striving": 0.20464730290456437,
    "orderliness": 0.8450175550590489,
    "self_efficacy": 0.8782508777529524,
    "stress_prone": 0.28163421640600067,
    "agreeableness": 0.3776571975742101,
    "cooperative": 0.893507819980849,
    "trusting": 0.12541334184487715,
    "excitement_seeking": 0.2802553463134376,
    "outgoing": 0.8457835939993616,
    "gregariousness": 0.8860261729971274,
    "altruism": 0.23888924353654645,
    "modesty": 0.23346313437599747,
    "uncompromising": 0.9337120970315992,
    "sympathy": 0.9615703798276413,
    "fiery": 0.244468560485158,
    "prone_to_worry": 1,
    "immoderation": 0.9289243536546441
}