{
    "id": "1",
    "extraversion": 0.810693967569735,
    "active": 1,
    "assertive": 0.006679030600736826,
    "cheerful": 0.039948873461818024,
    "openness": 0.611964612415729,
    "adventurous": 0.2097065236460239,
    "artistic": 0.09503521215007145,
    "emotionally_aware": 0.7010601238064209,
    "imaginative": 0.8513069847873487,
    "intellectual": 0.7972481892684394,
    "conscientiousness": 0.6691436304854514,
    "cautious": 0.6521891681912735,
    "disciplined": 0.9824064559785469,
    "dutiful": 0.8380617027142178,
    "neuroticism": 0.6372020751359615,
    "melancholy": 0.10677677251196714,
    "self_conscious": 0.8723340267161225,
    "authority_challenging": 0.8313952031277412,
    "achievement_striving": 0.06394576577028148,
    "orderliness": 0.04684093130497979,
    "self_efficacy": 0.8341269642364855,
    "stress_prone": 0.8105060023558308,
    "agreeableness": 0.29977945414901885,
    "cooperative": 0.04908398285757248,
    "trusting": 0.8006190321044585,
    "excitement_seeking": 0.1489436354978572,
    "outgoing": 0.8033507932132027,
    "gregariousness": 0.729518057191549,
    "altruism": 0.7755945966266511,
    "modesty": 0.08661437056715372,
    "uncompromising": 0,
    "sympathy": 0.8566201348337135,
    "fiery": 0.10173930477932883,
    "prone_to_worry": 0.8825718653667828,
    "immoderation": 0.7880253627728628
}