{
    "id": "1",
    "extraversion": 0.7414919830018212,
    "active": 1,
    "assertive": 0.07930102727088759,
    "cheerful": 0.8128771917294576,
    "openness": 0.6392172267257079,
    "adventurous": 0.8835362877786903,
    "artistic": 0.6949017367186848,
    "emotionally_aware": 0.24024806865931028,
    "imaginative": 0.9629801568879525,
    "intellectual": 0.7562165958409217,
    "conscientiousness": 0.7223154662000499,
    "cautious": 0.7045673677820233,
    "disciplined": 0,
    "dutiful": 0.7869513980644931,
    "neuroticism": 0.6298372793391185,
    "melancholy": 0.06846885452749106,
    "self_conscious": 0.1445678439214846,
    "authority_challenging": 0.9599685747955575,
    "achievement_striving": 0.8224594983870775,
    "orderliness": 0.842754942922782,
    "self_efficacy": 0.7963194419645513,
    "stress_prone": 0.7443488197693104,
    "agreeableness": 0.6444904712590317,
    "cooperative": 0.8724660453046698,
    "trusting": 0.9345903415110285,
    "excitement_seeking": 0.8914640098084728,
    "outgoing": 0.8699901201061789,
    "gregariousness": 0.9035698556107084,
    "altruism": 0.9643728648121035,
    "modesty": 0.16983894582723277,
    "uncompromising": 0.8618957492649597,
    "sympathy": 0.8118772988608364,
    "fiery": 0.08436000904664975,
    "prone_to_worry": 0.7856420145460605,
    "immoderation": 0.008713352140842045
}