{
    "id": "1",
    "extraversion": 0.5348214193361536,
    "active": 0.9469481479949109,
    "assertive": 0.8530601268114067,
    "cheerful": 0.675793088468023,
    "openness": 0.5763402600357885,
    "adventurous": 0.17004726983109053,
    "artistic": 0.7788764881721987,
    "emotionally_aware": 0.6907601443953703,
    "imaginative": 0.7461082551536528,
    "intellectual": 0.706596054986088,
    "conscientiousness": 0.5563255722545744,
    "cautious": 0.7444429503821927,
    "disciplined": 1,
    "dutiful": 0.7348545185614249,
    "neuroticism": 0.574044001282595,
    "melancholy": 0,
    "self_conscious": 0.7424259663422252,
    "authority_challenging": 0.720590821171092,
    "achievement_striving": 0.8386102462789229,
    "orderliness": 0.07276657805728237,
    "self_efficacy": 0.7331685267741702,
    "stress_prone": 0.7562242058771811,
    "agreeableness": 0.2465478542392867,
    "cooperative": 0.7076821233153011,
    "trusting": 0.8650379089564435,
    "excitement_seeking": 0.7499456965835394,
    "outgoing": 0.7559139006402631,
    "gregariousness": 0.598796015680758,
    "altruism": 0.6650048097311722,
    "modesty": 0.06426421456572784,
    "uncompromising": 0.6959939593913879,
    "sympathy": 0.6986832714446778,
    "fiery": 0.677065339939387,
    "prone_to_worry": 0.7158121205225539,
    "immoderation": 0.8690098159889944
}