{
    "id": "1",
    "extraversion": 0.5609532835081522,
    "active": 0.9400482457085013,
    "assertive": 0.09684679833724613,
    "cheerful": 0.1566477847896789,
    "openness": 0.6088220724116392,
    "adventurous": 0.1506278403583967,
    "artistic": 0.7667621529647418,
    "emotionally_aware": 0.7034935062137888,
    "imaginative": 0.7934157530853562,
    "intellectual": 0.8891317926296065,
    "conscientiousness": 0.6321910874668849,
    "cautious": 0.08361153589351482,
    "disciplined": 0.9700941222081026,
    "dutiful": 0.05589179176807599,
    "neuroticism": 0.6041375002692283,
    "melancholy": 0.7776497447715868,
    "self_conscious": 1,
    "authority_challenging": 0.7645760192982834,
    "achievement_striving": 0.7338839949169701,
    "orderliness": 0.007527622821943178,
    "self_efficacy": 0.14915246936182128,
    "stress_prone": 0.8094294514204484,
    "agreeableness": 0.24657003166124622,
    "cooperative": 0,
    "trusting": 0.021053651812444823,
    "excitement_seeking": 0.6997135411057744,
    "outgoing": 0.7784358913610028,
    "gregariousness": 0.15520472118718903,
    "altruism": 0.7070688578259278,
    "modesty": 0.09688987486269357,
    "uncompromising": 0.6886644123285016,
    "sympathy": 0.8469706433479076,
    "fiery": 0.7023304400267074,
    "prone_to_worry": 0.795957268086756,
    "immoderation": 0.8608520536733506
}