{
    "id": "1",
    "extraversion": 0.31239694971145926,
    "active": 0.22965787304204455,
    "assertive": 0.07179513602638089,
    "cheerful": 0.2621393239901072,
    "openness": 0.6762262984336356,
    "adventurous": 0.3226401483924155,
    "artistic": 0.2907666941467436,
    "emotionally_aware": 0.733151277823578,
    "imaginative": 1,
    "intellectual": 0.812623660346249,
    "conscientiousness": 0.7459707337180544,
    "cautious": 0.7351298433635616,
    "disciplined": 0,
    "dutiful": 0.1523083264633141,
    "neuroticism": 0.7041426215993406,
    "melancholy": 0.9250412201154165,
    "self_conscious": 0.9005770816158286,
    "authority_challenging": 0.8879431162407255,
    "achievement_striving": 0.23745877988458372,
    "orderliness": 0.25766694146743613,
    "self_efficacy": 0.23000824402308329,
    "stress_prone": 0.7990519373454246,
    "agreeableness": 0.36857996702390766,
    "cooperative": 0.8629637262984338,
    "trusting": 0.010459604286891995,
    "excitement_seeking": 0.245537922506183,
    "outgoing": 0.2335325638911789,
    "gregariousness": 0.7394373454245673,
    "altruism": 0.2055956306677659,
    "modesty": 0.12989488870568838,
    "uncompromising": 0.9050803792250619,
    "sympathy": 0.8737633965375103,
    "fiery": 0.7980317394888706,
    "prone_to_worry": 0.8979699093157462,
    "immoderation": 0.8449711459192086
}