{
    "id": "1",
    "extraversion": 0.7325218988878317,
    "active": 0.8511641131633912,
    "assertive": 0.17075117832966982,
    "cheerful": 0.7322813118554727,
    "openness": 0.6879586190304342,
    "adventurous": 0.7544809334776854,
    "artistic": 0.26439421278829434,
    "emotionally_aware": 0.7752151613573481,
    "imaginative": 0.8509563334536269,
    "intellectual": 0.8552540927134936,
    "conscientiousness": 0.6863073171265159,
    "cautious": 0.7297988911124963,
    "disciplined": 0.8136762792121868,
    "dutiful": 0.2213838128670319,
    "neuroticism": 0.684284198899861,
    "melancholy": 0.21733757641372223,
    "self_conscious": 0.9085003772842097,
    "authority_challenging": 1,
    "achievement_striving": 0.1908948744026333,
    "orderliness": 0.20834837002285578,
    "self_efficacy": 0.9112452566079414,
    "stress_prone": 0.8175475432783263,
    "agreeableness": 0.6420721104950625,
    "cooperative": 0.9163085200616777,
    "trusting": 0.117854838533294,
    "excitement_seeking": 0.26849512811259474,
    "outgoing": 0.8443948689347462,
    "gregariousness": 0.8266023643143816,
    "altruism": 0.98698642870422,
    "modesty": 0.7799394158109423,
    "uncompromising": 0.8822873265312817,
    "sympathy": 0.8253228787331999,
    "fiery": 0.2139256148639043,
    "prone_to_worry": 0.8126920595343546,
    "immoderation": 0
}