{
    "id": "1",
    "extraversion": 0.34545762456721363,
    "active": 0.9608234231521904,
    "assertive": 0.08141088363691104,
    "cheerful": 0.14965941592653917,
    "openness": 0.40304643986150834,
    "adventurous": 0.22500188167996382,
    "artistic": 0.35942909829896136,
    "emotionally_aware": 0.8227081138040042,
    "imaginative": 0.8516577600481711,
    "intellectual": 0.8327186512118019,
    "conscientiousness": 0.7169388830347735,
    "cautious": 0.8856126749962369,
    "disciplined": 0.21371180189673342,
    "dutiful": 0.24516408249284957,
    "neuroticism": 0.7443173265091074,
    "melancholy": 0.9269720006021378,
    "self_conscious": 0.9388830347734458,
    "authority_challenging": 0.30451226855336444,
    "achievement_striving": 0.8278074665060966,
    "orderliness": 0.301144061418034,
    "self_efficacy": 0.8676144061418035,
    "stress_prone": 0.8508204124642482,
    "agreeableness": 0.4364838928195093,
    "cooperative": 0.19135744392593707,
    "trusting": 0.29557428872497366,
    "excitement_seeking": 0,
    "outgoing": 0.3400854282703598,
    "gregariousness": 0.31753349390335694,
    "altruism": 0.33160846003311756,
    "modesty": 0.23674356465452356,
    "uncompromising": 0.9309799789251845,
    "sympathy": 0.8563149179587537,
    "fiery": 0.8615553966581364,
    "prone_to_worry": 1,
    "immoderation": 0.2901738672286618
}