{
    "id": "1",
    "extraversion": 0.30415227231403774,
    "active": 1,
    "assertive": 0.1095916629185527,
    "cheerful": 0.20523077217527777,
    "openness": 0.3140664325291635,
    "adventurous": 0,
    "artistic": 0.029943443352440726,
    "emotionally_aware": 0.6619137391504062,
    "imaginative": 0.8266266017206236,
    "intellectual": 0.7260686909672049,
    "conscientiousness": 0.23784414863584602,
    "cautious": 0.23023627472559022,
    "disciplined": 0.8925806482482751,
    "dutiful": 0.05014498023866714,
    "neuroticism": 0.6199412423323158,
    "melancholy": 0.7516770816387073,
    "self_conscious": 0.8406748519096242,
    "authority_challenging": 0.7155229336727371,
    "achievement_striving": 0.6848521967137813,
    "orderliness": 0.20724039924591137,
    "self_efficacy": 0.16865555948974614,
    "stress_prone": 0.9160741456692537,
    "agreeableness": 0.18671349416729668,
    "cooperative": 0.13293204589605442,
    "trusting": 0.09772529354909709,
    "excitement_seeking": 0.1940247088433161,
    "outgoing": 0.6617701943596467,
    "gregariousness": 0.17273223154731715,
    "altruism": 0.7067475621309703,
    "modesty": 0.20158473448998537,
    "uncompromising": 0.165019091457171,
    "sympathy": 0.20457046613778385,
    "fiery": 0.7991712680746816,
    "prone_to_worry": 0.7255423600677532,
    "immoderation": 0.7930658296410423
}