{
    "id": "1",
    "extraversion": 0.17577060756740906,
    "active": 0.07583291590817462,
    "assertive": 0.9391821724841479,
    "cheerful": 0.08557012131800465,
    "openness": 0.6118434716741395,
    "adventurous": 0.1228818218470147,
    "artistic": 0.779318517794529,
    "emotionally_aware": 0.8170700419054133,
    "imaginative": 0.8313765256380496,
    "intellectual": 0.7850728763240522,
    "conscientiousness": 0.2463989444234035,
    "cautious": 0.21263026719282596,
    "disciplined": 0,
    "dutiful": 0.028625184786991,
    "neuroticism": 0.630841406946769,
    "melancholy": 0.7679075393092325,
    "self_conscious": 0.794956689594507,
    "authority_challenging": 1,
    "achievement_striving": 0.7625685697181463,
    "orderliness": 0.0026022895260901157,
    "self_efficacy": 0.08819684548753226,
    "stress_prone": 0.7242917007733565,
    "agreeableness": 0.27684451014648565,
    "cooperative": 0.1348425798096541,
    "trusting": 0.016676644146070292,
    "excitement_seeking": 0.029248268194646387,
    "outgoing": 0.054977947734297664,
    "gregariousness": 0.15845866269196465,
    "altruism": 0.03152069003433066,
    "modesty": 0.026523805451368957,
    "uncompromising": 0.705379286752758,
    "sympathy": 0.03684744230369821,
    "fiery": 0.8562509926573896,
    "prone_to_worry": 0.7937349574226338,
    "immoderation": 0.8980708849006119
}