{
    "id": "1",
    "extraversion": 0.4218161473059516,
    "active": 1,
    "assertive": 0.22945119940853823,
    "cheerful": 0.8311436592700643,
    "openness": 0.47392872486037707,
    "adventurous": 0.8089438610864114,
    "artistic": 0.3188398557312846,
    "emotionally_aware": 0.7703589733342658,
    "imaginative": 0.8819074642075712,
    "intellectual": 0.9113306890729437,
    "conscientiousness": 0.4175700112897264,
    "cautious": 0.36022219780000203,
    "disciplined": 0,
    "dutiful": 0.2594838696785925,
    "neuroticism": 0.7752545183882666,
    "melancholy": 0.8571899571390036,
    "self_conscious": 0.9182044339650919,
    "authority_challenging": 0.9996902818435224,
    "achievement_striving": 0.9053361441088611,
    "orderliness": 0.3515600803269025,
    "self_efficacy": 0.2767581500834241,
    "stress_prone": 0.9218710973014557,
    "agreeableness": 0.4529278356695407,
    "cooperative": 0.25175090667492583,
    "trusting": 0.12841314403892456,
    "excitement_seeking": 0.8594379115005345,
    "outgoing": 0.30073632993975485,
    "gregariousness": 0.3676754153720115,
    "altruism": 0.8226913508707077,
    "modesty": 0.2654983964592221,
    "uncompromising": 0.3466645352729017,
    "sympathy": 0.8732253649179247,
    "fiery": 0.8912189907184462,
    "prone_to_worry": 0.9710763205483011,
    "immoderation": 0.8896903817526052
}