{
    "id": "1",
    "extraversion": 0.5562879695830061,
    "active": 0.7398644460057031,
    "assertive": 0,
    "cheerful": 0.7490081415051452,
    "openness": 0.2946129685498202,
    "adventurous": 0.6035252304004628,
    "artistic": 0.14447038889118485,
    "emotionally_aware": 0.6193123114435674,
    "imaginative": 1,
    "intellectual": 0.6775013431417117,
    "conscientiousness": 0.5414204240195065,
    "cautious": 0.6347894367070298,
    "disciplined": 0.010982766458651927,
    "dutiful": 0.8078790759185023,
    "neuroticism": 0.6040004959292474,
    "melancholy": 0.10622184568334918,
    "self_conscious": 0.6799189982229201,
    "authority_challenging": 0.033041286109848335,
    "achievement_striving": 0.05968715129974789,
    "orderliness": 0.7760156217712939,
    "self_efficacy": 0.7334173657891473,
    "stress_prone": 0.843926933090879,
    "agreeableness": 0.5583543414472868,
    "cooperative": 0.7137248419225524,
    "trusting": 0.9039550357482332,
    "excitement_seeking": 0.7940653800057857,
    "outgoing": 0.7439661941563003,
    "gregariousness": 0.6954271190643467,
    "altruism": 0.779166838864322,
    "modesty": 0.7232198206389221,
    "uncompromising": 0.6691945282473033,
    "sympathy": 0.7637103773195023,
    "fiery": 0.7094784477414555,
    "prone_to_worry": 0.6959850394677025,
    "immoderation": 0.7710563292970203
}