{
    "id": "1",
    "extraversion": 0.23433971441475868,
    "active": 0.8519728080232546,
    "assertive": 0,
    "cheerful": 0.15994394839546486,
    "openness": 0.21817276401579633,
    "adventurous": 0.06377607152370028,
    "artistic": 0.21423525460630696,
    "emotionally_aware": 0.7909645739962247,
    "imaginative": 0.8651750454550717,
    "intellectual": 0.8967330252811265,
    "conscientiousness": 0.7217686365794624,
    "cautious": 0.8215960810200466,
    "disciplined": 0.11480156110667177,
    "dutiful": 0.08456380502379875,
    "neuroticism": 0.6568228931429432,
    "melancholy": 0.8732932633846368,
    "self_conscious": 0.8830675514481928,
    "authority_challenging": 1,
    "achievement_striving": 0.83736928047806,
    "orderliness": 0.21649353206174937,
    "self_efficacy": 0.1767941724860739,
    "stress_prone": 0.8232405702440099,
    "agreeableness": 0.23474504626573553,
    "cooperative": 0.7873860727976004,
    "trusting": 0.12033723610001275,
    "excitement_seeking": 0.07242701131454908,
    "outgoing": 0.8349372893721989,
    "gregariousness": 0.7255903368886727,
    "altruism": 0.7081494863866403,
    "modesty": 0.10454087482194346,
    "uncompromising": 0.8232405702440099,
    "sympathy": 0.12827015946913106,
    "fiery": 0.8047805996595212,
    "prone_to_worry": 0.8158635305562311,
    "immoderation": 0.06560585530811008
}