{
    "id": "1",
    "extraversion": 0.3254739104944303,
    "active": 1,
    "assertive": 0.8109439124487003,
    "cheerful": 0.24358999413718976,
    "openness": 0.5836720734805549,
    "adventurous": 0.17447723275356652,
    "artistic": 0.1936486222395935,
    "emotionally_aware": 0.7918897791674809,
    "imaginative": 0.9522669532929451,
    "intellectual": 0.738938831346492,
    "conscientiousness": 0.5748974008207934,
    "cautious": 0.6714481141293727,
    "disciplined": 0,
    "dutiful": 0.841782294313074,
    "neuroticism": 0.6574457690052765,
    "melancholy": 0.12812194645299982,
    "self_conscious": 0.7993160054719561,
    "authority_challenging": 0.17476060191518467,
    "achievement_striving": 0.8118819620871605,
    "orderliness": 0.7491205784639438,
    "self_efficacy": 0.7614422513191323,
    "stress_prone": 0.9040746531170607,
    "agreeableness": 0.2891440297049052,
    "cooperative": 0.7692788743404337,
    "trusting": 0.12777017783857728,
    "excitement_seeking": 0.1311315223763924,
    "outgoing": 0.7371213601719757,
    "gregariousness": 0.1598983779558335,
    "altruism": 0.15203244088333007,
    "modesty": 0.163797146765683,
    "uncompromising": 0.2380691811608364,
    "sympathy": 0.7013679890560875,
    "fiery": 0.15966386554621848,
    "prone_to_worry": 0.7444498729724448,
    "immoderation": 0.8219855384014071
}