{
    "id": "1",
    "extraversion": 0.3132844572122487,
    "active": 0.9748701822432873,
    "assertive": 0.14366498409562561,
    "cheerful": 0.23951715950592223,
    "openness": 0.3176978078244085,
    "adventurous": 0.24377645065112782,
    "artistic": 0.21642636410595664,
    "emotionally_aware": 0.7595766083355234,
    "imaginative": 0.7973755516688266,
    "intellectual": 0.6978259490516281,
    "conscientiousness": 0.2848650167199833,
    "cautious": 0.1982654716485269,
    "disciplined": 0,
    "dutiful": 0.13916101026761035,
    "neuroticism": 0.7326705755480439,
    "melancholy": 0.7394310674508596,
    "self_conscious": 0.8294833570464083,
    "authority_challenging": 0.7373648581293557,
    "achievement_striving": 0.765802423264792,
    "orderliness": 0.1674263912929214,
    "self_efficacy": 0.23091701632124118,
    "stress_prone": 1,
    "agreeableness": 0.21153271044976305,
    "cooperative": 0.1395416277742032,
    "trusting": 0.15239199978250426,
    "excitement_seeking": 0.17114194314299438,
    "outgoing": 0.7314290374908244,
    "gregariousness": 0.6945725756024179,
    "altruism": 0.14040254832482987,
    "modesty": 0.13565389181400492,
    "uncompromising": 0.18463573998386906,
    "sympathy": 0.6879389562017998,
    "fiery": 0.8060210064614353,
    "prone_to_worry": 0.8368328998522843,
    "immoderation": 0.8359719793016576
}