{
    "id": "1",
    "extraversion": 0.2336934566660797,
    "active": 1,
    "assertive": 0.8164613998197657,
    "cheerful": 0.07629918894562927,
    "openness": 0.27508519696294836,
    "adventurous": 0.1202183528241887,
    "artistic": 0.6532457712267327,
    "emotionally_aware": 0.7239825566339689,
    "imaginative": 0.798396536186698,
    "intellectual": 0.7612413378771714,
    "conscientiousness": 0.5706901730870821,
    "cautious": 0.7070674635647031,
    "disciplined": 0.9828880993567501,
    "dutiful": 0.8585367874788951,
    "neuroticism": 0.5844356283858672,
    "melancholy": 0.13478211329901282,
    "self_conscious": 0.809521343263484,
    "authority_challenging": 0.12377124744927026,
    "achievement_striving": 0.6740555826022105,
    "orderliness": 0.7613552791042149,
    "self_efficacy": 0.7610756051832901,
    "stress_prone": 0.15739426772045037,
    "agreeableness": 0.26115329238354695,
    "cooperative": 0.7812121274898748,
    "trusting": 0.07719000217524159,
    "excitement_seeking": 0,
    "outgoing": 0.6727815125179977,
    "gregariousness": 0.14456034223801284,
    "altruism": 0.6649299261453684,
    "modesty": 0.6886918511306077,
    "uncompromising": 0.7314508861519977,
    "sympathy": 0.6924311950363059,
    "fiery": 0.12622616297738784,
    "prone_to_worry": 0.7188966345904849,
    "immoderation": 0.04555577423063773
}