{
    "id": "1",
    "extraversion": 0.30001736613603475,
    "active": 0.7449377713458756,
    "assertive": 0.12890303907380607,
    "cheerful": 0.04191027496382056,
    "openness": 0.6263502170767005,
    "adventurous": 0.1513632416787265,
    "artistic": 0.7115021707670043,
    "emotionally_aware": 0.8506975397973952,
    "imaginative": 0.802836468885673,
    "intellectual": 1,
    "conscientiousness": 0.25045441389290884,
    "cautious": 0.23247467438494934,
    "disciplined": 0.06177713458755429,
    "dutiful": 0.11088856729377716,
    "neuroticism": 0.7011866859623734,
    "melancholy": 0.7827959479015918,
    "self_conscious": 0.7634732272069465,
    "authority_challenging": 0.8741534008683067,
    "achievement_striving": 0.7916063675832128,
    "orderliness": 0.14329377713458755,
    "self_efficacy": 0.8093545586107092,
    "stress_prone": 0.7948596237337193,
    "agreeableness": 0.23441968162083937,
    "cooperative": 0.18851519536903039,
    "trusting": 0,
    "excitement_seeking": 0.7904949348769899,
    "outgoing": 0.820492040520984,
    "gregariousness": 0.1084573082489146,
    "altruism": 0.7306859623733719,
    "modesty": 0.023583212735166423,
    "uncompromising": 0.13128798842257597,
    "sympathy": 0.7485730824891462,
    "fiery": 0.7599884225759769,
    "prone_to_worry": 0.8152821997105643,
    "immoderation": 0.880451519536903
}