{
    "id": "1",
    "extraversion": 0.3162351834184974,
    "active": 0.1605352918882892,
    "assertive": 0.04042133326363388,
    "cheerful": 0.8588193781936512,
    "openness": 0.6712581188985741,
    "adventurous": 0.21883453782720633,
    "artistic": 0.21786745775559013,
    "emotionally_aware": 0.7384963211751331,
    "imaginative": 0.9536977744089702,
    "intellectual": 0.9541029025470797,
    "conscientiousness": 0.33468811667690374,
    "cautious": 0.2608633149936617,
    "disciplined": 0.032776173238019374,
    "dutiful": 0,
    "neuroticism": 0.6788248670264901,
    "melancholy": 0.8863680915850964,
    "self_conscious": 1,
    "authority_challenging": 0.1330519217449261,
    "achievement_striving": 0.1619859119957135,
    "orderliness": 0.17011461205713613,
    "self_efficacy": 0.7958676929912832,
    "stress_prone": 0.7513035977992394,
    "agreeableness": 0.35325866778185816,
    "cooperative": 0.8559834812268847,
    "trusting": 0.08444961382140384,
    "excitement_seeking": 0.800846848495145,
    "outgoing": 0.8736392268586888,
    "gregariousness": 0.848364458500503,
    "altruism": 0.22526431343849243,
    "modesty": 0.17229707654308082,
    "uncompromising": 0.10356904821024848,
    "sympathy": 0.9339641134881533,
    "fiery": 0.17351246095740927,
    "prone_to_worry": 0.914883885048158,
    "immoderation": 0.9138383930788431
}