{
    "id": "1",
    "extraversion": 0.2856168354991644,
    "active": 0.8517343702036223,
    "assertive": 0.9046920654410678,
    "cheerful": 0.17518787589390272,
    "openness": 0.6470320724899667,
    "adventurous": 0.7145650715690622,
    "artistic": 0.7762201985060881,
    "emotionally_aware": 0.8144434212171857,
    "imaginative": 0.8134770399172323,
    "intellectual": 0.8725627295155587,
    "conscientiousness": 0.6320588469365713,
    "cautious": 0.25694373386995917,
    "disciplined": 0.8339984310515366,
    "dutiful": 0.11787578021078482,
    "neuroticism": 0.6642677672044294,
    "melancholy": 0.8687995270416227,
    "self_conscious": 1,
    "authority_challenging": 0.855986447923417,
    "achievement_striving": 0.7859294882726787,
    "orderliness": 0.04614754937071519,
    "self_efficacy": 0.8071557692963607,
    "stress_prone": 0.77100173948634,
    "agreeableness": 0.30990142910740476,
    "cooperative": 0.11906954534602135,
    "trusting": 0,
    "excitement_seeking": 0.17167479563877802,
    "outgoing": 0.038484714121673085,
    "gregariousness": 0.2182430051047671,
    "altruism": 0.8460838818968359,
    "modesty": 0.12043384835772022,
    "uncompromising": 0.13458849210409632,
    "sympathy": 0.8052684834635105,
    "fiery": 0.7957524699569107,
    "prone_to_worry": 0.1449913025683004,
    "immoderation": 0.8705958593403594
}