{
    "id": "1",
    "extraversion": 0.34498894570510125,
    "active": 0.9517951361102444,
    "assertive": 0.0419385028551277,
    "cheerful": 0.11130250790076907,
    "openness": 0.3401196305288429,
    "adventurous": 0.21730166696054362,
    "artistic": 0.07891274566983603,
    "emotionally_aware": 0.2553609939370922,
    "imaginative": 0.8494988267527499,
    "intellectual": 0.9170046251712397,
    "conscientiousness": 0.26977904973754524,
    "cautious": 0.7497389016235572,
    "disciplined": 0.021349030884207996,
    "dutiful": 0,
    "neuroticism": 0.6644648500549324,
    "melancholy": 1,
    "self_conscious": 0.8701154258277157,
    "authority_challenging": 0.05814694752261724,
    "achievement_striving": 0.12066135879664171,
    "orderliness": 0.11255035468688546,
    "self_efficacy": 0.11283518927936852,
    "stress_prone": 0.8188858898368304,
    "agreeableness": 0.6258494174454406,
    "cooperative": 0.8214900918252472,
    "trusting": 0.8991956813650358,
    "excitement_seeking": 0.1812633092354226,
    "outgoing": 0.8799218739403475,
    "gregariousness": 0.21872583992295902,
    "altruism": 0.17408819021525357,
    "modesty": 0.8828380376252931,
    "uncompromising": 0.00016276262427605758,
    "sympathy": 0.10202503831703447,
    "fiery": 0.9418259253733366,
    "prone_to_worry": 0.860119087986762,
    "immoderation": 0.07698672128256952
}