{
    "id": "1",
    "extraversion": 0.27254026915835716,
    "active": 0.7425098203286614,
    "assertive": 0.06946284545475681,
    "cheerful": 0.7255072868000838,
    "openness": 0.5637798386909328,
    "adventurous": 0.16637612439857755,
    "artistic": 0.6854356971852266,
    "emotionally_aware": 0.6402738070334473,
    "imaginative": 0.874009250865816,
    "intellectual": 0.845489621830184,
    "conscientiousness": 0.5939148827371407,
    "cautious": 0.7050182460544361,
    "disciplined": 0.830393045580271,
    "dutiful": 0.9221230504613811,
    "neuroticism": 0.6025265555633035,
    "melancholy": 0.10150384677962954,
    "self_conscious": 0.7702856611579854,
    "authority_challenging": 0.922959812193478,
    "achievement_striving": 0.11092903795644195,
    "orderliness": 0.8853636427027405,
    "self_efficacy": 0.8002463798433396,
    "stress_prone": 0.7653231992190225,
    "agreeableness": 0.2912976779861935,
    "cooperative": 0.7694721428073357,
    "trusting": 0.8910582711572881,
    "excitement_seeking": 0.7369546521627967,
    "outgoing": 1,
    "gregariousness": 0.6966390070427446,
    "altruism": 0.9139181368105432,
    "modesty": 0.7385700671733724,
    "uncompromising": 0.7587685656509309,
    "sympathy": 0.8284406015387119,
    "fiery": 0.7707737721683751,
    "prone_to_worry": 0.7457755154219836,
    "immoderation": 0
}