{
    "id": "1",
    "extraversion": 0.34396887159533074,
    "active": 1,
    "assertive": 0.19770687418936447,
    "cheerful": 0.27797665369649804,
    "openness": 0.7032840466926069,
    "adventurous": 0.30696757457846946,
    "artistic": 0.7681245136186771,
    "emotionally_aware": 0.8369182879377431,
    "imaginative": 0.9017587548638132,
    "intellectual": 0.8308897535667963,
    "conscientiousness": 0.6682230869001297,
    "cautious": 0.7379299610894942,
    "disciplined": 0.15886900129701687,
    "dutiful": 0.8482801556420233,
    "neuroticism": 0.7138054474708171,
    "melancholy": 0.8617172503242543,
    "self_conscious": 0.9660804150453954,
    "authority_challenging": 0.7994293125810635,
    "achievement_striving": 0.2172036316472114,
    "orderliness": 0.28203372243839164,
    "self_efficacy": 0.8080622568093384,
    "stress_prone": 0.27960570687418934,
    "agreeableness": 0.3163060959792477,
    "cooperative": 0.7928612191958495,
    "trusting": 0,
    "excitement_seeking": 0.24515693904020752,
    "outgoing": 0.7575927367055771,
    "gregariousness": 0.283621271076524,
    "altruism": 0.22332555123216602,
    "modesty": 0.21388326848249029,
    "uncompromising": 0.943740596627756,
    "sympathy": 0.8107600518806743,
    "fiery": 0.23435538261997405,
    "prone_to_worry": 0.17860440985732814,
    "immoderation": 0.852119325551232
}