{
    "id": "1",
    "extraversion": 0.2417407293901318,
    "active": 1,
    "assertive": 0.8356726938400246,
    "cheerful": 0.6564000408621923,
    "openness": 0.5468791500664011,
    "adventurous": 0.1391561957299009,
    "artistic": 0.6857288793543774,
    "emotionally_aware": 0.7130350393298601,
    "imaginative": 0.7437327612626419,
    "intellectual": 0.7075901522116663,
    "conscientiousness": 0.5384411073654102,
    "cautious": 0.7033609153131066,
    "disciplined": 0.955715599141894,
    "dutiful": 0.7366636020022475,
    "neuroticism": 0.568944733884973,
    "melancholy": 0.08540198181632447,
    "self_conscious": 0.6532025743181122,
    "authority_challenging": 0.817284707324548,
    "achievement_striving": 0.7747063029931556,
    "orderliness": 0.6750842782715293,
    "self_efficacy": 0.7801716212074779,
    "stress_prone": 0.7057411380120544,
    "agreeableness": 0.23578506486873022,
    "cooperative": 0.7132189191950149,
    "trusting": 0.7645009704770662,
    "excitement_seeking": 0.0629073449790581,
    "outgoing": 0.7414649095923996,
    "gregariousness": 0.5860864235366228,
    "altruism": 0.6963836959852896,
    "modesty": 0,
    "uncompromising": 0.6509347226478701,
    "sympathy": 0.06818878332822555,
    "fiery": 0.691939932577383,
    "prone_to_worry": 0.6957605475533762,
    "immoderation": 0.07731126774951474
}