{
    "id": "1",
    "extraversion": 0.2240646022127092,
    "active": 0.0693695446711514,
    "assertive": 0.9414299216100518,
    "cheerful": 0.0010146216712069946,
    "openness": 0.7195613498637905,
    "adventurous": 0.07445655195418914,
    "artistic": 0.8229415689108801,
    "emotionally_aware": 0.9797353644298661,
    "imaginative": 0.9365374993050538,
    "intellectual": 1,
    "conscientiousness": 0.6636598654583866,
    "cautious": 0.8873074998610109,
    "disciplined": 0.958720186801579,
    "dutiful": 0.009882137099015963,
    "neuroticism": 0.6746539167176294,
    "melancholy": 0.8929226663701563,
    "self_conscious": 0.9654194696169456,
    "authority_challenging": 0.9639044865736366,
    "achievement_striving": 0.785372769222216,
    "orderliness": 0.07980763885028079,
    "self_efficacy": 0.8234697281369879,
    "stress_prone": 0.8273197309167732,
    "agreeableness": 0.29419858786901654,
    "cooperative": 0.09700061155278815,
    "trusting": 0,
    "excitement_seeking": 0.0658809139934397,
    "outgoing": 0.8725746372380052,
    "gregariousness": 0.19712848168121422,
    "altruism": 0.7907516539723134,
    "modesty": 0.0643242341691222,
    "uncompromising": 0.8121421026296769,
    "sympathy": 0.05061989214432647,
    "fiery": 0.8239283927280814,
    "prone_to_worry": 0.881706232278868,
    "immoderation": 0.9075165397231335
}