{
    "id": "1",
    "extraversion": 0.27943716099530563,
    "active": 0.9135431615304161,
    "assertive": 0.0437088025685306,
    "cheerful": 0.8389074015518205,
    "openness": 0.6680490355848515,
    "adventurous": 0.15732250139858436,
    "artistic": 0.13127234694622136,
    "emotionally_aware": 0.8514581762459562,
    "imaginative": 0.9326003940359496,
    "intellectual": 0.8330455087198695,
    "conscientiousness": 0.6537226667963904,
    "cautious": 0.7828667331500986,
    "disciplined": 0.9158295429669447,
    "dutiful": 0.8663074939800062,
    "neuroticism": 0.7007515870892419,
    "melancholy": 0.07731131272346949,
    "self_conscious": 0.826295818840756,
    "authority_challenging": 0.8768029577019435,
    "achievement_striving": 0.08027874394960233,
    "orderliness": 0.19352759467808237,
    "self_efficacy": 0.8443071534551115,
    "stress_prone": 0.927650621457933,
    "agreeableness": 0.30130372388295673,
    "cooperative": 0.15587527059567535,
    "trusting": 0,
    "excitement_seeking": 0.004463308442585079,
    "outgoing": 0.8488920779315545,
    "gregariousness": 0.18716707610731398,
    "altruism": 0.17861746892710334,
    "modesty": 0.08291781188431878,
    "uncompromising": 0.8149612044851993,
    "sympathy": 0.7814559871573469,
    "fiery": 0.8978060467492034,
    "prone_to_worry": 0.8117262179845791,
    "immoderation": 1
}