{
    "id": "1",
    "extraversion": 0.34532316338819746,
    "active": 0.189608304180765,
    "assertive": 0.12210816080747834,
    "cheerful": 0.2877444514538051,
    "openness": 0.6974594253598669,
    "adventurous": 0.1286574525434421,
    "artistic": 0,
    "emotionally_aware": 0.8165854218042095,
    "imaginative": 0.9088948787061993,
    "intellectual": 0.8921947582726386,
    "conscientiousness": 0.3357917072890979,
    "cautious": 0.8149567012674199,
    "disciplined": 0.1857200206457533,
    "dutiful": 0.9134828238802545,
    "neuroticism": 0.7572977002924814,
    "melancholy": 0.203658886276309,
    "self_conscious": 0.9111085622526811,
    "authority_challenging": 0.17114182485519291,
    "achievement_striving": 0.09489017606239603,
    "orderliness": 1,
    "self_efficacy": 0.8360841887939439,
    "stress_prone": 0.8293054997992774,
    "agreeableness": 0.4187073464472099,
    "cooperative": 0.9131501978551356,
    "trusting": 0.01557607386591728,
    "excitement_seeking": 0.18182026724780637,
    "outgoing": 0.8427367092963238,
    "gregariousness": 0.16508573722544015,
    "altruism": 0.2789814761713597,
    "modesty": 0.941710156563629,
    "uncompromising": 0.2639903653151345,
    "sympathy": 0.2697597063715088,
    "fiery": 0.9262029018753225,
    "prone_to_worry": 0.8545965475712565,
    "immoderation": 0.17283936456959337
}