{
    "id": "1",
    "extraversion": 0.5674184770075181,
    "active": 0.7492735574927355,
    "assertive": 0.004676906046769027,
    "cheerful": 0.6478206724782067,
    "openness": 0.336561966698953,
    "adventurous": 0.18529588118629214,
    "artistic": 0.12345371523453716,
    "emotionally_aware": 0.6571375859047092,
    "imaginative": 0.8950878649508787,
    "intellectual": 0.7087311470873114,
    "conscientiousness": 0.2922651169226511,
    "cautious": 0.5886259858862599,
    "disciplined": 0.040035053733683865,
    "dutiful": 0.7448364927816983,
    "neuroticism": 0.5705917623725842,
    "melancholy": 0,
    "self_conscious": 0.7385175960518425,
    "authority_challenging": 0.7559706655597066,
    "achievement_striving": 0.1817812831511462,
    "orderliness": 0.182011899820119,
    "self_efficacy": 0.7018772196854388,
    "stress_prone": 0.8108666574419998,
    "agreeableness": 0.2585674092523408,
    "cooperative": 0.13388681333886812,
    "trusting": 0.11656288916562887,
    "excitement_seeking": 0.6765647340989808,
    "outgoing": 0.7287209999538767,
    "gregariousness": 0.6532540011992067,
    "altruism": 0.1716525990498593,
    "modesty": 0.7126239564595729,
    "uncompromising": 0.18893962455606292,
    "sympathy": 0.22256353489230202,
    "fiery": 0.7372538167058715,
    "prone_to_worry": 0.020893870208938705,
    "immoderation": 1
}