{
    "id": "1",
    "extraversion": 0.26260657273441274,
    "active": 0.1651416080772907,
    "assertive": 0.12887139355974223,
    "cheerful": 0.7354062775007334,
    "openness": 0.5424256474796317,
    "adventurous": 0.2135996744859433,
    "artistic": 0.22618495633001828,
    "emotionally_aware": 0.6733031160400837,
    "imaginative": 0.8189422685680222,
    "intellectual": 0.7427114185410536,
    "conscientiousness": 0.29301942675460596,
    "cautious": 0.19195866728489105,
    "disciplined": 0.11794206985304553,
    "dutiful": 0,
    "neuroticism": 0.6210505398423528,
    "melancholy": 0.16900235619186404,
    "self_conscious": 1,
    "authority_challenging": 0.09237407621192478,
    "achievement_striving": 0.12599475770966795,
    "orderliness": 0.6744291675735009,
    "self_efficacy": 0.18007361916747885,
    "stress_prone": 0.7697745058147788,
    "agreeableness": 0.313070714143775,
    "cooperative": 0.7328702958960627,
    "trusting": 0.7049555730088287,
    "excitement_seeking": 0.7094408539066419,
    "outgoing": 0.675801247173043,
    "gregariousness": 0.20546182306797,
    "altruism": 0.21875680125663569,
    "modesty": 0.035153625602059084,
    "uncompromising": 0.6935909688774496,
    "sympathy": 0.7149386349227378,
    "fiery": 0.13684838047294162,
    "prone_to_worry": 0.7337219315095715,
    "immoderation": 0.9009737033847786
}