{
    "id": "1",
    "extraversion": 0.6395738673960033,
    "active": 0.19813401561603955,
    "assertive": 0.7892165512373726,
    "cheerful": 0.16919581807755085,
    "openness": 0.6006109665181526,
    "adventurous": 0.13359654153248932,
    "artistic": 0.6763972826326702,
    "emotionally_aware": 0.9275662799417708,
    "imaginative": 0.8134125898804535,
    "intellectual": 1,
    "conscientiousness": 0.6190171599982355,
    "cautious": 0.2219440645815872,
    "disciplined": 0.8658189598129605,
    "dutiful": 0.09962944990956817,
    "neuroticism": 0.6747540694340288,
    "melancholy": 0.7813533900921964,
    "self_conscious": 0.8130266002029203,
    "authority_challenging": 0.7952269619303894,
    "achievement_striving": 0.7413758877762583,
    "orderliness": 0.06892672813092769,
    "self_efficacy": 0.7330495390180424,
    "stress_prone": 0.8483170850059553,
    "agreeableness": 0.23007190436278618,
    "cooperative": 0.1557302924698928,
    "trusting": 0,
    "excitement_seeking": 0.20623979884423663,
    "outgoing": 0.924709956328025,
    "gregariousness": 0.18458026379637393,
    "altruism": 0.15480391724381312,
    "modesty": 0.1884953019542106,
    "uncompromising": 0.7423022630023379,
    "sympathy": 0.7416515946887821,
    "fiery": 0.8088909965150647,
    "prone_to_worry": 0.8114826414927875,
    "immoderation": 0.796616524769509
}