{
    "id": "1",
    "extraversion": 0.6636166756903086,
    "active": 0.24051976177585271,
    "assertive": 0.8612344342176502,
    "cheerful": 0.8139902544667027,
    "openness": 0.7271792095289659,
    "adventurous": 0.9048294531672983,
    "artistic": 0.8508608554412561,
    "emotionally_aware": 0.7707200866269626,
    "imaginative": 0.9529074174336762,
    "intellectual": 0.8884461288576069,
    "conscientiousness": 0.34853275582024906,
    "cautious": 0.29068760151597184,
    "disciplined": 1,
    "dutiful": 0.03380617217108822,
    "neuroticism": 0.6902652950730915,
    "melancholy": 0.8895181375203032,
    "self_conscious": 0.8876664861938279,
    "authority_challenging": 0,
    "achievement_striving": 0.09397942609637247,
    "orderliness": 0.07736870600974555,
    "self_efficacy": 0.7849052517596101,
    "stress_prone": 0.8506876015159718,
    "agreeableness": 0.6750189496480781,
    "cooperative": 0.20241472658364915,
    "trusting": 0.12162425554953978,
    "excitement_seeking": 0.7685435841905793,
    "outgoing": 0.825143475906876,
    "gregariousness": 0.7458364916080129,
    "altruism": 0.9176285868976718,
    "modesty": 0.8959718462371413,
    "uncompromising": 0.9156686518678939,
    "sympathy": 0.9839740119112075,
    "fiery": 0.19422847861396858,
    "prone_to_worry": 0.8367623172712507,
    "immoderation": 0.130449377368706
}