{
    "id": "1",
    "extraversion": 0.32785716012668936,
    "active": 0.08644616909649187,
    "assertive": 0.03210754092019048,
    "cheerful": 0.7923164333550929,
    "openness": 0.3532313048523972,
    "adventurous": 0.06358647034646162,
    "artistic": 0,
    "emotionally_aware": 0.7206547230482822,
    "imaginative": 0.9363893522883875,
    "intellectual": 0.9587775924179782,
    "conscientiousness": 0.21677425594158747,
    "cautious": 0.25480525132371074,
    "disciplined": 0.06567781243200115,
    "dutiful": 0.045695220134909696,
    "neuroticism": 0.7072725514373442,
    "melancholy": 0.13192379294504483,
    "self_conscious": 0.8492299509199487,
    "authority_challenging": 0.8515872440221465,
    "achievement_striving": 0.1421266410386596,
    "orderliness": 1,
    "self_efficacy": 0.1647203887720316,
    "stress_prone": 0.8658760668262372,
    "agreeableness": 0.28946350426730494,
    "cooperative": 0.826031769057808,
    "trusting": 0.12490026836875312,
    "excitement_seeking": 0.9217016029593095,
    "outgoing": 0.7966562703996518,
    "gregariousness": 0.7931263750876429,
    "altruism": 0.8627088319914895,
    "modesty": 0.845409927226131,
    "uncompromising": 0.14118372379778052,
    "sympathy": 0.8497376755881143,
    "fiery": 0.9364618843838398,
    "prone_to_worry": 0.17381107806871207,
    "immoderation": 0.9798239887817024
}