{
    "id": "1",
    "extraversion": 0.603412431751365,
    "active": 0.9091663166736667,
    "assertive": 0.7829378412431752,
    "cheerful": 0.708819823603528,
    "openness": 0.5937631247375053,
    "adventurous": 0.6381457370852583,
    "artistic": 0.6839353212935743,
    "emotionally_aware": 0.7216820663586729,
    "imaginative": 0.9051448971020581,
    "intellectual": 0.7513439731205377,
    "conscientiousness": 0.6324443511129778,
    "cautious": 0.19910751784964303,
    "disciplined": 0.7886287274254516,
    "dutiful": 0.020800083998320028,
    "neuroticism": 0.6601112977740445,
    "melancholy": 0.9721125577488451,
    "self_conscious": 1,
    "authority_challenging": 0.7911381772364553,
    "achievement_striving": 0.7244435111297775,
    "orderliness": 0,
    "self_efficacy": 0.7034544309113818,
    "stress_prone": 0.719435111297774,
    "agreeableness": 0.22286854262914743,
    "cooperative": 0.1286434271314574,
    "trusting": 0.08654976900461991,
    "excitement_seeking": 0.18544729105417893,
    "outgoing": 0.7065518689626208,
    "gregariousness": 0.6722490550188996,
    "altruism": 0.7917261654766906,
    "modesty": 0.08201385972280556,
    "uncompromising": 0.16393322133557334,
    "sympathy": 0.7036434271314574,
    "fiery": 0.7461780764384713,
    "prone_to_worry": 0.7404241915161698,
    "immoderation": 0.790802183956321
}