{
    "id": "1",
    "extraversion": 0.23946018039197955,
    "active": 1,
    "assertive": 0.8477292763975857,
    "cheerful": 0.139419490471777,
    "openness": 0.2938038293736013,
    "adventurous": 0.15426000859009423,
    "artistic": 0.7761376223523294,
    "emotionally_aware": 0.8153920925921739,
    "imaginative": 0.8458643217216356,
    "intellectual": 0.7677961887108077,
    "conscientiousness": 0.6214820173158215,
    "cautious": 0.7241788548048014,
    "disciplined": 0,
    "dutiful": 0.8354544838031511,
    "neuroticism": 0.6531749440513597,
    "melancholy": 0.12223930194181343,
    "self_conscious": 0.873940366661392,
    "authority_challenging": 0.12347130230350159,
    "achievement_striving": 0.7345660872120623,
    "orderliness": 0.1189162917919389,
    "self_efficacy": 0.7338540136085177,
    "stress_prone": 0.7972624725908176,
    "agreeableness": 0.30152361145647305,
    "cooperative": 0.7389854646562831,
    "trusting": 0.07295928747428622,
    "excitement_seeking": 0.051823134480186266,
    "outgoing": 0.7729389425141849,
    "gregariousness": 0.1420078215068834,
    "altruism": 0.06786174469335628,
    "modesty": 0.776103714085494,
    "uncompromising": 0.16116599226891515,
    "sympathy": 0.18370368695888056,
    "fiery": 0.7693107579627912,
    "prone_to_worry": 0.7758324479508103,
    "immoderation": 0.8487578271582611
}