{
    "id": "1",
    "extraversion": 0.5497028656202307,
    "active": 1,
    "assertive": 0.7130116722228379,
    "cheerful": 0.5976365667124233,
    "openness": 0.5492765609146794,
    "adventurous": 0.19928039765702932,
    "artistic": 0.6857963798204403,
    "emotionally_aware": 0.7121505367176242,
    "imaginative": 0.726994466564922,
    "intellectual": 0.6989606691278658,
    "conscientiousness": 0.5470597764458123,
    "cautious": 0.20998917186047894,
    "disciplined": 0,
    "dutiful": 0.19580175125973037,
    "neuroticism": 0.5719218668735665,
    "melancholy": 0.05309198802936386,
    "self_conscious": 0.7227228934152975,
    "authority_challenging": 0.7097547042724256,
    "achievement_striving": 0.7366374790044932,
    "orderliness": 0.6648307144014255,
    "self_efficacy": 0.6691704963039382,
    "stress_prone": 0.674558987782107,
    "agreeableness": 0.3249635509476753,
    "cooperative": 0.7523340182628936,
    "trusting": 0.7019106976902811,
    "excitement_seeking": 0.673569960865228,
    "outgoing": 0.7722083436356969,
    "gregariousness": 0.6493388014016899,
    "altruism": 0.16039288241663607,
    "modesty": 0.20156539087878447,
    "uncompromising": 0.07568613742358485,
    "sympathy": 0.6202648204830884,
    "fiery": 0.6786856173318441,
    "prone_to_worry": 0.6413754295019908,
    "immoderation": 0.7345144815708475
}