{
    "id": "1",
    "extraversion": 0.2660208062418726,
    "active": 0.0855786736020806,
    "assertive": 0.10392717815344603,
    "cheerful": 0.28310793237971393,
    "openness": 0.41068920676202864,
    "adventurous": 0.2700260078023407,
    "artistic": 0.1955396618985696,
    "emotionally_aware": 0.8013263979193759,
    "imaginative": 0.9471261378413525,
    "intellectual": 0.9430429128738622,
    "conscientiousness": 0.312405721716515,
    "cautious": 0.8600780234070222,
    "disciplined": 0.9668660598179455,
    "dutiful": 0.019739921976592942,
    "neuroticism": 0.8039141742522757,
    "melancholy": 1,
    "self_conscious": 0.9321716514954487,
    "authority_challenging": 0.938296488946684,
    "achievement_striving": 0.07793237971391416,
    "orderliness": 0.8617815344603382,
    "self_efficacy": 0.8761898569570873,
    "stress_prone": 0.8693107932379714,
    "agreeableness": 0.7470091027308193,
    "cooperative": 0.8490377113133941,
    "trusting": 0.07273081924577371,
    "excitement_seeking": 0.19898569570871263,
    "outgoing": 0.22464239271781533,
    "gregariousness": 0,
    "altruism": 0.9004681404421327,
    "modesty": 0.971703511053316,
    "uncompromising": 0.25059817945383617,
    "sympathy": 0.8817295188556569,
    "fiery": 0.19131339401820546,
    "prone_to_worry": 0.9838361508452537,
    "immoderation": 0.04794538361508448
}