{
    "id": "1",
    "extraversion": 0.678488753002839,
    "active": 0.7348766106136712,
    "assertive": 0,
    "cheerful": 0.1802358593579384,
    "openness": 0.2715986023149159,
    "adventurous": 0.18707141297226468,
    "artistic": 0.03778117492902377,
    "emotionally_aware": 0.6851168377374972,
    "imaginative": 0.07651233893863285,
    "intellectual": 0.21207687267962436,
    "conscientiousness": 0.3358811967678532,
    "cautious": 0.1634854771784232,
    "disciplined": 0.1326490500109194,
    "dutiful": 0.05458615418213582,
    "neuroticism": 0.2804760864817646,
    "melancholy": 0.7725704302249399,
    "self_conscious": 0.7870058964839485,
    "authority_challenging": 0.13044332823760643,
    "achievement_striving": 0.13067263594671327,
    "orderliness": 0.09923564096964399,
    "self_efficacy": 0.18926621533085827,
    "stress_prone": 0.12169687704739025,
    "agreeableness": 0.3325616946931644,
    "cooperative": 0.19955230399650575,
    "trusting": 1,
    "excitement_seeking": 0.2452391351823542,
    "outgoing": 0.11073378466914174,
    "gregariousness": 0.7822996287398994,
    "altruism": 0.13629613452718933,
    "modesty": 0.07352041930552523,
    "uncompromising": 0.2038873116400961,
    "sympathy": 0.053210307927495086,
    "fiery": 0.10764359030355973,
    "prone_to_worry": 0.2380432408822887,
    "immoderation": 0.8724503166630269
}