{
    "id": "1",
    "extraversion": 0.2929160852223407,
    "active": 0.8765067191156919,
    "assertive": 0.10384687228735623,
    "cheerful": 0.8208638706062038,
    "openness": 0.5711852673911371,
    "adventurous": 0.09994615917107103,
    "artistic": 0.16103901811908714,
    "emotionally_aware": 0.6518476194662066,
    "imaginative": 0.7795053236493092,
    "intellectual": 0.8208748585304749,
    "conscientiousness": 0.5842938610467097,
    "cautious": 0.17600457097649683,
    "disciplined": 0.11058246986561769,
    "dutiful": 0.1032095726796251,
    "neuroticism": 0.627839004933578,
    "melancholy": 0.045533958179960254,
    "self_conscious": 0.8625300794426924,
    "authority_challenging": 0.08594754364952917,
    "achievement_striving": 0.7567383445593293,
    "orderliness": 0.15551209221066045,
    "self_efficacy": 0.6839323583381863,
    "stress_prone": 0.6891516223670187,
    "agreeableness": 0.3105846674504719,
    "cooperative": 0,
    "trusting": 0.08034370227120397,
    "excitement_seeking": 0.16423650408201387,
    "outgoing": 0.08377193464382646,
    "gregariousness": 0.6694063224516256,
    "altruism": 0.17799338526958874,
    "modesty": 0.16063246492105174,
    "uncompromising": 0.6865364963904668,
    "sympathy": 0.6984364183762045,
    "fiery": 0.8548275445285631,
    "prone_to_worry": 0.779823973453175,
    "immoderation": 1
}