{
    "id": "1",
    "extraversion": 0.32865459169045513,
    "active": 0.15296493436880615,
    "assertive": 0.9025940838433827,
    "cheerful": 0,
    "openness": 0.6392839780107453,
    "adventurous": 0.7456900312885653,
    "artistic": 0.7920494633574751,
    "emotionally_aware": 0.7771780456488949,
    "imaginative": 0.8495032472793906,
    "intellectual": 0.8265042819211927,
    "conscientiousness": 0.6809812891886164,
    "cautious": 0.2971541117662458,
    "disciplined": 0.09910123284426774,
    "dutiful": 0.9113199785592302,
    "neuroticism": 0.6931102828436444,
    "melancholy": 0.9616933221974295,
    "self_conscious": 0.9935802346019122,
    "authority_challenging": 1,
    "achievement_striving": 0.7876989815634311,
    "orderliness": 0.14137195996060883,
    "self_efficacy": 0.7817653731566548,
    "stress_prone": 0.7686515999551239,
    "agreeableness": 0.2664264968025829,
    "cooperative": 0.15847471360366988,
    "trusting": 0.00457486194388004,
    "excitement_seeking": 0.22703531494247142,
    "outgoing": 0.17259819747946295,
    "gregariousness": 0.2306877251592476,
    "altruism": 0.87185400331584,
    "modesty": 0.04577355056655985,
    "uncompromising": 0.8031936774660001,
    "sympathy": 0.8926714949950761,
    "fiery": 0.790852769225016,
    "prone_to_worry": 0.9069694967651862,
    "immoderation": 0.8440931925555654
}