{
    "id": "1",
    "extraversion": 0.2256295778125257,
    "active": 1,
    "assertive": 0.7355053082050861,
    "cheerful": 0.052619125997860235,
    "openness": 0.22576331166159164,
    "adventurous": 0.10571146407703069,
    "artistic": 0.021870627931857463,
    "emotionally_aware": 0.62908402600609,
    "imaginative": 0.8070734918936714,
    "intellectual": 0.6537116286725372,
    "conscientiousness": 0.5078182865607769,
    "cautious": 0.5711155460455929,
    "disciplined": 0.8284400460867418,
    "dutiful": 0.8158484898362275,
    "neuroticism": 0.5390708583655666,
    "melancholy": 0.005071599045346052,
    "self_conscious": 0.7187577154143693,
    "authority_challenging": 0.07017940910213152,
    "achievement_striving": 0.7179038762241791,
    "orderliness": 0.6885030038679945,
    "self_efficacy": 0.6294749403341289,
    "stress_prone": 0.7622212163607933,
    "agreeableness": 0.22858200971113488,
    "cooperative": 0.7093140482264834,
    "trusting": 0,
    "excitement_seeking": 0.11788124434202944,
    "outgoing": 0.6400296271911777,
    "gregariousness": 0.08835692535593775,
    "altruism": 0.07726730310262525,
    "modesty": 0.02189120237017526,
    "uncompromising": 0.10590692124105011,
    "sympathy": 0.019463418648670884,
    "fiery": 0.6275923792280471,
    "prone_to_worry": 0.08176281787507202,
    "immoderation": 0.6793782404740351
}