{
    "id": "1",
    "extraversion": 0.6607377860990136,
    "active": 0.9103070264696704,
    "assertive": 0.0805622261114955,
    "cheerful": 0.7446646858507333,
    "openness": 0.6117872115267207,
    "adventurous": 0.7521130964494552,
    "artistic": 0.7596157759778582,
    "emotionally_aware": 0.23296294788826025,
    "imaginative": 0.9350129567069614,
    "intellectual": 0.8434205706377956,
    "conscientiousness": 0.2703406732060727,
    "cautious": 0.15341826420828414,
    "disciplined": 0.007692620782286633,
    "dutiful": 0.059085297190226135,
    "neuroticism": 0.6658119310241905,
    "melancholy": 0.1378430813898273,
    "self_conscious": 0.777755165723744,
    "authority_challenging": 0.8462561222136297,
    "achievement_striving": 0.8096652963761922,
    "orderliness": 0.8819379434789097,
    "self_efficacy": 0.8092175777063236,
    "stress_prone": 0.860596686881843,
    "agreeableness": 0.3230493711587773,
    "cooperative": 0.09224361322533815,
    "trusting": 1,
    "excitement_seeking": 0.9190171896834765,
    "outgoing": 0.9345923725019334,
    "gregariousness": 0.746862577502815,
    "altruism": 0.7757200808607053,
    "modesty": 0,
    "uncompromising": 0.08210889060740495,
    "sympathy": 0.9577652054757351,
    "fiery": 0.8568792651986922,
    "prone_to_worry": 0.8335029237385865,
    "immoderation": 0.9482952772463945
}