{
    "id": "1",
    "extraversion": 0.38679854525678936,
    "active": 0.1980897998028619,
    "assertive": 0.17240519810112953,
    "cheerful": 0.8236746994776973,
    "openness": 0.6875927625392293,
    "adventurous": 0.2619557458957887,
    "artistic": 0.7837712291673747,
    "emotionally_aware": 0.8003920102421173,
    "imaginative": 0.9422861221576425,
    "intellectual": 0.821918584231218,
    "conscientiousness": 0.24314831809478485,
    "cautious": 0.2881275279562217,
    "disciplined": 0.1526687286858593,
    "dutiful": 0.049624417932769116,
    "neuroticism": 0.8188255554422578,
    "melancholy": 0.9754823652039925,
    "self_conscious": 1,
    "authority_challenging": 0.2158435584559781,
    "achievement_striving": 0.24806544078492684,
    "orderliness": 0.20638319567655755,
    "self_efficacy": 0.18815358644052432,
    "stress_prone": 0.9890554365929098,
    "agreeableness": 0.27629924203800005,
    "cooperative": 0.07252189479170203,
    "trusting": 0,
    "excitement_seeking": 0.8557606244972412,
    "outgoing": 0.8555566885331338,
    "gregariousness": 0.2703171204241868,
    "altruism": 0.8306651711362631,
    "modesty": 0.2328042328042328,
    "uncompromising": 0.8554320609995127,
    "sympathy": 0.9457643633232498,
    "fiery": 0.9128173753441419,
    "prone_to_worry": 0.9953661217044514,
    "immoderation": 0.909452431936372
}