{
    "id": "1",
    "extraversion": 0.21814162009457716,
    "active": 1,
    "assertive": 0.9154946877111098,
    "cheerful": 0.0539581158263219,
    "openness": 0.618927716022846,
    "adventurous": 0.1323097709267334,
    "artistic": 0.8086716207087147,
    "emotionally_aware": 0.7542099121783454,
    "imaginative": 0.860799606952036,
    "intellectual": 0.8185837990542284,
    "conscientiousness": 0.6085856414665602,
    "cautious": 0.6940981391635448,
    "disciplined": 0.9378370079223731,
    "dutiful": 0.8241601670453848,
    "neuroticism": 0.6576920714855986,
    "melancholy": 0.7042314069888842,
    "self_conscious": 0.8373395565927655,
    "authority_challenging": 0.07194006018546946,
    "achievement_striving": 0.8388380519560278,
    "orderliness": 0.08733034453110607,
    "self_efficacy": 0.8139532027267703,
    "stress_prone": 0.7973223607443347,
    "agreeableness": 0.23355646993797213,
    "cooperative": 0.733820549038875,
    "trusting": 0,
    "excitement_seeking": 0.09683719216360619,
    "outgoing": 0.7427378247251736,
    "gregariousness": 0.18583799054228337,
    "altruism": 0.7735429589142051,
    "modesty": 0.07022047534238163,
    "uncompromising": 0.7821286003807654,
    "sympathy": 0.08168028004667446,
    "fiery": 0.7166001351102377,
    "prone_to_worry": 0.8029724252287662,
    "immoderation": 0.0067063808880427015
}