{
    "id": "1",
    "extraversion": 0.27347289176517203,
    "active": 0.9484382222809219,
    "assertive": 0.890021792247243,
    "cheerful": 0.7647097668889916,
    "openness": 0.6104470712540447,
    "adventurous": 0.2255827775209668,
    "artistic": 0.09991415175328534,
    "emotionally_aware": 0.23781285082216208,
    "imaginative": 0.8935613814964011,
    "intellectual": 0.9392194413260253,
    "conscientiousness": 0.6581919038499637,
    "cautious": 0.7247441061876775,
    "disciplined": 1,
    "dutiful": 0.9160932444033547,
    "neuroticism": 0.6397279270950275,
    "melancholy": 0.08440863765436178,
    "self_conscious": 0.8005811265931454,
    "authority_challenging": 0.9239252459882454,
    "achievement_striving": 0.16316449844812786,
    "orderliness": 0.9665323912038567,
    "self_efficacy": 0.8331110083867133,
    "stress_prone": 0.7539193026480883,
    "agreeableness": 0.3356930594994387,
    "cooperative": 0.8228488410486694,
    "trusting": 0.015862114508353724,
    "excitement_seeking": 0.7296440599616985,
    "outgoing": 0.13985339760945656,
    "gregariousness": 0.7660833388364261,
    "altruism": 0.770573862510731,
    "modesty": 0,
    "uncompromising": 0.09171234233639305,
    "sympathy": 0.8152677804926369,
    "fiery": 0.1361553192894407,
    "prone_to_worry": 0.8577164366373902,
    "immoderation": 0.8763785247308988
}