{
    "id": "1",
    "extraversion": 0.2927710717893706,
    "active": 1,
    "assertive": 0.14313090390243394,
    "cheerful": 0.12039534665736275,
    "openness": 0.3443348573690076,
    "adventurous": 0.2043700594686358,
    "artistic": 0.13014362040055408,
    "emotionally_aware": 0.6722663694970683,
    "imaginative": 0.1496609975316871,
    "intellectual": 0.7634377245696076,
    "conscientiousness": 0.32077652915629523,
    "cautious": 0.7059166605913536,
    "disciplined": 0.04561692200339524,
    "dutiful": 0,
    "neuroticism": 0.6380953372840227,
    "melancholy": 0.18484226751512756,
    "self_conscious": 0.7554183113407001,
    "authority_challenging": 0.8999448014414114,
    "achievement_striving": 0.8009519147650938,
    "orderliness": 0.7332139100367644,
    "self_efficacy": 0.8063988668673256,
    "stress_prone": 0.7289021735734297,
    "agreeableness": 0.3388879052667757,
    "cooperative": 0.14213108095441432,
    "trusting": 0.8783340450128624,
    "excitement_seeking": 0.0349000697793099,
    "outgoing": 0.8252288657216951,
    "gregariousness": 0.7687284543362114,
    "altruism": 0.23673932741077103,
    "modesty": 0.012945624212379055,
    "uncompromising": 0.7631252798983513,
    "sympathy": 0.20996281908412054,
    "fiery": 0.8374142079006843,
    "prone_to_worry": 0.7836737244446297,
    "immoderation": 0.8688148973619255
}