{
    "id": "1",
    "extraversion": 0.39574279869519535,
    "active": 0.28021230718195383,
    "assertive": 0.17851495549289542,
    "cheerful": 0.3208049980649084,
    "openness": 0.4077956543373693,
    "adventurous": 0.26923204511527615,
    "artistic": 0.13179631779731293,
    "emotionally_aware": 0.810825454746503,
    "imaginative": 0.9396914911262232,
    "intellectual": 0.8722176148615026,
    "conscientiousness": 0.3875932990545695,
    "cautious": 0.8408912478575772,
    "disciplined": 0.9632111461270526,
    "dutiful": 0.9564880853651794,
    "neuroticism": 0.7700668988776469,
    "melancholy": 0.9809144689556034,
    "self_conscious": 1,
    "authority_challenging": 0.2456460441200862,
    "achievement_striving": 0.8565157295294962,
    "orderliness": 0.30282523359318847,
    "self_efficacy": 0.2621551390501465,
    "stress_prone": 0.9995908663681097,
    "agreeableness": 0.40497594957704425,
    "cooperative": 0.8596229335987173,
    "trusting": 0,
    "excitement_seeking": 0.8261071487808923,
    "outgoing": 0.883175761596727,
    "gregariousness": 0.29180074086360364,
    "altruism": 0.9148670315696357,
    "modesty": 0.8244706142533311,
    "uncompromising": 0.8703378116879527,
    "sympathy": 0.9115497318516061,
    "fiery": 0.2651517664620998,
    "prone_to_worry": 0.9451539779952451,
    "immoderation": 0.8947863106098302
}