{
    "id": "1",
    "extraversion": 0.4081601216894032,
    "active": 0.27824898191025405,
    "assertive": 0.2879244447439613,
    "cheerful": 0.314399591801369,
    "openness": 0.8712922759961875,
    "adventurous": 0.35175361746782063,
    "artistic": 0.2490107922326732,
    "emotionally_aware": 0.849524891451897,
    "imaginative": 0.10297388106401209,
    "intellectual": 0.9958602497328417,
    "conscientiousness": 0.4449076258050852,
    "cautious": 0.7867354699579285,
    "disciplined": 1,
    "dutiful": 0.16036237255826938,
    "neuroticism": 0.7270941841322409,
    "melancholy": 0.8816801609688941,
    "self_conscious": 0.9901897545994549,
    "authority_challenging": 0.9214699001646273,
    "achievement_striving": 0,
    "orderliness": 0.21909868972090382,
    "self_efficacy": 0.2790384226588749,
    "stress_prone": 0.3430601419067882,
    "agreeableness": 0.3782383918514311,
    "cooperative": 0.316536858218367,
    "trusting": 0.8870714636424026,
    "excitement_seeking": 0.2844971166158023,
    "outgoing": 0.3195117020149994,
    "gregariousness": 0.19511702014999374,
    "altruism": 0.09062202154595608,
    "modesty": 0.12564623427135582,
    "uncompromising": 0.9683838607503539,
    "sympathy": 0.2628837692907549,
    "fiery": 0.15504808849438248,
    "prone_to_worry": 0.8701081148732562,
    "immoderation": 0.9396559193615157
}