{
    "id": "1",
    "extraversion": 0.689551785646514,
    "active": 0.9380874669500424,
    "assertive": 0.06125469657292499,
    "cheerful": 0.7554113375586677,
    "openness": 0.3159259680949309,
    "adventurous": 0.18810328032689413,
    "artistic": 0.06243121181069491,
    "emotionally_aware": 0.7290219742684733,
    "imaginative": 1,
    "intellectual": 0.7962478019406176,
    "conscientiousness": 0.6259314078965679,
    "cautious": 0.7031639404404975,
    "disciplined": 0.011474186243627237,
    "dutiful": 0.849266891849153,
    "neuroticism": 0.6710185079762673,
    "melancholy": 0,
    "self_conscious": 0.9318506711197136,
    "authority_challenging": 0.8296709552544689,
    "achievement_striving": 0.8273811782863361,
    "orderliness": 0.15590724505673842,
    "self_efficacy": 0.7833567371310739,
    "stress_prone": 0.9457411413462877,
    "agreeableness": 0.6081698230166863,
    "cooperative": 0.8566042987083633,
    "trusting": 0.9205662453983073,
    "excitement_seeking": 0.8878515313674143,
    "outgoing": 0.9008944045947347,
    "gregariousness": 0.817412425518995,
    "altruism": 0.8817032904474553,
    "modesty": 0.8601211937201917,
    "uncompromising": 0.03911596898047997,
    "sympathy": 0.8288866117626223,
    "fiery": 0.10989664376889699,
    "prone_to_worry": 0.8014092881450277,
    "immoderation": 0.04527686060192036
}