{
    "id": "1",
    "extraversion": 0.4255102229966449,
    "active": 1,
    "assertive": 0.24465679277809704,
    "cheerful": 0.26320277309210893,
    "openness": 0.44612304669397745,
    "adventurous": 0.32838712069253156,
    "artistic": 0.3302871336682299,
    "emotionally_aware": 0.7878473316403136,
    "imaginative": 0.795373236695275,
    "intellectual": 0.7861975642760487,
    "conscientiousness": 0.6713904387639721,
    "cautious": 0.7177322186590542,
    "disciplined": 0,
    "dutiful": 0.26281350214099025,
    "neuroticism": 0.7027730921089218,
    "melancholy": 0.7862531744119228,
    "self_conscious": 0.8615863718093685,
    "authority_challenging": 0.8269319888038259,
    "achievement_striving": 0.8182753443194246,
    "orderliness": 0.26818914860881976,
    "self_efficacy": 0.27587261571542443,
    "stress_prone": 0.8347637496060949,
    "agreeableness": 0.4245555823308062,
    "cooperative": 0.19023300646931252,
    "trusting": 0.24559289673197773,
    "excitement_seeking": 0.2914805271840881,
    "outgoing": 0.7659740115298349,
    "gregariousness": 0.34142769755500774,
    "altruism": 0.30417817487534066,
    "modesty": 0.254212467792463,
    "uncompromising": 0.2837229132296513,
    "sympathy": 0.7803863050772054,
    "fiery": 0.8594639182901738,
    "prone_to_worry": 0.8374515728400097,
    "immoderation": 0.8592878195265724
}