{
    "id": "1",
    "extraversion": 0.29838130153587566,
    "active": 0.9102347051873866,
    "assertive": 0.029389912670669815,
    "cheerful": 0.11846095757767683,
    "openness": 0.29867361728560465,
    "adventurous": 0.15094454526631187,
    "artistic": 0.19939588078389342,
    "emotionally_aware": 0.19178349146803406,
    "imaginative": 0.8825377879005639,
    "intellectual": 0.8026503294642096,
    "conscientiousness": 0.6471261707854769,
    "cautious": 0.7637114356357257,
    "disciplined": 1,
    "dutiful": 0.9682350218627821,
    "neuroticism": 0.6432895265702836,
    "melancholy": 0.9024152588821358,
    "self_conscious": 0.7604228834512746,
    "authority_challenging": 0.046575642790153825,
    "achievement_striving": 0.14067695455708074,
    "orderliness": 0.7880589016235704,
    "self_efficacy": 0.8815999415368501,
    "stress_prone": 0.7844293143977685,
    "agreeableness": 0.3257615434271586,
    "cooperative": 0.8718439033896448,
    "trusting": 0.05117961584838556,
    "excitement_seeking": 0.18333069437170385,
    "outgoing": 0.8397622498568871,
    "gregariousness": 0.1442943619599771,
    "altruism": 0.8586775148289344,
    "modesty": 0.15079838739144735,
    "uncompromising": 0.16342886374432117,
    "sympathy": 0,
    "fiery": 0.019037063201101094,
    "prone_to_worry": 0.7911160371728194,
    "immoderation": 0.07860857703129001
}