{
    "id": "1",
    "extraversion": 0.34627950515766676,
    "active": 0.8319200225150815,
    "assertive": 0.9219925847068757,
    "cheerful": 0.9860259657623925,
    "openness": 0.6991177514286064,
    "adventurous": 0.24228185455746853,
    "artistic": 0.8102003108060156,
    "emotionally_aware": 0.7946600100338951,
    "imaginative": 0.8811839996084334,
    "intellectual": 0.9180891548278942,
    "conscientiousness": 0.3634227818362028,
    "cautious": 0.3071595511667462,
    "disciplined": 0.16585294225615801,
    "dutiful": 0.08459062932099895,
    "neuroticism": 0.7184880633359031,
    "melancholy": 0.9036990810420567,
    "self_conscious": 0.8894803176584316,
    "authority_challenging": 1,
    "achievement_striving": 0.8133573167896431,
    "orderliness": 0.10676308995019762,
    "self_efficacy": 0.21889798465548257,
    "stress_prone": 0.8666593247922862,
    "agreeableness": 0.30079659337028747,
    "cooperative": 0.03982966851437168,
    "trusting": 0,
    "excitement_seeking": 0.21335486949818286,
    "outgoing": 0.8392618968956108,
    "gregariousness": 0.25152037981963465,
    "altruism": 0.18023077958469463,
    "modesty": 0.11547544754842574,
    "uncompromising": 0.899416320986748,
    "sympathy": 0.16854496286235207,
    "fiery": 0.9644898009128398,
    "prone_to_worry": 0.8956352556807754,
    "immoderation": 0.9623973667143889
}