{
    "id": "1",
    "extraversion": 0.5409660689783484,
    "active": 0.7175399427893673,
    "assertive": 0.007744366148049954,
    "cheerful": 0.7522733086815974,
    "openness": 0.5213028209958371,
    "adventurous": 0.6821205144305683,
    "artistic": 0.15241052117491108,
    "emotionally_aware": 0.6027116909695575,
    "imaginative": 0.8092630061164214,
    "intellectual": 0.8071234214749181,
    "conscientiousness": 0.21752831461196775,
    "cautious": 0.5925370357450175,
    "disciplined": 0.04819879532082146,
    "dutiful": 0.7077722737738088,
    "neuroticism": 0.5854787320635364,
    "melancholy": 0,
    "self_conscious": 0.7052722156329216,
    "authority_challenging": 0.8406474569176028,
    "achievement_striving": 0.710865368962069,
    "orderliness": 0.03527989023000539,
    "self_efficacy": 0.7523547059233937,
    "stress_prone": 0.8352054698946487,
    "agreeableness": 0.2107025744784763,
    "cooperative": 0.6900625595944092,
    "trusting": 1,
    "excitement_seeking": 0.8518105072210982,
    "outgoing": 0.8346589455568735,
    "gregariousness": 0.6640154422195865,
    "altruism": 0.6831321658643225,
    "modesty": 0.07736226423870327,
    "uncompromising": 0.049431382125165756,
    "sympathy": 0.7473313332868207,
    "fiery": 0.7492848670899324,
    "prone_to_worry": 0.7512035163608457,
    "immoderation": 0.8077280866996908
}