{
    "id": "1",
    "extraversion": 0.281000938379731,
    "active": 0.9030340944635595,
    "assertive": 0.018154519862371002,
    "cheerful": 0.8674882702533626,
    "openness": 0.606868939630904,
    "adventurous": 0.7380544260243979,
    "artistic": 0.044366593681576534,
    "emotionally_aware": 0.7011698467313107,
    "imaginative": 0.9197497654050673,
    "intellectual": 0.8134125742883954,
    "conscientiousness": 0.2803127932436659,
    "cautious": 0.6711542070691273,
    "disciplined": 1,
    "dutiful": 0.8982045667813575,
    "neuroticism": 0.6013512668126368,
    "melancholy": 0,
    "self_conscious": 0.7490647482014389,
    "authority_challenging": 0.859293087269315,
    "achievement_striving": 0.018254613700344133,
    "orderliness": 0.8346449796684391,
    "self_efficacy": 0.8242477322489834,
    "stress_prone": 0.8002126994056928,
    "agreeableness": 0.5966593681576479,
    "cooperative": 0.8529621520175164,
    "trusting": 0.05476384110103225,
    "excitement_seeking": 0.7721989365029716,
    "outgoing": 0.782158273381295,
    "gregariousness": 0.824785736628089,
    "altruism": 0.8328933375039099,
    "modesty": 0.867613387550829,
    "uncompromising": 0.8061182358461058,
    "sympathy": 0.7585486393493901,
    "fiery": 0.08915858617453869,
    "prone_to_worry": 0.13152330309665317,
    "immoderation": 0.005229903034094484
}