{
    "id": "1",
    "extraversion": 0.265878664633113,
    "active": 1,
    "assertive": 0.17447042874089136,
    "cheerful": 0.16309100152516523,
    "openness": 0.57347907134384,
    "adventurous": 0.10292323335027959,
    "artistic": 0.6428486697169972,
    "emotionally_aware": 0.7548296898830706,
    "imaginative": 0.7103033384172174,
    "intellectual": 0.8121165904084054,
    "conscientiousness": 0.5912133536688697,
    "cautious": 0.6236231147263176,
    "disciplined": 0.792238603626504,
    "dutiful": 0.07509744111167593,
    "neuroticism": 0.5917302152177597,
    "melancholy": 0.7683528215556685,
    "self_conscious": 0.84029825453313,
    "authority_challenging": 0.7230384680562616,
    "achievement_striving": 0.7292238603626504,
    "orderliness": 0.7015251652262328,
    "self_efficacy": 0.6635909167937637,
    "stress_prone": 0.7642518217251313,
    "agreeableness": 0.3041348923911201,
    "cooperative": 0.733409591594645,
    "trusting": 0.13925605829520415,
    "excitement_seeking": 0,
    "outgoing": 0.7531181155736316,
    "gregariousness": 0.2346466700559227,
    "altruism": 0.2101677681748856,
    "modesty": 0.08026605660057616,
    "uncompromising": 0.6412218268090154,
    "sympathy": 0.16036265039823758,
    "fiery": 0.733409591594645,
    "prone_to_worry": 0.6972631757329267,
    "immoderation": 0.14973733265548209
}