{
    "id": "1",
    "extraversion": 0.199927412246591,
    "active": 0.9645875460154507,
    "assertive": 0.84122984393633,
    "cheerful": 0.13226525639031475,
    "openness": 0.482283403328667,
    "adventurous": 0.09904080468709495,
    "artistic": 0.7006895836573858,
    "emotionally_aware": 0.7326178254783015,
    "imaginative": 0.7188676310468192,
    "intellectual": 0.6862549904080468,
    "conscientiousness": 0.1263441696479494,
    "cautious": 0.14748794524809458,
    "disciplined": 1,
    "dutiful": 0.6566599263752787,
    "neuroticism": 0.5694198164566807,
    "melancholy": 0.6280292424949447,
    "self_conscious": 0.6781044226681184,
    "authority_challenging": 0.6962721003784933,
    "achievement_striving": 0.6491211696997977,
    "orderliness": 0.6463835744283715,
    "self_efficacy": 0.6212371027116711,
    "stress_prone": 0.6404002696116554,
    "agreeableness": 0.46600300720692694,
    "cooperative": 0.643594130761653,
    "trusting": 0,
    "excitement_seeking": 0.04722351843210455,
    "outgoing": 0.6932130450562556,
    "gregariousness": 0.5698242339399596,
    "altruism": 0.6573961735884275,
    "modesty": 0.6228858816819619,
    "uncompromising": 0.05205578887333439,
    "sympathy": 0.6212163633535541,
    "fiery": 0.046041375019443144,
    "prone_to_worry": 0.711899206719552,
    "immoderation": 0.7548089386633483
}