{
    "id": "1",
    "extraversion": 0.2797940088796584,
    "active": 0.9952740720333147,
    "assertive": 0.09212380659722592,
    "cheerful": 0.0808387992328314,
    "openness": 0.23666726712089264,
    "adventurous": 0.23344600680279318,
    "artistic": 0.23461159441789495,
    "emotionally_aware": 0.829612283174213,
    "imaginative": 0.9431723056382653,
    "intellectual": 0.8082290485626186,
    "conscientiousness": 0.681211787269664,
    "cautious": 0.7527046930795885,
    "disciplined": 0.9033198054528307,
    "dutiful": 0.13216703930149515,
    "neuroticism": 0.7255041166435315,
    "melancholy": 0.8856558549585157,
    "self_conscious": 1,
    "authority_challenging": 0.8289659118603838,
    "achievement_striving": 0.8672289743888613,
    "orderliness": 0.2261557860828839,
    "self_efficacy": 0.7930764095662955,
    "stress_prone": 0.8028355567800113,
    "agreeableness": 0.33164146524959476,
    "cooperative": 0.23059561527131703,
    "trusting": 0.8056859483114874,
    "excitement_seeking": 0.03611202356606233,
    "outgoing": 0.8245472751740435,
    "gregariousness": 0.22055036927934896,
    "altruism": 0.7994977377004017,
    "modesty": 0,
    "uncompromising": 0.2096892119568097,
    "sympathy": 0.778358216862874,
    "fiery": 0.7944963072065103,
    "prone_to_worry": 0.8655971517277188,
    "immoderation": 0.8152119780021829
}