{
    "id": "1",
    "extraversion": 0.25403126042103674,
    "active": 1,
    "assertive": 0.9235593420896934,
    "cheerful": 0.10075192822796653,
    "openness": 0.675272426071148,
    "adventurous": 0.2086036079646303,
    "artistic": 0.7602543001904023,
    "emotionally_aware": 0.7654715418293692,
    "imaginative": 0.7928378567356202,
    "intellectual": 0.8584890437925581,
    "conscientiousness": 0.6371166403115284,
    "cautious": 0.6428394703155086,
    "disciplined": 0.9225158937619001,
    "dutiful": 0.8044771463301813,
    "neuroticism": 0.6381493314400661,
    "melancholy": 0.8426544464883122,
    "self_conscious": 0.8969675455298458,
    "authority_challenging": 0.8552618840158775,
    "achievement_striving": 0.7608889749464829,
    "orderliness": 0.20733425845246928,
    "self_efficacy": 0.8052086358795623,
    "stress_prone": 0.6916126117404072,
    "agreeableness": 0.2667462699411581,
    "cooperative": 0.7940103914544808,
    "trusting": 0.12650466324587728,
    "excitement_seeking": 0,
    "outgoing": 0.7758845107087918,
    "gregariousness": 0.6951517302955003,
    "altruism": 0.7131807962478889,
    "modesty": 0.07944191650261934,
    "uncompromising": 0.7936661610783017,
    "sympathy": 0.7485504674003075,
    "fiery": 0.7367175482191457,
    "prone_to_worry": 0.7744000172115186,
    "immoderation": 0.05520594657974847
}