{
    "id": "1",
    "extraversion": 0.2365713803862046,
    "active": 0.8409330466312506,
    "assertive": 0.08874061893920233,
    "cheerful": 0.6712517918880175,
    "openness": 0.3074879838097648,
    "adventurous": 0.1480099502487562,
    "artistic": 0.7353170587739271,
    "emotionally_aware": 0.7552702588751159,
    "imaginative": 0.8380449447676869,
    "intellectual": 0.8232776793996122,
    "conscientiousness": 0.584134412682351,
    "cautious": 0.6533961548191247,
    "disciplined": 0.8064760941057425,
    "dutiful": 0.11009570790117215,
    "neuroticism": 0.6190024454001181,
    "melancholy": 0.7132662956404419,
    "self_conscious": 1,
    "authority_challenging": 0.7975482755712962,
    "achievement_striving": 0.17834556033392363,
    "orderliness": 0.05778311830677126,
    "self_efficacy": 0.7311957163335863,
    "stress_prone": 0.7131503499451892,
    "agreeableness": 0.2725777890209968,
    "cooperative": 0.06666877477021674,
    "trusting": 0.044902605615987884,
    "excitement_seeking": 0.05400961295218822,
    "outgoing": 0,
    "gregariousness": 0.20588793321527954,
    "altruism": 0.10859895438063918,
    "modesty": 0.12500000000000003,
    "uncompromising": 0.7411881271608062,
    "sympathy": 0.765863479214099,
    "fiery": 0.8081941984990303,
    "prone_to_worry": 0.8328800910700734,
    "immoderation": 0.7287924782865335
}