{
    "id": "1",
    "extraversion": 0.3511233460616287,
    "active": 1,
    "assertive": 0.7954395208635507,
    "cheerful": 0.28270629211931053,
    "openness": 0.3681832085171043,
    "adventurous": 0.2731946047814976,
    "artistic": 0.21505885603212666,
    "emotionally_aware": 0.7941370906471698,
    "imaginative": 0.7703677391982162,
    "intellectual": 0.7765937503083405,
    "conscientiousness": 0.31554332060503815,
    "cautious": 0.7917295681259806,
    "disciplined": 0,
    "dutiful": 0.12914779622887257,
    "neuroticism": 0.6341355119438771,
    "melancholy": 0.1638003335010706,
    "self_conscious": 0.8406397695093194,
    "authority_challenging": 0.8170578890763599,
    "achievement_striving": 0.20625758517597614,
    "orderliness": 0.7779455150026148,
    "self_efficacy": 0.2276490147904765,
    "stress_prone": 0.7495091219449626,
    "agreeableness": 0.6325074741734009,
    "cooperative": 0.9043207135738882,
    "trusting": 0.7685818310984815,
    "excitement_seeking": 0.0750081401888524,
    "outgoing": 0.8137919466398287,
    "gregariousness": 0.7092423210885159,
    "altruism": 0.1599522442253994,
    "modesty": 0.10337546497745417,
    "uncompromising": 0.2114673060415002,
    "sympathy": 0.13202892973783661,
    "fiery": 0.902080928277536,
    "prone_to_worry": 0.7431351074011584,
    "immoderation": 0.07136725572033277
}