{
    "id": "1",
    "extraversion": 0.6581436000998881,
    "active": 0.8663235725220677,
    "assertive": 0.13355699597190104,
    "cheerful": 0.7906257125175076,
    "openness": 0.6676329761245563,
    "adventurous": 0.8001585181807325,
    "artistic": 0.2694266201969534,
    "emotionally_aware": 0.7765327948058153,
    "imaginative": 0.8156086120973259,
    "intellectual": 0.8908613183066785,
    "conscientiousness": 0.6373950902793611,
    "cautious": 0.7516584693223891,
    "disciplined": 0.9611847605398305,
    "dutiful": 0.9657231577690195,
    "neuroticism": 0.6303160591945974,
    "melancholy": 0.0901056425957895,
    "self_conscious": 0.8048597765545097,
    "authority_challenging": 0,
    "achievement_striving": 0.17805066067337658,
    "orderliness": 0.7600512469734971,
    "self_efficacy": 0.8563021834250785,
    "stress_prone": 0.8273346145076708,
    "agreeableness": 0.6311737945560948,
    "cooperative": 0.8524586604127986,
    "trusting": 0.8346742234237755,
    "excitement_seeking": 0.16296971868451626,
    "outgoing": 0.8947591283671542,
    "gregariousness": 0.8890264160776522,
    "altruism": 0.2031312769399477,
    "modesty": 0.7645136423352117,
    "uncompromising": 0.8812633681856182,
    "sympathy": 0.7788019934204098,
    "fiery": 0.8286157888450973,
    "prone_to_worry": 0.8090290218559656,
    "immoderation": 1
}