{
    "id": "1",
    "extraversion": 0.3621833065644267,
    "active": 0.7710567673522962,
    "assertive": 0.18770184619104363,
    "cheerful": 0.3159162737681986,
    "openness": 0.4079149612282611,
    "adventurous": 0.1794466607947775,
    "artistic": 0.16468922162927652,
    "emotionally_aware": 0.6837642263785988,
    "imaginative": 1,
    "intellectual": 0.8415453430737614,
    "conscientiousness": 0.4024230178056405,
    "cautious": 0.3608707666269451,
    "disciplined": 0,
    "dutiful": 0.8388857226741274,
    "neuroticism": 0.6971745850819474,
    "melancholy": 0.8304405643921732,
    "self_conscious": 0.7734659689480684,
    "authority_challenging": 0.2174585081947395,
    "achievement_striving": 0.317306529886189,
    "orderliness": 0.7194014127074592,
    "self_efficacy": 0.24618758958948586,
    "stress_prone": 0.9319810717924805,
    "agreeableness": 0.3823981486278777,
    "cooperative": 0.19905704367649343,
    "trusting": 0.10493411394919086,
    "excitement_seeking": 0.7092464984543116,
    "outgoing": 0.23513462169490357,
    "gregariousness": 0.6897742776712779,
    "altruism": 0.2858314767801323,
    "modesty": 0.27299967186501567,
    "uncompromising": 0.3177123810510682,
    "sympathy": 0.29525240488403015,
    "fiery": 0.841674870041276,
    "prone_to_worry": 0.7763673730203963,
    "immoderation": 0.8483325561715284
}