{
    "id": "1",
    "extraversion": 0.3128813473854067,
    "active": 0.10401643890877915,
    "assertive": 0.023473349805859477,
    "cheerful": 0.890159346477737,
    "openness": 0.30569562805708234,
    "adventurous": 0.7558494276637587,
    "artistic": 0.7807094952347335,
    "emotionally_aware": 0.7554964449599113,
    "imaginative": 0.9087035449548687,
    "intellectual": 1,
    "conscientiousness": 0.3241894004336644,
    "cautious": 0.2620140184559528,
    "disciplined": 0.12775452574252433,
    "dutiful": 0.8706948716655741,
    "neuroticism": 0.6493368967777722,
    "melancholy": 0.8123644798547729,
    "self_conscious": 0.9154228228531088,
    "authority_challenging": 0.13022540466945692,
    "achievement_striving": 0.11611870304069383,
    "orderliness": 0.17574756694064847,
    "self_efficacy": 0.8511925772779991,
    "stress_prone": 0.7695022943875751,
    "agreeableness": 0.34095607886642126,
    "cooperative": 0.7908325349200747,
    "trusting": 0,
    "excitement_seeking": 0.7509328828601683,
    "outgoing": 0.8242776461096265,
    "gregariousness": 0.8873985174726439,
    "altruism": 0.7914628611769453,
    "modesty": 0.13524280167414654,
    "uncompromising": 0.8081917200342897,
    "sympathy": 0.8019640966164087,
    "fiery": 0.20326761131561696,
    "prone_to_worry": 0.88795320457869,
    "immoderation": 0.12097221521859713
}