{
    "id": "1",
    "extraversion": 0.5748559578963947,
    "active": 0.931699762445369,
    "assertive": 0.011969603506883857,
    "cheerful": 0.06924520625254292,
    "openness": 0.2586983056186264,
    "adventurous": 0.10784455264919353,
    "artistic": 0.03907183074560658,
    "emotionally_aware": 0.7037391886393763,
    "imaginative": 0.863924507500689,
    "intellectual": 0.8768522042707336,
    "conscientiousness": 0.19504416416206216,
    "cautious": 0.8521780216030344,
    "disciplined": 1,
    "dutiful": 0,
    "neuroticism": 0.7062459806018926,
    "melancholy": 0.8638720092396939,
    "self_conscious": 0.816032968907905,
    "authority_challenging": 0.8018190647434803,
    "achievement_striving": 0.7476539839617813,
    "orderliness": 0.10264722481067814,
    "self_efficacy": 0.764729043350439,
    "stress_prone": 0.9962070006431036,
    "agreeableness": 0.16413581300119434,
    "cooperative": 0.05785308361660521,
    "trusting": 0.013229561770766387,
    "excitement_seeking": 0.08528342498654737,
    "outgoing": 0.7212079849854973,
    "gregariousness": 0.12887010617773287,
    "altruism": 0.7870801779691048,
    "modesty": 0.06412662580552021,
    "uncompromising": 0.11121756591812898,
    "sympathy": 0.7369180895882823,
    "fiery": 0.8367697820009713,
    "prone_to_worry": 0.8592521622721248,
    "immoderation": 0.7816859816518579
}