{
    "id": "1",
    "extraversion": 0.679669596569671,
    "active": 0.2560015481295133,
    "assertive": 0.04770683315848981,
    "cheerful": 0.8387297189941233,
    "openness": 0.3741991994540807,
    "adventurous": 0.3282238269354166,
    "artistic": 0.1692655551368364,
    "emotionally_aware": 0.7905441878940347,
    "imaginative": 0.8803356996628745,
    "intellectual": 0.8493425542099957,
    "conscientiousness": 0.29633439597486333,
    "cautious": 0.3128443824287301,
    "disciplined": 0.02134789118279141,
    "dutiful": 0.16660725380157468,
    "neuroticism": 0.7825692838882496,
    "melancholy": 0.877921839829706,
    "self_conscious": 0.9256083028630211,
    "authority_challenging": 0.9473737816118881,
    "achievement_striving": 0.13692798142244592,
    "orderliness": 0.2141103857083202,
    "self_efficacy": 0.1662304064858479,
    "stress_prone": 0.9243962804151432,
    "agreeableness": 0.2651069940824787,
    "cooperative": 0,
    "trusting": 0.16274711508102221,
    "excitement_seeking": 0.8077467586038317,
    "outgoing": 0.8893800352403167,
    "gregariousness": 0.7796869111760691,
    "altruism": 0.8154670360449366,
    "modesty": 0.7712842345416214,
    "uncompromising": 0.7906969638328427,
    "sympathy": 0.8375380666714197,
    "fiery": 0.8722080197182812,
    "prone_to_worry": 0.9243555401647944,
    "immoderation": 1
}