{
    "id": "1",
    "extraversion": 0.31335890252846477,
    "active": 0.8097219049451143,
    "assertive": 0,
    "cheerful": 0.22650379329830594,
    "openness": 0.3384992726004833,
    "adventurous": 0.760763709376841,
    "artistic": 0.7568201219145635,
    "emotionally_aware": 0.702379377923124,
    "imaginative": 1,
    "intellectual": 0.9147439673932646,
    "conscientiousness": 0.6621860459524124,
    "cautious": 0.7056977624950405,
    "disciplined": 0.12386231108653048,
    "dutiful": 0.9511259663592752,
    "neuroticism": 0.6845009798852993,
    "melancholy": 0.21771488343573034,
    "self_conscious": 0.16734998136414464,
    "authority_challenging": 0.8706551404903033,
    "achievement_striving": 0.833756146826494,
    "orderliness": 0.7930458201579839,
    "self_efficacy": 0.9549252762314693,
    "stress_prone": 0.8110204032558642,
    "agreeableness": 0.3844516850420209,
    "cooperative": 0.8097459512101283,
    "trusting": 0.9750279537830786,
    "excitement_seeking": 0.9387661861421375,
    "outgoing": 0.8379161506738965,
    "gregariousness": 0.8360886345328411,
    "altruism": 0.8517788224544022,
    "modesty": 0.18600988301492072,
    "uncompromising": 0.1660274367883809,
    "sympathy": 0.8225746335950369,
    "fiery": 0.7752996765777356,
    "prone_to_worry": 0.8664350209803661,
    "immoderation": 0.12204681807798208
}