{
    "id": "1",
    "extraversion": 0.7052321387085334,
    "active": 0.8791435872980937,
    "assertive": 0.04433684262010437,
    "cheerful": 0.7922306591834488,
    "openness": 0.2757785847914603,
    "adventurous": 0.2538302581221036,
    "artistic": 0,
    "emotionally_aware": 0.7014049374564395,
    "imaginative": 0.9432033552205225,
    "intellectual": 0.8939999755450397,
    "conscientiousness": 0.24813225242409787,
    "cautious": 0.7092305246811684,
    "disciplined": 0.015602264529303148,
    "dutiful": 0.14274360197106972,
    "neuroticism": 0.7160167761026129,
    "melancholy": 0.8298912977024564,
    "self_conscious": 1,
    "authority_challenging": 0.9391682868077718,
    "achievement_striving": 0.04606091730555247,
    "orderliness": 0.8311507281464362,
    "self_efficacy": 0.8091290365968477,
    "stress_prone": 0.8098137754790116,
    "agreeableness": 0.6746389836518591,
    "cooperative": 0.1819082205348299,
    "trusting": 0.16071799762786887,
    "excitement_seeking": 0.7898952104960688,
    "outgoing": 0.9192619493048677,
    "gregariousness": 0.8173214482227357,
    "altruism": 0.9218664025530977,
    "modesty": 0.7921450668231783,
    "uncompromising": 0.1617084235109986,
    "sympathy": 0.9073890661873493,
    "fiery": 0.9007617720064071,
    "prone_to_worry": 0.8592861597153442,
    "immoderation": 0.9324798552266363
}