{
    "id": "1",
    "extraversion": 0.6900669371456363,
    "active": 0.8093251251071889,
    "assertive": 0,
    "cheerful": 0.8396580190188524,
    "openness": 0.3362087722217245,
    "adventurous": 0.7862490880933791,
    "artistic": 0.8920302561017752,
    "emotionally_aware": 0.8205879717916884,
    "imaginative": 1,
    "intellectual": 0.9124057696491878,
    "conscientiousness": 0.6780361690962846,
    "cautious": 0.7966416238977128,
    "disciplined": 0.009266251135883715,
    "dutiful": 0.13099458615437778,
    "neuroticism": 0.70109940742068,
    "melancholy": 0.20502220572613367,
    "self_conscious": 0.8225589699614758,
    "authority_challenging": 0.8822520573893232,
    "achievement_striving": 0.11544417851611995,
    "orderliness": 0.1537506559328325,
    "self_efficacy": 0.8378278064326212,
    "stress_prone": 0.8192569080926112,
    "agreeableness": 0.6783433376422254,
    "cooperative": 0.1632472834781718,
    "trusting": 0.9102683885170157,
    "excitement_seeking": 0.8370598850677691,
    "outgoing": 0.9342147364109914,
    "gregariousness": 0.8152509183059654,
    "altruism": 0.9205329374272075,
    "modesty": 0.19715101173639818,
    "uncompromising": 0.08838774909449273,
    "sympathy": 0.9489588266161544,
    "fiery": 0.18515863975528907,
    "prone_to_worry": 0.8824184403517078,
    "immoderation": 0.8933357224220239
}