{
    "id": "1",
    "extraversion": 0.3124621799738148,
    "active": 1,
    "assertive": 0.8758402922181513,
    "cheerful": 0.6655554455336611,
    "openness": 0.6689331176904203,
    "adventurous": 0.1136856234390644,
    "artistic": 0.8744650185386891,
    "emotionally_aware": 0.7224587692950896,
    "imaginative": 0.8963923820840346,
    "intellectual": 0.7931478364194475,
    "conscientiousness": 0.6002024402856169,
    "cautious": 0.2098777656753694,
    "disciplined": 0,
    "dutiful": 0.7884609037198401,
    "neuroticism": 0.5983210658921124,
    "melancholy": 0.10309051501248748,
    "self_conscious": 0.8304232542275912,
    "authority_challenging": 0.8034788922995675,
    "achievement_striving": 0.7953922830643297,
    "orderliness": 0.1500038507663025,
    "self_efficacy": 0.7322837244611677,
    "stress_prone": 0.7829378046231199,
    "agreeableness": 0.29956761395517706,
    "cooperative": 0.7329658602061809,
    "trusting": 0.11850458241189998,
    "excitement_seeking": 0.19078896700443387,
    "outgoing": 0.8062404418479276,
    "gregariousness": 0.6884069929916052,
    "altruism": 0.09661022543486153,
    "modesty": 0.18749931236316025,
    "uncompromising": 0.1815691322573192,
    "sympathy": 0.7342531163701576,
    "fiery": 0.7625727519776435,
    "prone_to_worry": 0.7160334906646422,
    "immoderation": 0.8002772551737796
}