{
    "id": "1",
    "extraversion": 0.22517535011377232,
    "active": 0.8966783175772363,
    "assertive": 0.7674470430927304,
    "cheerful": 0.6351192849937837,
    "openness": 0.5328884092988342,
    "adventurous": 0.07975791128105282,
    "artistic": 0.0505758990358676,
    "emotionally_aware": 0.5998146801473176,
    "imaginative": 0.7641159773862864,
    "intellectual": 0.9540922845949941,
    "conscientiousness": 0.21626123061765465,
    "cautious": 0.19642731473879285,
    "disciplined": 1,
    "dutiful": 0.7684674751929439,
    "neuroticism": 0.5573787797039575,
    "melancholy": 0.07167655821154614,
    "self_conscious": 0.6972600811654039,
    "authority_challenging": 0.777944591709869,
    "achievement_striving": 0.04548546763940039,
    "orderliness": 0.7510732130709142,
    "self_efficacy": 0.6780008914119496,
    "stress_prone": 0.6725937741912783,
    "agreeableness": 0.2105608857819794,
    "cooperative": 0.7057754111051163,
    "trusting": 0,
    "excitement_seeking": 0.1661662248703934,
    "outgoing": 0.11716202585094657,
    "gregariousness": 0.04963757066785519,
    "altruism": 0.06733678950948888,
    "modesty": 0.11092214220366417,
    "uncompromising": 0.10090548687513196,
    "sympathy": 0.7006615214994487,
    "fiery": 0.7604330385418379,
    "prone_to_worry": 0.676358816767928,
    "immoderation": 0.7112294447441883
}