{
    "id": "1",
    "extraversion": 0.2828174828230613,
    "active": 0.8740016921260356,
    "assertive": 0.17620424519092207,
    "cheerful": 0.16773431761763533,
    "openness": 0.6143347248435713,
    "adventurous": 0.24462378087897582,
    "artistic": 0.12497559433602648,
    "emotionally_aware": 0.7684390602192327,
    "imaginative": 0.16961239156912153,
    "intellectual": 0.8078600184088438,
    "conscientiousness": 0.6298241862454327,
    "cautious": 0.29392787080338795,
    "disciplined": 0.11739821675948567,
    "dutiful": 0.11807692665284455,
    "neuroticism": 0.652658590328849,
    "melancholy": 0.8448636536906013,
    "self_conscious": 1,
    "authority_challenging": 0.8791896389821211,
    "achievement_striving": 0.7651384847104327,
    "orderliness": 0.06812201902247181,
    "self_efficacy": 0.12278140892735946,
    "stress_prone": 0.7474176483167067,
    "agreeableness": 0.29498777392452374,
    "cooperative": 0.029984101453182966,
    "trusting": 0.010124864025586443,
    "excitement_seeking": 0.04504588264827022,
    "outgoing": 0,
    "gregariousness": 0.18165251912939187,
    "altruism": 0.7130358786503901,
    "modesty": 0.16564240356276208,
    "uncompromising": 0.8008776741634668,
    "sympathy": 0.10552544232360515,
    "fiery": 0.8073858512230725,
    "prone_to_worry": 0.7963684372007401,
    "immoderation": 0.7591788540029938
}