{
    "id": "1",
    "extraversion": 0.7219742063492063,
    "active": 0.9513888888888888,
    "assertive": 0.9368314354727398,
    "cheerful": 0.0350133712905452,
    "openness": 0.6714544513457558,
    "adventurous": 0,
    "artistic": 0.15242192891649417,
    "emotionally_aware": 0.965223861283644,
    "imaginative": 0.8197787267080745,
    "intellectual": 1,
    "conscientiousness": 0.6598516218081436,
    "cautious": 0.7875150966183575,
    "disciplined": 0.9993314354727398,
    "dutiful": 0.9538474810213942,
    "neuroticism": 0.7739389233954452,
    "melancholy": 0.7999374568668047,
    "self_conscious": 0.881480762594893,
    "authority_challenging": 0.14164941338854387,
    "achievement_striving": 0.858889751552795,
    "orderliness": 0.23488181504485856,
    "self_efficacy": 0.8029459972394756,
    "stress_prone": 0.9066381987577641,
    "agreeableness": 0.35665760869565216,
    "cooperative": 0.7753946687370601,
    "trusting": 0.1359126984126984,
    "excitement_seeking": 0.14700871290545206,
    "outgoing": 0.8165437370600415,
    "gregariousness": 0.1695889406487233,
    "altruism": 0.13511473429951693,
    "modesty": 0.22668650793650796,
    "uncompromising": 0.24688362663906144,
    "sympathy": 0.08765743616287099,
    "fiery": 0.8482682022084197,
    "prone_to_worry": 0.20538949275362323,
    "immoderation": 0.9956219806763286
}