{
    "id": "1",
    "extraversion": 0.3209090811357064,
    "active": 0.8926647817065698,
    "assertive": 0.9234441016158337,
    "cheerful": 0.2051345452981713,
    "openness": 0.709472462023071,
    "adventurous": 0.20403797155358694,
    "artistic": 0.1751830310588387,
    "emotionally_aware": 0.9333992711009816,
    "imaginative": 0.8585957405635529,
    "intellectual": 0.8669168001548104,
    "conscientiousness": 0.656428394809551,
    "cautious": 0.9559327864798908,
    "disciplined": 1,
    "dutiful": 0.17689239601363188,
    "neuroticism": 0.6949267338228496,
    "melancholy": 0.8135072083597622,
    "self_conscious": 0.8461679047915973,
    "authority_challenging": 0.8384488856875626,
    "achievement_striving": 0.880043432920864,
    "orderliness": 0.7876409688551556,
    "self_efficacy": 0.789199823688143,
    "stress_prone": 0.9243149101777094,
    "agreeableness": 0.34621628304503477,
    "cooperative": 0.2764225894191384,
    "trusting": 0,
    "excitement_seeking": 0.11663459367642472,
    "outgoing": 0.18953524624530996,
    "gregariousness": 0.28330305213025575,
    "altruism": 0.16085231731833965,
    "modesty": 0.20060849092101443,
    "uncompromising": 0.19696399582871948,
    "sympathy": 0.22394831052388273,
    "fiery": 0.8424696560843716,
    "prone_to_worry": 0.801122375479751,
    "immoderation": 0.17762344517668813
}