{
    "id": "1",
    "extraversion": 0.6946094428661985,
    "active": 0.7920550325170802,
    "assertive": 0.7713356654849388,
    "cheerful": 0.6298335407226539,
    "openness": 0.5169628812246143,
    "adventurous": 0.08702134153499401,
    "artistic": 0.6638649543352194,
    "emotionally_aware": 0.6590519568943254,
    "imaginative": 1,
    "intellectual": 0.7484563191134693,
    "conscientiousness": 0.17049749958913435,
    "cautious": 0.13272133918719037,
    "disciplined": 0.9768623952292629,
    "dutiful": 0.8628530509708168,
    "neuroticism": 0.5519451553072101,
    "melancholy": 0.6922264221820487,
    "self_conscious": 0.8191252083675722,
    "authority_challenging": 0.7502171718357475,
    "achievement_striving": 0.8217195313783955,
    "orderliness": 0.7227596083863546,
    "self_efficacy": 0.7345925386800647,
    "stress_prone": 0.8999131312657008,
    "agreeableness": 0.24693024675416148,
    "cooperative": 0.6774000422604654,
    "trusting": 0.7962693400323996,
    "excitement_seeking": 0.6794543704364566,
    "outgoing": 0.7481276266053106,
    "gregariousness": 0.03524053248186321,
    "altruism": 0.7238982931467611,
    "modesty": 0.11534759232737775,
    "uncompromising": 0.04400957903880922,
    "sympathy": 0,
    "fiery": 0.05579555325992536,
    "prone_to_worry": 0.7008780785575095,
    "immoderation": 0.8142769938722324
}