{
    "id": "1",
    "extraversion": 0.6988027595310035,
    "active": 0.21574046384045045,
    "assertive": 0.18040073010013094,
    "cheerful": 0,
    "openness": 0.5914429789735288,
    "adventurous": 0.0014024522289709793,
    "artistic": 0.13547069802934836,
    "emotionally_aware": 0.7833417549214731,
    "imaginative": 1,
    "intellectual": 0.838986109535644,
    "conscientiousness": 0.6100564074536212,
    "cautious": 0.8259412413764656,
    "disciplined": 0.8214348323760222,
    "dutiful": 0.9004052674455776,
    "neuroticism": 0.6557082899363741,
    "melancholy": 0.1906097573551401,
    "self_conscious": 0.7423509636703001,
    "authority_challenging": 0.06575026038175573,
    "achievement_striving": 0.749775710764852,
    "orderliness": 0.7445268270549534,
    "self_efficacy": 0.774988914440102,
    "stress_prone": 0.9290008559083457,
    "agreeableness": 0.2707454652325905,
    "cooperative": 0.2335701690161179,
    "trusting": 0.132820475802543,
    "excitement_seeking": 0.2005403565941035,
    "outgoing": 0.8346756313613067,
    "gregariousness": 0.1421529704144453,
    "altruism": 0.20287090220989348,
    "modesty": 0.7239747146112836,
    "uncompromising": 0.11035030369278045,
    "sympathy": 0.14011116496344342,
    "fiery": 0.7508069256390955,
    "prone_to_worry": 0.18449465315087707,
    "immoderation": 0.875841729141101
}