{
    "id": "1",
    "extraversion": 0.23332663826548408,
    "active": 0.04100552871655549,
    "assertive": 0.008869203040265557,
    "cheerful": 0.6276203262259902,
    "openness": 0.26160449062866686,
    "adventurous": 0.6449675993953297,
    "artistic": 0.019102085689821004,
    "emotionally_aware": 0.6940706364895293,
    "imaginative": 1,
    "intellectual": 0.6763745150480459,
    "conscientiousness": 0.27190080023679397,
    "cautious": 0.6412994069579374,
    "disciplined": 0.03935642779369323,
    "dutiful": 0.10954892861295813,
    "neuroticism": 0.669947249912788,
    "melancholy": 0.7367675507679948,
    "self_conscious": 0.689905599543326,
    "authority_challenging": 0.7283951922365403,
    "achievement_striving": 0.14619913950759536,
    "orderliness": 0.18178166326627693,
    "self_efficacy": 0.7243992938465279,
    "stress_prone": 0.7761662632007357,
    "agreeableness": 0.28549531169064557,
    "cooperative": 0.029049547025804208,
    "trusting": 0.019905493831728235,
    "excitement_seeking": 0.16686575684218316,
    "outgoing": 0.681448671733776,
    "gregariousness": 0.14203410256139198,
    "altruism": 0.6810469676628222,
    "modesty": 0.086736365846697,
    "uncompromising": 0.7774242312124063,
    "sympathy": 0.7610389335814033,
    "fiery": 0.1084389568379547,
    "prone_to_worry": 0.8062200704039241,
    "immoderation": 0
}