{
    "id": "1",
    "extraversion": 0.4052151655735082,
    "active": 0.25758012051405105,
    "assertive": 0.17816882632112194,
    "cheerful": 0.15851330453794057,
    "openness": 0.3811870100783874,
    "adventurous": 0.8854476617074601,
    "artistic": 0.1660107716098757,
    "emotionally_aware": 0.8367727830213832,
    "imaginative": 0.10371673865514845,
    "intellectual": 0.2642030608435983,
    "conscientiousness": 0.29179331306990874,
    "cautious": 0.295152775555911,
    "disciplined": 0.047533727936863376,
    "dutiful": 0.07141257398816185,
    "neuroticism": 0.7739668319735509,
    "melancholy": 1,
    "self_conscious": 0.8951634405161841,
    "authority_challenging": 0.863595158108036,
    "achievement_striving": 0.22498800191969284,
    "orderliness": 0.1922998986828774,
    "self_efficacy": 0.1555697755025862,
    "stress_prone": 0.8532288167226577,
    "agreeableness": 0.4260864928278142,
    "cooperative": 0,
    "trusting": 0.09531274996000634,
    "excitement_seeking": 0.7937503332800084,
    "outgoing": 0.13954034021223266,
    "gregariousness": 0.32496133951901024,
    "altruism": 0.29080147176451765,
    "modesty": 0.10917719831493623,
    "uncompromising": 0.12183650615901451,
    "sympathy": 0.9120247427078333,
    "fiery": 0.9213672479070016,
    "prone_to_worry": 0.9495440729483282,
    "immoderation": 0.9553991361382178
}