{
    "id": "1",
    "extraversion": 0.5334552899700762,
    "active": 0.8789964018753862,
    "assertive": 0.019299032019674593,
    "cheerful": 0.6565184207019372,
    "openness": 0.5452067407290746,
    "adventurous": 0.048871497280205456,
    "artistic": 0.1028554813854597,
    "emotionally_aware": 0.69458342924294,
    "imaginative": 0.8580618586676035,
    "intellectual": 0.8012187587075827,
    "conscientiousness": 0.5386283512835734,
    "cautious": 0.6283270537780309,
    "disciplined": 1,
    "dutiful": 0.8205056758295677,
    "neuroticism": 0.6171328883127583,
    "melancholy": 0.10325527300921947,
    "self_conscious": 0.7392995166155822,
    "authority_challenging": 0.01719103982166875,
    "achievement_striving": 0.6738306095005028,
    "orderliness": 0.6956495402396327,
    "self_efficacy": 0.7429824455132477,
    "stress_prone": 0.7919872066680397,
    "agreeableness": 0.21583901723949944,
    "cooperative": 0.7696957949190119,
    "trusting": 0.04927128890396525,
    "excitement_seeking": 0,
    "outgoing": 0.7768193547605491,
    "gregariousness": 0.6751026737579201,
    "altruism": 0.7167173473220019,
    "modesty": 0.08365336854730265,
    "uncompromising": 0.6837890554014272,
    "sympathy": 0.7544673685230728,
    "fiery": 0.7402323637376883,
    "prone_to_worry": 0.7495850647541281,
    "immoderation": 0.02107992198005891
}