{
    "id": "1",
    "extraversion": 0.19944153710264126,
    "active": 0.9299072077804899,
    "assertive": 0.7425467047839754,
    "cheerful": 0.09831986247376268,
    "openness": 0.24238049558833302,
    "adventurous": 0.026564978297827876,
    "artistic": 0.635422503775323,
    "emotionally_aware": 0.6558519883368632,
    "imaginative": 0.8525676946309679,
    "intellectual": 0.7590441546600308,
    "conscientiousness": 0.5271965732412692,
    "cautious": 0.6451291208008433,
    "disciplined": 1,
    "dutiful": 0.8718289659888496,
    "neuroticism": 0.5335505133489727,
    "melancholy": 0.7017162286658625,
    "self_conscious": 0.7536779720578597,
    "authority_challenging": 0.013306233319719977,
    "achievement_striving": 0.7288795600680033,
    "orderliness": 0.747343027286801,
    "self_efficacy": 0.6722829545346617,
    "stress_prone": 0.7302757173114,
    "agreeableness": 0.2036300088328315,
    "cooperative": 0.7643533512522676,
    "trusting": 0.13162818528051362,
    "excitement_seeking": 0,
    "outgoing": 0.13071640912156063,
    "gregariousness": 0.144364558500888,
    "altruism": 0.621289973311552,
    "modesty": 0.11143614242703415,
    "uncompromising": 0.6282422665235684,
    "sympathy": 0.004159978725222953,
    "fiery": 0.08237327736040799,
    "prone_to_worry": 0.6319558548376373,
    "immoderation": 0.10727616370181119
}