{
    "id": "1",
    "extraversion": 0.5096873517365582,
    "active": 1,
    "assertive": 0.7232544854229804,
    "cheerful": 0.6067738843327298,
    "openness": 0.49544437881854,
    "adventurous": 0.12983278304398765,
    "artistic": 0.11552203255260025,
    "emotionally_aware": 0.5782298434338055,
    "imaginative": 0.7213567133686422,
    "intellectual": 0.8091383533922675,
    "conscientiousness": 0.12192217198075118,
    "cautious": 0.1691534581086184,
    "disciplined": 0.8225292653879297,
    "dutiful": 0,
    "neuroticism": 0.5766419117148694,
    "melancholy": 0.6559804025987858,
    "self_conscious": 0.8674851615526874,
    "authority_challenging": 0.6931418778260827,
    "achievement_striving": 0.611053553965472,
    "orderliness": 0.06765170073296603,
    "self_efficacy": 0.0528084121651062,
    "stress_prone": 0.6396847374587282,
    "agreeableness": 0.19264322853629487,
    "cooperative": 0.05381539325516321,
    "trusting": 0.06584107127295966,
    "excitement_seeking": 0.13546800414411447,
    "outgoing": 0.6116151395733885,
    "gregariousness": 0.5991440660734514,
    "altruism": 0.07475866342625315,
    "modesty": 0.0678453509425924,
    "uncompromising": 0.14207147629237307,
    "sympathy": 0.6322388868985951,
    "fiery": 0.7876819101656677,
    "prone_to_worry": 0.6437513918608816,
    "immoderation": 0.7147532412203835
}