{
    "id": "1",
    "extraversion": 0.7242850092825418,
    "active": 0.883944727751275,
    "assertive": 0.9080558362512632,
    "cheerful": 0.2003149014170564,
    "openness": 0.38208821939698734,
    "adventurous": 0.25133363100133954,
    "artistic": 0.2738584823631707,
    "emotionally_aware": 0.8719126736070313,
    "imaginative": 0.9353042088689401,
    "intellectual": 0.7954198293892323,
    "conscientiousness": 0.6373698681644069,
    "cautious": 0.7529198881394967,
    "disciplined": 0,
    "dutiful": 0.17533428900430056,
    "neuroticism": 0.6694945127253072,
    "melancholy": 0.9444339999529998,
    "self_conscious": 0.8860362371630673,
    "authority_challenging": 1,
    "achievement_striving": 0.9549385472234626,
    "orderliness": 0.21141870138415628,
    "self_efficacy": 0.8057011256550655,
    "stress_prone": 0.8658496463234086,
    "agreeableness": 0.24841961788828051,
    "cooperative": 0.8243014593565672,
    "trusting": 0.03572016074072332,
    "excitement_seeking": 0.8048433717951733,
    "outgoing": 0.8053368740159331,
    "gregariousness": 0.26208492938218225,
    "altruism": 0.8627476323643458,
    "modesty": 0.12513806312128403,
    "uncompromising": 0.23629356332103496,
    "sympathy": 0.15223368505158275,
    "fiery": 0.8429252931638194,
    "prone_to_worry": 0.22907903085563888,
    "immoderation": 0.15866096397433788
}