{
    "id": "1",
    "extraversion": 0.5636955745895789,
    "active": 0.639998215560314,
    "assertive": 0.12006602426837974,
    "cheerful": 0.6473947180585297,
    "openness": 0.5872412562455389,
    "adventurous": 0.6430852962169878,
    "artistic": 0.21134011420413987,
    "emotionally_aware": 0.6178533190578159,
    "imaginative": 0.7853586723768737,
    "intellectual": 0.7595021413276232,
    "conscientiousness": 0.23628658101356176,
    "cautious": 0.25712883654532476,
    "disciplined": 0.6998572448251249,
    "dutiful": 0,
    "neuroticism": 0.6079496788008565,
    "melancholy": 0.6560670949321913,
    "self_conscious": 0.7182458957887223,
    "authority_challenging": 0.6916042112776588,
    "achievement_striving": 0.11998572448251248,
    "orderliness": 0.18916845110635258,
    "self_efficacy": 0.6745182012847966,
    "stress_prone": 0.6989739471805853,
    "agreeableness": 0.29807280513918627,
    "cooperative": 0.22832798001427548,
    "trusting": 0.13685760171306208,
    "excitement_seeking": 0.6752498215560314,
    "outgoing": 0.7520164168451106,
    "gregariousness": 0.6497412562455388,
    "altruism": 0.6793718772305496,
    "modesty": 0.7014810849393289,
    "uncompromising": 0.20047287651677373,
    "sympathy": 0.21134011420413987,
    "fiery": 0.7202177016416845,
    "prone_to_worry": 0.7285421127765881,
    "immoderation": 1
}