{
    "id": "1",
    "extraversion": 0.5825740134245598,
    "active": 0.7123988023822648,
    "assertive": 0.7493757903952787,
    "cheerful": 0.8514543273128181,
    "openness": 0.26256796048293823,
    "adventurous": 0.10865030210663985,
    "artistic": 0.02447117826993957,
    "emotionally_aware": 0.6289330609509604,
    "imaginative": 0.7851529989083086,
    "intellectual": 0.776376233557076,
    "conscientiousness": 0.2733011230368473,
    "cautious": 0.18597663132181114,
    "disciplined": 0.05410897456683635,
    "dutiful": 0.0283947814996163,
    "neuroticism": 0.5875676902623301,
    "melancholy": 0.0021617648648356537,
    "self_conscious": 0.7742144686922403,
    "authority_challenging": 0.7751440275841196,
    "achievement_striving": 0.17136310083552211,
    "orderliness": 0.10668309607963943,
    "self_efficacy": 0.15739809980868383,
    "stress_prone": 0.7247965238820974,
    "agreeableness": 0.20685927991612355,
    "cooperative": 0,
    "trusting": 0.01705632478355331,
    "excitement_seeking": 0.7776408660030049,
    "outgoing": 0.7346757893143963,
    "gregariousness": 0.7012116692067403,
    "altruism": 0.1647156738761525,
    "modesty": 0.1647589091734492,
    "uncompromising": 0.1444275106196699,
    "sympathy": 0.04011154706702555,
    "fiery": 0.9398488926359481,
    "prone_to_worry": 0.7329679950711762,
    "immoderation": 1
}