{
    "id": "1",
    "extraversion": 0.5718344895617768,
    "active": 0.7768782904259995,
    "assertive": 0.7781971414172822,
    "cheerful": 0.16452398057107315,
    "openness": 0.549392577978405,
    "adventurous": 0.6603047296355468,
    "artistic": 0.6855344563224429,
    "emotionally_aware": 0.6427307721175599,
    "imaginative": 0.7495684247772427,
    "intellectual": 0.681363456032939,
    "conscientiousness": 0.3073780598951352,
    "cautious": 0.23693211670222913,
    "disciplined": 0.7951277569883018,
    "dutiful": 0.011505098484929673,
    "neuroticism": 0.597814781853468,
    "melancholy": 0.7213149909396008,
    "self_conscious": 0.7784008663671551,
    "authority_challenging": 0.7455904270718291,
    "achievement_striving": 0.68055927859923,
    "orderliness": 0,
    "self_efficacy": 0.7134662191866012,
    "stress_prone": 0.8267587360475215,
    "agreeableness": 0.2145652616793369,
    "cooperative": 0.020329605524162825,
    "trusting": 0.0972733023814374,
    "excitement_seeking": 0.6872929243108198,
    "outgoing": 0.16812669547408934,
    "gregariousness": 0.6273334548534788,
    "altruism": 0.7212828238422525,
    "modesty": 0.6826394175610906,
    "uncompromising": 0.19132989502803896,
    "sympathy": 0.19371026023181753,
    "fiery": 0.8321949754993941,
    "prone_to_worry": 0.7225587853704041,
    "immoderation": 1
}