{
    "id": "1",
    "extraversion": 0.2957832085230335,
    "active": 0.7906398009151481,
    "assertive": 0.8818220392435692,
    "cheerful": 0.8591268248489088,
    "openness": 0.7270610901501164,
    "adventurous": 0.733173545568183,
    "artistic": 0.25050745994793516,
    "emotionally_aware": 0.8726820261700248,
    "imaginative": 0.8220965836764184,
    "intellectual": 0.8565579880503216,
    "conscientiousness": 0.6616589639789447,
    "cautious": 0.7918439431644858,
    "disciplined": 0.09626257181848417,
    "dutiful": 0,
    "neuroticism": 0.6501680065138361,
    "melancholy": 0.78568561566073,
    "self_conscious": 0.814137776809367,
    "authority_challenging": 0.012247846878977996,
    "achievement_striving": 0.8211218018555259,
    "orderliness": 0.1924333994655902,
    "self_efficacy": 0.15088475785272767,
    "stress_prone": 0.7647335405222536,
    "agreeableness": 0.2992580190139795,
    "cooperative": 0.11833851305634238,
    "trusting": 0.07644583080081192,
    "excitement_seeking": 0.14844206928978543,
    "outgoing": 0.7780937854791913,
    "gregariousness": 0.1318593103131917,
    "altruism": 0.7850663425039278,
    "modesty": 0.060356196745375526,
    "uncompromising": 1,
    "sympathy": 0.7709262720902762,
    "fiery": 0.8286218878656865,
    "prone_to_worry": 0.8791270542093372,
    "immoderation": 0.04037890342779162
}