{
    "id": "1",
    "extraversion": 0.44831204303582434,
    "active": 0.5952484053095282,
    "assertive": 0.05389470879203238,
    "cheerful": 0.5699415418949753,
    "openness": 0.24445813833419386,
    "adventurous": 0.6649817630698001,
    "artistic": 0.027446996319304535,
    "emotionally_aware": 0.489415918591676,
    "imaginative": 0.5928501240777442,
    "intellectual": 0.5942990856552803,
    "conscientiousness": 0.1997235314691138,
    "cautious": 0.17529104142031546,
    "disciplined": 0,
    "dutiful": 0.0526456039838116,
    "neuroticism": 0.47534267108572187,
    "melancholy": 0.04080409040187869,
    "self_conscious": 0.6230701330712989,
    "authority_challenging": 0.6116366603933848,
    "achievement_striving": 0.5342171443798611,
    "orderliness": 0.08165814499608616,
    "self_efficacy": 0.13266325799843448,
    "stress_prone": 0.5591409489865597,
    "agreeableness": 0.21400496310977138,
    "cooperative": 0.0680179204903153,
    "trusting": 0.008968572523025166,
    "excitement_seeking": 0.5723731325883118,
    "outgoing": 0.648152157620372,
    "gregariousness": 0.5264310577419516,
    "altruism": 0.5631963759305831,
    "modesty": 0.5529370617723964,
    "uncompromising": 0.10414203154406008,
    "sympathy": 0.5569924887164199,
    "fiery": 0.6048332028712756,
    "prone_to_worry": 0.11636660393384743,
    "immoderation": 1
}