{
    "id": "1",
    "extraversion": 0.3505151414031868,
    "active": 1,
    "assertive": 0.13503170100942694,
    "cheerful": 0.6955764578293151,
    "openness": 0.656179611245516,
    "adventurous": 0.21139567865187286,
    "artistic": 0.19334487361308086,
    "emotionally_aware": 0.8194189538666888,
    "imaginative": 0.9091411529156587,
    "intellectual": 0.830566446984233,
    "conscientiousness": 0.6152185701176274,
    "cautious": 0.9434595812129808,
    "disciplined": 0,
    "dutiful": 0.9378389088178861,
    "neuroticism": 0.7207808459164095,
    "melancholy": 0.20776674730958541,
    "self_conscious": 0.8163635605239009,
    "authority_challenging": 0.15937056811545844,
    "achievement_striving": 0.9049491115374989,
    "orderliness": 0.8257591557520648,
    "self_efficacy": 0.7747455576874948,
    "stress_prone": 0.9239801451572537,
    "agreeableness": 0.33206807374655883,
    "cooperative": 0.9463794110286143,
    "trusting": 0.12550054225410862,
    "excitement_seeking": 0.7761637607408025,
    "outgoing": 0.7961645949778927,
    "gregariousness": 0.7269959122382581,
    "altruism": 0.78748852924001,
    "modesty": 0.1795695336614666,
    "uncompromising": 0.728977225327438,
    "sympathy": 0.22546300158505048,
    "fiery": 0.9274526570451322,
    "prone_to_worry": 0.8608283974305497,
    "immoderation": 0.1305893885042129
}