{
    "id": "1",
    "extraversion": 0.7844671884406983,
    "active": 0.8945093317278748,
    "assertive": 0.11157134256472,
    "cheerful": 0.7409271523178808,
    "openness": 0.6489223359422034,
    "adventurous": 0.8556411800120409,
    "artistic": 0.7553040337146298,
    "emotionally_aware": 0.2482360024081878,
    "imaginative": 0.8953762793497893,
    "intellectual": 0.7820228777844672,
    "conscientiousness": 0.24001204093919323,
    "cautious": 0.686742925948224,
    "disciplined": 0.807922937989163,
    "dutiful": 0,
    "neuroticism": 0.6545454545454545,
    "melancholy": 0.15257074051776037,
    "self_conscious": 0.7711739915713426,
    "authority_challenging": 0.8864298615291993,
    "achievement_striving": 0.7998795906080675,
    "orderliness": 0.7680433473810957,
    "self_efficacy": 0.850728476821192,
    "stress_prone": 0.7641420830824803,
    "agreeableness": 0.6553401565322095,
    "cooperative": 0.8767971101745936,
    "trusting": 0.9105960264900662,
    "excitement_seeking": 0.8225285972305839,
    "outgoing": 0.9157134256472004,
    "gregariousness": 0.9109813365442504,
    "altruism": 1,
    "modesty": 0.14650210716435882,
    "uncompromising": 0.82473208910295,
    "sympathy": 0.7600240818783864,
    "fiery": 0.14870559903672487,
    "prone_to_worry": 0.8050692354003611,
    "immoderation": 0.8049969897652016
}