{
    "id": "1",
    "extraversion": 0.31457237244585834,
    "active": 0.7468964413782718,
    "assertive": 0.7459364323428928,
    "cheerful": 0.2330468992649343,
    "openness": 0.5668570998315279,
    "adventurous": 0.23147511976583313,
    "artistic": 0.6491543449820705,
    "emotionally_aware": 0.7847697390093084,
    "imaginative": 0.7886662462705532,
    "intellectual": 0.6907735602217433,
    "conscientiousness": 0.33243606998654107,
    "cautious": 0.6278364972846804,
    "disciplined": 0,
    "dutiful": 0.8115088142006043,
    "neuroticism": 0.6503496503496504,
    "melancholy": 0.7020960197272446,
    "self_conscious": 0.7859650443768883,
    "authority_challenging": 0.12098937401763782,
    "achievement_striving": 0.7555365226966844,
    "orderliness": 0.12504588278477918,
    "self_efficacy": 0.21883500080000756,
    "stress_prone": 0.7663225065647677,
    "agreeableness": 0.31153234383382433,
    "cooperative": 0.7203173676928725,
    "trusting": 0.14016131916535685,
    "excitement_seeking": 0.22022795508663612,
    "outgoing": 0.7254844751480015,
    "gregariousness": 0.24413406243823474,
    "altruism": 0.18554527572024213,
    "modesty": 0.14125309414676845,
    "uncompromising": 0.6665380380050636,
    "sympathy": 0.15786501520014307,
    "fiery": 0.7379175333414904,
    "prone_to_worry": 0.7496164669785127,
    "immoderation": 1
}