{
    "id": "1",
    "extraversion": 0.6624764836668376,
    "active": 0.9354369762271251,
    "assertive": 0.9565833516577488,
    "cheerful": 1,
    "openness": 0.669109922060153,
    "adventurous": 0.09985584793178429,
    "artistic": 0.7764787803269076,
    "emotionally_aware": 0.674802707126976,
    "imaginative": 0.8410173715458477,
    "intellectual": 0.8101224070952135,
    "conscientiousness": 0.27998485181656035,
    "cautious": 0.7246939822619658,
    "disciplined": 0.9572185980600553,
    "dutiful": 0,
    "neuroticism": 0.6826089081091646,
    "melancholy": 0.17111339148281168,
    "self_conscious": 0.8079723423489457,
    "authority_challenging": 0.7968799628625179,
    "achievement_striving": 0.10323975665176278,
    "orderliness": 0.17013608932541716,
    "self_efficacy": 0.14316254978132859,
    "stress_prone": 0.7927386449705587,
    "agreeableness": 0.28456595567934717,
    "cooperative": 0.1473893816120599,
    "trusting": 0.8949033692491877,
    "excitement_seeking": 0.8529404578660607,
    "outgoing": 0.849776442131496,
    "gregariousness": 0.8294607735346575,
    "altruism": 0.8415671040093822,
    "modesty": 0.79297075423294,
    "uncompromising": 0.1420997336851621,
    "sympathy": 0.7813286422829779,
    "fiery": 0.9618974321385815,
    "prone_to_worry": 0.8564465293557135,
    "immoderation": 0.12731803855457008
}