{
    "id": "1",
    "extraversion": 0.7455118608585584,
    "active": 0.941578121006317,
    "assertive": 0.05741166733608409,
    "cheerful": 0.857791409549543,
    "openness": 0.4094278307226057,
    "adventurous": 0.30531517386594614,
    "artistic": 0.79451321186451,
    "emotionally_aware": 0.8194155377855675,
    "imaginative": 0.9702413553875928,
    "intellectual": 0.8964107058093257,
    "conscientiousness": 0.754494224753837,
    "cautious": 0.8458757804797897,
    "disciplined": 0.1588831684132375,
    "dutiful": 0,
    "neuroticism": 0.735750538576697,
    "melancholy": 0.8707172502768954,
    "self_conscious": 0.9633646133810446,
    "authority_challenging": 1,
    "achievement_striving": 0.17463273329195125,
    "orderliness": 0.1990847238957657,
    "self_efficacy": 0.8929419067440757,
    "stress_prone": 0.831513735227176,
    "agreeableness": 0.7022796704032328,
    "cooperative": 0.8517179683791581,
    "trusting": 0.9462031864266502,
    "excitement_seeking": 0.9500736359099817,
    "outgoing": 0.8940373169752073,
    "gregariousness": 0.8724455641971252,
    "altruism": 0.9209357237618823,
    "modesty": 0.28215333308990886,
    "uncompromising": 0.2605250666374558,
    "sympathy": 0.8452915616898529,
    "fiery": 0.2510193400761919,
    "prone_to_worry": 0.9171748153016639,
    "immoderation": 0.18000024342449583
}