{
    "id": "1",
    "extraversion": 0.3409751969961395,
    "active": 0.8952262591006048,
    "assertive": 0.21801787508593795,
    "cheerful": 0.2566590865020185,
    "openness": 0.697322262767289,
    "adventurous": 0.11635552735029177,
    "artistic": 0.29103425176723613,
    "emotionally_aware": 0.7690077035626776,
    "imaginative": 0.8369295044687716,
    "intellectual": 0.8573606924392265,
    "conscientiousness": 0.379528266962822,
    "cautious": 0.32735734306414943,
    "disciplined": 0.8608951645600862,
    "dutiful": 0.13744777619123172,
    "neuroticism": 0.6717964990216301,
    "melancholy": 0.8275600683977649,
    "self_conscious": 1,
    "authority_challenging": 0.8586916283251363,
    "achievement_striving": 0.2150122516614664,
    "orderliness": 0.30092372238969106,
    "self_efficacy": 0.2187670774058209,
    "stress_prone": 0.8005535283022196,
    "agreeableness": 0.3874521832637017,
    "cooperative": 0.19880303911717528,
    "trusting": 0,
    "excitement_seeking": 0.32208648439014936,
    "outgoing": 0.29307031924832977,
    "gregariousness": 0.2404939446824264,
    "altruism": 0.1643309182576199,
    "modesty": 0.26889311967846,
    "uncompromising": 0.27444603099053366,
    "sympathy": 0.7336982389338412,
    "fiery": 0.28801100005288494,
    "prone_to_worry": 0.8019549773476476,
    "immoderation": 0.8319847691575442
}