{
    "id": "1",
    "extraversion": 0.5895631067961165,
    "active": 0.8013718868720979,
    "assertive": 0.7847826086956522,
    "cheerful": 0.18291473195441116,
    "openness": 0.6279020683832841,
    "adventurous": 0.1674018573237653,
    "artistic": 0.6742085268045589,
    "emotionally_aware": 0.6965913887716336,
    "imaginative": 0.8145525538201773,
    "intellectual": 0.9035669058674546,
    "conscientiousness": 0.6375897002954832,
    "cautious": 0.0914204305614183,
    "disciplined": 0.8476783452933728,
    "dutiful": 0.04145208948923595,
    "neuroticism": 0.608104685521317,
    "melancholy": 0.8348037146475306,
    "self_conscious": 0.843858168003377,
    "authority_challenging": 0.8544322498944703,
    "achievement_striving": 0.7418214436471084,
    "orderliness": 0.10318699873364293,
    "self_efficacy": 0.16602997045166737,
    "stress_prone": 0.7459582102152807,
    "agreeableness": 0.2800443224989447,
    "cooperative": 0.13545799915576195,
    "trusting": 0,
    "excitement_seeking": 0.7063528915154074,
    "outgoing": 0.7781447868298861,
    "gregariousness": 0.6222773322076826,
    "altruism": 0.817929506120726,
    "modesty": 0.16073237653018152,
    "uncompromising": 0.7562895736597721,
    "sympathy": 0.145578303081469,
    "fiery": 0.7003482482059942,
    "prone_to_worry": 0.7575875897002955,
    "immoderation": 1
}