{
    "id": "1",
    "extraversion": 0.28786288912207064,
    "active": 0.9257316077882709,
    "assertive": 0.04574602266102788,
    "cheerful": 0.22653608487816249,
    "openness": 0.3299521977381369,
    "adventurous": 0.09771375878406308,
    "artistic": 0.7585826788345151,
    "emotionally_aware": 0.7301345034818277,
    "imaginative": 0.8465557993364918,
    "intellectual": 0.846725386074809,
    "conscientiousness": 0.6616320603728789,
    "cautious": 0.8593807964217197,
    "disciplined": 0.9135637593140217,
    "dutiful": 1,
    "neuroticism": 0.6858511664387844,
    "melancholy": 0.15476909705661016,
    "self_conscious": 0.7680159411534018,
    "authority_challenging": 0.12720065290894253,
    "achievement_striving": 0.11924067537918533,
    "orderliness": 0.8117587204680594,
    "self_efficacy": 0.9438561904459072,
    "stress_prone": 0.8450189195204935,
    "agreeableness": 0.32412265360848774,
    "cooperative": 0.8587236478107412,
    "trusting": 0.05735211506460194,
    "excitement_seeking": 0,
    "outgoing": 0.8056747962309346,
    "gregariousness": 0.7935387452701199,
    "altruism": 0.7938885179178987,
    "modesty": 0.18491313979246823,
    "uncompromising": 0.834366752519953,
    "sympathy": 0.7804169713928371,
    "fiery": 0.2171134217304207,
    "prone_to_worry": 0.8928423797259055,
    "immoderation": 0.07258312399970321
}