{
    "id": "1",
    "extraversion": 0.7402848455084065,
    "active": 1,
    "assertive": 0.09591331334050845,
    "cheerful": 0.19667506086665762,
    "openness": 0.6907555824913011,
    "adventurous": 0.30668436066498783,
    "artistic": 0.22451176058766367,
    "emotionally_aware": 0.7063144585741007,
    "imaginative": 0.8015590223717621,
    "intellectual": 0.8105244459305545,
    "conscientiousness": 0.6573808006185934,
    "cautious": 0.736000668749543,
    "disciplined": 0.8798131680964673,
    "dutiful": 0.13036436400873552,
    "neuroticism": 0.6525114680097387,
    "melancholy": 0.7956865654486369,
    "self_conscious": 0.2585343935800044,
    "authority_challenging": 0.9149329683075412,
    "achievement_striving": 0.7956761162370299,
    "orderliness": 0.7672647098776398,
    "self_efficacy": 0.7787483934337155,
    "stress_prone": 0.8419870220791842,
    "agreeableness": 0.6421040532491824,
    "cooperative": 0.7965434008004096,
    "trusting": 0.20055171837284877,
    "excitement_seeking": 0.1489848590923815,
    "outgoing": 0.9467612668624152,
    "gregariousness": 0.7792708540140647,
    "altruism": 0.19181617746940996,
    "modesty": 0.15185839228430217,
    "uncompromising": 0.7555720420894244,
    "sympathy": 0.21974692009487884,
    "fiery": 0.19798121231753063,
    "prone_to_worry": 0.7660526013312297,
    "immoderation": 0
}