{
    "id": "1",
    "extraversion": 0.2259847559201722,
    "active": 1,
    "assertive": 0.029906324547623202,
    "cheerful": 0.12787572002094605,
    "openness": 0.3346250072729388,
    "adventurous": 0.24680281608192237,
    "artistic": 0.10571943911095594,
    "emotionally_aware": 0.2784895560598126,
    "imaginative": 0.8437656368185256,
    "intellectual": 0.84155466340839,
    "conscientiousness": 0.3043113981497644,
    "cautious": 0.19263396753360096,
    "disciplined": 0,
    "dutiful": 0.12175481468551812,
    "neuroticism": 0.6316169197649386,
    "melancholy": 0.9340431721650083,
    "self_conscious": 0.7885843951824052,
    "authority_challenging": 0.05032873683598069,
    "achievement_striving": 0.15899226159306448,
    "orderliness": 0.13634723919241284,
    "self_efficacy": 0.06935474486530516,
    "stress_prone": 0.8135567580147786,
    "agreeableness": 0.3607144935125385,
    "cooperative": 0.1682667132134753,
    "trusting": 0.09260487577820443,
    "excitement_seeking": 0.20558561703613193,
    "outgoing": 0.17015185896316984,
    "gregariousness": 0.7068249258160237,
    "altruism": 0.17159481003083724,
    "modesty": 0.05529760865770641,
    "uncompromising": 0.0383662070169314,
    "sympathy": 0.7892942340140804,
    "fiery": 0.8461278873567231,
    "prone_to_worry": 0.826229126665503,
    "immoderation": 0.06877290975737474
}