{
    "id": "1",
    "extraversion": 0.26652961646583856,
    "active": 1,
    "assertive": 0,
    "cheerful": 0.07575326010229229,
    "openness": 0.311681878413355,
    "adventurous": 0.15991529306864483,
    "artistic": 0.20489417825607745,
    "emotionally_aware": 0.7756257043430879,
    "imaginative": 0.9889534235718089,
    "intellectual": 0.9066489987492106,
    "conscientiousness": 0.6381131654881175,
    "cautious": 0.6744851329428228,
    "disciplined": 0.01097227210244087,
    "dutiful": 0.10788988098923823,
    "neuroticism": 0.7272535882797311,
    "melancholy": 0.8607908457070674,
    "self_conscious": 0.8925311768566793,
    "authority_challenging": 0.9517021882623933,
    "achievement_striving": 0.8216200819824393,
    "orderliness": 0.07159221786028307,
    "self_efficacy": 0.11986526148930635,
    "stress_prone": 0.9528662893658126,
    "agreeableness": 0.2585666695562793,
    "cooperative": 0.014873249204324536,
    "trusting": 0.03619859069462158,
    "excitement_seeking": 0.09827985485888367,
    "outgoing": 0.14016272647339287,
    "gregariousness": 0.20261551226640578,
    "altruism": 0.07410618088149698,
    "modesty": 0.06428562582818365,
    "uncompromising": 0.8084558322703685,
    "sympathy": 0.8164559313428029,
    "fiery": 0.90342914463337,
    "prone_to_worry": 0.9164695538025238,
    "immoderation": 0.8433540972643624
}