{
    "id": "1",
    "extraversion": 0.3145852201159655,
    "active": 0.32560923560580035,
    "assertive": 0.20570875363042998,
    "cheerful": 0.23109834171325067,
    "openness": 0.43940955414675786,
    "adventurous": 0.3178643182078428,
    "artistic": 0.28416768162559985,
    "emotionally_aware": 0.7707546089545403,
    "imaginative": 0.16124834743866004,
    "intellectual": 0.979419755785266,
    "conscientiousness": 0.35544382332427676,
    "cautious": 0.7592413312097269,
    "disciplined": 0,
    "dutiful": 0.8776427969145247,
    "neuroticism": 0.7048083028845653,
    "melancholy": 1,
    "self_conscious": 0.8609454212339819,
    "authority_challenging": 0.1599887573779707,
    "achievement_striving": 0.8435297669237896,
    "orderliness": 0.26261932273612104,
    "self_efficacy": 0.2332323579317739,
    "stress_prone": 0.8392409148163185,
    "agreeableness": 0.4461134880234846,
    "cooperative": 0.8037641964127707,
    "trusting": 0.139523021350572,
    "excitement_seeking": 0.30152087692451823,
    "outgoing": 0.28294973090575976,
    "gregariousness": 0.3556312003580983,
    "altruism": 0.9149100069745896,
    "modesty": 0.2717903875581649,
    "uncompromising": 0.8244277193092033,
    "sympathy": 0.204594901262713,
    "fiery": 0.879703944286562,
    "prone_to_worry": 0.8457158323183743,
    "immoderation": 0.9832609849786078
}