{
    "id": "1",
    "extraversion": 0.2447481049863353,
    "active": 0.014716650337750742,
    "assertive": 0,
    "cheerful": 0.6272160057752797,
    "openness": 0.5730315062135823,
    "adventurous": 0.04915175578817097,
    "artistic": 0.10515134326818956,
    "emotionally_aware": 0.6298251946578662,
    "imaginative": 0.9069767441860467,
    "intellectual": 0.8901459289434333,
    "conscientiousness": 0.30622389521992477,
    "cautious": 0.5979580260918889,
    "disciplined": 0.09525086371371114,
    "dutiful": 0.012324034445418467,
    "neuroticism": 0.5915742793791575,
    "melancholy": 0.7808900118599496,
    "self_conscious": 1,
    "authority_challenging": 0.7668746454906411,
    "achievement_striving": 0.02682411179291495,
    "orderliness": 0.08786675604599599,
    "self_efficacy": 0.6991388645387513,
    "stress_prone": 0.6351054504202548,
    "agreeableness": 0.24566596194503174,
    "cooperative": 0.07323260970453259,
    "trusting": 0.07504769762285361,
    "excitement_seeking": 0.1901510854432012,
    "outgoing": 0.07968854741401538,
    "gregariousness": 0.1060073222296705,
    "altruism": 0.028628886711700108,
    "modesty": 0.13610065487547052,
    "uncompromising": 0.7543546640540402,
    "sympathy": 0.6846697261898623,
    "fiery": 0.07122157479502915,
    "prone_to_worry": 0.7056876192440571,
    "immoderation": 0.752921157118548
}