{
    "id": "1",
    "extraversion": 0.729404449971133,
    "active": 0.8942354665363949,
    "assertive": 0.9625949282764134,
    "cheerful": 0.2333237109739308,
    "openness": 0.6668961229293423,
    "adventurous": 0.26222409734866986,
    "artistic": 0.8433961007238976,
    "emotionally_aware": 0.9236465781409602,
    "imaginative": 0.9243793578185372,
    "intellectual": 0.8497690633743394,
    "conscientiousness": 0.6738908380334858,
    "cautious": 0.790014211484656,
    "disciplined": 1,
    "dutiful": 0.059077585824044036,
    "neuroticism": 0.6902562508327041,
    "melancholy": 0.2369876093618155,
    "self_conscious": 0.7828640582670872,
    "authority_challenging": 0.8764711107163478,
    "achievement_striving": 0.8887396189545678,
    "orderliness": 0.1916107829639828,
    "self_efficacy": 0.8211906559488388,
    "stress_prone": 0.85192299151752,
    "agreeableness": 0.3575298663232225,
    "cooperative": 0.23949682462139718,
    "trusting": 0.2032464360261136,
    "excitement_seeking": 0.7653439623395657,
    "outgoing": 0.15890216281032107,
    "gregariousness": 0.30323755384820356,
    "altruism": 0.19635164542345784,
    "modesty": 0.23759825909312965,
    "uncompromising": 0.2489341386507972,
    "sympathy": 0,
    "fiery": 0.8695097037793668,
    "prone_to_worry": 0.8095439001643203,
    "immoderation": 0.8524781276368967
}