{
    "id": "1",
    "extraversion": 0.3817532977464985,
    "active": 0.196811101502003,
    "assertive": 0.09173053410073662,
    "cheerful": 0.8336961600015904,
    "openness": 0.418731796538733,
    "adventurous": 0.23374983846757924,
    "artistic": 0.1017902762452907,
    "emotionally_aware": 0.7107426515174108,
    "imaginative": 1,
    "intellectual": 0.32095746478593234,
    "conscientiousness": 0.3830952593962167,
    "cautious": 0.752900128231891,
    "disciplined": 0,
    "dutiful": 0.12312249624747765,
    "neuroticism": 0.709013012057774,
    "melancholy": 0.8850684400441357,
    "self_conscious": 0.8452270897325024,
    "authority_challenging": 0.15431564926092706,
    "achievement_striving": 0.2568713406693904,
    "orderliness": 0.3040686289128123,
    "self_efficacy": 0.18865992703704812,
    "stress_prone": 0.8348790743446755,
    "agreeableness": 0.41472579250290764,
    "cooperative": 0.08110418592630146,
    "trusting": 0.10823169216393805,
    "excitement_seeking": 0.7372936112685017,
    "outgoing": 0.3024582749331505,
    "gregariousness": 0.24639409934492396,
    "altruism": 0.3281543554110876,
    "modesty": 0.21569796916470346,
    "uncompromising": 0.26522132426763684,
    "sympathy": 0.8135070925158302,
    "fiery": 0.8514597560611935,
    "prone_to_worry": 0.8776031570890367,
    "immoderation": 0.8525730872076264
}