{
    "id": "1",
    "extraversion": 0.2804937469546857,
    "active": 0.86860484001949,
    "assertive": 0.025324521182893713,
    "cheerful": 0.18094476580752364,
    "openness": 0.6015042290825952,
    "adventurous": 0.19498756887095364,
    "artistic": 0.6989667795254931,
    "emotionally_aware": 0.67200559713147,
    "imaginative": 1,
    "intellectual": 0.9790982121662648,
    "conscientiousness": 0.197848602591172,
    "cautious": 0.17271148536375105,
    "disciplined": 0.8958533751452381,
    "dutiful": 0.056783398508264506,
    "neuroticism": 0.6830624305043664,
    "melancholy": 0.7662697867342986,
    "self_conscious": 0.8951412401144414,
    "authority_challenging": 0.8013892879899053,
    "achievement_striving": 0.7211928886445698,
    "orderliness": 0.02958483777064252,
    "self_efficacy": 0.8026011669019627,
    "stress_prone": 0.7827613348159069,
    "agreeableness": 0.2672130533101785,
    "cooperative": 0.7603478217413575,
    "trusting": 0.03769318224409987,
    "excitement_seeking": 0.8061243612648518,
    "outgoing": 0.7410577079246886,
    "gregariousness": 0.1739483514698717,
    "altruism": 0.7318999013005835,
    "modesty": 0.008907934683474682,
    "uncompromising": 0,
    "sympathy": 0.8082732599542733,
    "fiery": 0.11382916255419094,
    "prone_to_worry": 0.7985532414637498,
    "immoderation": 0.886383228595345
}