{
    "id": "1",
    "extraversion": 0.6734631147540984,
    "active": 0.22481785063752274,
    "assertive": 0.166313752276867,
    "cheerful": 0.7825136612021857,
    "openness": 0.39589025500910746,
    "adventurous": 0.7674066484517303,
    "artistic": 0.7592440801457194,
    "emotionally_aware": 0.7668260473588341,
    "imaginative": 1,
    "intellectual": 0.8382513661202184,
    "conscientiousness": 0.38589480874316934,
    "cautious": 0.32282559198542804,
    "disciplined": 0,
    "dutiful": 0.22349726775956283,
    "neuroticism": 0.7155851548269581,
    "melancholy": 0.2641279599271402,
    "self_conscious": 0.938217213114754,
    "authority_challenging": 0.9643784153005464,
    "achievement_striving": 0.27733378870673947,
    "orderliness": 0.8277891621129326,
    "self_efficacy": 0.8010701275045536,
    "stress_prone": 0.9244193989071038,
    "agreeableness": 0.6587090163934425,
    "cooperative": 0.259471766848816,
    "trusting": 0.16731557377049178,
    "excitement_seeking": 0.8498861566484517,
    "outgoing": 0.8309312386156646,
    "gregariousness": 0.8311247723132967,
    "altruism": 0.8402094717668488,
    "modesty": 0.224408014571949,
    "uncompromising": 0.8749886156648451,
    "sympathy": 0.8683401639344263,
    "fiery": 0.2791097449908925,
    "prone_to_worry": 0.8462887067395263,
    "immoderation": 0.9343237704918033
}