{
    "id": "1",
    "extraversion": 0.3089010626905017,
    "active": 1,
    "assertive": 0.17775352170689512,
    "cheerful": 0.16069074882609774,
    "openness": 0.32865145399126783,
    "adventurous": 0.1513304226048274,
    "artistic": 0.21350605486448634,
    "emotionally_aware": 0.706153719416756,
    "imaginative": 0.8920215833264684,
    "intellectual": 0.9114527555811845,
    "conscientiousness": 0.35744295246725427,
    "cautious": 0.7459016393442623,
    "disciplined": 0.038944723618090475,
    "dutiful": 0.20172584232638605,
    "neuroticism": 0.6562628717357278,
    "melancholy": 0.7612138561660764,
    "self_conscious": 0.7881312299200923,
    "authority_challenging": 0.17350070022242356,
    "achievement_striving": 0.7397026114177444,
    "orderliness": 0.21335159403575252,
    "self_efficacy": 0.20239517258423265,
    "stress_prone": 0.7882959881374084,
    "agreeableness": 0.3182099019688607,
    "cooperative": 0.19869841008320294,
    "trusting": 0,
    "excitement_seeking": 0.17673408023725184,
    "outgoing": 0.21411360079083946,
    "gregariousness": 0.2643133701293352,
    "altruism": 0.16692066891836232,
    "modesty": 0.14986819342614713,
    "uncompromising": 0.1547182634483895,
    "sympathy": 0.7810775187412472,
    "fiery": 0.9169000741411978,
    "prone_to_worry": 0.8656293763901475,
    "immoderation": 0.8181687124145317
}