{
    "id": "1",
    "extraversion": 0.21053406757055312,
    "active": 1,
    "assertive": 0.7950790832399173,
    "cheerful": 0.2005024015448439,
    "openness": 0.525083256282065,
    "adventurous": 0.16918822056573365,
    "artistic": 0.684542560938689,
    "emotionally_aware": 0.7833127408704477,
    "imaginative": 0.7359528037115529,
    "intellectual": 0.6562395162544085,
    "conscientiousness": 0.5354176724243739,
    "cautious": 0.6239188956984937,
    "disciplined": 0.9064093017927717,
    "dutiful": 0.7790824216736354,
    "neuroticism": 0.5423400129282483,
    "melancholy": 0.1934818718139642,
    "self_conscious": 0.7063323868982843,
    "authority_challenging": 0.15351885642280289,
    "achievement_striving": 0.6914894487493148,
    "orderliness": 0.17296850580543813,
    "self_efficacy": 0.7073633737818399,
    "stress_prone": 0.6547503129781612,
    "agreeableness": 0.2689893873810479,
    "cooperative": 0.753913249817941,
    "trusting": 0.154427106772602,
    "excitement_seeking": 0,
    "outgoing": 0.5983651493703617,
    "gregariousness": 0.5768944383985338,
    "altruism": 0.1517678152078748,
    "modesty": 0.17602873671377026,
    "uncompromising": 0.6301702764844985,
    "sympathy": 0.6513791495176455,
    "fiery": 0.6898693265037271,
    "prone_to_worry": 0.6254162814103247,
    "immoderation": 0.15664454681580525
}