{
    "id": "1",
    "extraversion": 0.7196980210386077,
    "active": 0.8699381054150822,
    "assertive": 0.09213411418579479,
    "cheerful": 0.8965277970523745,
    "openness": 0.7315218296372367,
    "adventurous": 0.8356185295178884,
    "artistic": 0.24444197729606704,
    "emotionally_aware": 0.2724194398956396,
    "imaginative": 0.9745066474229094,
    "intellectual": 1,
    "conscientiousness": 0.2824530239529268,
    "cautious": 0.8168419883982347,
    "disciplined": 0.10640039967803716,
    "dutiful": 0.08036581642565713,
    "neuroticism": 0.759943378944739,
    "melancholy": 0.9221876821449387,
    "self_conscious": 0.8724638485664327,
    "authority_challenging": 0.13923506064559102,
    "achievement_striving": 0.13326764550778541,
    "orderliness": 0.8427239168447639,
    "self_efficacy": 0.9752144106136723,
    "stress_prone": 0.8208665241888479,
    "agreeableness": 0.3066557495350967,
    "cooperative": 0.18268616947458988,
    "trusting": 0.07534208554220212,
    "excitement_seeking": 0.8614588248355491,
    "outgoing": 0.9425879152904605,
    "gregariousness": 0.879305559410475,
    "altruism": 0.8866329900913152,
    "modesty": 0,
    "uncompromising": 0.08247522828832327,
    "sympathy": 0.9032029753809432,
    "fiery": 0.11941769130422718,
    "prone_to_worry": 0.9431985345138638,
    "immoderation": 0.9603652613172722
}