{
    "id": "1",
    "extraversion": 0.03273030482141353,
    "active": 0.124050071772355,
    "assertive": 0.04084691378873597,
    "cheerful": 0.26088195558557803,
    "openness": 0.40233682344000676,
    "adventurous": 0.21514818880351264,
    "artistic": 0.1754728531622055,
    "emotionally_aware": 0.7283099721354387,
    "imaginative": 0.8731212530608798,
    "intellectual": 0.7609136198598327,
    "conscientiousness": 0.2209216414759774,
    "cautious": 0.7435615975681836,
    "disciplined": 0.16959385290889137,
    "dutiful": 0.15560879844633965,
    "neuroticism": 0.8033648568774804,
    "melancholy": 0.9187178079878409,
    "self_conscious": 0.9190133412142194,
    "authority_challenging": 0.13639913873174028,
    "achievement_striving": 0.22520687325846497,
    "orderliness": 0.24829012919023902,
    "self_efficacy": 0.21624588364434694,
    "stress_prone": 0.8530038841509753,
    "agreeableness": 0.6690555602465592,
    "cooperative": 0.15736088828844047,
    "trusting": 0,
    "excitement_seeking": 0.29230347040445837,
    "outgoing": 0.22969264544456644,
    "gregariousness": 0.2648716541416871,
    "altruism": 0.26871358608460694,
    "modesty": 0.2818331503841932,
    "uncompromising": 0.963353879929072,
    "sympathy": 0.9879042472346533,
    "fiery": 0.1612872582960399,
    "prone_to_worry": 0.2452925778941147,
    "immoderation": 1
}