{
    "id": "1",
    "extraversion": 0.2761886114028374,
    "active": 0.7495772441659695,
    "assertive": 0.1090354046885847,
    "cheerful": 0.14494740027412378,
    "openness": 0.5455597287242565,
    "adventurous": 0.11145623809608574,
    "artistic": 0.18724078392281815,
    "emotionally_aware": 0.6697609427010093,
    "imaginative": 0.8818864700332865,
    "intellectual": 0.7410687267484292,
    "conscientiousness": 0.5274301785364639,
    "cautious": 0.2312963918902081,
    "disciplined": 0.8630004094056498,
    "dutiful": 0.048888374659570334,
    "neuroticism": 0.5619003542248883,
    "melancholy": 0.75708894782748,
    "self_conscious": 1,
    "authority_challenging": 0.6960519055162961,
    "achievement_striving": 0.11886114028373591,
    "orderliness": 0.18134000249203439,
    "self_efficacy": 0.13944712437031634,
    "stress_prone": 0.7136919489488954,
    "agreeableness": 0.2566973424233254,
    "cooperative": 0.12019615870699016,
    "trusting": 0,
    "excitement_seeking": 0.13229142562167356,
    "outgoing": 0.1797913811210595,
    "gregariousness": 0.1708022570711476,
    "altruism": 0.11040602360312572,
    "modesty": 0.1357624735221346,
    "uncompromising": 0.6781181580305808,
    "sympathy": 0.6375691984549386,
    "fiery": 0.1345876573096709,
    "prone_to_worry": 0.7003061642250663,
    "immoderation": 0.12928318410794068
}