{
    "id": "1",
    "extraversion": 0.14100071091038346,
    "active": 0.09467653577551956,
    "assertive": 0,
    "cheerful": 0.7523104587462887,
    "openness": 0.35959519926399863,
    "adventurous": 0.17656713921298037,
    "artistic": 0.04807008740015887,
    "emotionally_aware": 0.6507548195542173,
    "imaginative": 1,
    "intellectual": 0.7641241165893029,
    "conscientiousness": 0.33615606573830126,
    "cautious": 0.6879730690419437,
    "disciplined": 0.03628779325053314,
    "dutiful": 0.8283465060845565,
    "neuroticism": 0.6685484882699786,
    "melancholy": 0.7766591393802534,
    "self_conscious": 0.7917346213356751,
    "authority_challenging": 0.03218960398109813,
    "achievement_striving": 0.19279262325931498,
    "orderliness": 0.21194538535524607,
    "self_efficacy": 0.7321226947685359,
    "stress_prone": 0.8559988290887801,
    "agreeableness": 0.31106511102747453,
    "cooperative": 0.08759879563417385,
    "trusting": 0.05527328231505872,
    "excitement_seeking": 0.6995462719023126,
    "outgoing": 0.013413206205829415,
    "gregariousness": 0.708317651486639,
    "altruism": 0.6986158156651193,
    "modesty": 0.17532304604190185,
    "uncompromising": 0.7414690753983189,
    "sympathy": 0.8606929285325973,
    "fiery": 0.14789026889139795,
    "prone_to_worry": 0.17484213607661103,
    "immoderation": 0.9486994521808221
}