{
    "id": "1",
    "extraversion": 0.6342249683386423,
    "active": 0.9130368039298462,
    "assertive": 0.8526179785342392,
    "cheerful": 0.7661536887080886,
    "openness": 0.3004438986324852,
    "adventurous": 0.7863657878241292,
    "artistic": 0.7792020058589504,
    "emotionally_aware": 0.7777180795947347,
    "imaginative": 0.8799171048086888,
    "intellectual": 0.8054009799030332,
    "conscientiousness": 0.6901792224738075,
    "cautious": 0.21290504151155798,
    "disciplined": 0,
    "dutiful": 0.02593033222038858,
    "neuroticism": 0.6517250642821508,
    "melancholy": 0.14093461769709995,
    "self_conscious": 0.11010477031124073,
    "authority_challenging": 0.9343362628084585,
    "achievement_striving": 0.9364470199946272,
    "orderliness": 0.18744803059958295,
    "self_efficacy": 0.8958565196812117,
    "stress_prone": 0.7774622302388355,
    "agreeableness": 0.320553658006166,
    "cooperative": 0.8571593046014508,
    "trusting": 1,
    "excitement_seeking": 0.8432283071727368,
    "outgoing": 0.9191260186002482,
    "gregariousness": 0.7632114211152474,
    "altruism": 0.853692545829016,
    "modesty": 0.14791930511314938,
    "uncompromising": 0.7899093014033338,
    "sympathy": 0.8215834516636604,
    "fiery": 0.7555999027772448,
    "prone_to_worry": 0.8888718322651623,
    "immoderation": 0.8817975975745482
}