{
    "id": "1",
    "extraversion": 0.342992660905683,
    "active": 0.8781481546665729,
    "assertive": 0.2684401344620638,
    "cheerful": 0.2536827469684437,
    "openness": 0.6456819021806087,
    "adventurous": 0.7589802706841021,
    "artistic": 0.3100547352118129,
    "emotionally_aware": 0.7709304986008202,
    "imaginative": 0.9410584487583379,
    "intellectual": 0.8347207800207678,
    "conscientiousness": 0.38803041236206204,
    "cautious": 0.7135729245498865,
    "disciplined": 0.2089529910769285,
    "dutiful": 0.17720304827610484,
    "neuroticism": 0.6662912054066422,
    "melancholy": 0.8303560428729827,
    "self_conscious": 1,
    "authority_challenging": 0.2622626234182228,
    "achievement_striving": 0.765016983755434,
    "orderliness": 0.275057639169996,
    "self_efficacy": 0.29593973846776606,
    "stress_prone": 0.7387141625160598,
    "agreeableness": 0.4174835882363294,
    "cooperative": 0.2837519139724388,
    "trusting": 0,
    "excitement_seeking": 0.26342420669142363,
    "outgoing": 0.2983157042538588,
    "gregariousness": 0.32879846530209966,
    "altruism": 0.24285890283179923,
    "modesty": 0.12974533166722402,
    "uncompromising": 0.811964307713969,
    "sympathy": 0.7364173955895035,
    "fiery": 0.3222161600872948,
    "prone_to_worry": 0.9023742058114365,
    "immoderation": 0.8093771449691125
}