{
    "id": "1",
    "extraversion": 0.3278188491960916,
    "active": 0.7279119061159075,
    "assertive": 0.09727550018094401,
    "cheerful": 0.8238018921573697,
    "openness": 0.6412759137672542,
    "adventurous": 0.7684537041823916,
    "artistic": 0.7506591531820297,
    "emotionally_aware": 0.696706819004291,
    "imaginative": 0.8019128366851057,
    "intellectual": 0.8360337072842889,
    "conscientiousness": 0.6910200072377605,
    "cautious": 0.21776353202708987,
    "disciplined": 0.1667373209946751,
    "dutiful": 0.058501783590963106,
    "neuroticism": 0.6476968412345552,
    "melancholy": 0.846683554774337,
    "self_conscious": 0.8296644781057748,
    "authority_challenging": 1,
    "achievement_striving": 0.7308483689189889,
    "orderliness": 0,
    "self_efficacy": 0.18533836530010853,
    "stress_prone": 0.7230936256009926,
    "agreeableness": 0.3249754433128264,
    "cooperative": 0.17971359148012198,
    "trusting": 0.1071291940236778,
    "excitement_seeking": 0.7016905340433233,
    "outgoing": 0.8086232745696118,
    "gregariousness": 0.7572351755156905,
    "altruism": 0.1701907666856227,
    "modesty": 0.09956056454531353,
    "uncompromising": 0.23594065036447293,
    "sympathy": 0.15136224990952796,
    "fiery": 0.8902755518792328,
    "prone_to_worry": 0.8083027451791346,
    "immoderation": 0.8826862430853539
}