{
    "id": "1",
    "extraversion": 0.2766569477330098,
    "active": 1,
    "assertive": 0.17137937107410522,
    "cheerful": 0.7008590493708785,
    "openness": 0.28302643680410156,
    "adventurous": 0.13185135902001838,
    "artistic": 0.23117038138661136,
    "emotionally_aware": 0.7054184685830577,
    "imaginative": 0.9861456274582706,
    "intellectual": 0.7168268007749056,
    "conscientiousness": 0.6182318063518777,
    "cautious": 0.7668042972036867,
    "disciplined": 0.06458524939827409,
    "dutiful": 0.7865585190693306,
    "neuroticism": 0.7044987574115023,
    "melancholy": 0.09849715280903272,
    "self_conscious": 0.7987887208187388,
    "authority_challenging": 0.12805510439700213,
    "achievement_striving": 0.14777018961704794,
    "orderliness": 0.7996203745376984,
    "self_efficacy": 0.7486742461303643,
    "stress_prone": 0.8184353169089877,
    "agreeableness": 0.3655754065319062,
    "cooperative": 0.8045320235602607,
    "trusting": 0.7744946480637145,
    "excitement_seeking": 0.08049429583390409,
    "outgoing": 0.7649355223763772,
    "gregariousness": 0.24095454278613782,
    "altruism": 0.7336457742206915,
    "modesty": 0.09864391523002566,
    "uncompromising": 0.7656889028041407,
    "sympathy": 0.7188325538618086,
    "fiery": 0.18919632898264288,
    "prone_to_worry": 0.7330978611823181,
    "immoderation": 0
}