{
    "id": "1",
    "extraversion": 0.499251257371242,
    "active": 0.713928678391804,
    "assertive": 0.657902074791643,
    "cheerful": 0.6237800658893512,
    "openness": 0.50322733891706,
    "adventurous": 0.03992605521073229,
    "artistic": 0.03016658232554298,
    "emotionally_aware": 0.5888112032552231,
    "imaginative": 1,
    "intellectual": 0.6526970225862087,
    "conscientiousness": 0.5098988939264063,
    "cautious": 0.7351310041413213,
    "disciplined": 0.8138884012021191,
    "dutiful": 0.7616623119106878,
    "neuroticism": 0.5202470334300674,
    "melancholy": 0.02605624348077536,
    "self_conscious": 0.6637680860072911,
    "authority_challenging": 0.6935628788895888,
    "achievement_striving": 0.6629315597599892,
    "orderliness": 0.6672587757799832,
    "self_efficacy": 0.6011628747585951,
    "stress_prone": 0.7242148529882575,
    "agreeableness": 0.22311497588532356,
    "cooperative": 0.7616106744880149,
    "trusting": 0.7901145318034887,
    "excitement_seeking": 0.12984746305342404,
    "outgoing": 0.6719990911813609,
    "gregariousness": 0.14464674839149427,
    "altruism": 0.019260758657013908,
    "modesty": 0.6322176207541128,
    "uncompromising": 0.6057895878300922,
    "sympathy": 0.5993865474186452,
    "fiery": 0.05438453355916097,
    "prone_to_worry": 0.06757273130983485,
    "immoderation": 0
}