{
    "id": "1",
    "extraversion": 0.24378096082699563,
    "active": 0.1767040212123655,
    "assertive": 0.09357448066431968,
    "cheerful": 0.14986607902681107,
    "openness": 0.5686580133114759,
    "adventurous": 0.19488860820725057,
    "artistic": 0.14242204366092465,
    "emotionally_aware": 0.6606469413166358,
    "imaginative": 0.7311637239884263,
    "intellectual": 0.7458815941522667,
    "conscientiousness": 0.24523214461673518,
    "cautious": 0.2062920462587228,
    "disciplined": 0.6943018641441151,
    "dutiful": 0.049510449419078624,
    "neuroticism": 0.6159558553474331,
    "melancholy": 0.7564519452133329,
    "self_conscious": 1,
    "authority_challenging": 0.6816532745693478,
    "achievement_striving": 0.05221574265674129,
    "orderliness": 0.08450906094076127,
    "self_efficacy": 0.10086623131152977,
    "stress_prone": 0.7978913045425635,
    "agreeableness": 0.2826583537126119,
    "cooperative": 0.07016742361129774,
    "trusting": 0,
    "excitement_seeking": 0.18298352637660906,
    "outgoing": 0.1669667571417054,
    "gregariousness": 0.19487965028262252,
    "altruism": 0.09772199976709398,
    "modesty": 0.1130400508810119,
    "uncompromising": 0.6945258122598156,
    "sympathy": 0.15385235548628096,
    "fiery": 0.739503551817115,
    "prone_to_worry": 0.8081122965431369,
    "immoderation": 0.7386435910528248
}