{
    "id": "1",
    "extraversion": 0.3152907660865795,
    "active": 0.9748807828079519,
    "assertive": 0,
    "cheerful": 0.7966928841270825,
    "openness": 0.2998823310831733,
    "adventurous": 0.7747816931937821,
    "artistic": 0.20225428872236328,
    "emotionally_aware": 0.6731405214590946,
    "imaginative": 1,
    "intellectual": 0.8879172601721682,
    "conscientiousness": 0.2654610763609339,
    "cautious": 0.19511983650213663,
    "disciplined": 0.019087136929460555,
    "dutiful": 0.8634916702793088,
    "neuroticism": 0.7070787143122562,
    "melancholy": 0.05853718957081814,
    "self_conscious": 0.8947792159534278,
    "authority_challenging": 0.024623769121198995,
    "achievement_striving": 0.18072707004397104,
    "orderliness": 0.9100514027373505,
    "self_efficacy": 0.7865981296835325,
    "stress_prone": 0.9264878924877686,
    "agreeableness": 0.32804855391094323,
    "cooperative": 0.12086455688363164,
    "trusting": 0.8417291137672632,
    "excitement_seeking": 0.8612373815569455,
    "outgoing": 0.8186164612621539,
    "gregariousness": 0.1923948721124667,
    "altruism": 0.7669288412708244,
    "modesty": 0.13120703536260608,
    "uncompromising": 0.08134018703164675,
    "sympathy": 0.8714436118164365,
    "fiery": 0.8094506719514462,
    "prone_to_worry": 0.8622902087074997,
    "immoderation": 0.9033256951755745
}