{
    "id": "1",
    "extraversion": 0.3097210729735108,
    "active": 0.9290061064384695,
    "assertive": 0,
    "cheerful": 0.22366532946487488,
    "openness": 0.35428864705204616,
    "adventurous": 0.19123731316707338,
    "artistic": 0.1951651252186482,
    "emotionally_aware": 0.71133199962293,
    "imaginative": 0.8721209137661957,
    "intellectual": 0.7905585872445613,
    "conscientiousness": 0.6220921098111508,
    "cautious": 0.7828286531270622,
    "disciplined": 1,
    "dutiful": 0.8865228912886366,
    "neuroticism": 0.6960606663664073,
    "melancholy": 0.770008274590722,
    "self_conscious": 0.7610423889476606,
    "authority_challenging": 0.8216144878656794,
    "achievement_striving": 0.2512961779770197,
    "orderliness": 0.16402543127376323,
    "self_efficacy": 0.7582038901050558,
    "stress_prone": 0.8431912687356635,
    "agreeableness": 0.3289830632744336,
    "cooperative": 0.7725953934620259,
    "trusting": 0.12166790610958071,
    "excitement_seeking": 0.10228022582300751,
    "outgoing": 0.7196380128413269,
    "gregariousness": 0.6795533815843222,
    "altruism": 0.15766761283294753,
    "modesty": 0.14542331339750503,
    "uncompromising": 0.7434562651220764,
    "sympathy": 0.7636399819844354,
    "fiery": 0.8633749855980225,
    "prone_to_worry": 0.8177809433033423,
    "immoderation": 0.16179443402846877
}