{
    "id": "1",
    "extraversion": 0.35658843002395413,
    "active": 0.28695678993307216,
    "assertive": 0.20572844380018296,
    "cheerful": 0.16400908819870663,
    "openness": 0.38987755605588625,
    "adventurous": 0.24570006888114398,
    "artistic": 0.24913384531556812,
    "emotionally_aware": 0.7100515066465164,
    "imaginative": 0.918257615478724,
    "intellectual": 0.9127162816519138,
    "conscientiousness": 0.702484861569462,
    "cautious": 0.9004307641694682,
    "disciplined": 0.16443059967718388,
    "dutiful": 0,
    "neuroticism": 0.7283821155763912,
    "melancholy": 0.86535278454595,
    "self_conscious": 0.9110713588090759,
    "authority_challenging": 0.9676155815316289,
    "achievement_striving": 0.23609783178607777,
    "orderliness": 0.30080498411621376,
    "self_efficacy": 0.27016829616835786,
    "stress_prone": 0.8516588018793244,
    "agreeableness": 0.3815912572350903,
    "cooperative": 0.1986963986470509,
    "trusting": 0.1740945213788565,
    "excitement_seeking": 0.168255045286782,
    "outgoing": 0.1802527012717309,
    "gregariousness": 0.7858824497013437,
    "altruism": 0.8641602154848924,
    "modesty": 0.21679054991826785,
    "uncompromising": 0.8430126761866577,
    "sympathy": 0.8177219874780248,
    "fiery": 0.967646423834932,
    "prone_to_worry": 1,
    "immoderation": 0.1679569030215176
}