{
    "id": "1",
    "extraversion": 0.35527144710024083,
    "active": 0.7910073497622137,
    "assertive": 0,
    "cheerful": 0.8519794947810512,
    "openness": 0.3542708912358717,
    "adventurous": 0.2397257735779136,
    "artistic": 0.7661540361929468,
    "emotionally_aware": 0.7723797171267988,
    "imaginative": 0.9678710394663701,
    "intellectual": 0.8682107343585943,
    "conscientiousness": 0.34740287814217774,
    "cautious": 0.7873139398431227,
    "disciplined": 0.10892471125934158,
    "dutiful": 0.022308690012970124,
    "neuroticism": 0.703798406522142,
    "melancholy": 0.2030263726761781,
    "self_conscious": 0.8565375826076215,
    "authority_challenging": 0.017713544561793543,
    "achievement_striving": 0.1570996232474831,
    "orderliness": 0.08639367549873386,
    "self_efficacy": 0.7981718238527576,
    "stress_prone": 0.9231548391081463,
    "agreeableness": 0.26340559570131555,
    "cooperative": 0.07417701192020257,
    "trusting": 0.8818355876721634,
    "excitement_seeking": 0.8798344759434253,
    "outgoing": 0.8893582854672348,
    "gregariousness": 0.7561608300907912,
    "altruism": 0.8902847260823914,
    "modesty": 0.18002594033722435,
    "uncompromising": 0.9245630288431845,
    "sympathy": 0.8222963374714346,
    "fiery": 0.8987956272002964,
    "prone_to_worry": 0.8666543141251313,
    "immoderation": 1
}