{
    "id": "1",
    "extraversion": 0.44259579851516456,
    "active": 0.2737040982787895,
    "assertive": 0.20588773845590436,
    "cheerful": 0.3213786330192762,
    "openness": 0.4252588474215134,
    "adventurous": 0.7027249725338748,
    "artistic": 0.39017711489163365,
    "emotionally_aware": 0.8729816559576521,
    "imaginative": 0.19861337683523653,
    "intellectual": 0.8349202650064921,
    "conscientiousness": 0.3447664547058627,
    "cautious": 0.19062323134800413,
    "disciplined": 0.26768651995871756,
    "dutiful": 0.21978726237640245,
    "neuroticism": 0.7973832273529313,
    "melancholy": 1,
    "self_conscious": 0.9799081133268968,
    "authority_challenging": 0.804915604088291,
    "achievement_striving": 0.20413157106235638,
    "orderliness": 0.26733695109365113,
    "self_efficacy": 0.2438159603156107,
    "stress_prone": 0.8065802177314645,
    "agreeableness": 0.7138612378067051,
    "cooperative": 0.2456969737323967,
    "trusting": 0,
    "excitement_seeking": 0.7678696274594665,
    "outgoing": 0.24047008689283217,
    "gregariousness": 0.36958584412557843,
    "altruism": 0.2589889136731364,
    "modesty": 0.34151213503345873,
    "uncompromising": 0.7956520291640309,
    "sympathy": 0.8125228884375935,
    "fiery": 0.8036172054466157,
    "prone_to_worry": 0.8503928488197888,
    "immoderation": 0.8404551053700435
}