{
    "id": "1",
    "extraversion": 0.29144591327606606,
    "active": 0.1879224319736639,
    "assertive": 0,
    "cheerful": 0.6953654647394681,
    "openness": 0.6129417211048814,
    "adventurous": 0.6783807417313924,
    "artistic": 0.6790288565403014,
    "emotionally_aware": 0.6732266858700685,
    "imaginative": 1,
    "intellectual": 0.8490303996707989,
    "conscientiousness": 0.6161720076127771,
    "cautious": 0.2283421634689574,
    "disciplined": 0.11485005915333575,
    "dutiful": 0.08924438043310529,
    "neuroticism": 0.6044956535157657,
    "melancholy": 0.13983848567460522,
    "self_conscious": 0.8306054215318143,
    "authority_challenging": 0.07681703616069134,
    "achievement_striving": 0.12225708554086724,
    "orderliness": 0.22058536083534802,
    "self_efficacy": 0.2097114345969858,
    "stress_prone": 0.7309294789362688,
    "agreeableness": 0.3479244894809938,
    "cooperative": 0.13705056324263157,
    "trusting": 0.1853711228846253,
    "excitement_seeking": 0.7124839257239854,
    "outgoing": 0.7577593745177718,
    "gregariousness": 0.19786019237693536,
    "altruism": 0.7318142070881127,
    "modesty": 0.18131783344478167,
    "uncompromising": 0.8692865593333676,
    "sympathy": 0.7479244894809938,
    "fiery": 0.20710868782470038,
    "prone_to_worry": 0.721012293606296,
    "immoderation": 0.758654390206265
}