{
    "id": "1",
    "extraversion": 0.3029575250380678,
    "active": 1,
    "assertive": 0.11410426235190707,
    "cheerful": 0.1340604379959642,
    "openness": 0.34553152506282725,
    "adventurous": 0.1763249439815789,
    "artistic": 0.11976181338747414,
    "emotionally_aware": 0.7346274310756775,
    "imaginative": 0.8083365314384044,
    "intellectual": 0.9206085890785745,
    "conscientiousness": 0.3243497530237568,
    "cautious": 0.7300345395347686,
    "disciplined": 0.8953291159612266,
    "dutiful": 0.06319868279336938,
    "neuroticism": 0.6310088267699964,
    "melancholy": 0.09413570694628422,
    "self_conscious": 0.8462805006375577,
    "authority_challenging": 0.07538036817410897,
    "achievement_striving": 0.18931131386409497,
    "orderliness": 0.8073461505131412,
    "self_efficacy": 0.18011315102071135,
    "stress_prone": 0.8083489111999703,
    "agreeableness": 0.33830174430840465,
    "cooperative": 0.7938150711217302,
    "trusting": 0,
    "excitement_seeking": 0.1118635255084987,
    "outgoing": 0.8754843581712616,
    "gregariousness": 0.18309667355806727,
    "altruism": 0.21265954417717914,
    "modesty": 0.7740445919011599,
    "uncompromising": 0.12638498582517302,
    "sympathy": 0.12893521670772623,
    "fiery": 0.8023571066021269,
    "prone_to_worry": 0.9305619173774713,
    "immoderation": 0.12991321787142376
}