{
    "id": "1",
    "extraversion": 0.6767817244995669,
    "active": 1,
    "assertive": 0.14802106607085863,
    "cheerful": 0.6937554147097715,
    "openness": 0.6262482330947061,
    "adventurous": 0.7095663672427158,
    "artistic": 0.19934111531621906,
    "emotionally_aware": 0.6937098171538005,
    "imaginative": 0.7901144498654872,
    "intellectual": 0.7924399252200082,
    "conscientiousness": 0.24525785417901602,
    "cautious": 0.24065250102594501,
    "disciplined": 0.8549085769002781,
    "dutiful": 0,
    "neuroticism": 0.6667844603529252,
    "melancholy": 0.7557680908303315,
    "self_conscious": 0.7627787150608728,
    "authority_challenging": 0.8195704710227533,
    "achievement_striving": 0.8212005836487165,
    "orderliness": 0.1725753499612421,
    "self_efficacy": 0.8252473667411427,
    "stress_prone": 0.802665177146505,
    "agreeableness": 0.32503077835028044,
    "cooperative": 0.1621107108658976,
    "trusting": 0.8206648123660572,
    "excitement_seeking": 0.7863526514978798,
    "outgoing": 0.8620103962427614,
    "gregariousness": 0.8229104919976289,
    "altruism": 0.8261707172495554,
    "modesty": 0.15774474488167434,
    "uncompromising": 0.7579225753499612,
    "sympathy": 0.19246728375359082,
    "fiery": 0.8331471433131185,
    "prone_to_worry": 0.8123432584013497,
    "immoderation": 0.14094204550636089
}