{
    "id": "1",
    "extraversion": 0.2132091344935586,
    "active": 1,
    "assertive": 0.7760062437283979,
    "cheerful": 0.5459917493589029,
    "openness": 0.5211891464539474,
    "adventurous": 0.00822023332894105,
    "artistic": 0.6940978521979749,
    "emotionally_aware": 0.6620176567773848,
    "imaginative": 0.719316027934603,
    "intellectual": 0.6456785493467397,
    "conscientiousness": 0.18945053162914682,
    "cautious": 0.5704700027366991,
    "disciplined": 0.8557658196413911,
    "dutiful": 0.752582126313869,
    "neuroticism": 0.5221317872672538,
    "melancholy": 0.043827729857387566,
    "self_conscious": 0.6867594441459979,
    "authority_challenging": 0.6459927629511752,
    "achievement_striving": 0.702206590376955,
    "orderliness": 0.6517702389036986,
    "self_efficacy": 0.6111251887815607,
    "stress_prone": 0.7512340485916136,
    "agreeableness": 0.186237444125726,
    "cooperative": 0.6458305881875956,
    "trusting": 0,
    "excitement_seeking": 0.5969348969683455,
    "outgoing": 0.6399112093169401,
    "gregariousness": 0.12704365541917106,
    "altruism": 0.6180682958473125,
    "modesty": 0.5807579643012801,
    "uncompromising": 0.06416039084118019,
    "sympathy": 0.5727911290404322,
    "fiery": 0.6541724525892214,
    "prone_to_worry": 0.619375829878673,
    "immoderation": 0.6606290353642343
}