{
    "id": "1",
    "extraversion": 0.3225246513798939,
    "active": 0.9388091487251299,
    "assertive": 0.009539646420444586,
    "cheerful": 0.1493377676643912,
    "openness": 0.7103535795554,
    "adventurous": 0.7883482116809617,
    "artistic": 0.17531652955248267,
    "emotionally_aware": 0.7807194118676702,
    "imaginative": 0.9341268452068384,
    "intellectual": 0.9112112725363207,
    "conscientiousness": 0.6984946612987923,
    "cautious": 0.7869770698407142,
    "disciplined": 0.02864811249197735,
    "dutiful": 0.057369158060563676,
    "neuroticism": 0.751604527685396,
    "melancholy": 1,
    "self_conscious": 0.908731547931618,
    "authority_challenging": 0.9815041717719821,
    "achievement_striving": 0.8900315070890951,
    "orderliness": 0.10519866970068269,
    "self_efficacy": 0.9706954898185426,
    "stress_prone": 0.9880827352821051,
    "agreeableness": 0.2735865569753195,
    "cooperative": 0.013550965633934332,
    "trusting": 0.023732423128537267,
    "excitement_seeking": 0.8429896726763523,
    "outgoing": 0.9348270027422838,
    "gregariousness": 0.8082881148258358,
    "altruism": 0.1695548165003793,
    "modesty": 0,
    "uncompromising": 0.09552774374234202,
    "sympathy": 0.9289194235369626,
    "fiery": 0.9549857051169848,
    "prone_to_worry": 0.992225334033491,
    "immoderation": 0.08476282163486784
}