{
    "id": "1",
    "extraversion": 0.3919418889703022,
    "active": 0.9479135571295467,
    "assertive": 0.8482907722507168,
    "cheerful": 0.1886618361420934,
    "openness": 0.37317159217346463,
    "adventurous": 0.29003048477118326,
    "artistic": 0.28767854396772413,
    "emotionally_aware": 0.8017223443422254,
    "imaginative": 0.21195509602250623,
    "intellectual": 0.7508751933566719,
    "conscientiousness": 0.3269469094593249,
    "cautious": 0.3251105864473934,
    "disciplined": 0,
    "dutiful": 0.19415271332555378,
    "neuroticism": 0.7105936841343501,
    "melancholy": 0.8353731896840259,
    "self_conscious": 1,
    "authority_challenging": 0.8183216188589468,
    "achievement_striving": 0.7777506399992763,
    "orderliness": 0.21722887097795507,
    "self_efficacy": 0.20907849150135233,
    "stress_prone": 0.756655540177481,
    "agreeableness": 0.353315784236569,
    "cooperative": 0.10960948736736406,
    "trusting": 0.1543054085592553,
    "excitement_seeking": 0.3188236677612237,
    "outgoing": 0.17563570246139645,
    "gregariousness": 0.2776013822175183,
    "altruism": 0.25531222014165916,
    "modesty": 0.13190769536939034,
    "uncompromising": 0.7359946448117091,
    "sympathy": 0.18001393072629737,
    "fiery": 0.8855057125023745,
    "prone_to_worry": 0.8456945914407447,
    "immoderation": 0.85196341827458
}