{
    "id": "1",
    "extraversion": 0.3398807324924798,
    "active": 1,
    "assertive": 0.8652488257955565,
    "cheerful": 0.7758826323288828,
    "openness": 0.6208243179059582,
    "adventurous": 0.25636181328830016,
    "artistic": 0.26568156630956774,
    "emotionally_aware": 0.8468309673333686,
    "imaginative": 0.9626998786215633,
    "intellectual": 0.7840202649216319,
    "conscientiousness": 0.6605625626682148,
    "cautious": 0.8789170932503035,
    "disciplined": 0,
    "dutiful": 0.9042376906433057,
    "neuroticism": 0.7094094675180749,
    "melancholy": 0.1374320544619769,
    "self_conscious": 0.21491371576336482,
    "authority_challenging": 0.8375745421922003,
    "achievement_striving": 0.9202490896617237,
    "orderliness": 0.877217795134308,
    "self_efficacy": 0.8622407514908439,
    "stress_prone": 0.8636234102063434,
    "agreeableness": 0.6599820571006386,
    "cooperative": 0.9363554805002904,
    "trusting": 0.9730328777244183,
    "excitement_seeking": 0.785804000211093,
    "outgoing": 0.8005488416275266,
    "gregariousness": 0.7242915193413901,
    "altruism": 0.8173096205604518,
    "modesty": 0.15351733600717715,
    "uncompromising": 0.1909335584991292,
    "sympathy": 0.16247823104121586,
    "fiery": 0.8159480711383187,
    "prone_to_worry": 0.8325399757243127,
    "immoderation": 0.8277798300701885
}