{
    "id": "1",
    "extraversion": 0.18032742130695517,
    "active": 0.2264102867438961,
    "assertive": 0.1257359699332963,
    "cheerful": 0.21295125080763316,
    "openness": 0.3777175149469009,
    "adventurous": 0.309175622673789,
    "artistic": 0.26893501624366406,
    "emotionally_aware": 0.8429142134335557,
    "imaginative": 0.7694491714366315,
    "intellectual": 0.8164602462484871,
    "conscientiousness": 0.7235392077459982,
    "cautious": 0.31981363011766417,
    "disciplined": 0.7904885839346978,
    "dutiful": 0.19856400549645548,
    "neuroticism": 0.6841904103231442,
    "melancholy": 0.9349616431125956,
    "self_conscious": 1,
    "authority_challenging": 0.8288727716149934,
    "achievement_striving": 0.19429606239023015,
    "orderliness": 0.22693809207472995,
    "self_efficacy": 0.16112622737489649,
    "stress_prone": 0.7424400986449964,
    "agreeableness": 0.3796922348915724,
    "cooperative": 0.13361664952816021,
    "trusting": 0,
    "excitement_seeking": 0.29918372175558977,
    "outgoing": 0.7855017335675091,
    "gregariousness": 0.081354821683699,
    "altruism": 0.20058422590068156,
    "modesty": 0.14745788932468215,
    "uncompromising": 0.7630245065475161,
    "sympathy": 0.839701880988998,
    "fiery": 0.30224135263766166,
    "prone_to_worry": 0.8732357196807687,
    "immoderation": 0.8339961233608459
}