{
    "id": "1",
    "extraversion": 0.6980172908120507,
    "active": 1,
    "assertive": 0.042091217855410035,
    "cheerful": 0.17190463587843502,
    "openness": 0.37046226456706804,
    "adventurous": 0.2347712937232588,
    "artistic": 0.24185082263684882,
    "emotionally_aware": 0.8095033302456882,
    "imaginative": 0.9029597282872391,
    "intellectual": 0.8612103568435445,
    "conscientiousness": 0.36140884830841163,
    "cautious": 0.7328966521106258,
    "disciplined": 0.16825459838560278,
    "dutiful": 0.11746283798685545,
    "neuroticism": 0.6831745401614396,
    "melancholy": 0.9173613867937012,
    "self_conscious": 0.9067090115125049,
    "authority_challenging": 0.07938555864320056,
    "achievement_striving": 0.0922875038595563,
    "orderliness": 0.06920735741696443,
    "self_efficacy": 0.8113338626439063,
    "stress_prone": 0.8543293193948215,
    "agreeableness": 0.3410083366415244,
    "cooperative": 0,
    "trusting": 0.04299545675091529,
    "excitement_seeking": 0.1488024348286357,
    "outgoing": 0.7998213576816197,
    "gregariousness": 0.8091725111375765,
    "altruism": 0.19152220898945788,
    "modesty": 0.028847426227338907,
    "uncompromising": 0.24533545057562522,
    "sympathy": 0.9297560760442856,
    "fiery": 0.9564531780688986,
    "prone_to_worry": 0.9485686559922367,
    "immoderation": 0.9240329054739533
}