{
    "id": "1",
    "extraversion": 0.31890702179667935,
    "active": 1,
    "assertive": 0.17753795908431635,
    "cheerful": 0.20548111934924385,
    "openness": 0.3334110940939012,
    "adventurous": 0.17700039556560812,
    "artistic": 0.2040611402432221,
    "emotionally_aware": 0.689744708042153,
    "imaginative": 0.7748724554481556,
    "intellectual": 0.7613826539409492,
    "conscientiousness": 0.340977554187417,
    "cautious": 0.7762620064304768,
    "disciplined": 0.9306035925471383,
    "dutiful": 0.20559268913614556,
    "neuroticism": 0.7160853204588562,
    "melancholy": 0.740782814195734,
    "self_conscious": 0.7467264410252249,
    "authority_challenging": 0.8352215674540788,
    "achievement_striving": 0.765946872496019,
    "orderliness": 0.7495663992372684,
    "self_efficacy": 0.7680666984471515,
    "stress_prone": 0.7188542797155986,
    "agreeableness": 0.39524104145324723,
    "cooperative": 0.7574675686914892,
    "trusting": 0.8138610246163521,
    "excitement_seeking": 0.06617102634061243,
    "outgoing": 0.789873520432485,
    "gregariousness": 0.7067134583591127,
    "altruism": 0.8373008225736107,
    "modesty": 0.76274177679957,
    "uncompromising": 0.79803840029211,
    "sympathy": 0.7714746483016036,
    "fiery": 0.1975495217713225,
    "prone_to_worry": 0.8398263568407494,
    "immoderation": 0
}