{
    "id": "1",
    "extraversion": 0.35046546789269994,
    "active": 0.17243707387579285,
    "assertive": 0,
    "cheerful": 0.19438395633445224,
    "openness": 0.335403136083984,
    "adventurous": 0.25074408299496975,
    "artistic": 0.10522712360811312,
    "emotionally_aware": 0.6864866920875213,
    "imaginative": 0.7966014662951799,
    "intellectual": 0.8649905384973805,
    "conscientiousness": 0.6277112672708083,
    "cautious": 0.21428639350341852,
    "disciplined": 0.12994113899375256,
    "dutiful": 0.05502885996025217,
    "neuroticism": 0.6479465211148409,
    "melancholy": 0.9112615653794587,
    "self_conscious": 0.8637828894192825,
    "authority_challenging": 0.16915645236442478,
    "achievement_striving": 0.21809001264703368,
    "orderliness": 0.24867111056169952,
    "self_efficacy": 0.1486549451803391,
    "stress_prone": 0.7876344341641073,
    "agreeableness": 0.3702442874394987,
    "cooperative": 0.06870287078154863,
    "trusting": 0.13452450006180883,
    "excitement_seeking": 0.20668866426404728,
    "outgoing": 0.8474938904367507,
    "gregariousness": 0.21144318819356622,
    "altruism": 0.12574764888791684,
    "modesty": 0.0959843290891283,
    "uncompromising": 0.17534684252065844,
    "sympathy": 1,
    "fiery": 0.7756435248138606,
    "prone_to_worry": 0.8175974439679355,
    "immoderation": 0.963846600039938
}