{
    "id": "1",
    "extraversion": 0.30593178851174935,
    "active": 0.8233620267624021,
    "assertive": 0.924842934073107,
    "cheerful": 0.6748633322454308,
    "openness": 0.5877325391644909,
    "adventurous": 0.6657861455613576,
    "artistic": 0.7517644419060052,
    "emotionally_aware": 0.1551994941253264,
    "imaginative": 0.7899702186684073,
    "intellectual": 0.7689295039164491,
    "conscientiousness": 0.5680992983028721,
    "cautious": 0.644786227154047,
    "disciplined": 0.8723380385117493,
    "dutiful": 0.7780474869451698,
    "neuroticism": 0.5726378916449086,
    "melancholy": 0,
    "self_conscious": 0.1365861618798956,
    "authority_challenging": 0.7295712304177546,
    "achievement_striving": 0.775487516318538,
    "orderliness": 0.7160472421671018,
    "self_efficacy": 0.8316436847258485,
    "stress_prone": 0.7185154210182768,
    "agreeableness": 0.5488536227154047,
    "cooperative": 0.8242697454308094,
    "trusting": 1,
    "excitement_seeking": 0.7702145887728459,
    "outgoing": 0.7382200554830288,
    "gregariousness": 0.7210855907310705,
    "altruism": 0.7490514849869452,
    "modesty": 0.7141502121409922,
    "uncompromising": 0.774967362924282,
    "sympathy": 0.7026456429503917,
    "fiery": 0.765115045691906,
    "prone_to_worry": 0.7189335835509139,
    "immoderation": 0.030587059399477822
}