{
    "id": "1",
    "extraversion": 0.1342885031807829,
    "active": 0.9897227613907932,
    "assertive": 0.9105229498816323,
    "cheerful": 0.8158736213802467,
    "openness": 0.701926421254586,
    "adventurous": 0.7915156683010021,
    "artistic": 0.8659919891393374,
    "emotionally_aware": 0.7934903342346488,
    "imaginative": 0.8829561646602117,
    "intellectual": 0.8688866698829786,
    "conscientiousness": 0.816266310628415,
    "cautious": 0.1998339485464888,
    "disciplined": 0.8374266512582886,
    "dutiful": 0.7563531510507243,
    "neuroticism": 0.6279549865924672,
    "melancholy": 0.04836809568154023,
    "self_conscious": 1,
    "authority_challenging": 0.788306836158826,
    "achievement_striving": 0.8704013284116281,
    "orderliness": 0.1882888846503383,
    "self_efficacy": 0.7597639376633869,
    "stress_prone": 0.7289546612213759,
    "agreeableness": 0.25873733577174657,
    "cooperative": 0.9207440900268151,
    "trusting": 0.9003242491220591,
    "excitement_seeking": 0.7307273726845359,
    "outgoing": 0.8452692165288515,
    "gregariousness": 0,
    "altruism": 0.7143017424182926,
    "modesty": 0.013957297849184898,
    "uncompromising": 0.797686499343648,
    "sympathy": 0.16697146832119736,
    "fiery": 0.09977672811318428,
    "prone_to_worry": 0.056850183441977356,
    "immoderation": 0.9551773272447801
}