{
    "id": "1",
    "extraversion": 0.35347329890537754,
    "active": 0.19820943543592548,
    "assertive": 0.10011307601739274,
    "cheerful": 0.03183614469067298,
    "openness": 0.37179860811582716,
    "adventurous": 0.24677383630789315,
    "artistic": 0.1459030344007554,
    "emotionally_aware": 0.7332688294883603,
    "imaginative": 0.9782357809822458,
    "intellectual": 0.8395136565519974,
    "conscientiousness": 0.2741568842311414,
    "cautious": 0.2665912826550715,
    "disciplined": 0,
    "dutiful": 0.13269528927643004,
    "neuroticism": 0.712343937610016,
    "melancholy": 0.8914003940174626,
    "self_conscious": 0.9190399030110861,
    "authority_challenging": 0.9378897916836669,
    "achievement_striving": 0.20856113682198107,
    "orderliness": 0.20539034540643253,
    "self_efficacy": 0.1559283307881515,
    "stress_prone": 0.7875919471223902,
    "agreeableness": 0.41335695883799817,
    "cooperative": 0.013755639229217884,
    "trusting": 0.1432801370900994,
    "excitement_seeking": 0.15946049916650148,
    "outgoing": 0.039401746266742824,
    "gregariousness": 0.28299313383770675,
    "altruism": 0.1536551531189163,
    "modesty": 0.13467703391114785,
    "uncompromising": 0.041348518937318585,
    "sympathy": 0.1232412016366879,
    "fiery": 0.9380180222188544,
    "prone_to_worry": 1,
    "immoderation": 0.8762109042584195
}