{
    "id": "1",
    "extraversion": 0.32435061890472616,
    "active": 0.16079801200300076,
    "assertive": 0,
    "cheerful": 0.854487059264816,
    "openness": 0.3800989309827457,
    "adventurous": 0.30127063015753935,
    "artistic": 0.20262096774193547,
    "emotionally_aware": 0.7541611965491373,
    "imaginative": 0.9397153975993997,
    "intellectual": 0.9347219617404351,
    "conscientiousness": 0.37093257689422354,
    "cautious": 0.8262964178544636,
    "disciplined": 0.0820165978994749,
    "dutiful": 0.1256798574643661,
    "neuroticism": 0.7642535633908476,
    "melancholy": 0.9487059264816203,
    "self_conscious": 0.9660657351837959,
    "authority_challenging": 0.15315547636909232,
    "achievement_striving": 0.27465069392348085,
    "orderliness": 0.23135080645161293,
    "self_efficacy": 0.1778765003750938,
    "stress_prone": 0.9209255438859714,
    "agreeableness": 0.4095906789197299,
    "cooperative": 0.06667291822955743,
    "trusting": 0.13475243810952736,
    "excitement_seeking": 0.26650412603150786,
    "outgoing": 0.9252742873218304,
    "gregariousness": 0.19613887846961742,
    "altruism": 0.26110043135783945,
    "modesty": 0.21896099024756188,
    "uncompromising": 0.9066954238559639,
    "sympathy": 1,
    "fiery": 0.9169401725431356,
    "prone_to_worry": 0.97655663915979,
    "immoderation": 0.9644833083270817
}