{
    "id": "1",
    "extraversion": 0.35344827586206895,
    "active": 0.920950751778158,
    "assertive": 0.2002678491041686,
    "cheerful": 0.27721256865040067,
    "openness": 0.7105091383812011,
    "adventurous": 0.3174011884397227,
    "artistic": 0.2977964346808319,
    "emotionally_aware": 0.8814373818312775,
    "imaginative": 0.8746286125866571,
    "intellectual": 0.9083460880525795,
    "conscientiousness": 0.7330399747906726,
    "cautious": 0.8386377959845142,
    "disciplined": 0.1733253803907446,
    "dutiful": 0.19555235437111734,
    "neuroticism": 0.7233951562077969,
    "melancholy": 1,
    "self_conscious": 0.991806968578374,
    "authority_challenging": 0.928884937426848,
    "achievement_striving": 0.8142725308364095,
    "orderliness": 0.2562573152066265,
    "self_efficacy": 0.19752183307823895,
    "stress_prone": 0.8047289997299,
    "agreeableness": 0.7162262537138742,
    "cooperative": 0.22748041775456923,
    "trusting": 0,
    "excitement_seeking": 0.2196025029260827,
    "outgoing": 0.16629152786531015,
    "gregariousness": 0.2530723867831098,
    "altruism": 0.8548775546952372,
    "modesty": 0.8469433690465472,
    "uncompromising": 0.8127419645268749,
    "sympathy": 0.853887188259656,
    "fiery": 0.2758283064733952,
    "prone_to_worry": 0.8611911407220671,
    "immoderation": 0.07534662825245342
}