{
    "id": "1",
    "extraversion": 0.7349283590159503,
    "active": 0.8882468234658016,
    "assertive": 0.17205100477606558,
    "cheerful": 0.8099148418491484,
    "openness": 0.4022483554113725,
    "adventurous": 0.747555645670001,
    "artistic": 0.7821595926827071,
    "emotionally_aware": 0.765938992520501,
    "imaginative": 0.9465508696043976,
    "intellectual": 0.9053573037757953,
    "conscientiousness": 0.6886433270253223,
    "cautious": 0.8251892403352257,
    "disciplined": 0.9289785527620078,
    "dutiful": 0.9691020095521312,
    "neuroticism": 0.69634811210237,
    "melancholy": 0.2316842389835091,
    "self_conscious": 0.2719090745246463,
    "authority_challenging": 0.08746733351356221,
    "achievement_striving": 0.9380237902135713,
    "orderliness": 0.9033184644498513,
    "self_efficacy": 0.9925993511759935,
    "stress_prone": 0.7786901865369018,
    "agreeableness": 0.6551883391907722,
    "cooperative": 1,
    "trusting": 0.8992971073263044,
    "excitement_seeking": 0.1859624222762909,
    "outgoing": 0.9135126610795711,
    "gregariousness": 0.833029197080292,
    "altruism": 0.884642245651978,
    "modesty": 0.8465125709651258,
    "uncompromising": 0.9558213931693251,
    "sympathy": 0.9323015229341264,
    "fiery": 0.14628953771289535,
    "prone_to_worry": 0.868703253131477,
    "immoderation": 0
}