{
    "id": "1",
    "extraversion": 0.3288940499086741,
    "active": 0.281452988351417,
    "assertive": 0.15550797740441025,
    "cheerful": 0.007293972493377338,
    "openness": 0.417135392096382,
    "adventurous": 0.2581195340566825,
    "artistic": 0.2633329704491297,
    "emotionally_aware": 0.853685089088072,
    "imaginative": 0.14602460354900748,
    "intellectual": 0.8996383254103615,
    "conscientiousness": 0.43244910549043797,
    "cautious": 0.8670392277824146,
    "disciplined": 0,
    "dutiful": 0.1991871393838226,
    "neuroticism": 0.7848822440759152,
    "melancholy": 0.9504904984819342,
    "self_conscious": 0.990286799482285,
    "authority_challenging": 0.9497526339345114,
    "achievement_striving": 0.916899517364009,
    "orderliness": 0.2220488442138113,
    "self_efficacy": 0.26842544544035996,
    "stress_prone": 0.9296730413325107,
    "agreeableness": 0.42934039747916436,
    "cooperative": 0.1836435993274546,
    "trusting": 0.1404603790930314,
    "excitement_seeking": 0.21871030954022566,
    "outgoing": 0.20454572945773,
    "gregariousness": 0.26144597259014646,
    "altruism": 0.29889562240688994,
    "modesty": 0.26536512198957307,
    "uncompromising": 0.8967110595009131,
    "sympathy": 0.22691149254272958,
    "fiery": 0.9453738312104606,
    "prone_to_worry": 0.9971211186510384,
    "immoderation": 1
}