{
    "id": "1",
    "extraversion": 0.2206893718417485,
    "active": 1,
    "assertive": 0.17092970707859168,
    "cheerful": 0.20695123454254144,
    "openness": 0.24455034715089768,
    "adventurous": 0.19765005546197778,
    "artistic": 0.27818906371965,
    "emotionally_aware": 0.7601002423893842,
    "imaginative": 0.8743436999301589,
    "intellectual": 0.7609958506224066,
    "conscientiousness": 0.572630541062405,
    "cautious": 0.2633334702764883,
    "disciplined": 0.7592046341563617,
    "dutiful": 0.7666242142886488,
    "neuroticism": 0.6285444312066062,
    "melancholy": 0.6982539747750709,
    "self_conscious": 0.8697259767470523,
    "authority_challenging": 0.1431494186763075,
    "achievement_striving": 0.7902633416868659,
    "orderliness": 0.6777371513084919,
    "self_efficacy": 0.6877531736576147,
    "stress_prone": 0.8055133314161292,
    "agreeableness": 0.3206030976541638,
    "cooperative": 0.7605110718540734,
    "trusting": 0.16180107637319752,
    "excitement_seeking": 0,
    "outgoing": 0.6860934226202704,
    "gregariousness": 0.25949632307629106,
    "altruism": 0.23008093340454377,
    "modesty": 0.02753379072347072,
    "uncompromising": 0.6386508360379607,
    "sympathy": 0.19829094942689293,
    "fiery": 0.15971406269257632,
    "prone_to_worry": 0.7181052545088534,
    "immoderation": 0.7828601947331663
}