{
    "id": "1",
    "extraversion": 0.29744425671656,
    "active": 1,
    "assertive": 0,
    "cheerful": 0.7859981438735931,
    "openness": 0.6568426813887633,
    "adventurous": 0.2516241106060967,
    "artistic": 0.8702020322204508,
    "emotionally_aware": 0.7789067891392809,
    "imaginative": 0.8632891511791162,
    "intellectual": 0.777205339932894,
    "conscientiousness": 0.6600909026009567,
    "cautious": 0.6829117388096995,
    "disciplined": 0.9665659281821859,
    "dutiful": 0.05714727649144518,
    "neuroticism": 0.6735121243128763,
    "melancholy": 0.7769673750089238,
    "self_conscious": 0.8712847726245152,
    "authority_challenging": 0.9311686457416177,
    "achievement_striving": 0.7863669895057469,
    "orderliness": 0.029745615496275878,
    "self_efficacy": 0.8195392999071938,
    "stress_prone": 0.8904528472503154,
    "agreeableness": 0.3212526473597792,
    "cooperative": 0.7921852318968183,
    "trusting": 0.1155200723413369,
    "excitement_seeking": 0.21440639649715634,
    "outgoing": 0.789865073888109,
    "gregariousness": 0.7315160745306143,
    "altruism": 0.8191347595364443,
    "modesty": 0.13773409799395572,
    "uncompromising": 0.7896271089641388,
    "sympathy": 0.13688932251386152,
    "fiery": 0.8718677866882422,
    "prone_to_worry": 0.8387192727791924,
    "immoderation": 0.9208052733027152
}