{
    "id": "1",
    "extraversion": 0.18708483066535986,
    "active": 1,
    "assertive": 0.7478311372463611,
    "cheerful": 0.7483877212723994,
    "openness": 0.5861555773349304,
    "adventurous": 0.7926119520369765,
    "artistic": 0.6348203806550751,
    "emotionally_aware": 0.6468716347840816,
    "imaginative": 0.854646871634784,
    "intellectual": 0.75902331603083,
    "conscientiousness": 0.264716202644984,
    "cautious": 0.18928696746403373,
    "disciplined": 0.036359456483598875,
    "dutiful": 0.7566517840937964,
    "neuroticism": 0.5873413433034471,
    "melancholy": 0,
    "self_conscious": 0.08082568030297527,
    "authority_challenging": 0.8536184011518868,
    "achievement_striving": 0.8997180780911587,
    "orderliness": 0.6931165075562331,
    "self_efficacy": 0.8709814028337387,
    "stress_prone": 0.7411763282393795,
    "agreeableness": 0.2559802533667283,
    "cooperative": 0.7439108497586118,
    "trusting": 0.9813544351277117,
    "excitement_seeking": 0.7756724382010236,
    "outgoing": 0.8706789115152395,
    "gregariousness": 0.6892325190267039,
    "altruism": 0.7702517937735186,
    "modesty": 0.1137246361029438,
    "uncompromising": 0.6780282405894951,
    "sympathy": 0.7512432393190315,
    "fiery": 0.7269108376589591,
    "prone_to_worry": 0.7468752646799036,
    "immoderation": 0.021065495420281414
}