{
    "id": "1",
    "extraversion": 0.33199720558425044,
    "active": 0.8557554657168707,
    "assertive": 0.07810621070352851,
    "cheerful": 0.8221766666284915,
    "openness": 0.354318174009643,
    "adventurous": 0.20432447289760297,
    "artistic": 0.08285900798240889,
    "emotionally_aware": 0.7047653950548004,
    "imaginative": 1,
    "intellectual": 0.8056163175555733,
    "conscientiousness": 0.3004455031666227,
    "cautious": 0.7142366320418705,
    "disciplined": 0,
    "dutiful": 0.8816496214940962,
    "neuroticism": 0.7107665174021095,
    "melancholy": 0.14524090383315963,
    "self_conscious": 0.8751445881099901,
    "authority_challenging": 0.8746864871674472,
    "achievement_striving": 0.2015529621952197,
    "orderliness": 0.8118121328034632,
    "self_efficacy": 0.799592290161137,
    "stress_prone": 0.9662723181052946,
    "agreeableness": 0.2979144954590744,
    "cooperative": 0.09840008245816965,
    "trusting": 0.909708304224836,
    "excitement_seeking": 0.7739844474730007,
    "outgoing": 0.7891361361476,
    "gregariousness": 0.2578650205572798,
    "altruism": 0.7497165500418016,
    "modesty": 0.768338353356162,
    "uncompromising": 0.8554347950570907,
    "sympathy": 0.827616615321186,
    "fiery": 0.16945153864654075,
    "prone_to_worry": 0.8274562799912961,
    "immoderation": 0.8797714076296711
}