{
    "id": "1",
    "extraversion": 0.3480794832601943,
    "active": 0.9081307627829002,
    "assertive": 0,
    "cheerful": 0.16802918988215573,
    "openness": 0.399349144519501,
    "adventurous": 0.26650559637098764,
    "artistic": 0.15668852620679455,
    "emotionally_aware": 0.7115231004388344,
    "imaginative": 0.9117006064789704,
    "intellectual": 0.8325329125782752,
    "conscientiousness": 0.4252551649326956,
    "cautious": 0.8364873526946404,
    "disciplined": 0.006350771658202259,
    "dutiful": 0.8872639416202356,
    "neuroticism": 0.6965632858340318,
    "melancholy": 0.8380553227158424,
    "self_conscious": 0.8194270499482273,
    "authority_challenging": 0.9465213746856664,
    "achievement_striving": 0.263872590108969,
    "orderliness": 0.3107736304915931,
    "self_efficacy": 0.8554114688624821,
    "stress_prone": 1,
    "agreeableness": 0.4253537793994379,
    "cooperative": 0.13944085597357134,
    "trusting": 0.18858044475124505,
    "excitement_seeking": 0.08428578472461913,
    "outgoing": 0.167476948868399,
    "gregariousness": 0.7951678911296287,
    "altruism": 0.28258961589665205,
    "modesty": 0.15116611606922736,
    "uncompromising": 0.30372269611952074,
    "sympathy": 0.3100931906710715,
    "fiery": 0.9895567279719933,
    "prone_to_worry": 0.928011439278142,
    "immoderation": 0.9857896553424387
}