{
    "id": "1",
    "extraversion": 0.32497722522908745,
    "active": 0.8332029366057553,
    "assertive": 0.07223621456513586,
    "cheerful": 0.7126091849311398,
    "openness": 0.3137452440919565,
    "adventurous": 0.22820856331386313,
    "artistic": 0.22260329028455067,
    "emotionally_aware": 0.6767697336691495,
    "imaginative": 0.9694550131289855,
    "intellectual": 0.7770430309201007,
    "conscientiousness": 0.6149080971009057,
    "cautious": 0.7127377954021756,
    "disciplined": 0.8391940410481753,
    "dutiful": 0.9395852312309093,
    "neuroticism": 0.3386099351588875,
    "melancholy": 0,
    "self_conscious": 0.14375435400032155,
    "authority_challenging": 0.07989925513102192,
    "achievement_striving": 0.8817105192647768,
    "orderliness": 0.8586570923316006,
    "self_efficacy": 0.791436686136863,
    "stress_prone": 0.7569583623600021,
    "agreeableness": 0.6675312148330743,
    "cooperative": 1,
    "trusting": 0.9194469749745459,
    "excitement_seeking": 0.14684100530518193,
    "outgoing": 0.8735008841969885,
    "gregariousness": 0.23947269706875304,
    "altruism": 0.8071593162209957,
    "modesty": 0.19509136702213173,
    "uncompromising": 0.8089062751192326,
    "sympathy": 0.12084025507743423,
    "fiery": 0.15331439901398639,
    "prone_to_worry": 0.13307968490434596,
    "immoderation": 0.014543700766304084
}