{
    "id": "1",
    "extraversion": 0.2534166376991895,
    "active": 0.1802996761740976,
    "assertive": 0.7618781902339962,
    "cheerful": 0.19521945150844325,
    "openness": 0.6382388993578368,
    "adventurous": 0.18199198668105893,
    "artistic": 0.6214530086536526,
    "emotionally_aware": 0.7773102325326112,
    "imaginative": 0.8323880788159315,
    "intellectual": 0.7164693829012605,
    "conscientiousness": 0.5945498454051483,
    "cautious": 0.605353189776615,
    "disciplined": 0.7799264531001299,
    "dutiful": 0.0998005817889094,
    "neuroticism": 0.6472493093543606,
    "melancholy": 0.976737591247553,
    "self_conscious": 1,
    "authority_challenging": 0.8087963555864542,
    "achievement_striving": 0.09177811522347644,
    "orderliness": 0.15830878720796207,
    "self_efficacy": 0.19651841416784063,
    "stress_prone": 0.658729577928612,
    "agreeableness": 0.3045884483799557,
    "cooperative": 0.1581441299694469,
    "trusting": 0,
    "excitement_seeking": 0.17796703196179953,
    "outgoing": 0.6501856967745476,
    "gregariousness": 0.18354708282259097,
    "altruism": 0.657723339248797,
    "modesty": 0.20407435189081397,
    "uncompromising": 0.7494008306042921,
    "sympathy": 0.7586124883367789,
    "fiery": 0.12210248998335131,
    "prone_to_worry": 0.7657110448416545,
    "immoderation": 0.7190947510931411
}