{
    "id": "1",
    "extraversion": 0.3113035302349481,
    "active": 0.8267790569276351,
    "assertive": 1,
    "cheerful": 0.7586342615369477,
    "openness": 0.6313861829949599,
    "adventurous": 0.21611072845944437,
    "artistic": 0.7173844118643882,
    "emotionally_aware": 0.8679414433620868,
    "imaginative": 0.9201132648933494,
    "intellectual": 0.8180873976406793,
    "conscientiousness": 0.6754676550012573,
    "cautious": 0.7104092186252965,
    "disciplined": 0.07774388577301097,
    "dutiful": 0.7840095334929537,
    "neuroticism": 0.6518963123312232,
    "melancholy": 0.18857074136027197,
    "self_conscious": 0.8877081351744345,
    "authority_challenging": 0.8772453453157969,
    "achievement_striving": 0.9829556014737556,
    "orderliness": 0.7278800004373162,
    "self_efficacy": 0.7241190811986836,
    "stress_prone": 0.9425038538489291,
    "agreeableness": 0.2627942317994468,
    "cooperative": 0.8386412585959964,
    "trusting": 0,
    "excitement_seeking": 0.167787289404922,
    "outgoing": 0.18885499688412208,
    "gregariousness": 0.19789650912350898,
    "altruism": 0.7608973728229853,
    "modesty": 0.08891731444127386,
    "uncompromising": 0.8096143964489925,
    "sympathy": 0.07801720839209768,
    "fiery": 0.7434047252014387,
    "prone_to_worry": 0.7804454065400637,
    "immoderation": 0.1545803404506543
}