{
    "id": "1",
    "extraversion": 0.7652414365969353,
    "active": 0.8302074452969592,
    "assertive": 0,
    "cheerful": 0.8052112706844164,
    "openness": 0.6311998601001158,
    "adventurous": 0.23944739545762564,
    "artistic": 0.16847006361072855,
    "emotionally_aware": 0.6953898616302708,
    "imaginative": 0.9496797604214483,
    "intellectual": 0.9352525848689531,
    "conscientiousness": 0.3110805080114543,
    "cautious": 0.2549675388550069,
    "disciplined": 0.16941001595733055,
    "dutiful": 0.13238026537259273,
    "neuroticism": 0.683815332152928,
    "melancholy": 0.8089492207139265,
    "self_conscious": 0.8630839180711304,
    "authority_challenging": 0.14129888298686252,
    "achievement_striving": 0.1475287997027128,
    "orderliness": 0.18955341333857958,
    "self_efficacy": 0.26973353443941683,
    "stress_prone": 0.7768487551096246,
    "agreeableness": 0.6551467855815682,
    "cooperative": 0.17407698865499377,
    "trusting": 0.8747021662622685,
    "excitement_seeking": 0.22980741906573107,
    "outgoing": 0.8493343825824644,
    "gregariousness": 0.8292456335934596,
    "altruism": 0.8028395304610138,
    "modesty": 0.2447920082191182,
    "uncompromising": 0.19873434323562203,
    "sympathy": 0.8317703893151464,
    "fiery": 1,
    "prone_to_worry": 0.8598596629287166,
    "immoderation": 0.8117909371106301
}