{
    "id": "1",
    "extraversion": 0.5469606366577252,
    "active": 0.9554589122278565,
    "assertive": 0.14055662992041776,
    "cheerful": 0.6528504335582073,
    "openness": 0.5457486342693676,
    "adventurous": 0.04430046965092547,
    "artistic": 0.15374606767607452,
    "emotionally_aware": 0.6304016540267887,
    "imaginative": 0.8600048123624244,
    "intellectual": 0.9041716052793399,
    "conscientiousness": 0.22110131805259733,
    "cautious": 0.16072399319139832,
    "disciplined": 0,
    "dutiful": 0.08702355384053254,
    "neuroticism": 0.702016736327098,
    "melancholy": 0.7507552735471568,
    "self_conscious": 0.8019267273261981,
    "authority_challenging": 0.657805384498846,
    "achievement_striving": 0.6940941618914367,
    "orderliness": 0.1819875056812612,
    "self_efficacy": 0.6445981231786544,
    "stress_prone": 1,
    "agreeableness": 0.06513621659195622,
    "cooperative": 0.13803459553876177,
    "trusting": 0.017627505324789874,
    "excitement_seeking": 0.7131475523790003,
    "outgoing": 0.6644357505057437,
    "gregariousness": 0.16521553145413553,
    "altruism": 0.6727860904902371,
    "modesty": 0.06344297796116244,
    "uncompromising": 0.15649980839668126,
    "sympathy": 0.675227918831487,
    "fiery": 0.716908324495816,
    "prone_to_worry": 0.8514049424744455,
    "immoderation": 0.7878371995615403
}