{
    "id": "1",
    "extraversion": 0.2207271912599992,
    "active": 0.9245265613262873,
    "assertive": 0.008249759491835885,
    "cheerful": 0.05623278554578878,
    "openness": 0.2810057853744679,
    "adventurous": 0.9955061214269713,
    "artistic": 0.17252013020387186,
    "emotionally_aware": 0.7790355952082867,
    "imaginative": 0.9011742069819849,
    "intellectual": 0.9507518351102384,
    "conscientiousness": 0.2762483362106456,
    "cautious": 0.7905931656145807,
    "disciplined": 0.003927201802822819,
    "dutiful": 0.9928440584599569,
    "neuroticism": 0.2849857012954495,
    "melancholy": 0.9714948406056851,
    "self_conscious": 0.8912507742386105,
    "authority_challenging": 0.03165482795429684,
    "achievement_striving": 0.8186634335340863,
    "orderliness": 0.18045360498675558,
    "self_efficacy": 0.8314202501284906,
    "stress_prone": 0.7837139731948709,
    "agreeableness": 0.3215956563566637,
    "cooperative": 0.05868399204016818,
    "trusting": 0.012190139824198391,
    "excitement_seeking": 0.11201750108722872,
    "outgoing": 0.8440716384865777,
    "gregariousness": 0,
    "altruism": 1,
    "modesty": 0.13037519273599454,
    "uncompromising": 0.8541532135844282,
    "sympathy": 0.9417772564937205,
    "fiery": 0.8318419630737603,
    "prone_to_worry": 0.9011083143342866,
    "immoderation": 0.0734703021836823
}