{
    "id": "1",
    "extraversion": 0.7261279741655073,
    "active": 0.9243752094482752,
    "assertive": 0.9911650909386329,
    "cheerful": 0.7482457120225849,
    "openness": 0.7948066982827781,
    "adventurous": 0.8273638459273099,
    "artistic": 0.8565698211692546,
    "emotionally_aware": 0.28742904146314213,
    "imaginative": 0.9495699328750014,
    "intellectual": 0.9691590588283082,
    "conscientiousness": 0.6545144354290008,
    "cautious": 0.2730088450641292,
    "disciplined": 0.9087364049028668,
    "dutiful": 0,
    "neuroticism": 0.6461568145583053,
    "melancholy": 0.24606744996090296,
    "self_conscious": 0.21596782874493514,
    "authority_challenging": 1,
    "achievement_striving": 0.9735866684268785,
    "orderliness": 0.25233312684695297,
    "self_efficacy": 0.8259319813552954,
    "stress_prone": 0.8544372569130625,
    "agreeableness": 0.3964843154976491,
    "cooperative": 0.23364780193555595,
    "trusting": 0.9183634092593909,
    "excitement_seeking": 0.8017832299208919,
    "outgoing": 0.9617560143389559,
    "gregariousness": 0.8611700669218973,
    "altruism": 0.9702253409564042,
    "modesty": 0.7573954281884374,
    "uncompromising": 0.802026951550171,
    "sympathy": 0.1494927543590629,
    "fiery": 0.7973860855259817,
    "prone_to_worry": 0.1965614940135875,
    "immoderation": 0.9184548048703707
}