{
    "id": "1",
    "extraversion": 0.29680449697193745,
    "active": 1,
    "assertive": 0.06401878812260119,
    "cheerful": 0.0925162819523121,
    "openness": 0.26565405064529807,
    "adventurous": 0.23201374316375456,
    "artistic": 0.140747828166962,
    "emotionally_aware": 0.7251041066399923,
    "imaginative": 0.879953899513988,
    "intellectual": 0.8443999869526927,
    "conscientiousness": 0.6134517738901635,
    "cautious": 0.6714470551140009,
    "disciplined": 0.9704369760690638,
    "dutiful": 0.08803670642471159,
    "neuroticism": 0.7088928272427778,
    "melancholy": 0.12600437084796626,
    "self_conscious": 0.8873147554173508,
    "authority_challenging": 0.030682917812836344,
    "achievement_striving": 0.844323877659748,
    "orderliness": 0.734106748719733,
    "self_efficacy": 0.79908233938221,
    "stress_prone": 0.8751916323268786,
    "agreeableness": 0.26605634262229133,
    "cooperative": 0.7906885716460266,
    "trusting": 0,
    "excitement_seeking": 0.7684537853500484,
    "outgoing": 0.780239853000337,
    "gregariousness": 0.14926119622062994,
    "altruism": 0.763506681308645,
    "modesty": 0.04406728061496304,
    "uncompromising": 0.7599730355647853,
    "sympathy": 0.7565372446261404,
    "fiery": 0.7299207376077762,
    "prone_to_worry": 0.8006153979972385,
    "immoderation": 0.7679645113239756
}