{
    "id": "1",
    "extraversion": 0.3446368589096866,
    "active": 0.9037756228412718,
    "assertive": 0.019857331070254385,
    "cheerful": 0.22091132449466475,
    "openness": 0.346417253207677,
    "adventurous": 0.7982101102657534,
    "artistic": 0.2045316969531519,
    "emotionally_aware": 0.7923110704917449,
    "imaginative": 0.9738756810008189,
    "intellectual": 0.8743872476291081,
    "conscientiousness": 0.6894517572491721,
    "cautious": 0.8340791207226026,
    "disciplined": 0.13022990825034722,
    "dutiful": 0.912001044497988,
    "neuroticism": 0.7963228923098835,
    "melancholy": 0.9669796204199356,
    "self_conscious": 0.9914541073696453,
    "authority_challenging": 0.0732691600099702,
    "achievement_striving": 0.7989816144615494,
    "orderliness": 0.22805664027726674,
    "self_efficacy": 0.2439258881200223,
    "stress_prone": 0.8970457323948677,
    "agreeableness": 0.38361562474035915,
    "cooperative": 0.1322832963406963,
    "trusting": 0,
    "excitement_seeking": 0.8010468718472183,
    "outgoing": 0.23697048106253932,
    "gregariousness": 0.19307782696941284,
    "altruism": 0.8146372149885461,
    "modesty": 0.11108473489928902,
    "uncompromising": 0.8853426072094099,
    "sympathy": 0.8873010409371994,
    "fiery": 0.8502332316530367,
    "prone_to_worry": 0.9059714424754601,
    "immoderation": 1
}