{
    "id": "1",
    "extraversion": 0.3618296809845499,
    "active": 0.24592200154628072,
    "assertive": 0.01273780402793445,
    "cheerful": 0.20379219001508253,
    "openness": 0.3549601389117732,
    "adventurous": 0.19820276556103372,
    "artistic": 0.16846854839731812,
    "emotionally_aware": 0.9023181535887653,
    "imaginative": 0.9460576179672746,
    "intellectual": 0.9688842697626078,
    "conscientiousness": 0.3590793292690655,
    "cautious": 0.9655001964536939,
    "disciplined": 0.11753000671744893,
    "dutiful": 0.1350967692873167,
    "neuroticism": 0.8007072332982673,
    "melancholy": 0.9356645838350294,
    "self_conscious": 0.9732822976210092,
    "authority_challenging": 0.9790364896893496,
    "achievement_striving": 0.9031039683646179,
    "orderliness": 0.2321448941051217,
    "self_efficacy": 0.2286974486368648,
    "stress_prone": 0.9939416215668132,
    "agreeableness": 0.36769794293970764,
    "cooperative": 0,
    "trusting": 0.10861988111382906,
    "excitement_seeking": 0.20593416900087452,
    "outgoing": 0.23367850036122131,
    "gregariousness": 0.2592174805764331,
    "altruism": 0.8354985487775509,
    "modesty": 0.2290903560247912,
    "uncompromising": 0.8936868654862545,
    "sympathy": 0.9293527167644708,
    "fiery": 0.998010114196631,
    "prone_to_worry": 1,
    "immoderation": 0.9950442971393806
}