{
    "id": "1",
    "extraversion": 0.1868814786444112,
    "active": 1,
    "assertive": 0.8283892808164173,
    "cheerful": 0.7116717528014924,
    "openness": 0.5601131716477842,
    "adventurous": 0.08345791274910738,
    "artistic": 0.7683440615772372,
    "emotionally_aware": 0.9086225429026797,
    "imaginative": 0.7972176577422502,
    "intellectual": 0.6783750725855274,
    "conscientiousness": 0.5524160170004572,
    "cautious": 0.6594595930268473,
    "disciplined": 0.8686912366102867,
    "dutiful": 0.7472788149099939,
    "neuroticism": 0.5727770296148952,
    "melancholy": 0.6564820420316534,
    "self_conscious": 0.7767825152275168,
    "authority_challenging": 0.7477359492951482,
    "achievement_striving": 0.7023190303809042,
    "orderliness": 0.005708002322736891,
    "self_efficacy": 0.7134632253919618,
    "stress_prone": 0.682835221586627,
    "agreeableness": 0.21566858992574656,
    "cooperative": 0.6934357973288526,
    "trusting": 0.007919544348212884,
    "excitement_seeking": 0.05074191675212196,
    "outgoing": 0.6842436896922373,
    "gregariousness": 0.6214309541753665,
    "altruism": 0.0515820556221352,
    "modesty": 0,
    "uncompromising": 0.001111948504429276,
    "sympathy": 0.03524876759040759,
    "fiery": 0.7689618107463645,
    "prone_to_worry": 0.7193071325319068,
    "immoderation": 0.732156315249756
}