{
    "id": "1",
    "extraversion": 0.30153111065974136,
    "active": 0.8686900927564828,
    "assertive": 0.05774308678872992,
    "cheerful": 0.1859965760380698,
    "openness": 0.30935592761318903,
    "adventurous": 0.2291829885190881,
    "artistic": 0.11436419735174923,
    "emotionally_aware": 0.7484065035932257,
    "imaginative": 0.17069514164949848,
    "intellectual": 0.8055305690160461,
    "conscientiousness": 0.5836791147994468,
    "cautious": 0.683360899128534,
    "disciplined": 0.14137867664838616,
    "dutiful": 0,
    "neuroticism": 0.6450686243217364,
    "melancholy": 0.7412684134675837,
    "self_conscious": 1,
    "authority_challenging": 0.16854791128650048,
    "achievement_striving": 0.8002592151969745,
    "orderliness": 0.21415237597810213,
    "self_efficacy": 0.23012119277679444,
    "stress_prone": 0.6963603478126299,
    "agreeableness": 0.2826896478348761,
    "cooperative": 0.7869696002476085,
    "trusting": 0.09388813123252956,
    "excitement_seeking": 0.14059522773215719,
    "outgoing": 0.7887783033011249,
    "gregariousness": 0.25356662701061045,
    "altruism": 0.21459729758484944,
    "modesty": 0.1895849655185755,
    "uncompromising": 0.7927342367176392,
    "sympathy": 0.6754877211308746,
    "fiery": 0.7155693545735039,
    "prone_to_worry": 0.7320314540231553,
    "immoderation": 0.16716478542204682
}