{
    "id": "1",
    "extraversion": 0.3052270413613684,
    "active": 0.9389194012593159,
    "assertive": 0.877889074616361,
    "cheerful": 0.7919740595975718,
    "openness": 0.6684680835019544,
    "adventurous": 0.7596616687822841,
    "artistic": 0.8114419294431109,
    "emotionally_aware": 0.8088026443123405,
    "imaginative": 0.8748224766548945,
    "intellectual": 0.8831048047557405,
    "conscientiousness": 0.3187879397237548,
    "cautious": 0.7550240677667878,
    "disciplined": 0.028994432365176494,
    "dutiful": 0.13185114431862457,
    "neuroticism": 0.7551874520844069,
    "melancholy": 0.799904483014315,
    "self_conscious": 0.828660122915279,
    "authority_challenging": 0.9264644890469668,
    "achievement_striving": 1,
    "orderliness": 0.16956778563977526,
    "self_efficacy": 0.8846632397853381,
    "stress_prone": 0.9339675996330137,
    "agreeableness": 0.24840700290321363,
    "cooperative": 0.12644689381276156,
    "trusting": 0.9894554275013511,
    "excitement_seeking": 0.9030628275541367,
    "outgoing": 0.8035115060263677,
    "gregariousness": 0.22596051126723388,
    "altruism": 0.7687609184712255,
    "modesty": 0,
    "uncompromising": 0.8166073874847614,
    "sympathy": 0.8134779494011336,
    "fiery": 0.15245013636306504,
    "prone_to_worry": 0.9195395075848026,
    "immoderation": 0.9178428242864504
}