{
    "id": "1",
    "extraversion": 0.2632331902718169,
    "active": 1,
    "assertive": 0.10693848354792561,
    "cheerful": 0.6421731505837833,
    "openness": 0.5554940237205225,
    "adventurous": 0.13949651575984123,
    "artistic": 0.670543172273755,
    "emotionally_aware": 0.6954866399003184,
    "imaginative": 0.8113203193502238,
    "intellectual": 0.7308136046887258,
    "conscientiousness": 0.5485832294983617,
    "cautious": 0.6424385066223638,
    "disciplined": 0.9595505099450828,
    "dutiful": 0.7418547233374868,
    "neuroticism": 0.5869444829018413,
    "melancholy": 0.04409525128063129,
    "self_conscious": 0.7496769578660759,
    "authority_challenging": 0.7197147999446214,
    "achievement_striving": 0.6955558632147307,
    "orderliness": 0.059278231575061124,
    "self_efficacy": 0.7280562093313028,
    "stress_prone": 0.737908994415986,
    "agreeableness": 0.2731667358899811,
    "cooperative": 0.10772301444459828,
    "trusting": 0.7696248096358854,
    "excitement_seeking": 0,
    "outgoing": 0.7181342009322073,
    "gregariousness": 0.6422077622409895,
    "altruism": 0.10689233467165075,
    "modesty": 0.10055840140292586,
    "uncompromising": 0.7096889565739074,
    "sympathy": 0.725817988831972,
    "fiery": 0.7626794037565185,
    "prone_to_worry": 0.7165882135769995,
    "immoderation": 0.7788776593289954
}