{
    "id": "1",
    "extraversion": 0.25327915286735225,
    "active": 0.9131187903085236,
    "assertive": 0.8409447446400558,
    "cheerful": 0.19283815583057348,
    "openness": 0.34560746034512807,
    "adventurous": 0.1631841554819592,
    "artistic": 0.7013247341816281,
    "emotionally_aware": 0.8261286386613212,
    "imaginative": 1,
    "intellectual": 0.9579157225030503,
    "conscientiousness": 0.2296714310615304,
    "cautious": 0.24506492940561267,
    "disciplined": 0.024686247167509105,
    "dutiful": 0,
    "neuroticism": 0.7372428969844866,
    "melancholy": 0.9101664633083494,
    "self_conscious": 0.9944330660624019,
    "authority_challenging": 0.8621121666376155,
    "achievement_striving": 0.23041223636046712,
    "orderliness": 0.09086848527104757,
    "self_efficacy": 0.08449538086107718,
    "stress_prone": 0.8802074254837023,
    "agreeableness": 0.2589659229562489,
    "cooperative": 0.006242374063099135,
    "trusting": 0.038783336238452114,
    "excitement_seeking": 0.14842252048108764,
    "outgoing": 0.08788347568415544,
    "gregariousness": 0.18047324385567368,
    "altruism": 0.04012332229388179,
    "modesty": 0.017082098657835075,
    "uncompromising": 0.221751350880251,
    "sympathy": 0.7335061879030853,
    "fiery": 0.8975945616175702,
    "prone_to_worry": 0.8485271047585847,
    "immoderation": 0.9460192609377723
}