{
    "id": "1",
    "extraversion": 0.2124944689696334,
    "active": 0,
    "assertive": 0.022432830138198568,
    "cheerful": 0.6490599820948971,
    "openness": 0.24225398491443628,
    "adventurous": 0.0895358050607642,
    "artistic": 0.06827606787474663,
    "emotionally_aware": 0.6010249127898003,
    "imaginative": 0.02012780539005343,
    "intellectual": 0.7045966721205199,
    "conscientiousness": 0.5737453565070644,
    "cautious": 0.7376902417188899,
    "disciplined": 0.07648771854001381,
    "dutiful": 0.12243385916710404,
    "neuroticism": 0.5149054836950371,
    "melancholy": 0.6732010002160961,
    "self_conscious": 0.676339538377633,
    "authority_challenging": 0.0018008005844884485,
    "achievement_striving": 0.7060373125881108,
    "orderliness": 0.1436009837516336,
    "self_efficacy": 0.6639294497782443,
    "stress_prone": 0.1768797785529796,
    "agreeableness": 0.21984173535434615,
    "cooperative": 0.11433540168143323,
    "trusting": 0.03359779376202679,
    "excitement_seeking": 0.07671410489920663,
    "outgoing": 0.13464843227446263,
    "gregariousness": 0.6677162761501971,
    "altruism": 0.11765916504594615,
    "modesty": 0.6961483448070056,
    "uncompromising": 0.15717387501414917,
    "sympathy": 0.11429424052521636,
    "fiery": 0.6707107502649751,
    "prone_to_worry": 0.7243231562374588,
    "immoderation": 1
}