{
    "id": "1",
    "extraversion": 0.2947936527782119,
    "active": 0.8052282270079915,
    "assertive": 0,
    "cheerful": 0.2589524791881557,
    "openness": 0.3713312287062795,
    "adventurous": 0.19770991571072838,
    "artistic": 0.7554985986517885,
    "emotionally_aware": 0.7940278602610988,
    "imaginative": 1,
    "intellectual": 0.9145542254034738,
    "conscientiousness": 0.7499140436970587,
    "cautious": 0.8006022150678795,
    "disciplined": 0.8859958949353505,
    "dutiful": 0.9281509496869108,
    "neuroticism": 0.6648329322039197,
    "melancholy": 0.8376936621552631,
    "self_conscious": 0.9627939445086947,
    "authority_challenging": 0.13117452776128108,
    "achievement_striving": 0.22485126954854703,
    "orderliness": 0.824076099980204,
    "self_efficacy": 0.7982266954229571,
    "stress_prone": 0.7868804634347096,
    "agreeableness": 0.6806801487825462,
    "cooperative": 0.8975921816230634,
    "trusting": 0.1142958355473593,
    "excitement_seeking": 0.18059158774315215,
    "outgoing": 0.267954448368914,
    "gregariousness": 0.2676731368320153,
    "altruism": 0.792225382635785,
    "modesty": 0.27837339417997686,
    "uncompromising": 0.8938101042936476,
    "sympathy": 0.9472384584127778,
    "fiery": 0.17660113149751508,
    "prone_to_worry": 0.9215974327717522,
    "immoderation": 0.8457579262130258
}