{
    "id": "1",
    "extraversion": 0.5346520387789967,
    "active": 0.13021015581582032,
    "assertive": 0,
    "cheerful": 0.6350472387460634,
    "openness": 0.2489656875861927,
    "adventurous": 0.6845707346191056,
    "artistic": 0.578350451804129,
    "emotionally_aware": 0.6205565732869522,
    "imaginative": 0.6789926517506124,
    "intellectual": 0.783483934709672,
    "conscientiousness": 0.2146635654447029,
    "cautious": 0.6143609904699174,
    "disciplined": 0.05086141242821565,
    "dutiful": 0.6811641932363173,
    "neuroticism": 0.5331597472366878,
    "melancholy": 0.11162340736471606,
    "self_conscious": 0.711010024082498,
    "authority_challenging": 0.05744807854599344,
    "achievement_striving": 0.06852191095650739,
    "orderliness": 0.057406911882757344,
    "self_efficacy": 0.6379289051725913,
    "stress_prone": 0.6357676553526954,
    "agreeableness": 0.5252866228927814,
    "cooperative": 0.12303686474692793,
    "trusting": 0.6911985674001194,
    "excitement_seeking": 0.5822201181483235,
    "outgoing": 0.6741967354836054,
    "gregariousness": 0.6569993619167198,
    "altruism": 0.8982257168145237,
    "modesty": 0.6745569437869214,
    "uncompromising": 0.7005639832863346,
    "sympathy": 0.7344853137928906,
    "fiery": 0.6196097400325217,
    "prone_to_worry": 0.6639771113352407,
    "immoderation": 1
}