{
    "id": "1",
    "extraversion": 0.21526784502469123,
    "active": 0.9653487570863306,
    "assertive": 0.04424584738419132,
    "cheerful": 0.28012277752837145,
    "openness": 0.3708069281605295,
    "adventurous": 0.18114905567793868,
    "artistic": 0.09991334579205079,
    "emotionally_aware": 0.7823413340571918,
    "imaginative": 1,
    "intellectual": 0.8657694998068551,
    "conscientiousness": 0.3320526607017947,
    "cautious": 0.2995521125878287,
    "disciplined": 0.08425294676508358,
    "dutiful": 0.14256183247549148,
    "neuroticism": 0.6724157731539,
    "melancholy": 0,
    "self_conscious": 0.9829823663906957,
    "authority_challenging": 0.8171596212271488,
    "achievement_striving": 0.19763423572032612,
    "orderliness": 0.8190701899084388,
    "self_efficacy": 0.16903834709708404,
    "stress_prone": 0.12144117432112168,
    "agreeableness": 0.3570362172828163,
    "cooperative": 0.8705407013770712,
    "trusting": 0.09400415522587517,
    "excitement_seeking": 0.2152365242266373,
    "outgoing": 0.9258010294102295,
    "gregariousness": 0.025014877379075602,
    "altruism": 0.1436476201413612,
    "modesty": 0.7647912468809706,
    "uncompromising": 0.8005178371944918,
    "sympathy": 0.836714239478822,
    "fiery": 0.11720242631782256,
    "prone_to_worry": 0.19464831963918441,
    "immoderation": 0.06943820928557261
}