{
    "id": "1",
    "extraversion": 0.6265713396240594,
    "active": 0.9140446362435993,
    "assertive": 0.8406707245069939,
    "cheerful": 0.6981954419073997,
    "openness": 0.6724743164471354,
    "adventurous": 0.17274805964381182,
    "artistic": 0.16637145341534895,
    "emotionally_aware": 0.7681341449013989,
    "imaginative": 0.7664272755574164,
    "intellectual": 0.8839758247184739,
    "conscientiousness": 0.5940549418698271,
    "cautious": 0.19741715242665298,
    "disciplined": 0.09666892102240403,
    "dutiful": 0,
    "neuroticism": 0.6230073105536054,
    "melancholy": 0.05269824911704403,
    "self_conscious": 0.7119470119051453,
    "authority_challenging": 1,
    "achievement_striving": 0.8439234377851492,
    "orderliness": 0.18560862237394393,
    "self_efficacy": 0.7728790269771237,
    "stress_prone": 0.6915075198866382,
    "agreeableness": 0.33194851480897025,
    "cooperative": 0.7870063229310919,
    "trusting": 0.7597715586186168,
    "excitement_seeking": 0.19941386750829285,
    "outgoing": 0.7873713138599938,
    "gregariousness": 0.7002565671529635,
    "altruism": 0.20545768788981572,
    "modesty": 0.1425396927635181,
    "uncompromising": 0.7725569761575043,
    "sympathy": 0.12048994664691423,
    "fiery": 0.751698818073492,
    "prone_to_worry": 0.8094640000858803,
    "immoderation": 0.7864803065923803
}