{
    "id": "1",
    "extraversion": 0.3610510646560093,
    "active": 0.8260824542100834,
    "assertive": 0.08633745388647981,
    "cheerful": 0.7794964727202123,
    "openness": 0.6520872435441072,
    "adventurous": 0.25162125428774834,
    "artistic": 0.7461523525985373,
    "emotionally_aware": 0.7906413824347938,
    "imaginative": 0.9207300498349621,
    "intellectual": 0.9557957413759626,
    "conscientiousness": 0.2745841693094298,
    "cautious": 0.18621448449938516,
    "disciplined": 1,
    "dutiful": 0,
    "neuroticism": 0.6855866934179017,
    "melancholy": 0.8088537958708173,
    "self_conscious": 0.802317002135784,
    "authority_challenging": 0.06227428645395118,
    "achievement_striving": 0.19917157465536212,
    "orderliness": 0.8263672254223026,
    "self_efficacy": 0.8706750372144197,
    "stress_prone": 0.821137790434276,
    "agreeableness": 0.6413565465018445,
    "cooperative": 0.17943175199016242,
    "trusting": 0.03501391495696073,
    "excitement_seeking": 0.834056048152223,
    "outgoing": 0.8931978512717622,
    "gregariousness": 0.847776842922788,
    "altruism": 0.8312083360300303,
    "modesty": 0.8602938321144261,
    "uncompromising": 0.8436217720535887,
    "sympathy": 0.9433564170603844,
    "fiery": 0.8355705132353892,
    "prone_to_worry": 0.9719112031583715,
    "immoderation": 0.9488447349686104
}