{
    "id": "1",
    "extraversion": 0.5860746229557277,
    "active": 0.6700441600239512,
    "assertive": 0.7036506867257961,
    "cheerful": 0.685593727779649,
    "openness": 0.48233599041952024,
    "adventurous": 0.5852138767261704,
    "artistic": 0.5621327794618465,
    "emotionally_aware": 0.1504996070506343,
    "imaginative": 0.6584989334231502,
    "intellectual": 0.6634014445567157,
    "conscientiousness": 0.17196212716589948,
    "cautious": 0.18268403128625424,
    "disciplined": 0.020648553572096832,
    "dutiful": 0,
    "neuroticism": 0.4891190449459227,
    "melancholy": 0.039089105946633715,
    "self_conscious": 0.7944219901949777,
    "authority_challenging": 0.6509861157890797,
    "achievement_striving": 0.6192414206055162,
    "orderliness": 0.027843269338722307,
    "self_efficacy": 0.6666760226039444,
    "stress_prone": 0.5783840425133789,
    "agreeableness": 0.5029471202425059,
    "cooperative": 0.07130159799408704,
    "trusting": 0.7168144904756558,
    "excitement_seeking": 0.7234946296920025,
    "outgoing": 0.6607069346207103,
    "gregariousness": 0.6660678866808877,
    "altruism": 0.6050110400059878,
    "modesty": 0.16718124321694547,
    "uncompromising": 0.03900490251113357,
    "sympathy": 0.7455091501066576,
    "fiery": 0.7153830320721529,
    "prone_to_worry": 0.6702874143931739,
    "immoderation": 1
}