{
    "id": "1",
    "extraversion": 0.7472868039751609,
    "active": 0.969420079365987,
    "assertive": 0.1644499845613714,
    "cheerful": 0.8126665370584266,
    "openness": 0.6847088960808755,
    "adventurous": 0.2717770433310842,
    "artistic": 0.7978568896309596,
    "emotionally_aware": 0.24444495271205238,
    "imaginative": 0.8606749539700146,
    "intellectual": 0.9536612421806204,
    "conscientiousness": 0.3385062269135322,
    "cautious": 0.2349644911542376,
    "disciplined": 0.9790949532838534,
    "dutiful": 0.1634436146975744,
    "neuroticism": 0.6893633567009366,
    "melancholy": 0.11430303168921467,
    "self_conscious": 0.8146907128072001,
    "authority_challenging": 0.9435289274155736,
    "achievement_striving": 0.1271799915373443,
    "orderliness": 0.128426517845911,
    "self_efficacy": 0.8226730555904989,
    "stress_prone": 0.8323021854236473,
    "agreeableness": 0.7124298114200107,
    "cooperative": 0.9346774470226318,
    "trusting": 0,
    "excitement_seeking": 0.8472948091899866,
    "outgoing": 1,
    "gregariousness": 0.8629735942270965,
    "altruism": 0.8505769472685063,
    "modesty": 0.16804089521173787,
    "uncompromising": 0.14850817103713274,
    "sympathy": 0.8750157245291217,
    "fiery": 0.9954827716340929,
    "prone_to_worry": 0.7998238852738354,
    "immoderation": 0.9346317029379138
}