{
    "id": "1",
    "extraversion": 0.20147370994809785,
    "active": 0.7539704591173301,
    "assertive": 0,
    "cheerful": 0.8505951520944242,
    "openness": 0.6277604276648477,
    "adventurous": 0.7132378274447915,
    "artistic": 0.23489336163686275,
    "emotionally_aware": 0.7413561243428877,
    "imaginative": 1,
    "intellectual": 0.7663514009135669,
    "conscientiousness": 0.6714715982973427,
    "cautious": 0.7509696922546873,
    "disciplined": 0.8625648776909655,
    "dutiful": 0.8635540193605031,
    "neuroticism": 0.603187481245207,
    "melancholy": 0.05484734987830224,
    "self_conscious": 0.12725474287873567,
    "authority_challenging": 0.8144970381319672,
    "achievement_striving": 0.8221100948020049,
    "orderliness": 0.8051613190037454,
    "self_efficacy": 0.8503506451648756,
    "stress_prone": 0.8776687375662671,
    "agreeableness": 0.6444646965335586,
    "cooperative": 0.9173788857152384,
    "trusting": 0.9690921013147805,
    "excitement_seeking": 0.8143303288618202,
    "outgoing": 0.899907754203852,
    "gregariousness": 0.7882681129622015,
    "altruism": 0.828000489013859,
    "modesty": 0.17325538748791355,
    "uncompromising": 0.8392811496271271,
    "sympathy": 0.7897462684908366,
    "fiery": 0.19763939673472108,
    "prone_to_worry": 0.17747868899829958,
    "immoderation": 0.10285961968058506
}