{
    "id": "1",
    "extraversion": 0.2288562815076119,
    "active": 1,
    "assertive": 0.8715427627875558,
    "cheerful": 0.11059406312155214,
    "openness": 0.2923656196444878,
    "adventurous": 0.15425126030447456,
    "artistic": 0.16238225691447444,
    "emotionally_aware": 0.8075080371774183,
    "imaginative": 0.7988766715452648,
    "intellectual": 0.7961621696000801,
    "conscientiousness": 0.6281632704119289,
    "cautious": 0.7281870379404811,
    "disciplined": 0.9474987803505086,
    "dutiful": 0.8809622096296019,
    "neuroticism": 0.6873944534093895,
    "melancholy": 0.8505397730826485,
    "self_conscious": 0.7482643449544039,
    "authority_challenging": 0.85708209804731,
    "achievement_striving": 0.7777610988103727,
    "orderliness": 0.786429992119188,
    "self_efficacy": 0.7358802116560965,
    "stress_prone": 0.7398956730588809,
    "agreeableness": 0.3301559900426565,
    "cooperative": 0.13745137038565947,
    "trusting": 0.8770718404823559,
    "excitement_seeking": 0,
    "outgoing": 0.15789144494064378,
    "gregariousness": 0.2055891219774584,
    "altruism": 0.12052638821130583,
    "modesty": 0.7330030897787119,
    "uncompromising": 0.08512527989392177,
    "sympathy": 0.0782702242904142,
    "fiery": 0.7975882213132185,
    "prone_to_worry": 0.8709173015098637,
    "immoderation": 0.8217060081810336
}