{
    "id": "1",
    "extraversion": 0.14882874543752433,
    "active": 0.8542216705761079,
    "assertive": 0.6846080215422482,
    "cheerful": 0.6173200517518854,
    "openness": 0.545950835708801,
    "adventurous": 0.6653062512490928,
    "artistic": 0.6244727513700575,
    "emotionally_aware": 0.6936961575276903,
    "imaginative": 1,
    "intellectual": 0.873344623378809,
    "conscientiousness": 0.6023730132850876,
    "cautious": 0.13997202032208184,
    "disciplined": 0.02628617109678235,
    "dutiful": 0.04314760857903207,
    "neuroticism": 0.5197067393156549,
    "melancholy": 0.8018071085211793,
    "self_conscious": 0.8183319483743386,
    "authority_challenging": 0.7278923729080983,
    "achievement_striving": 0.8459960660152099,
    "orderliness": 0.11777761415393032,
    "self_efficacy": 0.739526028463537,
    "stress_prone": 0.6526733214822917,
    "agreeableness": 0.1901145483806498,
    "cooperative": 0.6839453449599764,
    "trusting": 0.8309438407893215,
    "excitement_seeking": 0.7007015956831354,
    "outgoing": 0.7038361611040402,
    "gregariousness": 0.17407356761930806,
    "altruism": 0.6967150175135954,
    "modesty": 0,
    "uncompromising": 0.6821676887313425,
    "sympathy": 0.8160178396743417,
    "fiery": 0.058683692896738165,
    "prone_to_worry": 0.6661161892940917,
    "immoderation": 0.764939149459866
}