{
    "id": "1",
    "extraversion": 0.33919350048382313,
    "active": 1,
    "assertive": 0.9920959598378954,
    "cheerful": 0.055040861492474405,
    "openness": 0.6839437807179743,
    "adventurous": 0.2850053172633818,
    "artistic": 0.7362828975732203,
    "emotionally_aware": 0.8276248598829246,
    "imaginative": 0.7833239123561705,
    "intellectual": 0.8087509700412927,
    "conscientiousness": 0.661678339097694,
    "cautious": 0.7359379940025103,
    "disciplined": 0,
    "dutiful": 0.8348295122488671,
    "neuroticism": 0.6753307721049657,
    "melancholy": 0.8017187694607051,
    "self_conscious": 0.7474251990381025,
    "authority_challenging": 0.9756747176102016,
    "achievement_striving": 0.902191095739483,
    "orderliness": 0.19476513024900122,
    "self_efficacy": 0.7420600323826131,
    "stress_prone": 0.799467315596348,
    "agreeableness": 0.21922454180518697,
    "cooperative": 0.8178621727008825,
    "trusting": 0.10688178430113915,
    "excitement_seeking": 0.22267357751228722,
    "outgoing": 0.26058422832616385,
    "gregariousness": 0.23435239564271826,
    "altruism": 0.7392049972695135,
    "modesty": 0.05116069632198665,
    "uncompromising": 0.7749504201117106,
    "sympathy": 0.14186075476398058,
    "fiery": 0.8442664571696831,
    "prone_to_worry": 0.8021594795788345,
    "immoderation": 0.8468819759142341
}