{
    "id": "1",
    "extraversion": 0.460405123728421,
    "active": 0.9092658245889083,
    "assertive": 0.20931392635085785,
    "cheerful": 0.8152446954445851,
    "openness": 0.458231636706989,
    "adventurous": 0.39027453635246123,
    "artistic": 0.29894354278384494,
    "emotionally_aware": 0.7928951916053518,
    "imaginative": 0.9027453635246122,
    "intellectual": 0.3582334182537279,
    "conscientiousness": 0.4632912294454045,
    "cautious": 0.7765495002761398,
    "disciplined": 0,
    "dutiful": 0.9085264826922734,
    "neuroticism": 0.721927277262119,
    "melancholy": 0.8094457608095349,
    "self_conscious": 0.8549375567868024,
    "authority_challenging": 0.8584026651939214,
    "achievement_striving": 0.35931125403074954,
    "orderliness": 0.3642817694322211,
    "self_efficacy": 0.32108816874810714,
    "stress_prone": 0.8091428978639256,
    "agreeableness": 0.7098127594377439,
    "cooperative": 0.9450838217740642,
    "trusting": 0.2703586253585363,
    "excitement_seeking": 0.34672462632057155,
    "outgoing": 0.27701270242824827,
    "gregariousness": 0.7955407885125867,
    "altruism": 0.36717678288289896,
    "modesty": 0.24801802925299749,
    "uncompromising": 0.8594537777698599,
    "sympathy": 0.2432256685254138,
    "fiery": 0.9890523952895905,
    "prone_to_worry": 0.7986317721045412,
    "immoderation": 1
}