{
    "id": "1",
    "extraversion": 0.2974823103505019,
    "active": 1,
    "assertive": 0.9037244254292139,
    "cheerful": 0.6937853107344631,
    "openness": 0.590422906039164,
    "adventurous": 0.16680379573254342,
    "artistic": 0.7614612473259832,
    "emotionally_aware": 0.7411442049256759,
    "imaginative": 0.8291591245680433,
    "intellectual": 0.7742636169162415,
    "conscientiousness": 0.30244089737260704,
    "cautious": 0.17431846854259225,
    "disciplined": 0.8569579288025889,
    "dutiful": 0.8560035105040863,
    "neuroticism": 0.6201086062201744,
    "melancholy": 0.7158466348527234,
    "self_conscious": 0.8239262794141845,
    "authority_challenging": 0.8643958093357467,
    "achievement_striving": 0.9910043332784816,
    "orderliness": 0.18184411167791123,
    "self_efficacy": 0.7165158246942022,
    "stress_prone": 0.7294388678624321,
    "agreeableness": 0.25333772146344136,
    "cooperative": 0.8133399155284954,
    "trusting": 0.8127475179639075,
    "excitement_seeking": 0.7424825846086335,
    "outgoing": 0.8399429543085951,
    "gregariousness": 0.19632494103450163,
    "altruism": 0.8457023750754208,
    "modesty": 0.11931325763808892,
    "uncompromising": 0.20646152158411493,
    "sympathy": 0,
    "fiery": 0.16545444572431572,
    "prone_to_worry": 0.036618945751741495,
    "immoderation": 0.9197740112994349
}