{
    "id": "1",
    "extraversion": 0.41007534670403667,
    "active": 0.963555126851818,
    "assertive": 0.3220980599133695,
    "cheerful": 0.8575874494958686,
    "openness": 0.755496305463546,
    "adventurous": 0.3037436756087795,
    "artistic": 0.31731154224147345,
    "emotionally_aware": 0.8007043278855603,
    "imaginative": 0.9030411676919156,
    "intellectual": 0.8321806864921923,
    "conscientiousness": 0.7386069959596695,
    "cautious": 0.40180358897826957,
    "disciplined": 1,
    "dutiful": 0.3132712117351582,
    "neuroticism": 0.8032977832781275,
    "melancholy": 0.8949969060532158,
    "self_conscious": 0.8956611946274523,
    "authority_challenging": 0.8968714738106505,
    "achievement_striving": 0.3123248280129582,
    "orderliness": 0.30947657700287556,
    "self_efficacy": 0.823262839879154,
    "stress_prone": 0.8480144141520766,
    "agreeableness": 0.39063808102500636,
    "cooperative": 0.3312889018308885,
    "trusting": 0,
    "excitement_seeking": 0.31446329123139083,
    "outgoing": 0.8163014596148945,
    "gregariousness": 0.22592181414479673,
    "altruism": 0.8171932442761984,
    "modesty": 0.35094456375350347,
    "uncompromising": 0.36211917155024936,
    "sympathy": 0.34866960288283044,
    "fiery": 0.93439012848979,
    "prone_to_worry": 0.8670967859352819,
    "immoderation": 0.9451279437993666
}