{
    "id": "1",
    "extraversion": 0.4302736175616205,
    "active": 0.24608185913826994,
    "assertive": 0.25827549618187834,
    "cheerful": 0.7229122092922124,
    "openness": 0.6276244151054984,
    "adventurous": 0.3333246360173251,
    "artistic": 0.21140566021325824,
    "emotionally_aware": 0.6982727130407557,
    "imaginative": 1,
    "intellectual": 0.7934996260154116,
    "conscientiousness": 0.6456626485066709,
    "cautious": 0.7352276087599368,
    "disciplined": 0,
    "dutiful": 0.9013985284141314,
    "neuroticism": 0.6581085077145193,
    "melancholy": 0.271069248030058,
    "self_conscious": 0.8792029779610012,
    "authority_challenging": 0.2568752283045453,
    "achievement_striving": 0.23868044321522383,
    "orderliness": 0.8743063890483397,
    "self_efficacy": 0.8084416149176363,
    "stress_prone": 0.8128250621858095,
    "agreeableness": 0.6554645236480023,
    "cooperative": 0.8857259649672112,
    "trusting": 0.8348205743707492,
    "excitement_seeking": 0.3221050983666441,
    "outgoing": 0.7560837725477918,
    "gregariousness": 0.749160709005201,
    "altruism": 0.345100801892536,
    "modesty": 0.2512828541112213,
    "uncompromising": 0.7947694341526205,
    "sympathy": 0.7612064916766687,
    "fiery": 0.8239402320443912,
    "prone_to_worry": 0.7559446154916593,
    "immoderation": 0.23607124841273988
}