{
    "id": "1",
    "extraversion": 0.6690107469033802,
    "active": 0.8756740831828252,
    "assertive": 0,
    "cheerful": 0.08683344221137712,
    "openness": 0.6618119868321611,
    "adventurous": 1,
    "artistic": 0.11474464896437771,
    "emotionally_aware": 0.73433757317245,
    "imaginative": 0.9411033829048661,
    "intellectual": 0.8079007032240708,
    "conscientiousness": 0.32040886907735466,
    "cautious": 0.20561298338649145,
    "disciplined": 0.004765015563155671,
    "dutiful": 0.0888701020891775,
    "neuroticism": 0.2583483841217385,
    "melancholy": 0.9100667358362473,
    "self_conscious": 0.8559863710307548,
    "authority_challenging": 0.08562937913896683,
    "achievement_striving": 0.8220164213708385,
    "orderliness": 0.1462808541162305,
    "self_efficacy": 0.9158180583842498,
    "stress_prone": 0.24192701328312133,
    "agreeableness": 0.6154939860892287,
    "cooperative": 0.09508255517554984,
    "trusting": 0.8471224173487555,
    "excitement_seeking": 0.1903316297121777,
    "outgoing": 0.8479550141541456,
    "gregariousness": 0.777325186693822,
    "altruism": 0.799382597445849,
    "modesty": 0.05531004624114564,
    "uncompromising": 0.8517977686405614,
    "sympathy": 0.8474426468892902,
    "fiery": 0.08843458991405044,
    "prone_to_worry": 0.8483008620579231,
    "immoderation": 0.9177906723539432
}