{
    "id": "1",
    "extraversion": 0.15196210256304168,
    "active": 1,
    "assertive": 0.014015018307440837,
    "cheerful": 0.17479985933265757,
    "openness": 0.2897850685753294,
    "adventurous": 0.14654227260503502,
    "artistic": 0.6858256966136407,
    "emotionally_aware": 0.6506795473821393,
    "imaginative": 0.7366831468111954,
    "intellectual": 0.6975548706067313,
    "conscientiousness": 0.5285989118967336,
    "cautious": 0.5933886349061873,
    "disciplined": 0.8628286547651063,
    "dutiful": 0.7796177158105955,
    "neuroticism": 0.5496162677644235,
    "melancholy": 0.07984940319811339,
    "self_conscious": 0.7408411079621852,
    "authority_challenging": 0.7719947870337809,
    "achievement_striving": 0.6782648269584823,
    "orderliness": 0.7253056411741585,
    "self_efficacy": 0.6722140625969674,
    "stress_prone": 0.6795887548871558,
    "agreeableness": 0.5065472373347676,
    "cooperative": 0.769564138102232,
    "trusting": 0.08159740179143994,
    "excitement_seeking": 0.0669100763327196,
    "outgoing": 0.666908007695331,
    "gregariousness": 0.197223888624563,
    "altruism": 0.655106431393641,
    "modesty": 0.7036573509029602,
    "uncompromising": 0.7174655054715459,
    "sympathy": 0.7962702467884404,
    "fiery": 0.11397157692228124,
    "prone_to_worry": 0.6287623342504293,
    "immoderation": 0
}