{
    "id": "1",
    "extraversion": 0.5981828877704425,
    "active": 0.8940061441924309,
    "assertive": 0.8440420942545265,
    "cheerful": 0.7807438394666318,
    "openness": 0.21064121838028632,
    "adventurous": 0.9039545068305119,
    "artistic": 0.7081770050330086,
    "emotionally_aware": 0.9219295378782927,
    "imaginative": 0.7914765670958885,
    "intellectual": 0.7854108111641284,
    "conscientiousness": 0.19491470030720964,
    "cautious": 0.0051637361919079795,
    "disciplined": 0.7503104778090071,
    "dutiful": 0.763710046408262,
    "neuroticism": 0.06124583306098438,
    "melancholy": 0.747669782338715,
    "self_conscious": 0.7277469115628472,
    "authority_challenging": 0.02917837767174326,
    "achievement_striving": 0.8333224393751226,
    "orderliness": 0.0807503758415583,
    "self_efficacy": 0.808588796653376,
    "stress_prone": 0.8574808811033401,
    "agreeableness": 0.5413033531603373,
    "cooperative": 0.769801947839728,
    "trusting": 0.949748349565331,
    "excitement_seeking": 0.8283678671808615,
    "outgoing": 0.8675207529903916,
    "gregariousness": 0.7019151578534545,
    "altruism": 0.7513170795476829,
    "modesty": 0,
    "uncompromising": 0.7730309170534022,
    "sympathy": 1,
    "fiery": 0.042224982024968945,
    "prone_to_worry": 0.7996470357539709,
    "immoderation": 0.9646120661481143
}