{
    "id": "1",
    "extraversion": 0.6863442980180554,
    "active": 0.899481166338072,
    "assertive": 0.2151188129085815,
    "cheerful": 0.25196637957870704,
    "openness": 0.3789353533257237,
    "adventurous": 0.29758223513541554,
    "artistic": 0.31945626232229946,
    "emotionally_aware": 0.3648023243748054,
    "imaginative": 1,
    "intellectual": 0.7817266784268962,
    "conscientiousness": 0.6665456054788834,
    "cautious": 0.8278717443187714,
    "disciplined": 0.07002179101380096,
    "dutiful": 0.845180035280689,
    "neuroticism": 0.7054373767770052,
    "melancholy": 0.3029469751997509,
    "self_conscious": 0.8436650409878593,
    "authority_challenging": 0.13446093182525679,
    "achievement_striving": 0.8940956729272594,
    "orderliness": 0.8869150150461761,
    "self_efficacy": 0.8874234720348656,
    "stress_prone": 0.8896233267614402,
    "agreeableness": 0.6806059977171318,
    "cooperative": 0.8071910345543218,
    "trusting": 0.938082390785514,
    "excitement_seeking": 0.18352184289716714,
    "outgoing": 0.8890526097333195,
    "gregariousness": 0.7982463422226833,
    "altruism": 0.8513852858773477,
    "modesty": 0.2030507419321365,
    "uncompromising": 0.8960257341496316,
    "sympathy": 0.8311196430424407,
    "fiery": 0.22951125869046382,
    "prone_to_worry": 0.842658503683719,
    "immoderation": 0
}