{
    "id": "1",
    "extraversion": 0.6823190596309194,
    "active": 0.217577793890869,
    "assertive": 0.14747903879737337,
    "cheerful": 0.05188982730624294,
    "openness": 0.6560218139482633,
    "adventurous": 0.2953053033629837,
    "artistic": 0.28637955861477343,
    "emotionally_aware": 0.8022549249890216,
    "imaginative": 0.8170018076164994,
    "intellectual": 0.8266424289463741,
    "conscientiousness": 0.3784556623331529,
    "cautious": 0.7226789489271745,
    "disciplined": 0.02773721136858017,
    "dutiful": 0.9672280149919832,
    "neuroticism": 0.38310236011397175,
    "melancholy": 0.8692592857361696,
    "self_conscious": 0.23224297633758514,
    "authority_challenging": 0.9651344478599658,
    "achievement_striving": 0.23061918524494737,
    "orderliness": 0.7701569664722883,
    "self_efficacy": 0.23326422859710577,
    "stress_prone": 0.7884578069628979,
    "agreeableness": 0.6757013449892257,
    "cooperative": 0.20075776917656435,
    "trusting": 0.9247643460411157,
    "excitement_seeking": 0.23629734780788206,
    "outgoing": 1,
    "gregariousness": 0.29215984640366016,
    "altruism": 0.8137848629990094,
    "modesty": 0,
    "uncompromising": 0.2128289708840981,
    "sympathy": 0.9380610504600742,
    "fiery": 0.7939419315965236,
    "prone_to_worry": 0.848282764325616,
    "immoderation": 0.9765316230762161
}