{
    "id": "1",
    "extraversion": 0.7182302189354375,
    "active": 0.9355264997013939,
    "assertive": 0.08763770823009183,
    "cheerful": 0.808625268427807,
    "openness": 0.389750822755054,
    "adventurous": 0.7984218350932031,
    "artistic": 0.297958042668903,
    "emotionally_aware": 0.7266801357069339,
    "imaginative": 0.9723122276013672,
    "intellectual": 0.9580553755447971,
    "conscientiousness": 0.6820289965565001,
    "cautious": 0.7842539295289647,
    "disciplined": 0.09413080217029438,
    "dutiful": 0.06049632142720998,
    "neuroticism": 0.7310766337564645,
    "melancholy": 0.8285746959935958,
    "self_conscious": 0.900926314184424,
    "authority_challenging": 0,
    "achievement_striving": 0.9272671825563221,
    "orderliness": 0.18652079441924288,
    "self_efficacy": 0.8197435799692498,
    "stress_prone": 0.9175084816833758,
    "agreeableness": 0.39304184297132105,
    "cooperative": 0.19471657835550638,
    "trusting": 0.9106850150573704,
    "excitement_seeking": 0.9052592790251464,
    "outgoing": 0.9142174614671088,
    "gregariousness": 0.8680542319470386,
    "altruism": 0.8795791560248541,
    "modesty": 0.2060127828816122,
    "uncompromising": 0.13207283447057772,
    "sympathy": 0.8949923124817342,
    "fiery": 1,
    "prone_to_worry": 0.8826287500476498,
    "immoderation": 0.9068349026035908
}