{
    "id": "1",
    "extraversion": 0.6064082602638695,
    "active": 0.8084180119642711,
    "assertive": 0.7822973858887159,
    "cheerful": 0.7894062935343769,
    "openness": 0.7556031303777758,
    "adventurous": 0.7806174711136606,
    "artistic": 0.7414775055314267,
    "emotionally_aware": 0.29402605916577884,
    "imaginative": 0.7887507170367942,
    "intellectual": 0.8316807342456772,
    "conscientiousness": 0.6490412193722854,
    "cautious": 0.17753831025157746,
    "disciplined": 0.20228632303531918,
    "dutiful": 0,
    "neuroticism": 0.290563795787921,
    "melancholy": 0.12382201098090632,
    "self_conscious": 0.10214701302958286,
    "authority_challenging": 0.8259546832746046,
    "achievement_striving": 0.8568692124887323,
    "orderliness": 0.19794312873883468,
    "self_efficacy": 0.7281713513070557,
    "stress_prone": 0.7026653281979841,
    "agreeableness": 0.32400844054740635,
    "cooperative": 0.8354400557240024,
    "trusting": 1,
    "excitement_seeking": 0.8021797918544621,
    "outgoing": 0.8305129886093584,
    "gregariousness": 0.6963349176432025,
    "altruism": 0.7283967057280997,
    "modesty": 0.19275997705482253,
    "uncompromising": 0.8360444153077111,
    "sympathy": 0.7520998934688191,
    "fiery": 0.10134802917315411,
    "prone_to_worry": 0.7296156682782923,
    "immoderation": 0.911958125051217
}