{
    "id": "1",
    "extraversion": 0.7002309561990055,
    "active": 0.24822244410154004,
    "assertive": 0.19742216574385044,
    "cheerful": 0.15122084051919762,
    "openness": 0.3401813359152018,
    "adventurous": 0.26854457252932334,
    "artistic": 0.2405776930602201,
    "emotionally_aware": 0.7545006202535476,
    "imaginative": 0.15330852319143146,
    "intellectual": 0.8638871239397699,
    "conscientiousness": 0.36250037820338266,
    "cautious": 0.3107117283390316,
    "disciplined": 0.8621020039736569,
    "dutiful": 0.8813853337770919,
    "neuroticism": 0.6815023246901253,
    "melancholy": 0.9519933839621594,
    "self_conscious": 0.826893790404728,
    "authority_challenging": 0.9632083749357053,
    "achievement_striving": 0.7753976178229605,
    "orderliness": 0.011578066220890935,
    "self_efficacy": 0.2402852157776366,
    "stress_prone": 0.7823868163343519,
    "agreeableness": 0.3696711143384466,
    "cooperative": 0.05441085998406503,
    "trusting": 0.11784817403406857,
    "excitement_seeking": 0.20952467398868413,
    "outgoing": 0,
    "gregariousness": 0.2778029913366212,
    "altruism": 0.11935090214113542,
    "modesty": 0.14511915927909394,
    "uncompromising": 0.27522112291105666,
    "sympathy": 0.22493520115377244,
    "fiery": 1,
    "prone_to_worry": 0.9342127822657913,
    "immoderation": 0.8399241576149991
}