{
    "id": "1",
    "extraversion": 0.351837409901926,
    "active": 0.029741226515420025,
    "assertive": 0,
    "cheerful": 0.8159872385678837,
    "openness": 0.664634290440742,
    "adventurous": 0.27205482689353655,
    "artistic": 0.8241167434715821,
    "emotionally_aware": 0.7526290913387688,
    "imaginative": 0.8806806097128677,
    "intellectual": 0.836287368545433,
    "conscientiousness": 0.3700697152310055,
    "cautious": 0.7585726101855134,
    "disciplined": 0.9151010280042537,
    "dutiful": 0.1878411910669975,
    "neuroticism": 0.6940446650124068,
    "melancholy": 0.8480207964078931,
    "self_conscious": 1,
    "authority_challenging": 0.9667848280751505,
    "achievement_striving": 0.15559494269171684,
    "orderliness": 0.14089566347630864,
    "self_efficacy": 0.7903816613494032,
    "stress_prone": 0.299763677183032,
    "agreeableness": 0.7051991019732954,
    "cooperative": 0.2463310882665721,
    "trusting": 0.2129623065106936,
    "excitement_seeking": 0.25005317263381777,
    "outgoing": 0.9061443932411674,
    "gregariousness": 0.2244003308519437,
    "altruism": 0.24650833037929812,
    "modesty": 0.9215880893300247,
    "uncompromising": 0.2277442987120406,
    "sympathy": 0.8283351057544606,
    "fiery": 0.2532671629445823,
    "prone_to_worry": 0.8546614675646934,
    "immoderation": 0.21649533262436485
}