{
    "id": "1",
    "extraversion": 0.7973705611276769,
    "active": 0.16908897554058844,
    "assertive": 0.27637258377296325,
    "cheerful": 0.31133098400650583,
    "openness": 0.46746043330483555,
    "adventurous": 0.34623725420689366,
    "artistic": 0.8681422941384991,
    "emotionally_aware": 0.869382988927581,
    "imaginative": 0.9341910461455054,
    "intellectual": 0.9630293804866861,
    "conscientiousness": 0.7893946660550076,
    "cautious": 0.8866901599349417,
    "disciplined": 0.17715870467293618,
    "dutiful": 0.9219926183873053,
    "neuroticism": 0.8041161874178953,
    "melancholy": 0.8773171799737264,
    "self_conscious": 0.9920032529140689,
    "authority_challenging": 0.26017056946848216,
    "achievement_striving": 0.234220238964072,
    "orderliness": 0.2494005046187209,
    "self_efficacy": 0.896219529995621,
    "stress_prone": 0.8193798611255917,
    "agreeableness": 0.7476802135246159,
    "cooperative": 0.29432616719144233,
    "trusting": 0.19290197468565592,
    "excitement_seeking": 0.3529307504639573,
    "outgoing": 0,
    "gregariousness": 0.3471860208103092,
    "altruism": 0.8664428550576558,
    "modesty": 1,
    "uncompromising": 0.29962257855996,
    "sympathy": 0.8380736910148675,
    "fiery": 0.9092416122776654,
    "prone_to_worry": 0.9276435139812749,
    "immoderation": 0.9140584273411598
}