{
    "id": "1",
    "extraversion": 0.18845034346256842,
    "active": 0.11315636278961462,
    "assertive": 0,
    "cheerful": 0.20343462568401444,
    "openness": 0.28163930608918386,
    "adventurous": 0.23074863197112583,
    "artistic": 0.23615089067411807,
    "emotionally_aware": 0.8549889393410176,
    "imaginative": 0.9025847013622075,
    "intellectual": 0.8697520083828152,
    "conscientiousness": 0.38303644196064734,
    "cautious": 0.8421120037256956,
    "disciplined": 0.13034113400861566,
    "dutiful": 0.13009663523110956,
    "neuroticism": 0.7746303411340086,
    "melancholy": 0.9863779252532309,
    "self_conscious": 0.8260565840027942,
    "authority_challenging": 0.1089998835720107,
    "achievement_striving": 0.23250669460938408,
    "orderliness": 0.17998602864128538,
    "self_efficacy": 0.2130166492024683,
    "stress_prone": 0.8146582838514379,
    "agreeableness": 0.35285830713703575,
    "cooperative": 0.1342531144487135,
    "trusting": 0.018512050296891337,
    "excitement_seeking": 0.09634416113633716,
    "outgoing": 0.2131912911864012,
    "gregariousness": 0.18390965188031203,
    "altruism": 0.2874723483525439,
    "modesty": 0.08186051926883221,
    "uncompromising": 0.8225986727209221,
    "sympathy": 0.8917336127605076,
    "fiery": 0.846908836884387,
    "prone_to_worry": 1,
    "immoderation": 0.8704971475142625
}