{
    "id": "1",
    "extraversion": 0.3112533206744507,
    "active": 0.7779461571466393,
    "assertive": 0.702540601236067,
    "cheerful": 0.7212550551848167,
    "openness": 0.5867665988077524,
    "adventurous": 0.6675856528605728,
    "artistic": 0.6236842825973836,
    "emotionally_aware": 0.2890607169918113,
    "imaginative": 0.7914753380012963,
    "intellectual": 0.6569594946184534,
    "conscientiousness": 0.5808327475557097,
    "cautious": 0.679453355364658,
    "disciplined": 0.18215097543385586,
    "dutiful": 0.733168402698533,
    "neuroticism": 0.5719410996795721,
    "melancholy": 0.11478807022028284,
    "self_conscious": 0.13535571156005516,
    "authority_challenging": 0.025123013300955847,
    "achievement_striving": 0.7766680968769685,
    "orderliness": 0.7121260532585972,
    "self_efficacy": 0.775983421732502,
    "stress_prone": 0.7562282615641632,
    "agreeableness": 0.35517294894149226,
    "cooperative": 0.7088761285728632,
    "trusting": 1,
    "excitement_seeking": 0.7449174281775773,
    "outgoing": 0.7546215572251486,
    "gregariousness": 0.6664536566217216,
    "altruism": 0.6697766133228654,
    "modesty": 0.2048456742224373,
    "uncompromising": 0.7125916323568344,
    "sympathy": 0.7212915711925216,
    "fiery": 0.20440748212997878,
    "prone_to_worry": 0.6513086424261236,
    "immoderation": 0
}