{
    "id": "1",
    "extraversion": 0.5137368041439906,
    "active": 0.8801202731436815,
    "assertive": 0,
    "cheerful": 0.1492642168663413,
    "openness": 0.2429348895154416,
    "adventurous": 0.11725694802214377,
    "artistic": 0.1574604007231376,
    "emotionally_aware": 0.6316400798074132,
    "imaginative": 1,
    "intellectual": 0.6620081118802514,
    "conscientiousness": 0.23515085661830143,
    "cautious": 0.553884054441395,
    "disciplined": 0.7561003025562728,
    "dutiful": 0.815824723437339,
    "neuroticism": 0.6093932950532518,
    "melancholy": 0.09405472240696161,
    "self_conscious": 0.6989143569039971,
    "authority_challenging": 0.07334413668424551,
    "achievement_striving": 0.683814644472962,
    "orderliness": 0.6138239178695543,
    "self_efficacy": 0.6413443614938599,
    "stress_prone": 0.9046900905795404,
    "agreeableness": 0.17143606508238338,
    "cooperative": 0.6763678259973586,
    "trusting": 0.04070927433329899,
    "excitement_seeking": 0.04843710482684974,
    "outgoing": 0.6584767275213804,
    "gregariousness": 0.15473458414904878,
    "altruism": 0.12591211817492062,
    "modesty": 0.0009086055246962976,
    "uncompromising": 0.10166078102606857,
    "sympathy": 0.12931236359208298,
    "fiery": 0.6598068510729976,
    "prone_to_worry": 0.6866903341232894,
    "immoderation": 0.6332605824442427
}