{
    "id": "1",
    "extraversion": 0.8747139977996085,
    "active": 0.29504717210760495,
    "assertive": 0,
    "cheerful": 0.8841386830754852,
    "openness": 0.44652367368000856,
    "adventurous": 0.3337195377230817,
    "artistic": 0.2171474749048282,
    "emotionally_aware": 0.36163335248128203,
    "imaginative": 0.2758570329766622,
    "intellectual": 0.32927980994849526,
    "conscientiousness": 0.4397180383413332,
    "cautious": 0.8313000808108345,
    "disciplined": 0.2680290919004176,
    "dutiful": 0.14119502672599282,
    "neuroticism": 0.7578887926082427,
    "melancholy": 0.29871773651773453,
    "self_conscious": 0.8298006990623995,
    "authority_challenging": 0.28081278174259316,
    "achievement_striving": 0.2596461848523498,
    "orderliness": 0.8574126902218889,
    "self_efficacy": 0.2540283714182788,
    "stress_prone": 0.13826441694496097,
    "agreeableness": 0.8290120632077033,
    "cooperative": 0.8447166265857908,
    "trusting": 0.9419817153316652,
    "excitement_seeking": 0.3127671382254719,
    "outgoing": 0.9492449541909667,
    "gregariousness": 1,
    "altruism": 0.2335530479315347,
    "modesty": 0.2626741570845787,
    "uncompromising": 0.2799754646622983,
    "sympathy": 0.32420722624112785,
    "fiery": 0.18069497317664465,
    "prone_to_worry": 0.2970041573766661,
    "immoderation": 0.2110233767245324
}