{
    "id": "1",
    "extraversion": 0.7812453705989828,
    "active": 0.774616068342304,
    "assertive": 0.06993481803367738,
    "cheerful": 0.7756900893783022,
    "openness": 0.3311317959606933,
    "adventurous": 0.7172114957286059,
    "artistic": 0.7522838378351686,
    "emotionally_aware": 0.1924596316231297,
    "imaginative": 0.9683102069033627,
    "intellectual": 0.7984050170361958,
    "conscientiousness": 0.2383709446447089,
    "cautious": 0.7222359389659769,
    "disciplined": 0.13961038961038963,
    "dutiful": 0.13384524221026123,
    "neuroticism": 0.6697447039652362,
    "melancholy": 0.03503530689842479,
    "self_conscious": 0.09400770332329272,
    "authority_challenging": 0.05057774924695077,
    "achievement_striving": 0,
    "orderliness": 0.8189225223445754,
    "self_efficacy": 0.8997703817095452,
    "stress_prone": 0.7545800207397165,
    "agreeableness": 0.6720655770085427,
    "cooperative": 0.8528838082070022,
    "trusting": 0.9411387091995457,
    "excitement_seeking": 0.8534269912596909,
    "outgoing": 0.9693225025924646,
    "gregariousness": 0.8898079107204581,
    "altruism": 1,
    "modesty": 0.007678633153918328,
    "uncompromising": 0.8193422547034713,
    "sympathy": 0.8810058762530244,
    "fiery": 0.13374648165522696,
    "prone_to_worry": 0.8628586242654682,
    "immoderation": 0.013554886178460377
}