{
    "id": "1",
    "extraversion": 0.3423776538829757,
    "active": 0.16018471588669253,
    "assertive": 0,
    "cheerful": 0.3051416342850706,
    "openness": 0.744438812862533,
    "adventurous": 0.25423213380638615,
    "artistic": 0.217919693641944,
    "emotionally_aware": 0.7487300782789885,
    "imaginative": 0.9359238610125583,
    "intellectual": 0.9888719941431547,
    "conscientiousness": 0.7010756321450695,
    "cautious": 0.788466520245537,
    "disciplined": 0.894227628540857,
    "dutiful": 0.9014022638959283,
    "neuroticism": 0.7328602804527792,
    "melancholy": 0.23016275271723824,
    "self_conscious": 1,
    "authority_challenging": 0.17339640705074053,
    "achievement_striving": 0.25794897786788307,
    "orderliness": 0.19980852621501374,
    "self_efficacy": 0.2456270766458298,
    "stress_prone": 0.9025060539505546,
    "agreeableness": 0.3817536746071971,
    "cooperative": 0.15334797544630285,
    "trusting": 0.04514276060145289,
    "excitement_seeking": 0.25390550205552737,
    "outgoing": 0.7968350509658163,
    "gregariousness": 0.2616432956017345,
    "altruism": 0.28269414878639404,
    "modesty": 0.23063580559779237,
    "uncompromising": 0.8183927465224982,
    "sympathy": 0.856079292673312,
    "fiery": 0.9138480599200315,
    "prone_to_worry": 0.8992509996057892,
    "immoderation": 0.9322520696063524
}