{
    "id": "1",
    "extraversion": 0.355561050074176,
    "active": 0.849777471995872,
    "assertive": 0.2131001268517125,
    "cheerful": 0.18255896454602139,
    "openness": 0.3613123777170992,
    "adventurous": 0.3056481262497044,
    "artistic": 0.26156178108404465,
    "emotionally_aware": 0.7728279331770979,
    "imaginative": 0.8911870310249187,
    "intellectual": 0.8106899443142482,
    "conscientiousness": 0.6814516995979446,
    "cautious": 0.7627012964675023,
    "disciplined": 0,
    "dutiful": 0.23592268495624694,
    "neuroticism": 0.6881382898669132,
    "melancholy": 0.9043344585151899,
    "self_conscious": 0.9274580206832792,
    "authority_challenging": 0.16612199264690072,
    "achievement_striving": 0.2919524413579584,
    "orderliness": 0.7675066113392531,
    "self_efficacy": 0.7815785513104426,
    "stress_prone": 0.8200425705747028,
    "agreeableness": 0.3936810646943734,
    "cooperative": 0.21228311582206363,
    "trusting": 0.09052697211412354,
    "excitement_seeking": 0.1797854271032659,
    "outgoing": 0.18191395583840386,
    "gregariousness": 0.30070305949130316,
    "altruism": 0.25194040119541616,
    "modesty": 0.2122616155318097,
    "uncompromising": 0.9346821182085958,
    "sympathy": 0.285975360667369,
    "fiery": 0.8787168626776461,
    "prone_to_worry": 1,
    "immoderation": 0.1922878458859195
}