{
    "id": "1",
    "extraversion": 0.6896653470702501,
    "active": 0.8312842705746392,
    "assertive": 0.06728712286999926,
    "cheerful": 0.23915021269271436,
    "openness": 0.6726499299220537,
    "adventurous": 0.19100543411443605,
    "artistic": 0.15945806388158054,
    "emotionally_aware": 0.24083454228036094,
    "imaginative": 0.8917111313285304,
    "intellectual": 0.8942437728982764,
    "conscientiousness": 0.6518847279254468,
    "cautious": 0.21429098330423663,
    "disciplined": 0.13860680124910868,
    "dutiful": 0.020322604440728798,
    "neuroticism": 0.7279746244067963,
    "melancholy": 0.8145024465809338,
    "self_conscious": 0.8430499889350611,
    "authority_challenging": 0.8880719958690895,
    "achievement_striving": 0.8423983869777963,
    "orderliness": 0.19544370404976763,
    "self_efficacy": 0.823895350266788,
    "stress_prone": 0.8784700877818485,
    "agreeableness": 0.314736039735425,
    "cooperative": 0.14016818707123363,
    "trusting": 0.8441195996950995,
    "excitement_seeking": 0.9658585163146376,
    "outgoing": 0.964764316801495,
    "gregariousness": 0.8468612456662322,
    "altruism": 0.758563033268583,
    "modesty": 0,
    "uncompromising": 0.11069856647569402,
    "sympathy": 0.8460621111903415,
    "fiery": 0.8937397034596376,
    "prone_to_worry": 0.8787774471956527,
    "immoderation": 1
}