{
    "id": "1",
    "extraversion": 0.3388397114208382,
    "active": 1,
    "assertive": 0.1692850056348067,
    "cheerful": 0.2277714098575405,
    "openness": 0.7481000587561044,
    "adventurous": 0.2417187605351621,
    "artistic": 0.19619722786773133,
    "emotionally_aware": 0.8726052071393482,
    "imaginative": 0.8077326886215433,
    "intellectual": 0.9323341584873676,
    "conscientiousness": 0.7173253450717113,
    "cautious": 0.800942024099635,
    "disciplined": 0.13443589323726868,
    "dutiful": 0.18641096523757691,
    "neuroticism": 0.6889586684518249,
    "melancholy": 0.24798928905113707,
    "self_conscious": 0.8452595382348126,
    "authority_challenging": 0.877305695489265,
    "achievement_striving": 0.862491451468421,
    "orderliness": 0.8474460358893844,
    "self_efficacy": 0.8360608366483978,
    "stress_prone": 0.8219882680434218,
    "agreeableness": 0.4267234321270673,
    "cooperative": 0.9217869561448291,
    "trusting": 0.8444504377811384,
    "excitement_seeking": 0,
    "outgoing": 0.8091582465637311,
    "gregariousness": 0.2897350196014217,
    "altruism": 0.32091428351265183,
    "modesty": 0.18155636251553184,
    "uncompromising": 0.7948545064005625,
    "sympathy": 0.2330305628064227,
    "fiery": 0.861720879607779,
    "prone_to_worry": 0.8127221414192007,
    "immoderation": 0.14434737379477738
}