{
    "id": "1",
    "extraversion": 0.3139473536510075,
    "active": 0.8118426222147388,
    "assertive": 0.03236235056406805,
    "cheerful": 0,
    "openness": 0.31255542459448843,
    "adventurous": 0.7361284166806982,
    "artistic": 0.26032440927204353,
    "emotionally_aware": 0.7807599483639222,
    "imaginative": 0.8397597799854072,
    "intellectual": 0.8344502441488467,
    "conscientiousness": 0.3508895998203963,
    "cautious": 0.685693438850536,
    "disciplined": 0.12973003311444126,
    "dutiful": 0.8211707919402819,
    "neuroticism": 0.6351462086771061,
    "melancholy": 0.9272380310938991,
    "self_conscious": 1,
    "authority_challenging": 0.15075489700847508,
    "achievement_striving": 0.18487960936184544,
    "orderliness": 0.1600044900937307,
    "self_efficacy": 0.22720996800808216,
    "stress_prone": 0.7516865914575966,
    "agreeableness": 0.6295111410450692,
    "cooperative": 0.8405455463882808,
    "trusting": 0.8981197732502665,
    "excitement_seeking": 0.18061402031767412,
    "outgoing": 0.18211820171746085,
    "gregariousness": 0.22815288769153058,
    "altruism": 0.8217769545939272,
    "modesty": 0.19630689790649383,
    "uncompromising": 0.8581691642813043,
    "sympathy": 0.793029129483078,
    "fiery": 0.23047651119717125,
    "prone_to_worry": 0.9758545209631251,
    "immoderation": 0.8072627266094179
}