{
    "id": "1",
    "extraversion": 0.32866614276068934,
    "active": 0.9505683641958227,
    "assertive": 0.10063422139085969,
    "cheerful": 0.806833652473242,
    "openness": 0.7070406322290723,
    "adventurous": 1,
    "artistic": 0.26161355662058505,
    "emotionally_aware": 0.741618426732487,
    "imaginative": 0.9254430141565297,
    "intellectual": 0.7976689873487774,
    "conscientiousness": 0.3331488593976557,
    "cautious": 0.24755664272194977,
    "disciplined": 0,
    "dutiful": 0.17344239432410588,
    "neuroticism": 0.6826236621027815,
    "melancholy": 0.9126700388502109,
    "self_conscious": 0.9358584125648888,
    "authority_challenging": 0.08056714666784726,
    "achievement_striving": 0.24022933799683438,
    "orderliness": 0.2765891507188949,
    "self_efficacy": 0.24961537184411214,
    "stress_prone": 0.778509524389299,
    "agreeableness": 0.6552403510907944,
    "cooperative": 0.10840426356160135,
    "trusting": 0.11970513686121284,
    "excitement_seeking": 0.8011666131692253,
    "outgoing": 0.9205396969462184,
    "gregariousness": 0.26948321471659265,
    "altruism": 0.7947911939522064,
    "modesty": 0.2378053504820304,
    "uncompromising": 0.865905896155932,
    "sympathy": 0.984603805328345,
    "fiery": 0.24250943584180987,
    "prone_to_worry": 0.2695274884611553,
    "immoderation": 0.9399980076814946
}