{
    "id": "1",
    "extraversion": 0.7146814979299182,
    "active": 0.25410644060058324,
    "assertive": 0.9197700600790678,
    "cheerful": 0.9740798771440133,
    "openness": 0.25152272939516257,
    "adventurous": 0.3056146431054342,
    "artistic": 0.09405123841739912,
    "emotionally_aware": 0.3510630570803026,
    "imaginative": 0.0991148973260146,
    "intellectual": 0.9164288753073995,
    "conscientiousness": 0.3321884760254429,
    "cautious": 0.2197918504145352,
    "disciplined": 0.0596328847291254,
    "dutiful": 0.06722837309204861,
    "neuroticism": 0.6770983574237598,
    "melancholy": 0.8947007979413321,
    "self_conscious": 0.900947360775321,
    "authority_challenging": 0.9815612256544883,
    "achievement_striving": 0.20928060763906908,
    "orderliness": 0.13324271320805622,
    "self_efficacy": 0.15269836987538005,
    "stress_prone": 0.7943511149388315,
    "agreeableness": 0.4040135722660912,
    "cooperative": 0.18759403567389207,
    "trusting": 0.12601039710292308,
    "excitement_seeking": 0.752108993182738,
    "outgoing": 1.037635022264069e-05,
    "gregariousness": 0.8046133253089559,
    "altruism": 0.026542703869341048,
    "modesty": 0.22916169466551842,
    "uncompromising": 0.2387079368702853,
    "sympathy": 0,
    "fiery": 1,
    "prone_to_worry": 0.8755875608313533,
    "immoderation": 0.9005634358170858
}