{
    "id": "1",
    "extraversion": 0.5975609756097562,
    "active": 0.7131287297527706,
    "assertive": 0.0879649845091801,
    "cheerful": 0.647932131495228,
    "openness": 0.28107001018859296,
    "adventurous": 0.7296592019628636,
    "artistic": 0.6890503815524089,
    "emotionally_aware": 0.60476576632774,
    "imaginative": 0.7837938993200675,
    "intellectual": 0.765028174578421,
    "conscientiousness": 0.5818102426548563,
    "cautious": 0.6927827334539332,
    "disciplined": 0.8197138876759612,
    "dutiful": 0.8751377539350842,
    "neuroticism": 0.5789511987191484,
    "melancholy": 0.0298380221653879,
    "self_conscious": 0.16291352171833737,
    "authority_challenging": 0.09287214355519512,
    "achievement_striving": 0.05889630507558271,
    "orderliness": 0.6832283284469675,
    "self_efficacy": 0.7946582662757574,
    "stress_prone": 0.7449420913646477,
    "agreeableness": 0.5400370116233132,
    "cooperative": 0.7774208304742894,
    "trusting": 0.7494957686149751,
    "excitement_seeking": 0.7187116628199531,
    "outgoing": 0.7449005052710373,
    "gregariousness": 0.72916016883954,
    "altruism": 0.7749048718108664,
    "modesty": 0.7452643835901275,
    "uncompromising": 0.7046659597030753,
    "sympathy": 0,
    "fiery": 0.6806707836899342,
    "prone_to_worry": 0.13308589607635204,
    "immoderation": 1
}