{
    "id": "1",
    "extraversion": 0.7541052170362772,
    "active": 0.8432897501518607,
    "assertive": 0.09557761822726323,
    "cheerful": 0.8017346969259418,
    "openness": 0.4588880811782396,
    "adventurous": 0.7835512492406966,
    "artistic": 0.2711783391920017,
    "emotionally_aware": 0.803447486083588,
    "imaginative": 0.9003196542555839,
    "intellectual": 0.8869758317483395,
    "conscientiousness": 0.7487079395743917,
    "cautious": 0.8464663765547047,
    "disciplined": 0.9641509246074028,
    "dutiful": 0.26186753766642434,
    "neuroticism": 0.7496439987651985,
    "melancholy": 0.24711962637296978,
    "self_conscious": 0.3326993357962975,
    "authority_challenging": 0.25663954750500395,
    "achievement_striving": 0.1743858356319893,
    "orderliness": 0.8285418388584062,
    "self_efficacy": 1,
    "stress_prone": 0.279602871909262,
    "agreeableness": 0.6953226914689159,
    "cooperative": 0.8695790721064319,
    "trusting": 0.8927017257346571,
    "excitement_seeking": 0.29490843548660134,
    "outgoing": 0.9963453859252546,
    "gregariousness": 0.8325449856105794,
    "altruism": 0.8708039155156789,
    "modesty": 0.8911183915714841,
    "uncompromising": 0.8650581053763655,
    "sympathy": 0.9163222831877794,
    "fiery": 0.1810179145796198,
    "prone_to_worry": 0.88687625098336,
    "immoderation": 0
}