{
    "id": "1",
    "extraversion": 0.4497559127081429,
    "active": 0.3004725708298968,
    "assertive": 0.2371547669467912,
    "cheerful": 0.3524665076569849,
    "openness": 0.7438978177035733,
    "adventurous": 0.33627204030226704,
    "artistic": 0.20183455562738234,
    "emotionally_aware": 0.8549631082677605,
    "imaginative": 1,
    "intellectual": 0.8889681460511358,
    "conscientiousness": 0.40113907402866633,
    "cautious": 0.8092664006598159,
    "disciplined": 0.02256971534294821,
    "dutiful": 0.19175898887675263,
    "neuroticism": 0.803392701901429,
    "melancholy": 0.9793138806535745,
    "self_conscious": 0.9725373932814694,
    "authority_challenging": 0.9398029468803639,
    "achievement_striving": 0.8744566550010032,
    "orderliness": 0.26083903613383563,
    "self_efficacy": 0.19571565502329416,
    "stress_prone": 0.9403490782639711,
    "agreeableness": 0.4149149595416955,
    "cooperative": 0.11627025701611643,
    "trusting": 0,
    "excitement_seeking": 0.3118521655781191,
    "outgoing": 0.245157263547402,
    "gregariousness": 0.3380664719912619,
    "altruism": 0.27667684625844274,
    "modesty": 0.06374133434386212,
    "uncompromising": 0.2805666391743385,
    "sympathy": 0.2985332471411694,
    "fiery": 0.947994917634471,
    "prone_to_worry": 0.9322908539711555,
    "immoderation": 0.923285258910858
}