{
    "id": "1",
    "extraversion": 0.758548033795765,
    "active": 0.8666110357776154,
    "assertive": 0.9292688015020338,
    "cheerful": 0.10969020548659646,
    "openness": 0.6559299050797955,
    "adventurous": 0.7465943465109002,
    "artistic": 0.6984771044122249,
    "emotionally_aware": 0.7495462605611766,
    "imaginative": 0.7982684885782831,
    "intellectual": 0.7753937623865651,
    "conscientiousness": 0.6580369250026076,
    "cautious": 0.7390633149056013,
    "disciplined": 0.9124960884531136,
    "dutiful": 0.7919682903932408,
    "neuroticism": 0.3277146135391676,
    "melancholy": 0.7768540732241577,
    "self_conscious": 0.20730155418796287,
    "authority_challenging": 1,
    "achievement_striving": 0.822321894231772,
    "orderliness": 0.7709085219568165,
    "self_efficacy": 0.7846041514550953,
    "stress_prone": 0.2475852717221237,
    "agreeableness": 0.06531761760717639,
    "cooperative": 0.14755397934703246,
    "trusting": 0.815906957338062,
    "excitement_seeking": 0.7418379054970272,
    "outgoing": 0.8045582559716282,
    "gregariousness": 0.2724418483362887,
    "altruism": 0.7589548346719516,
    "modesty": 0.19964535308229894,
    "uncompromising": 0.19802858036925003,
    "sympathy": 0,
    "fiery": 0.7548868259100866,
    "prone_to_worry": 0.05458433295087101,
    "immoderation": 0.16697611348701363
}