{
    "id": "1",
    "extraversion": 0.6158483758797072,
    "active": 0.7523053369886424,
    "assertive": 0.7910065154697904,
    "cheerful": 0.6977249261224054,
    "openness": 0.5637008817839808,
    "adventurous": 0.6589288045477742,
    "artistic": 0.6509535846951734,
    "emotionally_aware": 0.674285849918705,
    "imaginative": 0.7744033419968906,
    "intellectual": 0.7832805212375833,
    "conscientiousness": 0.5595827251041408,
    "cautious": 0.6429783648425725,
    "disciplined": 0.7665349331244586,
    "dutiful": 0.03571047103642255,
    "neuroticism": 0.5958747225881488,
    "melancholy": 0.03878425368794584,
    "self_conscious": 0.09836104484874379,
    "authority_challenging": 0.7524952231756092,
    "achievement_striving": 0.8782354826076122,
    "orderliness": 0.09977332336430857,
    "self_efficacy": 0.7547382537591532,
    "stress_prone": 0.758168073011239,
    "agreeableness": 0.24050272367999434,
    "cooperative": 0.640379297658466,
    "trusting": 1,
    "excitement_seeking": 0.8569800975540286,
    "outgoing": 0.7981865869144682,
    "gregariousness": 0.6637115628819976,
    "altruism": 0.7602212174078163,
    "modesty": 0.06256749860552337,
    "uncompromising": 0.052111890435670126,
    "sympathy": 0.07156335671307013,
    "fiery": 0.6555939283891719,
    "prone_to_worry": 0.729602069759438,
    "immoderation": 0
}