{
    "id": "1",
    "extraversion": 0.3029066802651708,
    "active": 0.10962550217037101,
    "assertive": 0.18813198840810438,
    "cheerful": 0.08628002139276873,
    "openness": 0.3280929341674854,
    "adventurous": 0.11426474795089614,
    "artistic": 0.8221912662777826,
    "emotionally_aware": 0.9078494048581486,
    "imaginative": 1,
    "intellectual": 0.8904988743921095,
    "conscientiousness": 0.773721719879106,
    "cautious": 0.8631733436151291,
    "disciplined": 0.980025124065621,
    "dutiful": 0.12613027201154214,
    "neuroticism": 0.7948284225320581,
    "melancholy": 0.8737826643947214,
    "self_conscious": 0.9059837564209401,
    "authority_challenging": 0.887538712205072,
    "achievement_striving": 0.22030820512182686,
    "orderliness": 0.8577505254909765,
    "self_efficacy": 0.8999763684531287,
    "stress_prone": 0.8777129637691072,
    "agreeableness": 0.7409733709779729,
    "cooperative": 0.2710414049576497,
    "trusting": 0.03190258827626523,
    "excitement_seeking": 0.03625576796308505,
    "outgoing": 0.17537095309759831,
    "gregariousness": 0.1934304299697765,
    "altruism": 0.18820661434559272,
    "modesty": 0.9985821071877216,
    "uncompromising": 0.19066927028270791,
    "sympathy": 0.1958308976256514,
    "fiery": 0.8461088792427954,
    "prone_to_worry": 0.9276252782925585,
    "immoderation": 0
}