{
    "id": "1",
    "extraversion": 0.9052099328927388,
    "active": 0.3546843583239304,
    "assertive": 0,
    "cheerful": 0.8622816468851542,
    "openness": 0.4720923721695752,
    "adventurous": 0.368054907483605,
    "artistic": 0.2464558712490774,
    "emotionally_aware": 0.3485335663564405,
    "imaginative": 0.24844109238065343,
    "intellectual": 0.8193533608775696,
    "conscientiousness": 0.4496610701529638,
    "cautious": 0.38783924799144825,
    "disciplined": 0.30562224805083527,
    "dutiful": 0.2791271814101857,
    "neuroticism": 0.7291700248576835,
    "melancholy": 0.3480924061049792,
    "self_conscious": 0.8103604788285499,
    "authority_challenging": 0.3299284811361573,
    "achievement_striving": 0.28298733361047246,
    "orderliness": 0.35921473475239885,
    "self_efficacy": 0.3143097114642278,
    "stress_prone": 0.3539462632878316,
    "agreeableness": 0.7789193270609396,
    "cooperative": 0.8123032807051778,
    "trusting": 0.8664047984661197,
    "excitement_seeking": 0.8640971909969375,
    "outgoing": 0.9024441974701157,
    "gregariousness": 1,
    "altruism": 0.7992551178831095,
    "modesty": 0.35478616453580614,
    "uncompromising": 0.36081818258944104,
    "sympathy": 0.36482256025655163,
    "fiery": 0.8663963146151302,
    "prone_to_worry": 0.8660993798304927,
    "immoderation": 0.1938899305172604
}