{
    "id": "1",
    "extraversion": 0.20931930659599213,
    "active": 1,
    "assertive": 0.7658454354508659,
    "cheerful": 0.18907248650061753,
    "openness": 0.27142097339787796,
    "adventurous": 0.0846111546817391,
    "artistic": 0.21434044586274353,
    "emotionally_aware": 0.826766187990733,
    "imaginative": 0.7123346945398491,
    "intellectual": 0.7818553875832726,
    "conscientiousness": 0.3427896620421704,
    "cautious": 0.7066374593215603,
    "disciplined": 0.06888065554263464,
    "dutiful": 0.15734104984179356,
    "neuroticism": 0.6366840648691529,
    "melancholy": 0.6908528725063328,
    "self_conscious": 0.7539912197672428,
    "authority_challenging": 0.7333387421009456,
    "achievement_striving": 0.22699696207552444,
    "orderliness": 0.12331990156042949,
    "self_efficacy": 0.17804761518421364,
    "stress_prone": 0.7262532565288332,
    "agreeableness": 0.28337434982105997,
    "cooperative": 0.7255861751899829,
    "trusting": 0,
    "excitement_seeking": 0.03865465920256739,
    "outgoing": 0.25091272953457555,
    "gregariousness": 0.2528598858750034,
    "altruism": 0.09435595099656546,
    "modesty": 0.13788751566288956,
    "uncompromising": 0.19945732031623262,
    "sympathy": 0.7026349712884586,
    "fiery": 0.8867223769730733,
    "prone_to_worry": 0.7518637711730715,
    "immoderation": 0.81389332107346
}