{
    "id": "1",
    "extraversion": 0.6630503633578643,
    "active": 0.7510739499475981,
    "assertive": 0.12858607147381637,
    "cheerful": 0.7773209411602116,
    "openness": 0.5957456610118739,
    "adventurous": 0.6894240403551809,
    "artistic": 0.7855209664973684,
    "emotionally_aware": 0.6617719886213133,
    "imaginative": 1,
    "intellectual": 0.7847954024577042,
    "conscientiousness": 0.6269218809383962,
    "cautious": 0.8604728834836287,
    "disciplined": 0.9326952976540096,
    "dutiful": 0.990187610130256,
    "neuroticism": 0.6303769477939398,
    "melancholy": 0.10883460594962516,
    "self_conscious": 0.15560469428416773,
    "authority_challenging": 0.02879222379619715,
    "achievement_striving": 0.7818816294095291,
    "orderliness": 0.7867072061177717,
    "self_efficacy": 0.8116297550357601,
    "stress_prone": 0.8674751523108639,
    "agreeableness": 0.3474300061039514,
    "cooperative": 0.8517085305600663,
    "trusting": 0.9272823595803246,
    "excitement_seeking": 0.7431848806274401,
    "outgoing": 0.772886938695597,
    "gregariousness": 0.7212912736528119,
    "altruism": 0.7955636941574818,
    "modesty": 0.7980628591829918,
    "uncompromising": 0.7792788123783528,
    "sympathy": 0.7531354731714058,
    "fiery": 0.08261064851604881,
    "prone_to_worry": 0.13170714853332413,
    "immoderation": 0
}