{
    "id": "1",
    "extraversion": 0.27820872402098273,
    "active": 1,
    "assertive": 0.9194137044817106,
    "cheerful": 0.013612946381420674,
    "openness": 0.6558154272235457,
    "adventurous": 0.15165526386818912,
    "artistic": 0.7752103552274888,
    "emotionally_aware": 0.7345475455622967,
    "imaginative": 0.9170431741635665,
    "intellectual": 0.8165655475103564,
    "conscientiousness": 0.355896400783918,
    "cautious": 0.7431612547381268,
    "disciplined": 0,
    "dutiful": 0.12901787285977495,
    "neuroticism": 0.6632673418375131,
    "melancholy": 0.7989156584089282,
    "self_conscious": 0.8785161888444251,
    "authority_challenging": 0.14861582152957883,
    "achievement_striving": 0.18533557086360064,
    "orderliness": 0.1498480278830695,
    "self_efficacy": 0.10984239493973925,
    "stress_prone": 0.755823641932569,
    "agreeableness": 0.37923790970861254,
    "cooperative": 0.11467733796486454,
    "trusting": 0.0903500639573774,
    "excitement_seeking": 0.13021487331745155,
    "outgoing": 0.7786957389130766,
    "gregariousness": 0.7686972645018952,
    "altruism": 0.18506565899569313,
    "modesty": 0.18025418656777722,
    "uncompromising": 0.8405055566638894,
    "sympathy": 0.7901963315456562,
    "fiery": 0.8955206365225963,
    "prone_to_worry": 0.9859528475702064,
    "immoderation": 0.10911480642624952
}