{
    "id": "1",
    "extraversion": 0.6745032768126495,
    "active": 0.7739389368563404,
    "assertive": 0.7950951836055342,
    "cheerful": 0.7209768022469573,
    "openness": 0.26478466659731614,
    "adventurous": 0.7027332778529075,
    "artistic": 0.7699599500676169,
    "emotionally_aware": 0.7686726308124415,
    "imaginative": 1,
    "intellectual": 0.7844845521689379,
    "conscientiousness": 0.6103973785498803,
    "cautious": 0.6698611255591387,
    "disciplined": 0.8047565796317486,
    "dutiful": 0,
    "neuroticism": 0.67865130552377,
    "melancholy": 0.10819983355872255,
    "self_conscious": 0.7141631124518881,
    "authority_challenging": 0.9019556850098825,
    "achievement_striving": 0.8886273795901384,
    "orderliness": 0.7375299074170394,
    "self_efficacy": 0.8369395610111308,
    "stress_prone": 0.8469000312077396,
    "agreeableness": 0.23603453656506815,
    "cooperative": 0.741404868407365,
    "trusting": 0.8717101841256631,
    "excitement_seeking": 0.8634791428274213,
    "outgoing": 0.798176947883075,
    "gregariousness": 0.7436544262977218,
    "altruism": 0.8469000312077396,
    "modesty": 0.8312311453240404,
    "uncompromising": 0.739376365338604,
    "sympathy": 0.06501612399875167,
    "fiery": 0.7492458129616146,
    "prone_to_worry": 0.8229610943513992,
    "immoderation": 0.02218350150837403
}