{
    "id": "1",
    "extraversion": 0.5882301542225523,
    "active": 0.9805365022499891,
    "assertive": 0.8631875573419547,
    "cheerful": 0.6615950893442265,
    "openness": 0.5217790204901919,
    "adventurous": 0.13249814321289705,
    "artistic": 0.7119795534973131,
    "emotionally_aware": 0.6623814932937219,
    "imaginative": 0.8603149984708812,
    "intellectual": 0.7011446546375989,
    "conscientiousness": 0.5538795928175105,
    "cautious": 0.6390624317357683,
    "disciplined": 1,
    "dutiful": 0.8717178557385644,
    "neuroticism": 0.5815894097601468,
    "melancholy": 0,
    "self_conscious": 0.6692297610205775,
    "authority_challenging": 0.022204989296168483,
    "achievement_striving": 0.8136004194154398,
    "orderliness": 0.7189370439949321,
    "self_efficacy": 0.7311918388745686,
    "stress_prone": 0.8808598016514483,
    "agreeableness": 0.14130149853641485,
    "cooperative": 0.7223120276115165,
    "trusting": 0.9004980558346805,
    "excitement_seeking": 0.7278059329809079,
    "outgoing": 0.7083861243392022,
    "gregariousness": 0.5804753374983618,
    "altruism": 0.651830573637992,
    "modesty": 0.12956005067936566,
    "uncompromising": 0.09165974922451833,
    "sympathy": 0.7146118222727075,
    "fiery": 0.7549696360697278,
    "prone_to_worry": 0.6954759928349862,
    "immoderation": 0.06365503080082136
}