{
    "id": "1",
    "extraversion": 0.40200968346268945,
    "active": 0.2945548770102917,
    "assertive": 0.22997007372083403,
    "cheerful": 0.8472664898664267,
    "openness": 0.43799420938663297,
    "adventurous": 0.893481910415805,
    "artistic": 0.8323398457458456,
    "emotionally_aware": 0.8740541592661979,
    "imaginative": 0.9692708206612977,
    "intellectual": 0.9350745723948324,
    "conscientiousness": 0.7347388141407752,
    "cautious": 0.8313909637235104,
    "disciplined": 0.9168268411960779,
    "dutiful": 0.03889199776161164,
    "neuroticism": 0.7871706284518626,
    "melancholy": 0.9046373567553101,
    "self_conscious": 0.8897107126347291,
    "authority_challenging": 0,
    "achievement_striving": 0.8909150628938469,
    "orderliness": 0.22134497944088952,
    "self_efficacy": 0.9368020242816477,
    "stress_prone": 0.8738230213376803,
    "agreeableness": 0.44467287900537705,
    "cooperative": 0.25754847813921805,
    "trusting": 0.9600982944453907,
    "excitement_seeking": 0.92509914600618,
    "outgoing": 0.8716332935938299,
    "gregariousness": 0.8215736843385806,
    "altruism": 1,
    "modesty": 0.24076056543636407,
    "uncompromising": 0.8725700104620325,
    "sympathy": 0.940317753825941,
    "fiery": 0.8781051555923214,
    "prone_to_worry": 0.963954648305394,
    "immoderation": 0.0748886888396876
}