{
    "id": "1",
    "extraversion": 0.6769295360716535,
    "active": 1,
    "assertive": 0.11782640423043478,
    "cheerful": 0.3013884862600838,
    "openness": 0.3651548926897048,
    "adventurous": 0.12887231724262027,
    "artistic": 0.10576086847866295,
    "emotionally_aware": 0.7024900786708917,
    "imaginative": 0.8660695542649219,
    "intellectual": 0.27630776612653324,
    "conscientiousness": 0.38050921159171114,
    "cautious": 0.3146335855733379,
    "disciplined": 0,
    "dutiful": 0.14043803792596746,
    "neuroticism": 0.6758999170306987,
    "melancholy": 0.8165878624908786,
    "self_conscious": 0.9328448474064596,
    "authority_challenging": 0.18674090586483005,
    "achievement_striving": 0.7996741205753872,
    "orderliness": 0.2724891790037687,
    "self_efficacy": 0.19625738476763605,
    "stress_prone": 0.8931095494666974,
    "agreeableness": 0.37786019172906027,
    "cooperative": 0.15504263422533665,
    "trusting": 0.10045283245199278,
    "excitement_seeking": 0.7882283555084619,
    "outgoing": 0.2666113537990944,
    "gregariousness": 0.7743834781130982,
    "altruism": 0.22784569709207594,
    "modesty": 0.19993602367124166,
    "uncompromising": 0.24664873996621253,
    "sympathy": 0.18002339134520232,
    "fiery": 0.8367703949538672,
    "prone_to_worry": 0.8365204874196547,
    "immoderation": 0.8883413137139259
}