{
    "id": "1",
    "extraversion": 0.3146656143466298,
    "active": 0.910355486862442,
    "assertive": 0.10278755193089763,
    "cheerful": 0.23919453670514212,
    "openness": 0.6556392296140398,
    "adventurous": 0.22155721442116916,
    "artistic": 0.23862453001852524,
    "emotionally_aware": 0.8815811108553391,
    "imaginative": 0.9447641597334123,
    "intellectual": 0.8053098315191775,
    "conscientiousness": 0.7015028445525996,
    "cautious": 0.8768456706895985,
    "disciplined": 1,
    "dutiful": 0.9952207131660584,
    "neuroticism": 0.34887697721069416,
    "melancholy": 0.8328236158154932,
    "self_conscious": 0.8618610718318043,
    "authority_challenging": 0.21753428261369986,
    "achievement_striving": 0.2663246626546965,
    "orderliness": 0.8159207252238921,
    "self_efficacy": 0.9089523934800006,
    "stress_prone": 0.8578491016913853,
    "agreeableness": 0.3727405263792518,
    "cooperative": 0.8502088197573088,
    "trusting": 0.11436307233604086,
    "excitement_seeking": 0.10114330187334887,
    "outgoing": 0.8886513861027985,
    "gregariousness": 0.20935687899415745,
    "altruism": 0.1697852609424841,
    "modesty": 0,
    "uncompromising": 0.20900610564854705,
    "sympathy": 0.2323983031339406,
    "fiery": 0.21610926589715765,
    "prone_to_worry": 0.8359476909248359,
    "immoderation": 0.09578304668573993
}