{
    "id": "1",
    "extraversion": 0.29434744332770896,
    "active": 0.7764562394541854,
    "assertive": 0.1834421539138728,
    "cheerful": 0.7656261462842052,
    "openness": 0.7083761279436579,
    "adventurous": 0.8023897733108357,
    "artistic": 0.6905949673538259,
    "emotionally_aware": 1,
    "imaginative": 0.860960311055682,
    "intellectual": 0.754282517790331,
    "conscientiousness": 0.34277565842564744,
    "cautious": 0.2590143789890691,
    "disciplined": 0.7409305993690853,
    "dutiful": 0.19064998899567168,
    "neuroticism": 0.7953103220600103,
    "melancholy": 0.8964584403198593,
    "self_conscious": 0.9359456386178566,
    "authority_challenging": 0.2093206661286773,
    "achievement_striving": 0.7353550729953783,
    "orderliness": 0.19497835815420736,
    "self_efficacy": 0.7554012911745287,
    "stress_prone": 0.8807497615728854,
    "agreeableness": 0.3463337245983421,
    "cooperative": 0.11063018120460717,
    "trusting": 0,
    "excitement_seeking": 0.7380511334458222,
    "outgoing": 0.27684139094710586,
    "gregariousness": 0.1910443107622332,
    "altruism": 0.7439934707651676,
    "modesty": 0.1623688650869342,
    "uncompromising": 0.747900007336219,
    "sympathy": 0.9429975790477588,
    "fiery": 0.7381244956349499,
    "prone_to_worry": 0.958119360281711,
    "immoderation": 0.8055351771696868
}