{
    "id": "1",
    "extraversion": 0.7293215324565548,
    "active": 0.8160132262635805,
    "assertive": 0.9165651492926934,
    "cheerful": 0.8114138676876413,
    "openness": 0.71208015314621,
    "adventurous": 0.7576262337468613,
    "artistic": 0.9352484896700893,
    "emotionally_aware": 0.8188722869999752,
    "imaginative": 0.9529746662357359,
    "intellectual": 0.8135146557939488,
    "conscientiousness": 0.28491161773114887,
    "cautious": 0.7379981602565697,
    "disciplined": 0.9566292916987794,
    "dutiful": 0.021629416005767878,
    "neuroticism": 0.6552594286850807,
    "melancholy": 0.19022698456107207,
    "self_conscious": 0.7646868706958706,
    "authority_challenging": 0.8749968923252865,
    "achievement_striving": 0.8233349078885216,
    "orderliness": 0.08740024364169759,
    "self_efficacy": 0.771411878775825,
    "stress_prone": 0.882045098575442,
    "agreeableness": 0.2546304353230739,
    "cooperative": 0.8368843696392613,
    "trusting": 1,
    "excitement_seeking": 0.9193993486313801,
    "outgoing": 0.9124505879720558,
    "gregariousness": 0.8300474852696219,
    "altruism": 0.1600079556472665,
    "modesty": 0.18064291574472321,
    "uncompromising": 0,
    "sympathy": 0.0728190338860851,
    "fiery": 0.9530243890311514,
    "prone_to_worry": 0.7922705914526517,
    "immoderation": 0.8575441911344257
}