{
    "id": "1",
    "extraversion": 0.25172788130993307,
    "active": 1,
    "assertive": 0.20915505699294376,
    "cheerful": 0.1932603582413606,
    "openness": 0.32785417043604126,
    "adventurous": 0.2363940654966528,
    "artistic": 0.21574995476750497,
    "emotionally_aware": 0.7919395693866474,
    "imaginative": 0.7978197937398227,
    "intellectual": 0.8389361317170255,
    "conscientiousness": 0.3449701465532839,
    "cautious": 0.6983716301791207,
    "disciplined": 0.8813913515469514,
    "dutiful": 0,
    "neuroticism": 0.6514655328387914,
    "melancholy": 0.8244255473131898,
    "self_conscious": 0.9554369459019361,
    "authority_challenging": 0.7723719920390809,
    "achievement_striving": 0.726216754116157,
    "orderliness": 0.2646100958928895,
    "self_efficacy": 0.1991134430975213,
    "stress_prone": 0.7358693685543695,
    "agreeableness": 0.34262710331101864,
    "cooperative": 0.22194680658585128,
    "trusting": 0.12675954405645012,
    "excitement_seeking": 0.017061697123213305,
    "outgoing": 0.2734213859236475,
    "gregariousness": 0.26240275013569747,
    "altruism": 0.18937941016826487,
    "modesty": 0.024226524335082347,
    "uncompromising": 0.7245974307942826,
    "sympathy": 0.21021349737651526,
    "fiery": 0.7006965804233761,
    "prone_to_worry": 0.7304595621494482,
    "immoderation": 0.8381038538085761
}