{
    "id": "1",
    "extraversion": 0.30931743801107264,
    "active": 0.2424099521819914,
    "assertive": 0.14370867797825082,
    "cheerful": 0.21621851037943166,
    "openness": 0.6419874182991124,
    "adventurous": 0.1494807926282928,
    "artistic": 0.1808690239278674,
    "emotionally_aware": 0.7510256821375686,
    "imaginative": 0.1431899421845379,
    "intellectual": 0.7374913937016043,
    "conscientiousness": 0.31737199015345147,
    "cautious": 0.7123468550463561,
    "disciplined": 0.0846765446537203,
    "dutiful": 0.1552246125986777,
    "neuroticism": 0.7229290652380996,
    "melancholy": 0.8109255189715827,
    "self_conscious": 0.8346458920840918,
    "authority_challenging": 0.17676629537759248,
    "achievement_striving": 0.27186471370499965,
    "orderliness": 0.22387693700661154,
    "self_efficacy": 0.21701076140982958,
    "stress_prone": 0.920567402642723,
    "agreeableness": 0.3044413215501712,
    "cooperative": 0,
    "trusting": 0.06050345666669809,
    "excitement_seeking": 0.08539334320503268,
    "outgoing": 0.24069340828279587,
    "gregariousness": 0.20580606826563047,
    "altruism": 0.2749771284672772,
    "modesty": 0.09867297952408348,
    "uncompromising": 0.7846774878097088,
    "sympathy": 0.7594197704358324,
    "fiery": 0.8665245644977222,
    "prone_to_worry": 0.8592811265055128,
    "immoderation": 1
}