{
    "id": "1",
    "extraversion": 0.23296009828833109,
    "active": 1,
    "assertive": 0.15019685589031917,
    "cheerful": 0.6768491888420407,
    "openness": 0.24313331285659773,
    "adventurous": 0.11126313536053015,
    "artistic": 0.16587086625899347,
    "emotionally_aware": 0.66277608689582,
    "imaginative": 0.7808523906588856,
    "intellectual": 0.6646841463528141,
    "conscientiousness": 0.28555738605162,
    "cautious": 0.732713446699988,
    "disciplined": 0.02001135528067091,
    "dutiful": 0.04718026042684688,
    "neuroticism": 0.6064464486825083,
    "melancholy": 0.6478373774886214,
    "self_conscious": 0.8011522817598824,
    "authority_challenging": 0.6640512290695185,
    "achievement_striving": 0.8050987071733727,
    "orderliness": 0.6141717625815579,
    "self_efficacy": 0.6237120598665289,
    "stress_prone": 0.7615204906970467,
    "agreeableness": 0.24621413080911028,
    "cooperative": 0.674475749029682,
    "trusting": 0.014892171371662074,
    "excitement_seeking": 0,
    "outgoing": 0.74176974841538,
    "gregariousness": 0.6185463379219837,
    "altruism": 0.1675741583596273,
    "modesty": 0.041390928806113246,
    "uncompromising": 0.6451754018559369,
    "sympathy": 0.6429415761501875,
    "fiery": 0.6521002615437597,
    "prone_to_worry": 0.7135863140945095,
    "immoderation": 0.7069406826199053
}