{
    "id": "1",
    "extraversion": 0.2878708054232477,
    "active": 0.8567742212951713,
    "assertive": 0,
    "cheerful": 0.7799090391045836,
    "openness": 0.26415216059006313,
    "adventurous": 0.10830367606739277,
    "artistic": 0.2722375735159719,
    "emotionally_aware": 0.8721601599879579,
    "imaginative": 0.8424419667336868,
    "intellectual": 0.7840485124775555,
    "conscientiousness": 0.6661111529239735,
    "cautious": 0.21226359306288772,
    "disciplined": 0.07388691173782619,
    "dutiful": 0.07868224972313909,
    "neuroticism": 0.7670497919511435,
    "melancholy": 0.8189491113572096,
    "self_conscious": 0.7825002419172751,
    "authority_challenging": 0.9071467738987388,
    "achievement_striving": 0.7888546023417592,
    "orderliness": 0.22807960691130774,
    "self_efficacy": 0.785919339404561,
    "stress_prone": 0.813874224520735,
    "agreeableness": 0.35113486081692774,
    "cooperative": 0.17381487414925756,
    "trusting": 0.8511402367563732,
    "excitement_seeking": 0.8632898599030181,
    "outgoing": 0.8102830969711957,
    "gregariousness": 0.23457374176137283,
    "altruism": 0.20324276667347618,
    "modesty": 0.06695194985323685,
    "uncompromising": 0.21439246508327328,
    "sympathy": 0.893287602008451,
    "fiery": 0.1633640478673648,
    "prone_to_worry": 0.9155009837969186,
    "immoderation": 1
}