{
    "id": "1",
    "extraversion": 0.29237033997285267,
    "active": 1,
    "assertive": 0.09115397161105679,
    "cheerful": 0.2212822374443638,
    "openness": 0.5797215821206477,
    "adventurous": 0.1629049738522891,
    "artistic": 0.055862453570714586,
    "emotionally_aware": 0.6312173153613856,
    "imaginative": 0.7553058282563633,
    "intellectual": 0.7781074739312057,
    "conscientiousness": 0.24761934825383797,
    "cautious": 0.6423498216484107,
    "disciplined": 0.9316687184991108,
    "dutiful": 0.8251628313183287,
    "neuroticism": 0.5987457516546187,
    "melancholy": 0.14718478066437282,
    "self_conscious": 0.742258278354746,
    "authority_challenging": 0.11000978566242624,
    "achievement_striving": 0.7331144712059514,
    "orderliness": 0.7875879920452034,
    "self_efficacy": 0.7220661426602271,
    "stress_prone": 0.6774835064238138,
    "agreeableness": 0.3163925628965561,
    "cooperative": 0.7793806622683797,
    "trusting": 0,
    "excitement_seeking": 0.14053473910161307,
    "outgoing": 0.686458958090007,
    "gregariousness": 0.16802929385397267,
    "altruism": 0.6967812536170123,
    "modesty": 0.19201995012468828,
    "uncompromising": 0.17836211159864054,
    "sympathy": 0.7085556151814556,
    "fiery": 0.10004524553594915,
    "prone_to_worry": 0.7002851520986563,
    "immoderation": 0.11390300619758621
}