{
    "id": "1",
    "extraversion": 0.3398456316443927,
    "active": 0.02797226298632192,
    "assertive": 0.06808787121780725,
    "cheerful": 0.1591293535124962,
    "openness": 0.35611144095802477,
    "adventurous": 0.2540580505673989,
    "artistic": 0.1786214390536256,
    "emotionally_aware": 0.7776782013510031,
    "imaginative": 0.11056717487985482,
    "intellectual": 0.8252433710105637,
    "conscientiousness": 0.34161560263031127,
    "cautious": 0.7623085798783424,
    "disciplined": 0.009824459206649714,
    "dutiful": 0.9387791681136365,
    "neuroticism": 0.6724993558649892,
    "melancholy": 0.8628384509393168,
    "self_conscious": 1,
    "authority_challenging": 0.8612701222176168,
    "achievement_striving": 0.794392104585121,
    "orderliness": 0.14043263468022893,
    "self_efficacy": 0.18411058957957585,
    "stress_prone": 0.7466588997053781,
    "agreeableness": 0.6016557070361948,
    "cooperative": 0.1147792577324207,
    "trusting": 0.9684205809537678,
    "excitement_seeking": 0.20915903973472838,
    "outgoing": 0.09272183449651047,
    "gregariousness": 0.7521368478833164,
    "altruism": 0.25484221492824893,
    "modesty": 0.15114207937983798,
    "uncompromising": 0,
    "sympathy": 0.7733764997143401,
    "fiery": 0.8763260779459374,
    "prone_to_worry": 0.8518601498874163,
    "immoderation": 0.8964566973237591
}