{
    "id": "1",
    "extraversion": 0.39471896232242115,
    "active": 0.22779493514515128,
    "assertive": 0.15671196211653282,
    "cheerful": 0.8919600576487543,
    "openness": 0.36795346921968286,
    "adventurous": 0.2391908585546633,
    "artistic": 0.2517088737904055,
    "emotionally_aware": 0.3795449866172534,
    "imaginative": 1,
    "intellectual": 0.9278052295655754,
    "conscientiousness": 0.7318303479514103,
    "cautious": 0.905939880584723,
    "disciplined": 0,
    "dutiful": 0.20645460160592952,
    "neuroticism": 0.7463660695902821,
    "melancholy": 0.8662960675313979,
    "self_conscious": 0.84130121474161,
    "authority_challenging": 0.8910644430718551,
    "achievement_striving": 0.26001647107267856,
    "orderliness": 0.78940704138357,
    "self_efficacy": 0.8287420218241712,
    "stress_prone": 0.8230183240683548,
    "agreeableness": 0.40763845995470455,
    "cooperative": 0.2763845995470454,
    "trusting": 0.9164401894173357,
    "excitement_seeking": 0.24656166357834047,
    "outgoing": 0.9053942763022441,
    "gregariousness": 0.23148033765698986,
    "altruism": 0.31337245213094495,
    "modesty": 0.2467675519868231,
    "uncompromising": 0.819147621988882,
    "sympathy": 0.8435762816553428,
    "fiery": 0.23970557957586983,
    "prone_to_worry": 0.8574634548074943,
    "immoderation": 0.9386555486926086
}