{
    "id": "1",
    "extraversion": 0.27766776027350026,
    "active": 0.14688814668124808,
    "assertive": 0.18621858343431955,
    "cheerful": 0.16393264958275452,
    "openness": 0.6955339461472527,
    "adventurous": 0.12336082128887968,
    "artistic": 0.17005093646242822,
    "emotionally_aware": 1,
    "imaginative": 0.27082040217145,
    "intellectual": 0.8657622242583671,
    "conscientiousness": 0.6872678548557128,
    "cautious": 0.8331412132139232,
    "disciplined": 0.04466053852747321,
    "dutiful": 0.9187578202740914,
    "neuroticism": 0.7385491482674705,
    "melancholy": 0.2715593257076424,
    "self_conscious": 0.7781258928659395,
    "authority_challenging": 0.2136769820392319,
    "achievement_striving": 0.8895851190652123,
    "orderliness": 0.8710627690913211,
    "self_efficacy": 0.8524221913516389,
    "stress_prone": 0.8794273835210199,
    "agreeableness": 0.35902816776519964,
    "cooperative": 0.9329550044828028,
    "trusting": 0.16767652883279638,
    "excitement_seeking": 0,
    "outgoing": 0.7398102444359057,
    "gregariousness": 0.18522349973891367,
    "altruism": 0.7671602675888433,
    "modesty": 0.11425728332298841,
    "uncompromising": 0.23272150464536598,
    "sympathy": 0.26060355274436203,
    "fiery": 0.8824126346072374,
    "prone_to_worry": 0.8261066611493708,
    "immoderation": 0.07849338417127263
}