{
    "id": "1",
    "extraversion": 0.21475538646044412,
    "active": 0.8272610727430626,
    "assertive": 0,
    "cheerful": 0.06717050576899215,
    "openness": 0.2807576196187089,
    "adventurous": 0.16614283941937885,
    "artistic": 0.16836565898846198,
    "emotionally_aware": 0.818173359248997,
    "imaginative": 0.8357491418882593,
    "intellectual": 0.8965716885157767,
    "conscientiousness": 0.6486497663454778,
    "cautious": 0.6511000372193043,
    "disciplined": 0.1226893015177205,
    "dutiful": 0.1036144080062859,
    "neuroticism": 0.632573094578388,
    "melancholy": 0.8533662793102021,
    "self_conscious": 1,
    "authority_challenging": 0.8286878127455438,
    "achievement_striving": 0.6971485877341713,
    "orderliness": 0.001147595219387122,
    "self_efficacy": 0.12215168934287246,
    "stress_prone": 0.7487696952152516,
    "agreeableness": 0.2628096439353211,
    "cooperative": 0.10489640626938504,
    "trusting": 0.04367065051073156,
    "excitement_seeking": 0.021132293949795305,
    "outgoing": 0.14354245068442165,
    "gregariousness": 0.010814275670981316,
    "altruism": 0.6754683429138579,
    "modesty": 0.07716802448203132,
    "uncompromising": 0.7511579339150573,
    "sympathy": 0.7484285182581365,
    "fiery": 0.7700880856871096,
    "prone_to_worry": 0.8447024523386127,
    "immoderation": 0.7732724039535172
}