{
    "id": "1",
    "extraversion": 0.7112032808276634,
    "active": 0.8501025258644794,
    "assertive": 0.09357815267033275,
    "cheerful": 0.7846141299282319,
    "openness": 0.2869792152111101,
    "adventurous": 0.8247623264050704,
    "artistic": 0.7759343834467333,
    "emotionally_aware": 0.24232221083045952,
    "imaginative": 0.9707568272905212,
    "intellectual": 0.7725440395190605,
    "conscientiousness": 0.32064964115947436,
    "cautious": 0.7182169820113711,
    "disciplined": 0.8425528940255383,
    "dutiful": 0,
    "neuroticism": 0.6748065989374593,
    "melancholy": 0.1710550843508249,
    "self_conscious": 0.12858840525678072,
    "authority_challenging": 0.15143536210271233,
    "achievement_striving": 0.15885683661105418,
    "orderliness": 0.1876339826638084,
    "self_efficacy": 0.8103388013794389,
    "stress_prone": 0.8026610122098984,
    "agreeableness": 0.6125920402647033,
    "cooperative": 0.8204049771646938,
    "trusting": 1,
    "excitement_seeking": 0.8486927952278871,
    "outgoing": 0.957160499580576,
    "gregariousness": 0.7833092552894027,
    "altruism": 0.9240027029546091,
    "modesty": 0.7977444309814522,
    "uncompromising": 0.17169587100382142,
    "sympathy": 0.8285720943237954,
    "fiery": 0.11164833628483553,
    "prone_to_worry": 0.8102106440488397,
    "immoderation": 0.13751281573305996
}