{
    "id": "1",
    "extraversion": 0.2903759232719656,
    "active": 0.7675409146029806,
    "assertive": 0,
    "cheerful": 0.21038073380703742,
    "openness": 0.2986941401669657,
    "adventurous": 0.26562171154829084,
    "artistic": 0.7025485813932513,
    "emotionally_aware": 0.6491416201481245,
    "imaginative": 0.8744951443661619,
    "intellectual": 1,
    "conscientiousness": 0.6492117737845883,
    "cautious": 0.7077800382838416,
    "disciplined": 0.8246459746845592,
    "dutiful": 0.9546506850001504,
    "neuroticism": 0.6298393481724978,
    "melancholy": 0.7774425992924506,
    "self_conscious": 0.726200378829637,
    "authority_challenging": 0.16564275763922995,
    "achievement_striving": 0.7278239344163719,
    "orderliness": 0.7316022088373538,
    "self_efficacy": 0.7377155971577756,
    "stress_prone": 0.7407221815776551,
    "agreeableness": 0.35808420440765276,
    "cooperative": 0.7644842204427696,
    "trusting": 0.14476703981719968,
    "excitement_seeking": 0.7134725047854803,
    "outgoing": 0.22674657499924836,
    "gregariousness": 0.6984596265822152,
    "altruism": 0.8704262334512582,
    "modesty": 0.7459035287279141,
    "uncompromising": 0.249867209188122,
    "sympathy": 0.7375051362483839,
    "fiery": 0.7727523275974385,
    "prone_to_worry": 0.7288561950671972,
    "immoderation": 0.8304186167707279
}