{
    "id": "1",
    "extraversion": 0.6267613630498292,
    "active": 0.8840623096695607,
    "assertive": 0.043955363318227345,
    "cheerful": 0.7529085071899743,
    "openness": 0.35150870745630786,
    "adventurous": 0.7204220045214771,
    "artistic": 0.19162597681452656,
    "emotionally_aware": 0.678995777890184,
    "imaginative": 0.915371989553117,
    "intellectual": 0.7279474765409669,
    "conscientiousness": 0.28490466703141293,
    "cautious": 0.24333391830372353,
    "disciplined": 0.18198428838352035,
    "dutiful": 0.1019500160006607,
    "neuroticism": 0.739808611452344,
    "melancholy": 0.15085009961701648,
    "self_conscious": 0.7893383984887118,
    "authority_challenging": 0.17024702955476873,
    "achievement_striving": 0.7956457556957192,
    "orderliness": 0.7596907227137121,
    "self_efficacy": 0.8338821731994096,
    "stress_prone": 1,
    "agreeableness": 0.31604917880480227,
    "cooperative": 0.7775392016186474,
    "trusting": 0.8457742771314428,
    "excitement_seeking": 0.8023763561850297,
    "outgoing": 0.8926820204189077,
    "gregariousness": 0.7839084968669674,
    "altruism": 0.7685272166076536,
    "modesty": 0.16315512382446762,
    "uncompromising": 0.72639902550815,
    "sympathy": 0.7750926489867969,
    "fiery": 0.06103993971363981,
    "prone_to_worry": 0.866255122792167,
    "immoderation": 0
}