{
    "id": "1",
    "extraversion": 0.6583928050873992,
    "active": 0.9541896546139644,
    "assertive": 0.7845089126655943,
    "cheerful": 0.2164735859038447,
    "openness": 0.5758953153172607,
    "adventurous": 0.14306690707291,
    "artistic": 0.07418404033642478,
    "emotionally_aware": 0.710562399455847,
    "imaginative": 0.7828894095291564,
    "intellectual": 0.7277615227648158,
    "conscientiousness": 0.31651569298539206,
    "cautious": 0.683743427516438,
    "disciplined": 0,
    "dutiful": 0.7763682102331004,
    "neuroticism": 0.6174085790479481,
    "melancholy": 0.09253840921605247,
    "self_conscious": 0.7388281275304737,
    "authority_challenging": 0.15148832338238627,
    "achievement_striving": 0.7844873192904416,
    "orderliness": 0.2087107675365198,
    "self_efficacy": 0.7142872566696538,
    "stress_prone": 0.9172541864156076,
    "agreeableness": 0.292482266440656,
    "cooperative": 0.7480269053454401,
    "trusting": 0.07661329504108136,
    "excitement_seeking": 0.8658295634899213,
    "outgoing": 0.8255147320801978,
    "gregariousness": 0.7711750035089234,
    "altruism": 0.8100106887207005,
    "modesty": 0.1669059932412736,
    "uncompromising": 0.14131784368555728,
    "sympathy": 0.11106552509690024,
    "fiery": 0.914349877457596,
    "prone_to_worry": 0.7402640869781152,
    "immoderation": 1
}