{
    "id": "1",
    "extraversion": 0.26538216756656885,
    "active": 0.8321768051078856,
    "assertive": 0,
    "cheerful": 0.7637500256626085,
    "openness": 0.32730090948284707,
    "adventurous": 0.15434519288016588,
    "artistic": 0.7290028536820711,
    "emotionally_aware": 0.7281303249912747,
    "imaginative": 0.9520622472233058,
    "intellectual": 0.8077562668090085,
    "conscientiousness": 0.7067379745016321,
    "cautious": 0.8046459586524052,
    "disciplined": 0.8522757601264653,
    "dutiful": 0.7971216818247141,
    "neuroticism": 0.76847194563633,
    "melancholy": 0.8874643289741114,
    "self_conscious": 0.9317477262928822,
    "authority_challenging": 0.861699069987066,
    "achievement_striving": 0.8284711244328563,
    "orderliness": 0.12817959719969613,
    "self_efficacy": 0.8062883655997864,
    "stress_prone": 0.862386827896282,
    "agreeableness": 0.3592251945225728,
    "cooperative": 0.2574267589151902,
    "trusting": 0.13456445420764127,
    "excitement_seeking": 0.042815496109548566,
    "outgoing": 0.25138064834014245,
    "gregariousness": 0.2462891868032602,
    "altruism": 0.8083413742840132,
    "modesty": 0.2309121517584019,
    "uncompromising": 0.7651768666981461,
    "sympathy": 0.7516064792954074,
    "fiery": 0.19384507996468825,
    "prone_to_worry": 0.8966104826623417,
    "immoderation": 1
}