{
    "id": "1",
    "extraversion": 0.6677368134351711,
    "active": 0.21727842746375217,
    "assertive": 0.08057393864234307,
    "cheerful": 0.2156210521435774,
    "openness": 0.7550445636930494,
    "adventurous": 0.2479804360171996,
    "artistic": 0.2612742086902099,
    "emotionally_aware": 1,
    "imaginative": 0.8852122715313916,
    "intellectual": 0.9859181047971163,
    "conscientiousness": 0.7445903501350238,
    "cautious": 0.7525874758057973,
    "disciplined": 0.951727495045259,
    "dutiful": 0.9640013444443156,
    "neuroticism": 0.6546980215806493,
    "melancholy": 0.05099616369768551,
    "self_conscious": 0.24249834841969842,
    "authority_challenging": 0,
    "achievement_striving": 0.9293703132787057,
    "orderliness": 0.8701104530545541,
    "self_efficacy": 0.9149986671457214,
    "stress_prone": 0.8459220454097657,
    "agreeableness": 0.6543735005389366,
    "cooperative": 0.823935744833741,
    "trusting": 0.03165239160417705,
    "excitement_seeking": 0.21361597570728202,
    "outgoing": 0.8513577728584508,
    "gregariousness": 0.22073225855054993,
    "altruism": 0.8517634241605915,
    "modesty": 0.8952376537128683,
    "uncompromising": 0.17123120965218303,
    "sympathy": 0.8522154356115483,
    "fiery": 0.12283121428819788,
    "prone_to_worry": 0.23570658661814306,
    "immoderation": 0.880159015310439
}