{
    "id": "1",
    "extraversion": 0.35207001009761024,
    "active": 0.8939847093330769,
    "assertive": 0.11346828869548492,
    "cheerful": 0.22583064865124777,
    "openness": 0.31422801365581576,
    "adventurous": 0.1971822859066211,
    "artistic": 0.2976102322450353,
    "emotionally_aware": 0.7008222339760543,
    "imaginative": 0.9463191806510555,
    "intellectual": 0.7884117901620425,
    "conscientiousness": 0.40660672212338317,
    "cautious": 0.8482377265951819,
    "disciplined": 0,
    "dutiful": 0.8944174640573159,
    "neuroticism": 0.7673799105640237,
    "melancholy": 0.8212145982593643,
    "self_conscious": 0.8799346059527817,
    "authority_challenging": 0.11392989373467324,
    "achievement_striving": 0.2981583882290715,
    "orderliness": 0.7949511948838776,
    "self_efficacy": 0.8311871904601625,
    "stress_prone": 1,
    "agreeableness": 0.4343991921911814,
    "cooperative": 0.24616050391883443,
    "trusting": 0.13986632687406833,
    "excitement_seeking": 0.03779391258354571,
    "outgoing": 0.7890849641775256,
    "gregariousness": 0.32225801798336295,
    "altruism": 0.7803433187478963,
    "modesty": 0.19524931480501995,
    "uncompromising": 0.830215896523537,
    "sympathy": 0.8700581814684811,
    "fiery": 0.8544790113958745,
    "prone_to_worry": 0.8877915083906334,
    "immoderation": 0.17544838197816992
}