{
    "id": "1",
    "extraversion": 0.6200588802424075,
    "active": 0.8650058535913505,
    "assertive": 0.8012361407616555,
    "cheerful": 0.7881344260037186,
    "openness": 0.5955168376833551,
    "adventurous": 0.3295227601404862,
    "artistic": 0.7296673782797327,
    "emotionally_aware": 0.3210780937951932,
    "imaginative": 1,
    "intellectual": 0.7327921630741684,
    "conscientiousness": 0.5950778183320707,
    "cautious": 0.6956648991116314,
    "disciplined": 0,
    "dutiful": 0.801167274981062,
    "neuroticism": 0.6880035810205908,
    "melancholy": 0.15260656979546863,
    "self_conscious": 0.7141725776461675,
    "authority_challenging": 0.7882807657874801,
    "achievement_striving": 0.8885579505543696,
    "orderliness": 0.7401866262654088,
    "self_efficacy": 0.72759279663935,
    "stress_prone": 0.8520246539494525,
    "agreeableness": 0.3182976379037256,
    "cooperative": 0.8051614902554921,
    "trusting": 0.9758711521245094,
    "excitement_seeking": 0.9108704634667034,
    "outgoing": 0.7530817436815647,
    "gregariousness": 0.7342813855795055,
    "altruism": 0.6989876730252738,
    "modesty": 0.16169685283382687,
    "uncompromising": 0.7035500309896012,
    "sympathy": 0.7320862888230838,
    "fiery": 0.8550030989601267,
    "prone_to_worry": 0.7767285310928999,
    "immoderation": 0.8556056745403209
}