{
    "id": "1",
    "extraversion": 0.7669546523890647,
    "active": 0.8370954003407155,
    "assertive": 0,
    "cheerful": 0.8422872556177498,
    "openness": 0.40953800600308266,
    "adventurous": 0.7821550255536627,
    "artistic": 0.2924981747383792,
    "emotionally_aware": 0.34967956518212057,
    "imaginative": 0.8674048835888699,
    "intellectual": 0.7975176441956681,
    "conscientiousness": 0.36769895351667076,
    "cautious": 0.29860266082582954,
    "disciplined": 0.192007382169222,
    "dutiful": 0.214123468808307,
    "neuroticism": 0.8407763446093941,
    "melancholy": 0.7889287742354182,
    "self_conscious": 0.8508862659203376,
    "authority_challenging": 0.8728096860550013,
    "achievement_striving": 0.8621319055731322,
    "orderliness": 0.7783523971769287,
    "self_efficacy": 0.8262148130120874,
    "stress_prone": 0.8361016467915957,
    "agreeableness": 0.682992617830778,
    "cooperative": 0.832694491766042,
    "trusting": 0.8731037559828021,
    "excitement_seeking": 1,
    "outgoing": 0.9406789973229496,
    "gregariousness": 0.8821996430599498,
    "altruism": 0.9134014764338445,
    "modesty": 0.2884116167761824,
    "uncompromising": 0.3130932100267705,
    "sympathy": 0.8154153484221628,
    "fiery": 0.23979881560801491,
    "prone_to_worry": 0.9757037397582543,
    "immoderation": 0.9708262350936968
}