{
    "id": "1",
    "extraversion": 0.2833482832280676,
    "active": 1,
    "assertive": 0.0937219689473733,
    "cheerful": 0.11491691249225534,
    "openness": 0.6555636726805316,
    "adventurous": 0.2025078833723264,
    "artistic": 0.6728192419016267,
    "emotionally_aware": 0.741471624483304,
    "imaginative": 0.723300566863019,
    "intellectual": 0.7992028777776751,
    "conscientiousness": 0.6334162513061893,
    "cautious": 0.6546389369237741,
    "disciplined": 0.09739316990170058,
    "dutiful": 0.7317618990373502,
    "neuroticism": 0.5922192733426425,
    "melancholy": 0.12921332729172638,
    "self_conscious": 0.8620664145220505,
    "authority_challenging": 0.7306707108443764,
    "achievement_striving": 0.702105623318137,
    "orderliness": 0.673420320143519,
    "self_efficacy": 0.7147837505432824,
    "stress_prone": 0.6443096385207927,
    "agreeableness": 0.29479651189672557,
    "cooperative": 0.8012465438001093,
    "trusting": 0.11365927186306517,
    "excitement_seeking": 0.046375498201388934,
    "outgoing": 0.6813638002940661,
    "gregariousness": 0.24117108536235776,
    "altruism": 0.7001081940835407,
    "modesty": 0.1656479161079722,
    "uncompromising": 0.731003615716809,
    "sympathy": 0.6502371947216083,
    "fiery": 0.17863120613284758,
    "prone_to_worry": 0.6904262107102896,
    "immoderation": 0
}