{
    "id": "1",
    "extraversion": 0.3319067677618647,
    "active": 0.7936759337264814,
    "assertive": 0,
    "cheerful": 0.7430946363381074,
    "openness": 0.59934849761303,
    "adventurous": 0.020612187587756285,
    "artistic": 0.11622577927548443,
    "emotionally_aware": 0.7068688570626229,
    "imaginative": 1,
    "intellectual": 0.8017410839651783,
    "conscientiousness": 0.32301039033979223,
    "cautious": 0.7041729851165403,
    "disciplined": 0.08785172704296547,
    "dutiful": 0.11413647851727048,
    "neuroticism": 0.6574670036506599,
    "melancholy": 0.8110193765796125,
    "self_conscious": 0.8514237573715249,
    "authority_challenging": 0.8030103903397922,
    "achievement_striving": 0.17364785172704297,
    "orderliness": 0.14972198820556026,
    "self_efficacy": 0.19929233361415336,
    "stress_prone": 0.8696433586071328,
    "agreeableness": 0.2671496770570065,
    "cooperative": 0.8365627632687448,
    "trusting": 0.032384161752316794,
    "excitement_seeking": 0.13531030609379388,
    "outgoing": 0.78530749789385,
    "gregariousness": 0.19911260881774787,
    "altruism": 0.21343442853131145,
    "modesty": 0.16081999438360015,
    "uncompromising": 0.20256107834877846,
    "sympathy": 0.11711317045773662,
    "fiery": 0.8717214265655715,
    "prone_to_worry": 0.8089076102218478,
    "immoderation": 0.09814097163718057
}