{
    "id": "1",
    "extraversion": 0.6040167628686645,
    "active": 0.9056241457601463,
    "assertive": 0.07023687153362175,
    "cheerful": 0.7716793367145228,
    "openness": 0.25271944786454154,
    "adventurous": 0.7147827265641765,
    "artistic": 0.14006709665759243,
    "emotionally_aware": 0.6394175919755108,
    "imaginative": 0.9429452495792339,
    "intellectual": 0.7102644331236091,
    "conscientiousness": 0.22181432073105986,
    "cautious": 0.051068011612014165,
    "disciplined": 0.005444543595883886,
    "dutiful": 0.8299314348970394,
    "neuroticism": 0.5986174022071863,
    "melancholy": 0.837691603881214,
    "self_conscious": 0.8962035039365631,
    "authority_challenging": 0.7115295552869679,
    "achievement_striving": 0.6904630121203221,
    "orderliness": 0.017022670537338077,
    "self_efficacy": 0.12520191123812538,
    "stress_prone": 0.8367766494594991,
    "agreeableness": 0.20302951575190048,
    "cooperative": 0,
    "trusting": 0.0028126376667533207,
    "excitement_seeking": 0.807531995165426,
    "outgoing": 0.877667205096635,
    "gregariousness": 0.6906437438579448,
    "altruism": 0.8036688542737407,
    "modesty": 0.0318087858215952,
    "uncompromising": 0.11708027877870529,
    "sympathy": 1,
    "fiery": 0.7596154932282075,
    "prone_to_worry": 0.8034655310689152,
    "immoderation": 0.8607913790961153
}