{
    "id": "1",
    "extraversion": 0.44112098105494857,
    "active": 0.2665081361528182,
    "assertive": 0.21800565993239532,
    "cheerful": 0.7591089536986088,
    "openness": 0.4398533920289286,
    "adventurous": 0.33473193931294715,
    "artistic": 0.2605927206980584,
    "emotionally_aware": 0.7162172785158399,
    "imaginative": 1,
    "intellectual": 0.7879392343369234,
    "conscientiousness": 0.40017490763304775,
    "cautious": 0.753419542488798,
    "disciplined": 0,
    "dutiful": 0.15490134423394394,
    "neuroticism": 0.7548148730445721,
    "melancholy": 0.8324325917773762,
    "self_conscious": 0.8154233157770616,
    "authority_challenging": 0.1749764169483532,
    "achievement_striving": 0.28081518748526063,
    "orderliness": 0.32993671881141423,
    "self_efficacy": 0.29535806933417186,
    "stress_prone": 0.9885523936797422,
    "agreeableness": 0.37552079239053543,
    "cooperative": 0.16809802688467895,
    "trusting": 0.10845255876110371,
    "excitement_seeking": 0.8319805832874775,
    "outgoing": 0.7846474333778791,
    "gregariousness": 0.33752260042449506,
    "altruism": 0.8112176715667009,
    "modesty": 0.18841875638707653,
    "uncompromising": 0.31197429447370495,
    "sympathy": 0.793520556560019,
    "fiery": 0.8889140004716611,
    "prone_to_worry": 0.8457471896863455,
    "immoderation": 0.18702342583130263
}