{
    "id": "1",
    "extraversion": 0.3376571582400272,
    "active": 0.20104290257933943,
    "assertive": 0.020289739473762905,
    "cheerful": 0.8070630228222182,
    "openness": 0.7135108727080571,
    "adventurous": 0.2215519905879538,
    "artistic": 0.2068855499167473,
    "emotionally_aware": 0.9115028365753712,
    "imaginative": 0.9046731208311316,
    "intellectual": 0.8673140771907436,
    "conscientiousness": 0.33216347448079214,
    "cautious": 0.23645772056990744,
    "disciplined": 0.15046312452017513,
    "dutiful": 0.11668345015304549,
    "neuroticism": 0.8192867184462148,
    "melancholy": 0.9562499376850754,
    "self_conscious": 0.9672273348155978,
    "authority_challenging": 0.8784609709163784,
    "achievement_striving": 0.2320408387090342,
    "orderliness": 0.1863465507442895,
    "self_efficacy": 0.18314605621304728,
    "stress_prone": 0.9989032573257427,
    "agreeableness": 0.21699552329581145,
    "cooperative": 0.08491779415137046,
    "trusting": 0,
    "excitement_seeking": 0.8136534492557107,
    "outgoing": 0.8206925431468539,
    "gregariousness": 0.17872917435217409,
    "altruism": 0.7563536297197325,
    "modesty": 0.21790282859906082,
    "uncompromising": 0.3161111498848421,
    "sympathy": 0.9303069882449128,
    "fiery": 0.811539727010778,
    "prone_to_worry": 1,
    "immoderation": 0.9610556646759126
}