{
    "id": "1",
    "extraversion": 0.7693899977000332,
    "active": 0.865439165878715,
    "assertive": 0.15794382970023765,
    "cheerful": 0.8902532518974727,
    "openness": 0.21550688712274155,
    "adventurous": 0.8549232066647926,
    "artistic": 0.1603843500038333,
    "emotionally_aware": 0.3092560885231658,
    "imaginative": 0.13743579259410696,
    "intellectual": 0.8959520584702665,
    "conscientiousness": 0.3896399274232705,
    "cautious": 0.7826786946410774,
    "disciplined": 0.08024328537476684,
    "dutiful": 0.08015384222227902,
    "neuroticism": 0.7460070021210805,
    "melancholy": 0.16845978891416014,
    "self_conscious": 0.88420945030794,
    "authority_challenging": 1,
    "achievement_striving": 0.19045002683294576,
    "orderliness": 0.2219851268815006,
    "self_efficacy": 0.21608187881730595,
    "stress_prone": 0.2555135314712121,
    "agreeableness": 0.7119930489892925,
    "cooperative": 0.07855664307071118,
    "trusting": 0.9534640055199203,
    "excitement_seeking": 0.23229664460402238,
    "outgoing": 0.10494237305461142,
    "gregariousness": 0.8534154506657126,
    "altruism": 0.19295443510260404,
    "modesty": 0.8703074288926937,
    "uncompromising": 0.9951572921724464,
    "sympathy": 0,
    "fiery": 0.9832869080779945,
    "prone_to_worry": 0.914006797679589,
    "immoderation": 0.04058163604303495
}