{
    "id": "1",
    "extraversion": 0.6806498940390153,
    "active": 0.847937836222355,
    "assertive": 0.8350377655816985,
    "cheerful": 0.7432375156224529,
    "openness": 0.6785306743465739,
    "adventurous": 0.821583437483019,
    "artistic": 0.0957995978916481,
    "emotionally_aware": 0.7335651795902841,
    "imaginative": 0.853545617562354,
    "intellectual": 0.14368309514753028,
    "conscientiousness": 0.36309297397163504,
    "cautious": 0.21284573167418358,
    "disciplined": 0.10786284844862251,
    "dutiful": 0,
    "neuroticism": 0.7160789001793186,
    "melancholy": 0.9011791555724611,
    "self_conscious": 0.9086779329457153,
    "authority_challenging": 0.7875998478508938,
    "achievement_striving": 0.1662337662337662,
    "orderliness": 0.14893223930880833,
    "self_efficacy": 0.13017442808237786,
    "stress_prone": 0.7278921914905178,
    "agreeableness": 0.6300929196326686,
    "cooperative": 0.9336955931098191,
    "trusting": 0.02218116611422049,
    "excitement_seeking": 0.18295930011411182,
    "outgoing": 0.10383089713633648,
    "gregariousness": 0.18317665598000324,
    "altruism": 0.1615497473238059,
    "modesty": 0.04299299027332498,
    "uncompromising": 1,
    "sympathy": 0.19153398902352878,
    "fiery": 0.12299081671466608,
    "prone_to_worry": 0.09176764657936208,
    "immoderation": 0.9092865293702114
}