{
    "id": "1",
    "extraversion": 0.7364186124643037,
    "active": 0.8196539559885773,
    "assertive": 0,
    "cheerful": 0.3706282546615152,
    "openness": 0.430446833529313,
    "adventurous": 0.28229464135729887,
    "artistic": 0.2739039139929448,
    "emotionally_aware": 0.408995464471695,
    "imaginative": 0.30721484965563584,
    "intellectual": 0.7914328909793382,
    "conscientiousness": 0.4427599529648917,
    "cautious": 0.33944229800100795,
    "disciplined": 0.2273307576012095,
    "dutiful": 0.25554342348395764,
    "neuroticism": 0.7964891651268268,
    "melancholy": 0.8365949941206116,
    "self_conscious": 0.8271207794389384,
    "authority_challenging": 0.8499832017470184,
    "achievement_striving": 0.33801444649756424,
    "orderliness": 0.3535360322526458,
    "self_efficacy": 0.327465143625063,
    "stress_prone": 0.8138249622039307,
    "agreeableness": 0.47156895682848987,
    "cooperative": 0.30786998152192174,
    "trusting": 0.8370317486981355,
    "excitement_seeking": 0.2905005879388544,
    "outgoing": 0.9494372585251135,
    "gregariousness": 0.8362674281874686,
    "altruism": 0.8332353435242735,
    "modesty": 0.28552830505627413,
    "uncompromising": 0.7753317654963885,
    "sympathy": 0.7946329581723501,
    "fiery": 0.28772887619687554,
    "prone_to_worry": 0.9263900554342349,
    "immoderation": 1
}