{
    "id": "1",
    "extraversion": 0.3826906232985347,
    "active": 0.915926899131217,
    "assertive": 0.1305186658144545,
    "cheerful": 0.3007717254929811,
    "openness": 0.4073811045617026,
    "adventurous": 0.2827450701891438,
    "artistic": 0.21203513008072347,
    "emotionally_aware": 0.7337073597992567,
    "imaginative": 0.9237625168667,
    "intellectual": 0.8126553511824445,
    "conscientiousness": 0.3371682882371044,
    "cautious": 0.7699973960182753,
    "disciplined": 0.14523116255947735,
    "dutiful": 0.07080463035295788,
    "neuroticism": 0.757687664228393,
    "melancholy": 0.9271003479866488,
    "self_conscious": 0.9070970338280899,
    "authority_challenging": 0.9035224770967971,
    "achievement_striving": 0.8215680704495419,
    "orderliness": 0.20309873825249158,
    "self_efficacy": 0.19561820893402462,
    "stress_prone": 0.8638472646355609,
    "agreeableness": 0.3234263664985915,
    "cooperative": 0,
    "trusting": 0.12793835665080608,
    "excitement_seeking": 0.23260658570650763,
    "outgoing": 0.23008545794569518,
    "gregariousness": 0.2547404303671615,
    "altruism": 0.24792273276045737,
    "modesty": 0.19225670525294136,
    "uncompromising": 0.9034988045356629,
    "sympathy": 0.8717775726155813,
    "fiery": 1,
    "prone_to_worry": 0.9229458135075634,
    "immoderation": 0.9395994602656063
}