{
    "id": "1",
    "extraversion": 0.34370247476842253,
    "active": 0.23631273330568228,
    "assertive": 0.07764182681229549,
    "cheerful": 0.8600050693580349,
    "openness": 0.712947601271948,
    "adventurous": 0.18279644223236094,
    "artistic": 0.2425687819715194,
    "emotionally_aware": 0.8267777316927047,
    "imaginative": 1,
    "intellectual": 0.9289252960965942,
    "conscientiousness": 0.6886838103138393,
    "cautious": 0.7792294575786902,
    "disciplined": 0.1449605972625467,
    "dutiful": 0.9333955481819438,
    "neuroticism": 0.7424420480206461,
    "melancholy": 0.22289045578137243,
    "self_conscious": 0.8513180330890824,
    "authority_challenging": 0.12071984884096044,
    "achievement_striving": 0.19560809253882672,
    "orderliness": 0.25201622194571177,
    "self_efficacy": 0.27152172911194067,
    "stress_prone": 0.8774137057007235,
    "agreeableness": 0.32532605189179226,
    "cooperative": 0.8712267846444536,
    "trusting": 0,
    "excitement_seeking": 0.8125144015853265,
    "outgoing": 0.9310797732614406,
    "gregariousness": 0.17459329923037928,
    "altruism": 0.7951403290474215,
    "modesty": 0.24970044702520855,
    "uncompromising": 0.21734872574773034,
    "sympathy": 0.2592861422185354,
    "fiery": 0.8996612747131203,
    "prone_to_worry": 0.8495091939720725,
    "immoderation": 0.9213558228489792
}