{
    "id": "1",
    "extraversion": 0.36465623006330666,
    "active": 0.26824360798939983,
    "assertive": 0,
    "cheerful": 0.3084163517691515,
    "openness": 0.7219119595622515,
    "adventurous": 0.23900476026893067,
    "artistic": 0.24578691662168134,
    "emotionally_aware": 0.7492172547480002,
    "imaginative": 0.9837561957108504,
    "intellectual": 1,
    "conscientiousness": 0.7381459488639152,
    "cautious": 0.8832114639053835,
    "disciplined": 0.27787211071305884,
    "dutiful": 0.9856210433331697,
    "neuroticism": 0.7314913873484812,
    "melancholy": 0.8099033223732639,
    "self_conscious": 0.8035039505324632,
    "authority_challenging": 0.18726014624331355,
    "achievement_striving": 0.3103106443539284,
    "orderliness": 0.8122000294449624,
    "self_efficacy": 0.8460813662462581,
    "stress_prone": 0.8656033763556952,
    "agreeableness": 0.43132944005496393,
    "cooperative": 0.3065416891593464,
    "trusting": 0.13014673406291405,
    "excitement_seeking": 0.27667468223978015,
    "outgoing": 0.8019924424596359,
    "gregariousness": 0.2447465279481769,
    "altruism": 0.8422927810767042,
    "modesty": 0.2982676547087402,
    "uncompromising": 0.8571035971929136,
    "sympathy": 0.7871521813809687,
    "fiery": 0.8102075869853266,
    "prone_to_worry": 0.9081120871570888,
    "immoderation": 0.9496589291848653
}