{
    "id": "1",
    "extraversion": 0.6596410637483393,
    "active": 0.9519129005381791,
    "assertive": 0,
    "cheerful": 0.11861334414195321,
    "openness": 0.29751852102051385,
    "adventurous": 0.12361233083383999,
    "artistic": 0.14660316602490486,
    "emotionally_aware": 0.6806840955662141,
    "imaginative": 0.8782566596860996,
    "intellectual": 0.9744308586097412,
    "conscientiousness": 0.264653561215069,
    "cautious": 0.6956360197257313,
    "disciplined": 1,
    "dutiful": 0.9038370600553942,
    "neuroticism": 0.6139746447792115,
    "melancholy": 0.7316422346821589,
    "self_conscious": 0.8816005764597267,
    "authority_challenging": 0.1082776013871062,
    "achievement_striving": 0.7440496295795896,
    "orderliness": 0.11830935170798713,
    "self_efficacy": 0.15252538899772566,
    "stress_prone": 0.7806638294039497,
    "agreeableness": 0.2846269900245446,
    "cooperative": 0.8086423923078655,
    "trusting": 0.04397757211376071,
    "excitement_seeking": 0.16149879528924316,
    "outgoing": 0.0844085658312504,
    "gregariousness": 0.16712828480713368,
    "altruism": 0.1794793848093855,
    "modesty": 0.7332072327681325,
    "uncompromising": 0.7285460154473192,
    "sympathy": 0.7625143551982705,
    "fiery": 0.14470039856785782,
    "prone_to_worry": 0.11985183183588911,
    "immoderation": 0.06335427503433988
}