{
    "id": "1",
    "extraversion": 0.1995341948224789,
    "active": 0.7822951101189198,
    "assertive": 0.1041192632979865,
    "cheerful": 0.13418194307302625,
    "openness": 0.6534366547889925,
    "adventurous": 0.13422487442579317,
    "artistic": 0.12307345554458421,
    "emotionally_aware": 1,
    "imaginative": 0.0731872236294166,
    "intellectual": 0.7867385051302966,
    "conscientiousness": 0.6150774910917444,
    "cautious": 0.7718949899111321,
    "disciplined": 0.829004421929335,
    "dutiful": 0.056851843901601355,
    "neuroticism": 0.6407075086935989,
    "melancholy": 0.8136242648005839,
    "self_conscious": 0.8474541707809213,
    "authority_challenging": 0.8979521744730177,
    "achievement_striving": 0.7403941098184004,
    "orderliness": 0.10892757480788222,
    "self_efficacy": 0.1550358476795604,
    "stress_prone": 0.7173721718971365,
    "agreeableness": 0.3172519641093891,
    "cooperative": 0.12602498604731038,
    "trusting": 0.11020478255269824,
    "excitement_seeking": 0,
    "outgoing": 0.16106770274331347,
    "gregariousness": 0.1895741209805521,
    "altruism": 0.7802451380242992,
    "modesty": 0.06037221482848927,
    "uncompromising": 0.8498905250504444,
    "sympathy": 0.7590477825956295,
    "fiery": 0.7991778645945133,
    "prone_to_worry": 0.8077104709569398,
    "immoderation": 0.1092924913064011
}