{
    "id": "1",
    "extraversion": 0.3580810579820971,
    "active": 0.05261796590346819,
    "assertive": 0.09698169223156856,
    "cheerful": 0.2277562862669246,
    "openness": 0.38197786874184697,
    "adventurous": 0.2304777113040349,
    "artistic": 0.13588007736943913,
    "emotionally_aware": 0.7353470379200217,
    "imaginative": 0.1598556070352211,
    "intellectual": 0.8459808375691602,
    "conscientiousness": 0.7452431289640592,
    "cautious": 0.8455085241329674,
    "disciplined": 0.008614097431514551,
    "dutiful": 0.17200080968017636,
    "neuroticism": 0.7108879492600423,
    "melancholy": 1,
    "self_conscious": 0.8545274616526471,
    "authority_challenging": 0.21701677837254288,
    "achievement_striving": 0.8721604966038414,
    "orderliness": 0.2831406594395214,
    "self_efficacy": 0.2616166614187396,
    "stress_prone": 0.8176307858395934,
    "agreeableness": 0.26835275066348796,
    "cooperative": 0.13295623228824613,
    "trusting": 0,
    "excitement_seeking": 0.1869349107102695,
    "outgoing": 0.15995681705726242,
    "gregariousness": 0.17161846070802037,
    "altruism": 0.20616481489811528,
    "modesty": 0.12764832891008052,
    "uncompromising": 0.8213305744231029,
    "sympathy": 0.19391840223111875,
    "fiery": 0.9026359587962755,
    "prone_to_worry": 0.8824726732940489,
    "immoderation": 0.9940173631415591
}