{
    "id": "1",
    "extraversion": 0.2895926468562555,
    "active": 1,
    "assertive": 0,
    "cheerful": 0.05119150481485652,
    "openness": 0.21852811901273522,
    "adventurous": 0.21700038819389655,
    "artistic": 0.15683033422242254,
    "emotionally_aware": 0.7071390109821305,
    "imaginative": 0.8234218665865233,
    "intellectual": 0.9933005246878797,
    "conscientiousness": 0.6541693276732159,
    "cautious": 0.7359530160161287,
    "disciplined": 0.10105563695104999,
    "dutiful": 0.94992298733987,
    "neuroticism": 0.32449253039808656,
    "melancholy": 0.8917314700026298,
    "self_conscious": 0.08552788108744377,
    "authority_challenging": 0.8345793105175501,
    "achievement_striving": 0.7743716893947932,
    "orderliness": 0.8592358841429054,
    "self_efficacy": 0.7917151909037403,
    "stress_prone": 0.7842142830309178,
    "agreeableness": 0.6364000651163955,
    "cooperative": 0.13858522108268528,
    "trusting": 0.9141715817022928,
    "excitement_seeking": 0.10957085790851143,
    "outgoing": 0.7897116095019848,
    "gregariousness": 0.8207671212291973,
    "altruism": 0.18506830960341608,
    "modesty": 0.1426549958050014,
    "uncompromising": 0.8083323941545513,
    "sympathy": 0.8473646643375032,
    "fiery": 0.0321073919631341,
    "prone_to_worry": 0.9452646605807882,
    "immoderation": 0.8785579222860863
}