{
    "id": "1",
    "extraversion": 0.6727032373768189,
    "active": 0.7995729103111654,
    "assertive": 0.2035424408822823,
    "cheerful": 0.7875552350842163,
    "openness": 0.4084530478673249,
    "adventurous": 0.35503910366631547,
    "artistic": 0.7462606541313072,
    "emotionally_aware": 0.7338732042819902,
    "imaginative": 0.9181041655111211,
    "intellectual": 1,
    "conscientiousness": 0.6660380498086417,
    "cautious": 0.8212971693752659,
    "disciplined": 0.8227670234991773,
    "dutiful": 0.92783848244495,
    "neuroticism": 0.42882762955978343,
    "melancholy": 0.20349621905448634,
    "self_conscious": 0.7794664152199235,
    "authority_challenging": 0.1905448629060588,
    "achievement_striving": 0.2108732227707213,
    "orderliness": 0.8906668885314402,
    "self_efficacy": 0.8942629467339657,
    "stress_prone": 0.2526485107327085,
    "agreeableness": 0.6692550890232404,
    "cooperative": 0.8918039454952208,
    "trusting": 0.3014957383474773,
    "excitement_seeking": 0.3489470667628081,
    "outgoing": 0.8208904172906615,
    "gregariousness": 0.7688816166546492,
    "altruism": 0.9393939393939396,
    "modesty": 0.8832713960840869,
    "uncompromising": 0.7908924510510844,
    "sympathy": 0.8068204929095717,
    "fiery": 0.2584169948416441,
    "prone_to_worry": 0.24942222715255058,
    "immoderation": 0
}