{
    "id": "1",
    "extraversion": 0.435839311037274,
    "active": 0.9534825947893053,
    "assertive": 0.20083015040006624,
    "cheerful": 0.22257760664120316,
    "openness": 0.7522280532869609,
    "adventurous": 0.1889161465287913,
    "artistic": 0.19848047283379394,
    "emotionally_aware": 0.8878468879711,
    "imaginative": 0.9354097444337484,
    "intellectual": 0.9234439855500006,
    "conscientiousness": 0.4132430725915805,
    "cautious": 0.7973273711558965,
    "disciplined": 0,
    "dutiful": 0.9603039054332413,
    "neuroticism": 0.7781573145359129,
    "melancholy": 0.882805949756234,
    "self_conscious": 0.9098738212795909,
    "authority_challenging": 0.8524257574346077,
    "achievement_striving": 0.8401908724860003,
    "orderliness": 0.2459812232814748,
    "self_efficacy": 0.23762796426833935,
    "stress_prone": 0.9580887908993987,
    "agreeableness": 0.40055274353321113,
    "cooperative": 0.8496309867610677,
    "trusting": 0.18986843875829373,
    "excitement_seeking": 0.7951329586270431,
    "outgoing": 0.18137026571023404,
    "gregariousness": 0.2989058990363217,
    "altruism": 0.22189444047656012,
    "modesty": 0.18880228550135078,
    "uncompromising": 0.2923744164622344,
    "sympathy": 0.1657195499384115,
    "fiery": 0.9371901168628182,
    "prone_to_worry": 0.8202134376714386,
    "immoderation": 1
}