{
    "id": "1",
    "extraversion": 0.6507126835974241,
    "active": 0.7440850879097026,
    "assertive": 0.04893519523430522,
    "cheerful": 0.8128572462195209,
    "openness": 0.5881026457323396,
    "adventurous": 0.7513325133251333,
    "artistic": 0.710669753756361,
    "emotionally_aware": 0.6653160649253551,
    "imaginative": 0.9578660492487276,
    "intellectual": 0.852699997588211,
    "conscientiousness": 0.2736656778332489,
    "cautious": 0.6960301955960736,
    "disciplined": 0.8235776475411813,
    "dutiful": 0,
    "neuroticism": 0.6886742396835733,
    "melancholy": 0.08811470467645849,
    "self_conscious": 0.7702529966476135,
    "authority_challenging": 0.8052118756481682,
    "achievement_striving": 0.08824735306176587,
    "orderliness": 0.09399946940645873,
    "self_efficacy": 0.8046451052745821,
    "stress_prone": 0.9076405469937052,
    "agreeableness": 0.267262378506138,
    "cooperative": 0.14698646986469865,
    "trusting": 1,
    "excitement_seeking": 0.9327110918168006,
    "outgoing": 0.799411523527,
    "gregariousness": 0.7983985722210163,
    "altruism": 0.8950389503895039,
    "modesty": 0.7918143887321226,
    "uncompromising": 0.7772592431806671,
    "sympathy": 0.8033789161421026,
    "fiery": 0.7702771145358512,
    "prone_to_worry": 0.8237585317029641,
    "immoderation": 0.05652027108506375
}