{
    "id": "1",
    "extraversion": 0.522755473722131,
    "active": 1,
    "assertive": 0.6873874234479446,
    "cheerful": 0.5931333306648521,
    "openness": 0.21384541488211986,
    "adventurous": 0.15036224632750272,
    "artistic": 0.5731997758475764,
    "emotionally_aware": 0.5905215546571668,
    "imaginative": 0.7352699835888404,
    "intellectual": 0.6205819957571149,
    "conscientiousness": 0.5144898531001081,
    "cautious": 0.5690269383180563,
    "disciplined": 0.8470459912740664,
    "dutiful": 0.7700736500820557,
    "neuroticism": 0.5847376215826763,
    "melancholy": 0.13063883440739707,
    "self_conscious": 0.6053816595284793,
    "authority_challenging": 0.6767001561061522,
    "achievement_striving": 0.7554336949125405,
    "orderliness": 0.6277368610655246,
    "self_efficacy": 0.660429091782412,
    "stress_prone": 0.7952607773285836,
    "agreeableness": 0.2481187207300965,
    "cooperative": 0.689528879638154,
    "trusting": 0.676890285394068,
    "excitement_seeking": 0.6806828643477565,
    "outgoing": 0.7473682103830606,
    "gregariousness": 0.6724872913581236,
    "altruism": 0.7097226113757356,
    "modesty": 0.09811671936917106,
    "uncompromising": 0.6935115878797583,
    "sympathy": 0.6430172517311773,
    "fiery": 0.6604190849777849,
    "prone_to_worry": 0.6784313333066485,
    "immoderation": 0
}