{
    "id": "1",
    "extraversion": 0.7099028618546748,
    "active": 0.809303541620578,
    "assertive": 0.07123463990507417,
    "cheerful": 0.8430907226032218,
    "openness": 0.6481105323492147,
    "adventurous": 0.7191340023731472,
    "artistic": 0.24382076704945402,
    "emotionally_aware": 0.3017014258994831,
    "imaginative": 0.8999658105906724,
    "intellectual": 0.7801520423144218,
    "conscientiousness": 0.6522635400116646,
    "cautious": 0.7647466966997164,
    "disciplined": 0.8365042334533315,
    "dutiful": 0.8047583613217223,
    "neuroticism": 0.7175150332843955,
    "melancholy": 0.14117209339742176,
    "self_conscious": 0.2481044989240392,
    "authority_challenging": 0.8843492950948253,
    "achievement_striving": 0.8198318685517768,
    "orderliness": 0.7829374736037649,
    "self_efficacy": 0.8511654566297286,
    "stress_prone": 0.7683566960963738,
    "agreeableness": 0.6602779397864168,
    "cooperative": 0.8066086117088671,
    "trusting": 1,
    "excitement_seeking": 0.8500894958067694,
    "outgoing": 0.9001970918890654,
    "gregariousness": 0.8343422560987872,
    "altruism": 0.8614021680107796,
    "modesty": 0.8749773746555919,
    "uncompromising": 0.7787140759809342,
    "sympathy": 0.810530338072924,
    "fiery": 0.18545743418538707,
    "prone_to_worry": 0.8649820002815597,
    "immoderation": 0
}