{
    "id": "1",
    "extraversion": 0.35832375563610647,
    "active": 0.8291817699584476,
    "assertive": 0.1520643621253647,
    "cheerful": 0.2757713729997348,
    "openness": 0.7111550702855628,
    "adventurous": 0.25151401290778885,
    "artistic": 0.275296171868093,
    "emotionally_aware": 0.7932101494120768,
    "imaginative": 0.929858102731854,
    "intellectual": 0.864169834674211,
    "conscientiousness": 0.7115639642825569,
    "cautious": 0.85458845371762,
    "disciplined": 0.8583679603925383,
    "dutiful": 0,
    "neuroticism": 0.7296326584740519,
    "melancholy": 0.9413071346476881,
    "self_conscious": 1,
    "authority_challenging": 0.9138449297144373,
    "achievement_striving": 0.30334408982406513,
    "orderliness": 0.2190014145522058,
    "self_efficacy": 0.8923945716559102,
    "stress_prone": 0.8642361418088588,
    "agreeableness": 0.38271372999734776,
    "cooperative": 0.1673923614180886,
    "trusting": 0.004873574396605042,
    "excitement_seeking": 0.18480903545221466,
    "outgoing": 0.823788789673769,
    "gregariousness": 0.2987909999115905,
    "altruism": 0.8578817080717885,
    "modesty": 0.23052780479179558,
    "uncompromising": 0.9145853593846699,
    "sympathy": 0.816771284590222,
    "fiery": 0.850134824507117,
    "prone_to_worry": 0.9123972239412961,
    "immoderation": 0.13215011935284235
}