{
    "id": "1",
    "extraversion": 0.740406346704373,
    "active": 0.8365804754233263,
    "assertive": 0,
    "cheerful": 0.8437315283782061,
    "openness": 0.3688645240551222,
    "adventurous": 0.263105434568445,
    "artistic": 0.25809853849630854,
    "emotionally_aware": 0.7550793338046615,
    "imaginative": 0.9832408062029879,
    "intellectual": 0.8881097808323966,
    "conscientiousness": 0.3579235289345279,
    "cautious": 0.22921616578389215,
    "disciplined": 0.15769404619788827,
    "dutiful": 0.09156129391175341,
    "neuroticism": 0.7052189937529699,
    "melancholy": 0.8196358410310497,
    "self_conscious": 0.7973250194133124,
    "authority_challenging": 0.1514933762937379,
    "achievement_striving": 0.8288499206082451,
    "orderliness": 0.1689827424346032,
    "self_efficacy": 0.8073735816691971,
    "stress_prone": 0.7674343134641463,
    "agreeableness": 0.6705184223641358,
    "cooperative": 0.8437662984898182,
    "trusting": 0.9382946419258005,
    "excitement_seeking": 0.14135209374022087,
    "outgoing": 0.9012760630961626,
    "gregariousness": 0.8664711813724922,
    "altruism": 0.2696306255143079,
    "modesty": 0.170060615894577,
    "uncompromising": 0.010187642702333034,
    "sympathy": 0.8929544163836766,
    "fiery": 0.939743396576303,
    "prone_to_worry": 0.877678747348779,
    "immoderation": 1
}