{
    "id": "1",
    "extraversion": 0.7092775670851047,
    "active": 1,
    "assertive": 0.8406661552689497,
    "cheerful": 0.4291367654333379,
    "openness": 0.7020080724368579,
    "adventurous": 0.2661394968706762,
    "artistic": 0.38629406324603727,
    "emotionally_aware": 0.7579272620387563,
    "imaginative": 0.9143074264985267,
    "intellectual": 0.8327084244409874,
    "conscientiousness": 0.4697570382903066,
    "cautious": 0.41213876561973517,
    "disciplined": 0,
    "dutiful": 0.8825553635822693,
    "neuroticism": 0.7404202542172389,
    "melancholy": 0.3750170266763211,
    "self_conscious": 0.8318481292163428,
    "authority_challenging": 0.3519252690214859,
    "achievement_striving": 0.8535777527654907,
    "orderliness": 0.8324216593661057,
    "self_efficacy": 0.4053280950912988,
    "stress_prone": 0.8355258913016984,
    "agreeableness": 0.4846759913110183,
    "cooperative": 0.8081183192698962,
    "trusting": 0.2994042455569336,
    "excitement_seeking": 0.8332174324489021,
    "outgoing": 0.7654405070006524,
    "gregariousness": 0.747560704581789,
    "altruism": 0.4001734928703033,
    "modesty": 0.3858209008724828,
    "uncompromising": 0.3514592757748034,
    "sympathy": 0.39383598471542147,
    "fiery": 0.8122477363481901,
    "prone_to_worry": 0.3943163162158481,
    "immoderation": 0.8908643816269616
}