{
    "id": "1",
    "extraversion": 0.6575601593335637,
    "active": 0.9146492297058877,
    "assertive": 0.18646210371232658,
    "cheerful": 0.24490259917423018,
    "openness": 0.6080139689699704,
    "adventurous": 0.1918459775550665,
    "artistic": 0.2795340038923953,
    "emotionally_aware": 0.7872096618708961,
    "imaginative": 1,
    "intellectual": 0.7728314447334437,
    "conscientiousness": 0.6340693719420142,
    "cautious": 0.7107259135306209,
    "disciplined": 0,
    "dutiful": 0.8869113661579876,
    "neuroticism": 0.6576783862929483,
    "melancholy": 0.2244220520562397,
    "self_conscious": 0.8853107550155515,
    "authority_challenging": 0.7872187562523872,
    "achievement_striving": 0.7907291875079575,
    "orderliness": 0.7398461230651704,
    "self_efficacy": 0.7789883410029284,
    "stress_prone": 0.9495898433947508,
    "agreeableness": 0.36424816748212957,
    "cooperative": 0.8474326561050584,
    "trusting": 0.20314119936703107,
    "excitement_seeking": 0.2936302952036232,
    "outgoing": 0.2623729060186617,
    "gregariousness": 0.27302242674475713,
    "altruism": 0.22213936230196987,
    "modesty": 0.14198148383928413,
    "uncompromising": 0.2725495189072191,
    "sympathy": 0.26099965441350337,
    "fiery": 0.7950308299532549,
    "prone_to_worry": 0.2567162007311883,
    "immoderation": 0.9113206860801397
}