{
    "id": "1",
    "extraversion": 0.7170492465175932,
    "active": 0.9057226662233252,
    "assertive": 0.09484734410811195,
    "cheerful": 0.2674535975964564,
    "openness": 0.31293567195905425,
    "adventurous": 0.17804510206747498,
    "artistic": 0.23484425655215,
    "emotionally_aware": 0.26827298744789746,
    "imaginative": 0.9034307496823379,
    "intellectual": 0.8638387820779252,
    "conscientiousness": 0.6781579166122386,
    "cautious": 0.7720196178555736,
    "disciplined": 0.8635062760512534,
    "dutiful": 0.05536225344084361,
    "neuroticism": 0.3567433409730551,
    "melancholy": 0.199931123751618,
    "self_conscious": 0.8356826467479723,
    "authority_challenging": 0.917574131031125,
    "achievement_striving": 0.8482109988243537,
    "orderliness": 0.8050564666484579,
    "self_efficacy": 0.7906637057796673,
    "stress_prone": 0.8240568110296999,
    "agreeableness": 0.27008989537935374,
    "cooperative": 0.15156337208611903,
    "trusting": 0.8651925566150885,
    "excitement_seeking": 0.8837891436782291,
    "outgoing": 1,
    "gregariousness": 0.8830172546877411,
    "altruism": 0.18663088268474862,
    "modesty": 0.18261705993421126,
    "uncompromising": 0,
    "sympathy": 0.11755275564369601,
    "fiery": 0.8690995024284814,
    "prone_to_worry": 0.7911980904653897,
    "immoderation": 0.08908786471754798
}