{
    "id": "1",
    "extraversion": 0.3106340648679185,
    "active": 0.22103233571174183,
    "assertive": 0.15076080415586965,
    "cheerful": 0.31162882090707017,
    "openness": 0.39829540570081173,
    "adventurous": 0.2641875544966657,
    "artistic": 0.18528252299605782,
    "emotionally_aware": 0.8789959104473946,
    "imaginative": 0.11254252275043904,
    "intellectual": 0.8976752182936864,
    "conscientiousness": 0.3845653161727682,
    "cautious": 0.33910128090191216,
    "disciplined": 0.9699239809891067,
    "dutiful": 0.17411914966780062,
    "neuroticism": 0.31232883441610276,
    "melancholy": 0.9725521018826678,
    "self_conscious": 0.9384356540213934,
    "authority_challenging": 0.17039802522504818,
    "achievement_striving": 0.1434782074741793,
    "orderliness": 0.23586770972773158,
    "self_efficacy": 0.22869564149483584,
    "stress_prone": 0.9354882287202034,
    "agreeableness": 0.39120930403920073,
    "cooperative": 0,
    "trusting": 0.11138811450747295,
    "excitement_seeking": 0.2693578297125032,
    "outgoing": 0.13197096786078327,
    "gregariousness": 0.2813317449985877,
    "altruism": 0.13306397140997459,
    "modesty": 0.20496886782025617,
    "uncompromising": 0.9931103933584682,
    "sympathy": 0.9554693160745207,
    "fiery": 0.9718152455573704,
    "prone_to_worry": 1,
    "immoderation": 0.9138246527564566
}