{
    "id": "1",
    "extraversion": 0.16078396692570437,
    "active": 0.795021168875673,
    "assertive": 0.7467804516763759,
    "cheerful": 0.7785061295778384,
    "openness": 0.677470346992693,
    "adventurous": 0.7399378751533776,
    "artistic": 0.16744967555796292,
    "emotionally_aware": 0.741374926765639,
    "imaginative": 0.9690149563910107,
    "intellectual": 0.9749289764876248,
    "conscientiousness": 0.6022130594828825,
    "cautious": 0.7145020616163514,
    "disciplined": 0.14852481124879782,
    "dutiful": 0.08875451842189622,
    "neuroticism": 0.6359506096415108,
    "melancholy": 0.8547804074594033,
    "self_conscious": 0.8128516631108851,
    "authority_challenging": 0.8023832948277195,
    "achievement_striving": 0.11909841592695355,
    "orderliness": 0.1685772083614295,
    "self_efficacy": 0.7942584260968573,
    "stress_prone": 0.7119706399301372,
    "agreeableness": 0.20612847241413615,
    "cooperative": 0.7256005217602777,
    "trusting": 0.02269436123055834,
    "excitement_seeking": 0.08623415097885319,
    "outgoing": 0.8014105214286503,
    "gregariousness": 0.07904889291754641,
    "altruism": 0.13116964946994902,
    "modesty": 0,
    "uncompromising": 0.7886649790522091,
    "sympathy": 0.1880879475586704,
    "fiery": 0.1551020859356864,
    "prone_to_worry": 0.8982788543382377,
    "immoderation": 1
}