{
    "id": "1",
    "extraversion": 0.38137421508719915,
    "active": 0.21823287654722737,
    "assertive": 0.13497487073796874,
    "cheerful": 0.8106326306781888,
    "openness": 0.3539429439201649,
    "adventurous": 0.8347133335743815,
    "artistic": 0.26332091935736585,
    "emotionally_aware": 0.7739210085451543,
    "imaginative": 0.16866133950416412,
    "intellectual": 0.857191066758265,
    "conscientiousness": 0.2591869448361476,
    "cautious": 0.8247459955888202,
    "disciplined": 0.09159826927480688,
    "dutiful": 0,
    "neuroticism": 0.7225657157320029,
    "melancholy": 1,
    "self_conscious": 0.9854768533584024,
    "authority_challenging": 0.9717130081594776,
    "achievement_striving": 0.8431620686745972,
    "orderliness": 0.1443516409347845,
    "self_efficacy": 0.1967313880753517,
    "stress_prone": 0.8622771811837873,
    "agreeableness": 0.7070181147629896,
    "cooperative": 0.08977835629316268,
    "trusting": 0.05054778175507109,
    "excitement_seeking": 0.21940195972086637,
    "outgoing": 0.2367453688638199,
    "gregariousness": 0.3004302708175146,
    "altruism": 0.15760928517192754,
    "modesty": 0.06390184522302975,
    "uncompromising": 0.8900097624471202,
    "sympathy": 0.9060153547625075,
    "fiery": 0.8855503730218993,
    "prone_to_worry": 0.9403406009328562,
    "immoderation": 0.9885020067252415
}