{
    "id": "1",
    "extraversion": 0.2419087774401693,
    "active": 1,
    "assertive": 0.25340548291284004,
    "cheerful": 0.27103888566453854,
    "openness": 0.3156942405517053,
    "adventurous": 0.12206821207879552,
    "artistic": 0.31365436482195896,
    "emotionally_aware": 0.7893721620975727,
    "imaginative": 0.8191082585094398,
    "intellectual": 0.7559489262913522,
    "conscientiousness": 0.7241558840599501,
    "cautious": 0.9594756068416919,
    "disciplined": 0.8925096446007307,
    "dutiful": 0.29786453176743705,
    "neuroticism": 0.7527312143661875,
    "melancholy": 0.3012870847700659,
    "self_conscious": 0.8256717080331842,
    "authority_challenging": 0.24338534020688946,
    "achievement_striving": 0.3019784234065071,
    "orderliness": 0.7764757092622306,
    "self_efficacy": 0.834172612747943,
    "stress_prone": 0.73502099621044,
    "agreeableness": 0.44274691884879314,
    "cooperative": 0.7971817281758902,
    "trusting": 0.8236915776176983,
    "excitement_seeking": 0,
    "outgoing": 0.7727971049127719,
    "gregariousness": 0.7325116930115052,
    "altruism": 0.842169949813936,
    "modesty": 0.25849236966986444,
    "uncompromising": 0.8269348946775459,
    "sympathy": 0.7538834454269229,
    "fiery": 0.2914035027824246,
    "prone_to_worry": 0.835213888225052,
    "immoderation": 0.1311409648014748
}