{
    "id": "1",
    "extraversion": 0.610959211955504,
    "active": 0.79843190131965,
    "assertive": 0.8332022422812341,
    "cheerful": 0.6939710600896413,
    "openness": 0.5911457357953482,
    "adventurous": 0.6653932107319875,
    "artistic": 0.7340599523078268,
    "emotionally_aware": 0.16637327240720629,
    "imaginative": 0.8038877860594031,
    "intellectual": 0.7201018764747744,
    "conscientiousness": 0.2620572555776122,
    "cautious": 0.14928149618587463,
    "disciplined": 0.03078766995018542,
    "dutiful": 0,
    "neuroticism": 0.2348652259135798,
    "melancholy": 0.04849120441464729,
    "self_conscious": 0.6841704433374535,
    "authority_challenging": 0.8188571357229361,
    "achievement_striving": 0.8075583355181842,
    "orderliness": 0.0031087306640698057,
    "self_efficacy": 0.7497534239734323,
    "stress_prone": 0.11119018190444091,
    "agreeableness": 0.5702211069078743,
    "cooperative": 0.7436982658526536,
    "trusting": 1,
    "excitement_seeking": 0.7995180843227587,
    "outgoing": 0.7350337715519933,
    "gregariousness": 0.7671448368852767,
    "altruism": 0.7517260321859746,
    "modesty": 0.08338639399727832,
    "uncompromising": 0.06332322059502858,
    "sympathy": 0.009126434198534325,
    "fiery": 0.7302395845037891,
    "prone_to_worry": 0.7362073485898348,
    "immoderation": 0.9430815136646815
}