{
    "id": "1",
    "extraversion": 0.7176294130251202,
    "active": 0.10209354793985305,
    "assertive": 0.14624585638840926,
    "cheerful": 0.7952583218845712,
    "openness": 0.659398278274241,
    "adventurous": 0.2735098753450384,
    "artistic": 0.7860572984282636,
    "emotionally_aware": 0.8398517752933614,
    "imaginative": 0.9515748875080351,
    "intellectual": 0.8526701874235875,
    "conscientiousness": 0.6931269615195552,
    "cautious": 0.7598154753652049,
    "disciplined": 0.0969888705428604,
    "dutiful": 0,
    "neuroticism": 0.7067898511450863,
    "melancholy": 0.8674044290954008,
    "self_conscious": 0.8396879214509888,
    "authority_challenging": 0.9930803261951877,
    "achievement_striving": 0.8481579046874802,
    "orderliness": 0.06309633345517343,
    "self_efficacy": 0.9089224719242743,
    "stress_prone": 0.8619720440136629,
    "agreeableness": 0.2763710155156985,
    "cooperative": 0.11542872988063883,
    "trusting": 0.9298831596062466,
    "excitement_seeking": 0.8994315532083842,
    "outgoing": 1,
    "gregariousness": 0.8524685211560519,
    "altruism": 0.8219664981913057,
    "modesty": 0.22082456295138583,
    "uncompromising": 0.14898095514185963,
    "sympathy": 0.8990030123898712,
    "fiery": 0.8627661049420838,
    "prone_to_worry": 0.9192704722771904,
    "immoderation": 0.969434956326649
}