{
    "id": "1",
    "extraversion": 0.4761145736892843,
    "active": 0.2857756440236325,
    "assertive": 0.2637466474501532,
    "cheerful": 0.797797100342652,
    "openness": 0.4634488551221235,
    "adventurous": 0.37052237737541877,
    "artistic": 0.2957402334615495,
    "emotionally_aware": 0.8223840566568994,
    "imaginative": 0.9750026247721221,
    "intellectual": 0.8475055120214563,
    "conscientiousness": 0.41208922316289814,
    "cautious": 0.7520878869152724,
    "disciplined": 0,
    "dutiful": 0.21273062202326978,
    "neuroticism": 0.8441839822088174,
    "melancholy": 1,
    "self_conscious": 0.8681696270914662,
    "authority_challenging": 0.867596949537563,
    "achievement_striving": 0.8172776818012618,
    "orderliness": 0.2810415095780321,
    "self_efficacy": 0.2823204894484161,
    "stress_prone": 0.9577554857737351,
    "agreeableness": 0.378253524353113,
    "cooperative": 0.09874869954472135,
    "trusting": 0.11597674929131149,
    "excitement_seeking": 0.34528638650008114,
    "outgoing": 0.2677935688310697,
    "gregariousness": 0.7572324402745034,
    "altruism": 0.37912208530986624,
    "modesty": 0.29628427713775757,
    "uncompromising": 0.8472191732445047,
    "sympathy": 0.8547117045747391,
    "fiery": 0.9560374531120253,
    "prone_to_worry": 0.9136497694972846,
    "immoderation": 0.8880701720896049
}