{
    "id": "1",
    "extraversion": 0.3408874449241177,
    "active": 1,
    "assertive": 0.1807201032533713,
    "cheerful": 0.7126084827985224,
    "openness": 0.3690862966754195,
    "adventurous": 0.6507899773020607,
    "artistic": 0.7453825270372513,
    "emotionally_aware": 0.6717165872980551,
    "imaginative": 0.7716498286528105,
    "intellectual": 0.7313810138412924,
    "conscientiousness": 0.6188348391116649,
    "cautious": 0.6621567492990342,
    "disciplined": 0.8643019270995594,
    "dutiful": 0.9110596822288486,
    "neuroticism": 0.3569896301571053,
    "melancholy": 0,
    "self_conscious": 0.20113044639280786,
    "authority_challenging": 0.19489963950331565,
    "achievement_striving": 0.731852774934354,
    "orderliness": 0.9650629756553474,
    "self_efficacy": 0.8005340691619564,
    "stress_prone": 0.18328363523076235,
    "agreeableness": 0.5695669589211803,
    "cooperative": 0.8250834483065557,
    "trusting": 0.8259824647291825,
    "excitement_seeking": 0.23432284480840265,
    "outgoing": 0.7159553162134497,
    "gregariousness": 0.6917085762606258,
    "altruism": 0.7224175530731229,
    "modesty": 0.734220481552361,
    "uncompromising": 0.7410120610619074,
    "sympathy": 0.24955271707686144,
    "fiery": 0.1484267212604032,
    "prone_to_worry": 0.2311006275312653,
    "immoderation": 0.016511638257154262
}