{
    "id": "1",
    "extraversion": 0.2492307692307692,
    "active": 0.796699941280094,
    "assertive": 0.11025249559600701,
    "cheerful": 0.7465179095713448,
    "openness": 0.33174398120963006,
    "adventurous": 0.19603053435114504,
    "artistic": 0,
    "emotionally_aware": 0.15317674691720493,
    "imaginative": 0.9384145625367,
    "intellectual": 0.7884908984145627,
    "conscientiousness": 0.6296652965355256,
    "cautious": 0.20803288314738694,
    "disciplined": 0.09843805049911915,
    "dutiful": 0.057122724603640596,
    "neuroticism": 0.3310510863182619,
    "melancholy": 0.12556664709336463,
    "self_conscious": 0.15840281855549032,
    "authority_challenging": 0.11061655901350559,
    "achievement_striving": 0.17704051673517324,
    "orderliness": 0.8229125073399882,
    "self_efficacy": 0.8607985907222548,
    "stress_prone": 0.08729301233118023,
    "agreeableness": 0.6262712859659424,
    "cooperative": 0.1666940692894891,
    "trusting": 1,
    "excitement_seeking": 0.8601996476805638,
    "outgoing": 0.8763828537874341,
    "gregariousness": 0.8400939518496771,
    "altruism": 0.7889958896065766,
    "modesty": 0.16244274809160306,
    "uncompromising": 0.8107692307692308,
    "sympathy": 0.9450616559013506,
    "fiery": 0.12238402818555488,
    "prone_to_worry": 0.13681738109219024,
    "immoderation": 0.03883734586024661
}