{
    "id": "1",
    "extraversion": 0.690455038989241,
    "active": 0.967635091413593,
    "assertive": 0.15986137158775596,
    "cheerful": 0.832987859046491,
    "openness": 0.3816887660535869,
    "adventurous": 0.20254663902872375,
    "artistic": 0.18924313712587332,
    "emotionally_aware": 0.7027385691880806,
    "imaginative": 0.932418649031027,
    "intellectual": 0.7838208359380998,
    "conscientiousness": 0.3301527764068481,
    "cautious": 0.2548832516259227,
    "disciplined": 0,
    "dutiful": 0.15128483532392328,
    "neuroticism": 0.7742023930949012,
    "melancholy": 0.22284736616984177,
    "self_conscious": 0.8401934656006318,
    "authority_challenging": 0.8848857741365884,
    "achievement_striving": 0.8923875015080227,
    "orderliness": 0.22566599765296833,
    "self_efficacy": 0.7530242709395804,
    "stress_prone": 0.9881661347459394,
    "agreeableness": 0.27078603625834896,
    "cooperative": 0.19821450114609723,
    "trusting": 0.04147884929643889,
    "excitement_seeking": 1,
    "outgoing": 0.8059092554206562,
    "gregariousness": 0.7848737099551433,
    "altruism": 0.863225084723456,
    "modesty": 0.22244157097577294,
    "uncompromising": 0.19507781397032214,
    "sympathy": 0.24102041040151792,
    "fiery": 0.9001524473837178,
    "prone_to_worry": 0.8881211682514614,
    "immoderation": 0.9994954978668333
}