{
    "id": "1",
    "extraversion": 0.3210128187706663,
    "active": 0.8530710694387825,
    "assertive": 0.18777460705711824,
    "cheerful": 0.24402092675635276,
    "openness": 0.3248629795714998,
    "adventurous": 0.22344521447660462,
    "artistic": 0.26745028762965983,
    "emotionally_aware": 0.7260723830230557,
    "imaginative": 0.9078112968247497,
    "intellectual": 0.7839833310685329,
    "conscientiousness": 0.6924287720251846,
    "cautious": 0.9105403813923993,
    "disciplined": 0.19471622050097387,
    "dutiful": 0.1643792181908774,
    "neuroticism": 0.7421977623771346,
    "melancholy": 0.19746795307333423,
    "self_conscious": 1,
    "authority_challenging": 0.11367033564342978,
    "achievement_striving": 0.823164379218191,
    "orderliness": 0.2653666711962676,
    "self_efficacy": 0.8846876840150383,
    "stress_prone": 0.8404674548172306,
    "agreeableness": 0.38622774833537166,
    "cooperative": 0.2697490601078045,
    "trusting": 0.8540449336413461,
    "excitement_seeking": 0.17873805317751504,
    "outgoing": 0.8100738324953571,
    "gregariousness": 0.7187910495085382,
    "altruism": 0.8097567604294061,
    "modesty": 0.8613828871676406,
    "uncompromising": 0.7788309099968292,
    "sympathy": 0.20348099832404767,
    "fiery": 0.7993500022648005,
    "prone_to_worry": 0.8362436019386692,
    "immoderation": 0
}