{
    "id": "1",
    "extraversion": 0.7322170900692839,
    "active": 0.8916281755196304,
    "assertive": 0,
    "cheerful": 0.8077598152424942,
    "openness": 0.3668475750577367,
    "adventurous": 0.26183602771362585,
    "artistic": 0.018233256351039288,
    "emotionally_aware": 0.7979445727482678,
    "imaginative": 0.9148383371824479,
    "intellectual": 0.8335219399538105,
    "conscientiousness": 0.3451732101616628,
    "cautious": 0.7852540415704388,
    "disciplined": 0.1871824480369515,
    "dutiful": 0.1643187066974596,
    "neuroticism": 0.7185796766743648,
    "melancholy": 0.1723094688221709,
    "self_conscious": 0.9446651270207851,
    "authority_challenging": 0.10877598152424942,
    "achievement_striving": 0.08092378752886839,
    "orderliness": 0.8813856812933024,
    "self_efficacy": 0.9402309468822171,
    "stress_prone": 0.1958429561200924,
    "agreeableness": 0.6612124711316397,
    "cooperative": 0.897933025404157,
    "trusting": 0.12355658198614322,
    "excitement_seeking": 0.7968475750577366,
    "outgoing": 1,
    "gregariousness": 0.8284411085450346,
    "altruism": 0.24948036951501154,
    "modesty": 0.22317551963048496,
    "uncompromising": 0.21903002309468822,
    "sympathy": 0.9172170900692841,
    "fiery": 0.09409930715935334,
    "prone_to_worry": 0.8665935334872977,
    "immoderation": 0.054422632794457276
}