{
    "id": "1",
    "extraversion": 0.619305378369678,
    "active": 0.7506229656742932,
    "assertive": 0.012864688278707119,
    "cheerful": 0.7464738354416798,
    "openness": 0.6269955766456429,
    "adventurous": 0.8557342649005043,
    "artistic": 0.1910746008846709,
    "emotionally_aware": 0.8106065122268192,
    "imaginative": 1,
    "intellectual": 0.7829814123734694,
    "conscientiousness": 0.29793854995052044,
    "cautious": 0.20486926662930863,
    "disciplined": 0.0727647753150597,
    "dutiful": 0.04294588246515565,
    "neuroticism": 0.7051852205119645,
    "melancholy": 0.8511201459349254,
    "self_conscious": 0.7516602482324467,
    "authority_challenging": 0.8841224231874383,
    "achievement_striving": 0.7538778868050506,
    "orderliness": 0.1100234878924088,
    "self_efficacy": 0.7956911044078547,
    "stress_prone": 0.9004208744172737,
    "agreeableness": 0.25002086487904335,
    "cooperative": 0.08592753329438559,
    "trusting": 0.9285348085796384,
    "excitement_seeking": 0.8238527297223183,
    "outgoing": 0.8905011147806804,
    "gregariousness": 0.7184433607954884,
    "altruism": 0.8335936475385405,
    "modesty": 0,
    "uncompromising": 0.8083650280781658,
    "sympathy": 0.8871150429816509,
    "fiery": 0.7397732285717693,
    "prone_to_worry": 0.8529324097146878,
    "immoderation": 0.01567846625254849
}