{
    "id": "1",
    "extraversion": 0.6269589508072533,
    "active": 0.7994294777709388,
    "assertive": 0.05733630036456605,
    "cheerful": 0.08162492306235496,
    "openness": 0.6592609251455896,
    "adventurous": 0.18797642157094832,
    "artistic": 0.1331613086501586,
    "emotionally_aware": 0.7547346243075611,
    "imaginative": 0.8215993560910941,
    "intellectual": 0.8091236210406704,
    "conscientiousness": 0.282941148619857,
    "cautious": 0.7320202641920364,
    "disciplined": 0.101995644145637,
    "dutiful": 0.024726575446238297,
    "neuroticism": 0.7357606173950096,
    "melancholy": 0.8301571895270109,
    "self_conscious": 0.9159840916623265,
    "authority_challenging": 0.8864163628616069,
    "achievement_striving": 0.11842479049287435,
    "orderliness": 0.1563136215141328,
    "self_efficacy": 0.1331021258463141,
    "stress_prone": 0.9527484494105392,
    "agreeableness": 0.23998626958950806,
    "cooperative": 0,
    "trusting": 0.0016571185076463672,
    "excitement_seeking": 0.13906775247384118,
    "outgoing": 0.09356801287817806,
    "gregariousness": 0.14547133184981767,
    "altruism": 0.8044836892192604,
    "modesty": 0.12875810804412668,
    "uncompromising": 0.7863855878036077,
    "sympathy": 0.8043298139292646,
    "fiery": 0.8889493868661522,
    "prone_to_worry": 0.8387742057667723,
    "immoderation": 1
}