{
    "id": "1",
    "extraversion": 0.30391350198746103,
    "active": 1,
    "assertive": 0,
    "cheerful": 0.22981539210346386,
    "openness": 0.3370919331100578,
    "adventurous": 0.22742812112503044,
    "artistic": 0.18480490433533048,
    "emotionally_aware": 0.6916016734074237,
    "imaginative": 0.9702981770984227,
    "intellectual": 0.9214518315930977,
    "conscientiousness": 0.32157467175024046,
    "cautious": 0.7288825022308235,
    "disciplined": 0.91298049622788,
    "dutiful": 0.06233558540288095,
    "neuroticism": 0.6842892074492125,
    "melancholy": 0.1446037246062741,
    "self_conscious": 0.8983323869233175,
    "authority_challenging": 0.09038022505243884,
    "achievement_striving": 0.18650844236363007,
    "orderliness": 0.17559189254962862,
    "self_efficacy": 0.8083925322455412,
    "stress_prone": 0.8516183611268846,
    "agreeableness": 0.2884194180157838,
    "cooperative": 0.7801740621849323,
    "trusting": 0.04955325584359901,
    "excitement_seeking": 0.112074260351601,
    "outgoing": 0.7726182336512498,
    "gregariousness": 0.7309916445515754,
    "altruism": 0.8338876591996848,
    "modesty": 0.07575529313601655,
    "uncompromising": 0.7990056900487884,
    "sympathy": 0.8008482924059287,
    "fiery": 0.8016710896849033,
    "prone_to_worry": 0.7671599587442491,
    "immoderation": 0.862001831013663
}