{
    "id": "1",
    "extraversion": 0.6881578947368421,
    "active": 0.9021646859083193,
    "assertive": 0.9043293718166385,
    "cheerful": 0.8754668930390492,
    "openness": 0.7258913412563669,
    "adventurous": 0.785752688172043,
    "artistic": 0.21600169779286926,
    "emotionally_aware": 0.8240945104697228,
    "imaginative": 1,
    "intellectual": 0.9197934352009055,
    "conscientiousness": 0.30850311262026037,
    "cautious": 0.7507640067911715,
    "disciplined": 0.06066779852857956,
    "dutiful": 0.05606960950764007,
    "neuroticism": 0.6677560837577816,
    "melancholy": 0.9444963214487833,
    "self_conscious": 0.8803056027164687,
    "authority_challenging": 0.9926004527447652,
    "achievement_striving": 0.9173599320882853,
    "orderliness": 0.15611205432937186,
    "self_efficacy": 0.9768251273344652,
    "stress_prone": 0.9535370684776457,
    "agreeableness": 0.2566921335597057,
    "cooperative": 0.15236276174306737,
    "trusting": 0.9101301641199775,
    "excitement_seeking": 0.8538907753254104,
    "outgoing": 0.9253112620260329,
    "gregariousness": 0.8427136389360498,
    "altruism": 0.8552490096208263,
    "modesty": 0,
    "uncompromising": 0.9633559705715904,
    "sympathy": 0.8402376910016978,
    "fiery": 0.8877334465195247,
    "prone_to_worry": 0.860314091680815,
    "immoderation": 0.9177985285795134
}