{
    "id": "1",
    "extraversion": 0.5933799732563323,
    "active": 1,
    "assertive": 0.710121896862464,
    "cheerful": 0.6261700354644291,
    "openness": 0.30947074669095564,
    "adventurous": 0.14172205965000678,
    "artistic": 0.18720567430863744,
    "emotionally_aware": 0.6908102556152014,
    "imaginative": 0.8548962229414159,
    "intellectual": 0.7491036995407067,
    "conscientiousness": 0.22622623592566035,
    "cautious": 0.1907521172070309,
    "disciplined": 0,
    "dutiful": 0.7912346659948452,
    "neuroticism": 0.6561016259374819,
    "melancholy": 0.19167264200306194,
    "self_conscious": 0.7497335322958858,
    "authority_challenging": 0.7182128253328424,
    "achievement_striving": 0.764277824073177,
    "orderliness": 0.67473498575609,
    "self_efficacy": 0.6563051103660783,
    "stress_prone": 0.8320865874692351,
    "agreeableness": 0.26690374217553925,
    "cooperative": 0.6822639096141548,
    "trusting": 0.07449468033565242,
    "excitement_seeking": 0.6651227689385866,
    "outgoing": 0.7572043177457801,
    "gregariousness": 0.23047033972209843,
    "altruism": 0.7139299625976242,
    "modesty": 0.15902792581539119,
    "uncompromising": 0.1929807561868956,
    "sympathy": 0.18523865816553944,
    "fiery": 0.6922637158194609,
    "prone_to_worry": 0.7583573961744928,
    "immoderation": 0.8613883451871088
}