{
    "id": "1",
    "extraversion": 0.24336574223561633,
    "active": 0.9104629330654517,
    "assertive": 0.05804900800057407,
    "cheerful": 0.0974539279350387,
    "openness": 0.6046353101567825,
    "adventurous": 0.20300410193855464,
    "artistic": 0.7143830947511929,
    "emotionally_aware": 0.701180353747354,
    "imaginative": 0.8325500185364569,
    "intellectual": 0.8569224697736161,
    "conscientiousness": 0.6075891842763008,
    "cautious": 0.6824047166313877,
    "disciplined": 0.02660878508472954,
    "dutiful": 0,
    "neuroticism": 0.7030100814408209,
    "melancholy": 0.11582295889690142,
    "self_conscious": 0.841184419808895,
    "authority_challenging": 0.7802174147024001,
    "achievement_striving": 0.9165859433860726,
    "orderliness": 0.14307753022638398,
    "self_efficacy": 0.8031189083820662,
    "stress_prone": 1,
    "agreeableness": 0.2730121144715914,
    "cooperative": 0.13213504107918062,
    "trusting": 0.8722419545797008,
    "excitement_seeking": 0.8211650462215525,
    "outgoing": 0.7915904280127724,
    "gregariousness": 0.7168825266984776,
    "altruism": 0.08948923091641853,
    "modesty": 0.04313612934859301,
    "uncompromising": 0.7904423635776558,
    "sympathy": 0.7691074994917424,
    "fiery": 0.09233547399514465,
    "prone_to_worry": 0.8948085961324579,
    "immoderation": 0.8360300888554038
}