{
    "id": "1",
    "extraversion": 0.6883306160762809,
    "active": 0.8211303789338472,
    "assertive": 0.05502445531347264,
    "cheerful": 0.19675411293908404,
    "openness": 0.3436095054592165,
    "adventurous": 0.07394644533372856,
    "artistic": 0.12895854947878072,
    "emotionally_aware": 0.706770910528136,
    "imaginative": 0.9018823180672892,
    "intellectual": 0.8068771305765526,
    "conscientiousness": 0.650857171088385,
    "cautious": 0.22537177016945806,
    "disciplined": 0.030630897682920794,
    "dutiful": 0.07458870609159628,
    "neuroticism": 0.7150338422014724,
    "melancholy": 1,
    "self_conscious": 0.8422138234276964,
    "authority_challenging": 0.8908403734993331,
    "achievement_striving": 0.8094091201027618,
    "orderliness": 0.060039029692208874,
    "self_efficacy": 0.7533224643051234,
    "stress_prone": 0.9623165851489551,
    "agreeableness": 0.2573489452102169,
    "cooperative": 0.113334321426807,
    "trusting": 0.07042636233387674,
    "excitement_seeking": 0.7998987204189516,
    "outgoing": 0.15986117286695323,
    "gregariousness": 0.7758509955041748,
    "altruism": 0.7841262783459316,
    "modesty": 0.1039103799219406,
    "uncompromising": 0,
    "sympathy": 0.11050590385850502,
    "fiery": 0.9305370288029248,
    "prone_to_worry": 0.9249666518452647,
    "immoderation": 0.8255273948915568
}