{
    "id": "1",
    "extraversion": 0.3752757371541902,
    "active": 0.1635500779147188,
    "assertive": 0.09550118389897397,
    "cheerful": 0.8073077934956389,
    "openness": 0.399419181187137,
    "adventurous": 0.2720033189646449,
    "artistic": 0.12099042762026188,
    "emotionally_aware": 0.6690951773824703,
    "imaginative": 1,
    "intellectual": 0.7537894885961184,
    "conscientiousness": 0.3571428571428571,
    "cautious": 0.7138708437050978,
    "disciplined": 0,
    "dutiful": 0.1209195960577176,
    "neuroticism": 0.6980248112844797,
    "melancholy": 0.7909457025479125,
    "self_conscious": 0.7360613603707525,
    "authority_challenging": 0.20169793374213263,
    "achievement_striving": 0.25229190698803955,
    "orderliness": 0.269159937668225,
    "self_efficacy": 0.23558577702224112,
    "stress_prone": 0.9531803371582377,
    "agreeableness": 0.27329852467974014,
    "cooperative": 0.10433489162770929,
    "trusting": 0.8861129662234635,
    "excitement_seeking": 0.16951004796308664,
    "outgoing": 0.8150486714022626,
    "gregariousness": 0.7237771436666465,
    "altruism": 0.24506708760852408,
    "modesty": 0.12298383016615058,
    "uncompromising": 0.8749215793414687,
    "sympathy": 0.8514257381660697,
    "fiery": 0.8498370874061482,
    "prone_to_worry": 0.8221419464513386,
    "immoderation": 0.1379394086576407
}