{
    "id": "1",
    "extraversion": 0.6010570596483658,
    "active": 0.8562830331140114,
    "assertive": 0.811509006579657,
    "cheerful": 0.2167727321756013,
    "openness": 0.2982526156833135,
    "adventurous": 0.1539316147125445,
    "artistic": 0.6619027073670586,
    "emotionally_aware": 0.7653219717398339,
    "imaginative": 0.8323913277963542,
    "intellectual": 0.825984251968504,
    "conscientiousness": 0.2962895049077769,
    "cautious": 0.6892999676410312,
    "disciplined": 0.08758494229317225,
    "dutiful": 0.13425736166540822,
    "neuroticism": 0.6967317441484198,
    "melancholy": 0.7915650954589579,
    "self_conscious": 0.7407183691079711,
    "authority_challenging": 0.7540718369107972,
    "achievement_striving": 0.8002372991047352,
    "orderliness": 0.10602955452486247,
    "self_efficacy": 0.7574587423147449,
    "stress_prone": 0.8623449466077013,
    "agreeableness": 0.2853737460899579,
    "cooperative": 0.14829036781361232,
    "trusting": 0.03512026750080895,
    "excitement_seeking": 0.8122316902168051,
    "outgoing": 0.7105598101607162,
    "gregariousness": 0.6938517959227699,
    "altruism": 0.7785352173444072,
    "modesty": 0.1369000107863229,
    "uncompromising": 0,
    "sympathy": 0.7605220580304173,
    "fiery": 0.7864631647071514,
    "prone_to_worry": 0.8545572214432099,
    "immoderation": 1
}