{
    "id": "1",
    "extraversion": 0.371532933742318,
    "active": 0.9025156891861134,
    "assertive": 0.8538494054909443,
    "cheerful": 0.1501067623372823,
    "openness": 0.7050649787017268,
    "adventurous": 0.14389612078776515,
    "artistic": 0.18411896684406198,
    "emotionally_aware": 0.856060523948364,
    "imaginative": 1,
    "intellectual": 0.9850857892283847,
    "conscientiousness": 0.7204127421120518,
    "cautious": 0.7811101115314164,
    "disciplined": 0.10199325825646809,
    "dutiful": 0.9280194231582144,
    "neuroticism": 0.7122727913202762,
    "melancholy": 0.9487865945524112,
    "self_conscious": 0.9605575486933808,
    "authority_challenging": 0.21784936213568032,
    "achievement_striving": 0.8631165931433651,
    "orderliness": 0.8145478587919056,
    "self_efficacy": 0.8941698008909508,
    "stress_prone": 0.9934316775235473,
    "agreeableness": 0.41069357583377597,
    "cooperative": 0.8107217567552922,
    "trusting": 0.06119595495388085,
    "excitement_seeking": 0.15900543024679986,
    "outgoing": 0.21432674694616366,
    "gregariousness": 0.1754587528858348,
    "altruism": 0.8320417077638439,
    "modesty": 0.2590260239971386,
    "uncompromising": 0.2641527839498814,
    "sympathy": 0.18699125307551406,
    "fiery": 0.2691819945589144,
    "prone_to_worry": 0.7884046346777078,
    "immoderation": 0
}