{
    "id": "1",
    "extraversion": 0.8139262544821438,
    "active": 0.8907704105954772,
    "assertive": 0.18096461956183807,
    "cheerful": 0.892583994859784,
    "openness": 0.36967065309760194,
    "adventurous": 0.7446266089083259,
    "artistic": 0.721495637034427,
    "emotionally_aware": 0.7629697183244554,
    "imaginative": 0.8610276286608493,
    "intellectual": 0.8546438120504901,
    "conscientiousness": 0.29336539059423383,
    "cautious": 0.17677783074595316,
    "disciplined": 0.1919601218728626,
    "dutiful": 0,
    "neuroticism": 0.7483470474848176,
    "melancholy": 0.8281758451302671,
    "self_conscious": 0.8116774099944037,
    "authority_challenging": 0.8444670134930669,
    "achievement_striving": 0.22900905755798293,
    "orderliness": 0.1850270483138848,
    "self_efficacy": 0.28912678508508305,
    "stress_prone": 0.8292639956888511,
    "agreeableness": 0.30882749186477915,
    "cooperative": 0.26457603581569844,
    "trusting": 0.8117706800422824,
    "excitement_seeking": 0.9434887143242067,
    "outgoing": 0.8381039235600141,
    "gregariousness": 0.8193462805977574,
    "altruism": 0.17429062946918983,
    "modesty": 0.7767425953945323,
    "uncompromising": 0.22528861898149108,
    "sympathy": 0.8001741040893734,
    "fiery": 0.8933612452587725,
    "prone_to_worry": 0.9021597197753227,
    "immoderation": 1
}