{
    "id": "1",
    "extraversion": 0.8608002648028619,
    "active": 0.9875746349412469,
    "assertive": 0.9849775299494583,
    "cheerful": 0.22080484792931804,
    "openness": 0.3739831188175534,
    "adventurous": 0.8563317165081669,
    "artistic": 0,
    "emotionally_aware": 0.8356567238284383,
    "imaginative": 0.09111510012858219,
    "intellectual": 0.17152350761944776,
    "conscientiousness": 0.3256565965193701,
    "cautious": 0.25808094310557744,
    "disciplined": 0.009280831073597395,
    "dutiful": 0.11335599434747738,
    "neuroticism": 0.7994882175457358,
    "melancholy": 0.9170708729582808,
    "self_conscious": 0.9014627811939044,
    "authority_challenging": 0.9594902544908275,
    "achievement_striving": 0.8638174897197928,
    "orderliness": 0.07585074284841312,
    "self_efficacy": 0.10380781423060764,
    "stress_prone": 0.9262625876841207,
    "agreeableness": 0.44834434556773484,
    "cooperative": 0.2113585150670282,
    "trusting": 0.18913035175495554,
    "excitement_seeking": 0.3051980292556239,
    "outgoing": 0.06292887242358276,
    "gregariousness": 0.9511515105220945,
    "altruism": 0.2073100866974755,
    "modesty": 0.00837693668920041,
    "uncompromising": 0.10981680225082432,
    "sympathy": 0.0867356681816446,
    "fiery": 1,
    "prone_to_worry": 0.9480069765369388,
    "immoderation": 0.9979503240015787
}