{
    "id": "1",
    "extraversion": 0.27719824425057743,
    "active": 0.9736747047297964,
    "assertive": 0.026555162713311518,
    "cheerful": 0.24548748317041938,
    "openness": 0.3449325174863448,
    "adventurous": 0.8156463106275381,
    "artistic": 0.15338726096522437,
    "emotionally_aware": 0.8150552229166895,
    "imaginative": 0.9446128922797378,
    "intellectual": 0.8868723797848003,
    "conscientiousness": 0.6779447661372419,
    "cautious": 0.8225642260582113,
    "disciplined": 0.17472114889937285,
    "dutiful": 0.16905108530271357,
    "neuroticism": 0.7183029215057413,
    "melancholy": 0.9024267434350953,
    "self_conscious": 1,
    "authority_challenging": 0.023446479196996394,
    "achievement_striving": 0.8684392000612979,
    "orderliness": 0.7966329892619067,
    "self_efficacy": 0.8171130838359403,
    "stress_prone": 0.8360607287892554,
    "agreeableness": 0.3640881377453288,
    "cooperative": 0.17327626782840944,
    "trusting": 0,
    "excitement_seeking": 0.2537955493284587,
    "outgoing": 0.955526122792999,
    "gregariousness": 0.0821064614643651,
    "altruism": 0.16665389625316068,
    "modesty": 0.1911074137723437,
    "uncompromising": 0.8128879013102445,
    "sympathy": 0.9181124599100232,
    "fiery": 0.21825366419650383,
    "prone_to_worry": 0.8278402311809714,
    "immoderation": 0.14352485304902746
}