{
    "id": "1",
    "extraversion": 0.6770940681312544,
    "active": 0.8947981777730692,
    "assertive": 0.8226603357443489,
    "cheerful": 0.7993816756397539,
    "openness": 0.7577459091390653,
    "adventurous": 0.24194589180286824,
    "artistic": 0.2066282059925455,
    "emotionally_aware": 0.9288830673511255,
    "imaginative": 0.06868986506659994,
    "intellectual": 0.8538269654913367,
    "conscientiousness": 0.32129751803446055,
    "cautious": 0.754663918558399,
    "disciplined": 0.04795384719105453,
    "dutiful": 0.16084138342852194,
    "neuroticism": 0.6876209922083427,
    "melancholy": 0.7943156536227838,
    "self_conscious": 0.845409278717892,
    "authority_challenging": 0.9557349102851805,
    "achievement_striving": 0.7805911643182541,
    "orderliness": 0.29243275000240787,
    "self_efficacy": 0.07484421500736795,
    "stress_prone": 0.8887690336996409,
    "agreeableness": 0.38159858998930946,
    "cooperative": 0.13433626443479188,
    "trusting": 0.17932369569195508,
    "excitement_seeking": 0.2571728515154726,
    "outgoing": 0.20246751870864604,
    "gregariousness": 0.7553862601007427,
    "altruism": 0.19029365591501415,
    "modesty": 0.055080950408845385,
    "uncompromising": 0.840083213745678,
    "sympathy": 0,
    "fiery": 1,
    "prone_to_worry": 0.826715079602038,
    "immoderation": 0.24932340675533815
}