{
    "id": "1",
    "extraversion": 0.9233992471820054,
    "active": 0.8964723070523422,
    "assertive": 0.16325598855554316,
    "cheerful": 0.8402443107454115,
    "openness": 0.4173066972393291,
    "adventurous": 0.2441585584854357,
    "artistic": 0.21429948357903064,
    "emotionally_aware": 0.6883211752889015,
    "imaginative": 0.942128384890882,
    "intellectual": 0.8138652435498108,
    "conscientiousness": 0.8054848168176698,
    "cautious": 0.3417408155190081,
    "disciplined": 0.1775514138165437,
    "dutiful": 0.8011322707303957,
    "neuroticism": 0.41484126903604795,
    "melancholy": 0.21713016040502012,
    "self_conscious": 0.23264308107504839,
    "authority_challenging": 0.889177480393251,
    "achievement_striving": 0.8875440073861388,
    "orderliness": 0.7618173148138753,
    "self_efficacy": 0.908322595700212,
    "stress_prone": 0.8636303683938191,
    "agreeableness": 0.3281758875034242,
    "cooperative": 0.7623347503627121,
    "trusting": 1,
    "excitement_seeking": 0.8338524598480159,
    "outgoing": 0.9068818927995292,
    "gregariousness": 0.7720544220447835,
    "altruism": 0.7806174730882786,
    "modesty": 0.9616894777959275,
    "uncompromising": 0.789728397065836,
    "sympathy": 0.8222456702819516,
    "fiery": 0.19830971054046648,
    "prone_to_worry": 0,
    "immoderation": 0.12191187362397653
}