{
    "id": "1",
    "extraversion": 0.3968698974090391,
    "active": 0.3114493155467924,
    "assertive": 0.16475143000913975,
    "cheerful": 0.24845702784024978,
    "openness": 0.3716894133111515,
    "adventurous": 0.31095638600490877,
    "artistic": 0.19184201608182633,
    "emotionally_aware": 0.8104993992421209,
    "imaginative": 0.9373466013535023,
    "intellectual": 0.8633147457818582,
    "conscientiousness": 0.41180155478193003,
    "cautious": 0.7951364285200818,
    "disciplined": 0.14889552974521705,
    "dutiful": 0.19297164628197624,
    "neuroticism": 0.7662076260307876,
    "melancholy": 0.9288024892941865,
    "self_conscious": 0.9621265801986095,
    "authority_challenging": 0,
    "achievement_striving": 0.8468940304178605,
    "orderliness": 0.2279080275629769,
    "self_efficacy": 0.22990028446142313,
    "stress_prone": 0.7991928278751655,
    "agreeableness": 0.43916941372192614,
    "cooperative": 0.15681321051172253,
    "trusting": 0.2364829477186605,
    "excitement_seeking": 0.27938835659344613,
    "outgoing": 0.12189736796163368,
    "gregariousness": 0.3374616182466086,
    "altruism": 0.22317385008780308,
    "modesty": 0.22379001201515764,
    "uncompromising": 1,
    "sympathy": 0.15832280723374106,
    "fiery": 0.962311428776816,
    "prone_to_worry": 0.973854195549257,
    "immoderation": 0.8850241843556486
}