{
    "id": "1",
    "extraversion": 0.6650354019158683,
    "active": 0.9242329584895183,
    "assertive": 0.09852376324679533,
    "cheerful": 0.2553102873802582,
    "openness": 0.7431162941367023,
    "adventurous": 0.14913924753574895,
    "artistic": 0.06300615484288954,
    "emotionally_aware": 0.8131218473784072,
    "imaginative": 0.8721713175065945,
    "intellectual": 1,
    "conscientiousness": 0.665197371465593,
    "cautious": 0.7807047989263732,
    "disciplined": 0.14677911981118977,
    "dutiful": 0.8489981026424176,
    "neuroticism": 0.734809570086538,
    "melancholy": 0.0586098384932204,
    "self_conscious": 0.8329515479661252,
    "authority_challenging": 0.85197140080522,
    "achievement_striving": 0.9167129436808737,
    "orderliness": 0.8516821694664259,
    "self_efficacy": 0.8880327641260585,
    "stress_prone": 0.8645240409088806,
    "agreeableness": 0.3693021426257578,
    "cooperative": 0.8327085936415382,
    "trusting": 0.047433939562219425,
    "excitement_seeking": 0.8269471053727613,
    "outgoing": 0.9085797584339858,
    "gregariousness": 0.8248993474940995,
    "altruism": 0.9474524503679023,
    "modesty": 0.8249571937618585,
    "uncompromising": 0.8146489888472396,
    "sympathy": 0.2198042482299042,
    "fiery": 0.1217432551251793,
    "prone_to_worry": 0.870158267388588,
    "immoderation": 0
}