{
    "id": "1",
    "extraversion": 0.30442308783745436,
    "active": 0.8031650239315916,
    "assertive": 0.150551467110615,
    "cheerful": 0.7535519022304622,
    "openness": 0.38215819444181687,
    "adventurous": 0.17310202614502734,
    "artistic": 0.7627177964017481,
    "emotionally_aware": 1,
    "imaginative": 0.8053027866588471,
    "intellectual": 0.8107039482396564,
    "conscientiousness": 0.6543445770824268,
    "cautious": 0.7165761743506308,
    "disciplined": 0.18191793261317846,
    "dutiful": 0.20018350706596794,
    "neuroticism": 0.6695264760967858,
    "melancholy": 0.8090107644866531,
    "self_conscious": 0.7577612137951909,
    "authority_challenging": 0.9505760608411055,
    "achievement_striving": 0.7866777653758111,
    "orderliness": 0.24317523978887226,
    "self_efficacy": 0.26232997219016624,
    "stress_prone": 0.7624813182239543,
    "agreeableness": 0.37921640591006267,
    "cooperative": 0.817382091980552,
    "trusting": 0.2385213492498912,
    "excitement_seeking": 0.12986435611721747,
    "outgoing": 0.7767551410355852,
    "gregariousness": 0.7137289770899942,
    "altruism": 0.26695548534781205,
    "modesty": 0,
    "uncompromising": 0.79731928337653,
    "sympathy": 0.2708053500822944,
    "fiery": 0.9613310883671654,
    "prone_to_worry": 0.8044798426001248,
    "immoderation": 0.8437825157494466
}