{
    "id": "1",
    "extraversion": 0.21053093205473042,
    "active": 0.17081822788757647,
    "assertive": 0.042051611897244004,
    "cheerful": 0.17315713561766652,
    "openness": 0.15421198300393713,
    "adventurous": 0.6335808677347677,
    "artistic": 0.6348185397419404,
    "emotionally_aware": 0.6515027482165827,
    "imaginative": 0.8367052586442131,
    "intellectual": 0.7191848906560635,
    "conscientiousness": 0.6010992866331423,
    "cautious": 0.2108915136631193,
    "disciplined": 0.04502397380423343,
    "dutiful": 0.0937609636299848,
    "neuroticism": 0.5947647448641484,
    "melancholy": 1,
    "self_conscious": 0.9065996179784039,
    "authority_challenging": 0.8542957938642652,
    "achievement_striving": 0.15773009004794758,
    "orderliness": 0.2023739913460414,
    "self_efficacy": 0.7451467664600631,
    "stress_prone": 0.622831637625229,
    "agreeableness": 0.6097045179900985,
    "cooperative": 0.17225080887225666,
    "trusting": 0.09455034498889017,
    "excitement_seeking": 0.10198612248080147,
    "outgoing": 0.7399621876583634,
    "gregariousness": 0.16985342844891432,
    "altruism": 0.712704167153939,
    "modesty": 0.17734767863407788,
    "uncompromising": 0,
    "sympathy": 0.9395002533816706,
    "fiery": 0.1015378318325342,
    "prone_to_worry": 0.7945074650138384,
    "immoderation": 0.8042139320937122
}