{
    "id": "1",
    "extraversion": 0.3566405019885933,
    "active": 0,
    "assertive": 0.04384235878654989,
    "cheerful": 0.15386230303595794,
    "openness": 0.3480796370379874,
    "adventurous": 0.2968777335868158,
    "artistic": 0.18103780076744536,
    "emotionally_aware": 0.31713689219608343,
    "imaginative": 0.17980149057021888,
    "intellectual": 0.9793792789745623,
    "conscientiousness": 0.36198229510491137,
    "cautious": 0.7524230513535265,
    "disciplined": 0.11739115221777717,
    "dutiful": 0.11749612195150398,
    "neuroticism": 0.7030756131981944,
    "melancholy": 0.9073117251192573,
    "self_conscious": 0.20231166680273854,
    "authority_challenging": 0.8979694188175743,
    "achievement_striving": 0.1735849496728443,
    "orderliness": 0.24321487304493872,
    "self_efficacy": 0.055960531380118694,
    "stress_prone": 0.8621164230980067,
    "agreeableness": 0.33432860191977976,
    "cooperative": 0.001014707426025475,
    "trusting": 0.0503971354925996,
    "excitement_seeking": 0.17252358903182916,
    "outgoing": 0.1428171543871517,
    "gregariousness": 0.23468899800557505,
    "altruism": 0.177912035363137,
    "modesty": 0.118219246783844,
    "uncompromising": 0.15816606211875578,
    "sympathy": 0.2322513675223644,
    "fiery": 1,
    "prone_to_worry": 0.9474101634028855,
    "immoderation": 0.1799297869114405
}