{
    "id": "1",
    "extraversion": 0.29367163298421595,
    "active": 0.2055072036190195,
    "assertive": 0.1300781826228057,
    "cheerful": 0.16390814771106849,
    "openness": 0.3907557653537887,
    "adventurous": 0.1594040418940847,
    "artistic": 0.32717706643064365,
    "emotionally_aware": 0.919752175837144,
    "imaginative": 0.2629493042238285,
    "intellectual": 0.8504695874514432,
    "conscientiousness": 0.7561587254757339,
    "cautious": 0.8887249840192751,
    "disciplined": 0.8732851453016669,
    "dutiful": 0.8895313959777744,
    "neuroticism": 0.7409549097703693,
    "melancholy": 0.8807100358951665,
    "self_conscious": 0.9040566455229384,
    "authority_challenging": 0.9383488223435118,
    "achievement_striving": 0.8791463834390519,
    "orderliness": 0.8531150120470079,
    "self_efficacy": 0.872567241972759,
    "stress_prone": 0.8669125239710871,
    "agreeableness": 0.3877858091163888,
    "cooperative": 0.8502827359000835,
    "trusting": 0.16589467473078626,
    "excitement_seeking": 0,
    "outgoing": 0.27664847322613956,
    "gregariousness": 0.30200127845798297,
    "altruism": 0.8325318385209224,
    "modesty": 0.2853518218026257,
    "uncompromising": 0.9067414072872105,
    "sympathy": 0.26704036976938583,
    "fiery": 0.936686826965629,
    "prone_to_worry": 0.8969857894478044,
    "immoderation": 1
}