{
    "id": "1",
    "extraversion": 0.6552443684633951,
    "active": 0.8207838897827836,
    "assertive": 0.10454796862429608,
    "cheerful": 0.1797943483507643,
    "openness": 0.6555837691069992,
    "adventurous": 0.1113359814963797,
    "artistic": 0.05634050683829448,
    "emotionally_aware": 0.7457512067578439,
    "imaginative": 1,
    "intellectual": 0.8471062952534192,
    "conscientiousness": 0.32441673370876906,
    "cautious": 0.811406375703942,
    "disciplined": 0,
    "dutiful": 0.9108004827031375,
    "neuroticism": 0.680146319388576,
    "melancholy": 0.06277654867256635,
    "self_conscious": 0.7995902051488335,
    "authority_challenging": 0.10057572405470638,
    "achievement_striving": 0.8406074014481094,
    "orderliness": 0.7753670555108608,
    "self_efficacy": 0.8082763475462591,
    "stress_prone": 0.9559784794851166,
    "agreeableness": 0.296560740144811,
    "cooperative": 0.8346616049879325,
    "trusting": 0.0164420756234916,
    "excitement_seeking": 0.8043543845534996,
    "outgoing": 0.7935689863234111,
    "gregariousness": 0.7565366049879325,
    "altruism": 0.7730415325824618,
    "modesty": 0.16491100160901045,
    "uncompromising": 0.16344026548672566,
    "sympathy": 0.04021269106999198,
    "fiery": 0.8168996379726469,
    "prone_to_worry": 0.816836786001609,
    "immoderation": 0.8793870675784393
}