{
    "id": "1",
    "extraversion": 0.7855214204835318,
    "active": 0.11838192292856521,
    "assertive": 0.8537334975798525,
    "cheerful": 0.15827391839934307,
    "openness": 0.7163263528562719,
    "adventurous": 0,
    "artistic": 0.1166648002289497,
    "emotionally_aware": 0.830714099070514,
    "imaginative": 0.8781465029178643,
    "intellectual": 0.9661428198141029,
    "conscientiousness": 0.28000298630034715,
    "cautious": 0.7411748603282443,
    "disciplined": 0.8666368036631952,
    "dutiful": 0.025495539213856444,
    "neuroticism": 0.6598355046225441,
    "melancholy": 0.9542225042616994,
    "self_conscious": 1,
    "authority_challenging": 0.8242188958154466,
    "achievement_striving": 0.1699080468351438,
    "orderliness": 0.7718964251496261,
    "self_efficacy": 0.1943708238456083,
    "stress_prone": 0.9123894135652694,
    "agreeableness": 0.3143329973745443,
    "cooperative": 0.799109087063098,
    "trusting": 0.07967200467853724,
    "excitement_seeking": 0.16764343573854942,
    "outgoing": 0.8368982293727525,
    "gregariousness": 0.10980875234860078,
    "altruism": 0.10766857043313798,
    "modesty": 0.09861012604676048,
    "uncompromising": 0.8579267609839859,
    "sympathy": 0.7718590963952866,
    "fiery": 0.1328405937760524,
    "prone_to_worry": 0.822489330197718,
    "immoderation": 0.8004031505468662
}