{
    "id": "1",
    "extraversion": 0.6676548462286995,
    "active": 0.9365339790445586,
    "assertive": 0.8168096132521669,
    "cheerful": 0.05814795537350923,
    "openness": 0.6626196564755934,
    "adventurous": 0.09400529543551561,
    "artistic": 0.12101427957183913,
    "emotionally_aware": 0.7651904320079659,
    "imaginative": 0.9146733349928715,
    "intellectual": 0.8013419629319514,
    "conscientiousness": 0.2721831224965489,
    "cautious": 0.21976057389848153,
    "disciplined": 0.9356174613591618,
    "dutiful": 1,
    "neuroticism": 0.645466066215574,
    "melancholy": 0.1339134173663129,
    "self_conscious": 0.7957070764217339,
    "authority_challenging": 0,
    "achievement_striving": 0.8934576478309081,
    "orderliness": 0.7525289099097061,
    "self_efficacy": 0.7462038063771528,
    "stress_prone": 0.8545226187512729,
    "agreeableness": 0.2953223652945303,
    "cooperative": 0.7831587046550046,
    "trusting": 0.10389463441127884,
    "excitement_seeking": 0.7201566000588382,
    "outgoing": 0.8158591504673108,
    "gregariousness": 0.12328860123560162,
    "altruism": 0.8056077304306503,
    "modesty": 0.18733168888184842,
    "uncompromising": 0.07690828034126143,
    "sympathy": 0.057027767091357574,
    "fiery": 0.17405915499332417,
    "prone_to_worry": 0.7438955396139311,
    "immoderation": 0.7854896014845323
}