{
    "id": "1",
    "extraversion": 0.23547985222098114,
    "active": 0.8166616547813387,
    "assertive": 0.9299660623764928,
    "cheerful": 0,
    "openness": 0.30838130423575905,
    "adventurous": 0.04049961336884609,
    "artistic": 0.267323223644643,
    "emotionally_aware": 0.8669451842941834,
    "imaginative": 0.20240140905576076,
    "intellectual": 0.7885449780909013,
    "conscientiousness": 0.6532455537417304,
    "cautious": 0.7519975942950425,
    "disciplined": 0.13736145716985992,
    "dutiful": 0.09966491966663803,
    "neuroticism": 0.7104991837786752,
    "melancholy": 0.896114356903514,
    "self_conscious": 0.8515014176475644,
    "authority_challenging": 1,
    "achievement_striving": 0.8625418850416702,
    "orderliness": 0.19804106882034536,
    "self_efficacy": 0.7883516625139617,
    "stress_prone": 0.7897693100781854,
    "agreeableness": 0.3312569808402783,
    "cooperative": 0.25839848784259817,
    "trusting": 0.1552861070538706,
    "excitement_seeking": 0.07136566715353548,
    "outgoing": 0.7797598590944239,
    "gregariousness": 0.7581729530028353,
    "altruism": 0.2028095197181888,
    "modesty": 0.1385428301400464,
    "uncompromising": 0.7886523756336454,
    "sympathy": 0.153642924649884,
    "fiery": 0.9239410602285419,
    "prone_to_worry": 0.8724117192198643,
    "immoderation": 0.8921191683134291
}