{
    "id": "1",
    "extraversion": 0.598487542622848,
    "active": 0.6982093174068573,
    "assertive": 0.0660523398113089,
    "cheerful": 0.6145848586908772,
    "openness": 0.5656234964332782,
    "adventurous": 0.09430370478840243,
    "artistic": 0.1305357404347008,
    "emotionally_aware": 0.7401732108863461,
    "imaginative": 0.900016735351338,
    "intellectual": 0.8554170240361485,
    "conscientiousness": 0.22504863711482548,
    "cautious": 0.22038365792941866,
    "disciplined": 0.8826328891492167,
    "dutiful": 0.08383365060770245,
    "neuroticism": 0.5752567830470892,
    "melancholy": 0.09078928100746815,
    "self_conscious": 1,
    "authority_challenging": 0.850772964039914,
    "achievement_striving": 0.6878020207936741,
    "orderliness": 0.11666631801351383,
    "self_efficacy": 0.13163399786624275,
    "stress_prone": 0.850312741878125,
    "agreeableness": 0.14767901596134134,
    "cooperative": 0.006704600129699001,
    "trusting": 0.041671024831077534,
    "excitement_seeking": 0.1000355626215928,
    "outgoing": 0.7610505616802294,
    "gregariousness": 0,
    "altruism": 0.08255758006819656,
    "modesty": 0.12857979624709745,
    "uncompromising": 0.6815158044474197,
    "sympathy": 0.7010961655126249,
    "fiery": 0.7139405476643726,
    "prone_to_worry": 0.1272932661130055,
    "immoderation": 0.7986214254335503
}