{
    "id": "1",
    "extraversion": 0.6581962997639551,
    "active": 0.7863595004813208,
    "assertive": 0.07954320678332658,
    "cheerful": 0.8166893041288096,
    "openness": 0.6164862263130828,
    "adventurous": 0.7163504015402266,
    "artistic": 0.10809278282541908,
    "emotionally_aware": 0.6933920588661928,
    "imaginative": 1,
    "intellectual": 0.9847559769493494,
    "conscientiousness": 0.6355148813840941,
    "cautious": 0.8171640314902484,
    "disciplined": 0,
    "dutiful": 0.02886606094971849,
    "neuroticism": 0.7229174633734655,
    "melancholy": 0.790724354832329,
    "self_conscious": 0.8043463927313967,
    "authority_challenging": 0.0066593699312964,
    "achievement_striving": 0.8595334484986747,
    "orderliness": 0.03764851713633909,
    "self_efficacy": 0.8304168369970858,
    "stress_prone": 0.944654701778909,
    "agreeableness": 0.22869990637321488,
    "cooperative": 0.08492345021296799,
    "trusting": 0.9084303667268868,
    "excitement_seeking": 0.7972518560521146,
    "outgoing": 0.9811295873828018,
    "gregariousness": 0.2035657299592526,
    "altruism": 0.8163332586077303,
    "modesty": 0.14646657787506764,
    "uncompromising": 0.1233236190049187,
    "sympathy": 0.8307465087758628,
    "fiery": 0.8367729088919073,
    "prone_to_worry": 0.8233618609312569,
    "immoderation": 0.9744438437092032
}