{
    "id": "1",
    "extraversion": 0.34419074695155805,
    "active": 0.22133131954778665,
    "assertive": 0.07408435688425914,
    "cheerful": 0.8198920551718011,
    "openness": 0.40819136885591806,
    "adventurous": 0.8096528441019035,
    "artistic": 0.18196255247318036,
    "emotionally_aware": 0.763787397552362,
    "imaginative": 1,
    "intellectual": 0.8788508095862113,
    "conscientiousness": 0.3908557848210914,
    "cautious": 0.8173600159918264,
    "disciplined": 0.20357372898296422,
    "dutiful": 0.8637918397263621,
    "neuroticism": 0.7210314728027896,
    "melancholy": 0.18832596672811674,
    "self_conscious": 0.8775070519512249,
    "authority_challenging": 0,
    "achievement_striving": 0.2867201208271328,
    "orderliness": 0.862792350576372,
    "self_efficacy": 0.8686449148213135,
    "stress_prone": 0.8894787108811052,
    "agreeableness": 0.6657597228083424,
    "cooperative": 0.28526530884214735,
    "trusting": 0.9229393865357706,
    "excitement_seeking": 0.7970481753770294,
    "outgoing": 0.929891388845701,
    "gregariousness": 0.2129467161228705,
    "altruism": 0.8982408990960175,
    "modesty": 0.8640583701663592,
    "uncompromising": 0.8337738489216622,
    "sympathy": 0.8844701596961553,
    "fiery": 0.22967150123270327,
    "prone_to_worry": 0.25146036470248534,
    "immoderation": 0.14519245718854804
}