{
    "id": "1",
    "extraversion": 0.8442334886042256,
    "active": 0.9081683580103144,
    "assertive": 0,
    "cheerful": 0.8409062551988022,
    "openness": 0.7062260855098985,
    "adventurous": 0.7483259856928964,
    "artistic": 0.24956330061553816,
    "emotionally_aware": 0.3022687572783231,
    "imaginative": 0.8667235069040092,
    "intellectual": 0.9167359840292796,
    "conscientiousness": 0.38220553984362005,
    "cautious": 0.2733426218599235,
    "disciplined": 0.8630843453668274,
    "dutiful": 0.154050906671103,
    "neuroticism": 0.7284145732823157,
    "melancholy": 0.7747878888704043,
    "self_conscious": 0.8665363500249542,
    "authority_challenging": 0.8845553984362002,
    "achievement_striving": 0.8029653967725836,
    "orderliness": 0.3097134420229579,
    "self_efficacy": 0.2798931126268508,
    "stress_prone": 0.7791756779238064,
    "agreeableness": 0.6808767260023291,
    "cooperative": 0.8479974213941107,
    "trusting": 0.845169272999501,
    "excitement_seeking": 0.8606097155215439,
    "outgoing": 1,
    "gregariousness": 0.9726127100316087,
    "altruism": 0.883609216436533,
    "modesty": 0.1966290966561305,
    "uncompromising": 0.21414906005656298,
    "sympathy": 0.836341706870737,
    "fiery": 0.23755406754283817,
    "prone_to_worry": 0.8364768757278322,
    "immoderation": 0.9939381966394942
}