{
    "id": "1",
    "extraversion": 0.1476947121646262,
    "active": 0.8748572344560882,
    "assertive": 0,
    "cheerful": 0.35413869797823955,
    "openness": 0.40295950467870234,
    "adventurous": 0.8348327889875168,
    "artistic": 0.2796802051816378,
    "emotionally_aware": 0.7712244775282024,
    "imaginative": 0.2866531749053239,
    "intellectual": 0.9134890897068547,
    "conscientiousness": 0.3744364518003486,
    "cautious": 0.36332578596188914,
    "disciplined": 0.16886408720219606,
    "dutiful": 0.2717454465305468,
    "neuroticism": 0.8206764582122749,
    "melancholy": 0.9531628829623098,
    "self_conscious": 1,
    "authority_challenging": 0.96792033181718,
    "achievement_striving": 0.2630292343759392,
    "orderliness": 0.26035425892159414,
    "self_efficacy": 0.21111266956539165,
    "stress_prone": 0.8131925381209049,
    "agreeableness": 0.6930891458112088,
    "cooperative": 0.24556675416274268,
    "trusting": 0.08718215881539662,
    "excitement_seeking": 0.34524215039974354,
    "outgoing": 0.9291381970465066,
    "gregariousness": 0.05714629210331214,
    "altruism": 0.881138918388202,
    "modesty": 0.19015368585569156,
    "uncompromising": 0.8599695433506321,
    "sympathy": 0.8940329011962249,
    "fiery": 0.2491133508325485,
    "prone_to_worry": 0.9722483819905022,
    "immoderation": 0.944246298114493
}