{
    "id": "1",
    "extraversion": 0.6895119292721328,
    "active": 0.8484316337652901,
    "assertive": 0.03601792418553953,
    "cheerful": 0.8154535545597675,
    "openness": 0.32412498486132985,
    "adventurous": 0.8419886157199952,
    "artistic": 0.1488676274676033,
    "emotionally_aware": 0.7658108271769408,
    "imaginative": 0.9253360784788665,
    "intellectual": 0.8663921521133584,
    "conscientiousness": 0.6452827903596948,
    "cautious": 0.7432481530822332,
    "disciplined": 0.13867021920794476,
    "dutiful": 0.04504057163618748,
    "neuroticism": 0.30174397480925275,
    "melancholy": 0.8625045416010657,
    "self_conscious": 1,
    "authority_challenging": 0.06747002543296594,
    "achievement_striving": 0.17780065399055348,
    "orderliness": 0.14689354487101855,
    "self_efficacy": 0.19356909289088048,
    "stress_prone": 0.16765168947559647,
    "agreeableness": 0.6379072302288966,
    "cooperative": 0.08287513624803196,
    "trusting": 0,
    "excitement_seeking": 0.21522344677243552,
    "outgoing": 0.04374470146542326,
    "gregariousness": 0.8475838682330146,
    "altruism": 0.20199830446893544,
    "modesty": 0.02896935933147632,
    "uncompromising": 0.8752331355213758,
    "sympathy": 0.7899358120382706,
    "fiery": 0.8618626619837714,
    "prone_to_worry": 0.8710064187961729,
    "immoderation": 0.8830325784183117
}