{
    "id": "1",
    "extraversion": 0.17263506520389155,
    "active": 0.11169710114928047,
    "assertive": 0.11761000062998932,
    "cheerful": 0.11027512532286954,
    "openness": 0.5255280660228777,
    "adventurous": 0.15927929225203175,
    "artistic": 0.11771799879402053,
    "emotionally_aware": 0.6898742721373737,
    "imaginative": 0,
    "intellectual": 0.6712265891479845,
    "conscientiousness": 0.5319359570887295,
    "cautious": 0.6426520749147264,
    "disciplined": 0.07810067228857112,
    "dutiful": 0.12836481779809747,
    "neuroticism": 0.5260770566900363,
    "melancholy": 0.652992899120715,
    "self_conscious": 0.6614257557621521,
    "authority_challenging": 0.7692259231593064,
    "achievement_striving": 0.5998758021113642,
    "orderliness": 0.11999496008567856,
    "self_efficacy": 0.12818482085804542,
    "stress_prone": 0.6295032984439265,
    "agreeableness": 0.25654963865614283,
    "cooperative": 0.14408755051164132,
    "trusting": 0.03568439336531281,
    "excitement_seeking": 0.1243328863409322,
    "outgoing": 0.000755987148218487,
    "gregariousness": 0.16998011033812427,
    "altruism": 0.16539918821380037,
    "modesty": 0.16155625354368977,
    "uncompromising": 0.6661956746735306,
    "sympathy": 0.05522306120795949,
    "fiery": 0.6626497349545059,
    "prone_to_worry": 0.6444970435502597,
    "immoderation": 1
}