{
    "id": "1",
    "extraversion": 0.7317843022161186,
    "active": 0.8681403874054467,
    "assertive": 0.8472639075011352,
    "cheerful": 0.27797282181342964,
    "openness": 0.4267551194444752,
    "adventurous": 0.8104947227359818,
    "artistic": 0.773127484965612,
    "emotionally_aware": 0.7945134174299225,
    "imaginative": 0.9222974095444829,
    "intellectual": 0.8614399787358931,
    "conscientiousness": 0.6636616348997153,
    "cautious": 0.35796794878894267,
    "disciplined": 0.2169935653926661,
    "dutiful": 0,
    "neuroticism": 0.7084270098457245,
    "melancholy": 0.7982457111846988,
    "self_conscious": 0.8123442570298915,
    "authority_challenging": 0.19969432846400056,
    "achievement_striving": 0.8983420641688724,
    "orderliness": 0.20833287187268115,
    "self_efficacy": 0.9010222276366939,
    "stress_prone": 0.8110041752959809,
    "agreeableness": 0.42374270430708916,
    "cooperative": 0.7907589735638421,
    "trusting": 0.8692589680263143,
    "excitement_seeking": 0.870455074036747,
    "outgoing": 1,
    "gregariousness": 0.8698348709202264,
    "altruism": 0.8444397683098357,
    "modesty": 0.249066926561306,
    "uncompromising": 0.2731883977716988,
    "sympathy": 0.2825911200203782,
    "fiery": 0.8699345464210958,
    "prone_to_worry": 0.8963374790958324,
    "immoderation": 0.19654901265878863
}