{
    "id": "1",
    "extraversion": 0.36018187391437617,
    "active": 0.1737304587718402,
    "assertive": 0.10591601103504653,
    "cheerful": 0.9039542249923368,
    "openness": 0.7482476754878921,
    "adventurous": 0.8971288443854092,
    "artistic": 0.8130479207111475,
    "emotionally_aware": 0.8029631143353428,
    "imaginative": 0.8846939818126086,
    "intellectual": 0.8967916624093185,
    "conscientiousness": 0.6914069684275059,
    "cautious": 0.31700214570348423,
    "disciplined": 0.9501277204454889,
    "dutiful": 0.1493307448656381,
    "neuroticism": 0.7419740472054767,
    "melancholy": 0.21602125268212935,
    "self_conscious": 0.8517523245121078,
    "authority_challenging": 1,
    "achievement_striving": 0.18124042096658838,
    "orderliness": 0.2461121896393175,
    "self_efficacy": 0.30123633391233273,
    "stress_prone": 0.8024317972821089,
    "agreeableness": 0.3858179217329111,
    "cooperative": 0.3171758455093492,
    "trusting": 0.07151323183815264,
    "excitement_seeking": 0.8270869520792888,
    "outgoing": 0.790507816491264,
    "gregariousness": 0.7739245938489834,
    "altruism": 0.7939307244303668,
    "modesty": 0,
    "uncompromising": 0.8426688464289364,
    "sympathy": 0.2195259017063452,
    "fiery": 0.8437621334423214,
    "prone_to_worry": 0.83433125574742,
    "immoderation": 0.8984060488402983
}