{
    "id": "1",
    "extraversion": 0.33346996841318444,
    "active": 0.9250958454898367,
    "assertive": 0.10758806934632174,
    "cheerful": 0.23412822800376148,
    "openness": 0.7413497938417766,
    "adventurous": 0.24817351047669567,
    "artistic": 0.8776915101391266,
    "emotionally_aware": 0.8862995201697489,
    "imaginative": 0.9538374364044077,
    "intellectual": 0.9635184336797433,
    "conscientiousness": 0.7098353145419912,
    "cautious": 0.788766185228944,
    "disciplined": 1,
    "dutiful": 0.1060087285703952,
    "neuroticism": 0.6935717213608854,
    "melancholy": 0.1823716634919104,
    "self_conscious": 0.8995611602729486,
    "authority_challenging": 0.10703349166927882,
    "achievement_striving": 0.8092493911701589,
    "orderliness": 0,
    "self_efficacy": 0.9010922769030453,
    "stress_prone": 0.864381645890097,
    "agreeableness": 0.34352470281870134,
    "cooperative": 0.8662864996503749,
    "trusting": 0.121741856147373,
    "excitement_seeking": 0.2348154220818364,
    "outgoing": 0.8763412340558917,
    "gregariousness": 0.7531647095700817,
    "altruism": 0.8476116991777782,
    "modesty": 0.13511200057868974,
    "uncompromising": 0.8231982253514334,
    "sympathy": 0.2143322161406216,
    "fiery": 0.8445132978082126,
    "prone_to_worry": 0.8722301256238998,
    "immoderation": 0.11343524702818701
}