{
    "id": "1",
    "extraversion": 0.7645796064400715,
    "active": 0.8506989995362088,
    "assertive": 0.1061021665672828,
    "cheerful": 0.903359173126615,
    "openness": 0.35419068442324253,
    "adventurous": 0.7959848936593121,
    "artistic": 0.12040018551646457,
    "emotionally_aware": 0.29584575631087257,
    "imaginative": 0.9287219240707613,
    "intellectual": 0.8499701848539056,
    "conscientiousness": 0.2847280196117405,
    "cautious": 0.23041144901610014,
    "disciplined": 0.04228450274961902,
    "dutiful": 0.03669250645994831,
    "neuroticism": 0.660319353342609,
    "melancholy": 0.8109454714105876,
    "self_conscious": 0.8345458159411647,
    "authority_challenging": 0.9669118134234412,
    "achievement_striving": 0.07941429801894916,
    "orderliness": 0,
    "self_efficacy": 0.17433247200689062,
    "stress_prone": 0.7850791757768502,
    "agreeableness": 0.6351156165109653,
    "cooperative": 0.13569204266878684,
    "trusting": 0.042244749221493356,
    "excitement_seeking": 0.8199960246471873,
    "outgoing": 0.19860862651560324,
    "gregariousness": 0.8176770688398595,
    "altruism": 0.848472801961174,
    "modesty": 0.0863976677930166,
    "uncompromising": 0.10720201417875833,
    "sympathy": 0.16265818591399983,
    "fiery": 0.8765387928178626,
    "prone_to_worry": 0.8522891406612336,
    "immoderation": 1
}