{
    "id": "1",
    "extraversion": 0.7680684966003526,
    "active": 1,
    "assertive": 0.0899308447784902,
    "cheerful": 0.7340817077659183,
    "openness": 0.4319295662785968,
    "adventurous": 0.254992929508165,
    "artistic": 0.24358328651957462,
    "emotionally_aware": 0.7409778587063905,
    "imaginative": 0.8816225325920617,
    "intellectual": 0.7837204346899638,
    "conscientiousness": 0.39662553512969023,
    "cautious": 0.27870329116866516,
    "disciplined": 0,
    "dutiful": 0.15806907773666778,
    "neuroticism": 0.7394765898921024,
    "melancholy": 0.8866687329291207,
    "self_conscious": 0.9248687600488156,
    "authority_challenging": 0.28394320361079367,
    "achievement_striving": 0.8782325707533464,
    "orderliness": 0.2117176452356508,
    "self_efficacy": 0.2548476454293629,
    "stress_prone": 0.9935881293222015,
    "agreeableness": 0.35918098521976644,
    "cooperative": 0.23537957886988362,
    "trusting": 0.06947484648315676,
    "excitement_seeking": 0.8385990740561379,
    "outgoing": 0.8546674931716484,
    "gregariousness": 0.88451852856285,
    "altruism": 0.8731766848110338,
    "modesty": 0.2045212405323209,
    "uncompromising": 0.7704802123084672,
    "sympathy": 0.2660345194971234,
    "fiery": 0.9197063324487147,
    "prone_to_worry": 0.9129070375607772,
    "immoderation": 0.8667067005017145
}