{
    "id": "1",
    "extraversion": 0.380455174040286,
    "active": 0.2960132071224124,
    "assertive": 0.08380948297117377,
    "cheerful": 0.7780195748421469,
    "openness": 0.43182573459258383,
    "adventurous": 0.3195544740199179,
    "artistic": 0.17757790808614646,
    "emotionally_aware": 0.7341209009144217,
    "imaginative": 0.9265246615138878,
    "intellectual": 0.8221755303753095,
    "conscientiousness": 0.6951534577575764,
    "cautious": 0.8385879527888254,
    "disciplined": 0,
    "dutiful": 0.2434205589442878,
    "neuroticism": 0.7483249895479348,
    "melancholy": 0.8552254966070987,
    "self_conscious": 0.9982526290964056,
    "authority_challenging": 0.9609896765755818,
    "achievement_striving": 0.26556821714567497,
    "orderliness": 0.30209148505086675,
    "self_efficacy": 0.29066389374269697,
    "stress_prone": 0.9026939528102655,
    "agreeableness": 0.3681806974475521,
    "cooperative": 0.053150091656571946,
    "trusting": 0.1645744669446737,
    "excitement_seeking": 0.2526076562717751,
    "outgoing": 0.279622224842683,
    "gregariousness": 0.24284167533205406,
    "altruism": 0.7893506855482778,
    "modesty": 0.8356613745269771,
    "uncompromising": 0.8921882872549124,
    "sympathy": 0.866674528049055,
    "fiery": 0.8858312875872345,
    "prone_to_worry": 0.8822722253786863,
    "immoderation": 1
}