{
    "id": "1",
    "extraversion": 0.7131965350588833,
    "active": 0.8840674994521147,
    "assertive": 0.10345225324982409,
    "cheerful": 0,
    "openness": 0.21658188864666597,
    "adventurous": 0.14860952512774375,
    "artistic": 0.11022296042538955,
    "emotionally_aware": 0.6891011222995028,
    "imaginative": 0.9333194920239455,
    "intellectual": 0.7399333310264484,
    "conscientiousness": 0.29583491931670075,
    "cautious": 0.7345006170917101,
    "disciplined": 0.0813984336251543,
    "dutiful": 0.09017613066196065,
    "neuroticism": 0.6134122287968442,
    "melancholy": 0.7156072297772703,
    "self_conscious": 0.746888588993852,
    "authority_challenging": 0.883421571680681,
    "achievement_striving": 0.7896928382758343,
    "orderliness": 0.7485495461203964,
    "self_efficacy": 0.7187676620875001,
    "stress_prone": 0.6818690381443417,
    "agreeableness": 0.5972063623885486,
    "cooperative": 0.7966826995167076,
    "trusting": 1,
    "excitement_seeking": 0.036022007681926684,
    "outgoing": 0.8104778712066162,
    "gregariousness": 0.8712181505703772,
    "altruism": 0.7306827225855567,
    "modesty": 0.06575775401686333,
    "uncompromising": 0.9355917736484538,
    "sympathy": 0.8151377787005317,
    "fiery": 0.7278913918590031,
    "prone_to_worry": 0.8198438238924068,
    "immoderation": 0.049482681061628425
}