{
    "id": "1",
    "extraversion": 0.6540536622241552,
    "active": 0.882982799507078,
    "assertive": 0.8194207130800377,
    "cheerful": 0.8316505638572183,
    "openness": 0.645199705903673,
    "adventurous": 0.16560522745865558,
    "artistic": 0.15490799134279826,
    "emotionally_aware": 0.696252342932886,
    "imaginative": 0.18985781892364886,
    "intellectual": 0.816583304855696,
    "conscientiousness": 0.31319187714229496,
    "cautious": 0.15591247527623306,
    "disciplined": 0.14716207400043488,
    "dutiful": 0,
    "neuroticism": 0.6826555655658765,
    "melancholy": 0.8904698292377313,
    "self_conscious": 0.8693860221400684,
    "authority_challenging": 0.1956154794080793,
    "achievement_striving": 0.17269874801950974,
    "orderliness": 0.107676535462425,
    "self_efficacy": 0.07116302670684596,
    "stress_prone": 0.8220095891971377,
    "agreeableness": 0.29501796680025266,
    "cooperative": 0.07840152433025775,
    "trusting": 0.08518437975705986,
    "excitement_seeking": 0.7592448766141642,
    "outgoing": 0.8442635682997297,
    "gregariousness": 0.7226071018049643,
    "altruism": 0.15678233765157867,
    "modesty": 0.07742810691022807,
    "uncompromising": 0.7818095208508081,
    "sympathy": 0.7914297845019519,
    "fiery": 0.8890821916389656,
    "prone_to_worry": 0.9785848167593484,
    "immoderation": 1
}