{
    "id": "1",
    "extraversion": 0.338237943667047,
    "active": 0.7852381238364062,
    "assertive": 0.13064680799951958,
    "cheerful": 0.13416611614918025,
    "openness": 0.6642964386523332,
    "adventurous": 0.25886733529517747,
    "artistic": 0.05710167557504057,
    "emotionally_aware": 0.7105038736412227,
    "imaginative": 0.11369887694432769,
    "intellectual": 0.9580085280163354,
    "conscientiousness": 0.25581646747943065,
    "cautious": 0.7356795387664404,
    "disciplined": 0,
    "dutiful": 0.11998078193501896,
    "neuroticism": 0.6553720497267432,
    "melancholy": 0.13183592577022404,
    "self_conscious": 0.19369407242808243,
    "authority_challenging": 0.15391267791724225,
    "achievement_striving": 0.196660861209537,
    "orderliness": 0.8938442135607471,
    "self_efficacy": 0.20751906792384842,
    "stress_prone": 0.7953756531139271,
    "agreeableness": 0.6153264068224131,
    "cooperative": 0.9169058915380457,
    "trusting": 0.10363341541048589,
    "excitement_seeking": 0.16390607170740498,
    "outgoing": 0.7693591976457871,
    "gregariousness": 0.18553840610173564,
    "altruism": 0.18151462374632157,
    "modesty": 0.0937481232358417,
    "uncompromising": 0.8264728845114407,
    "sympathy": 0.16009849258302808,
    "fiery": 0.9335295177466818,
    "prone_to_worry": 1,
    "immoderation": 0.011939222869497333
}