{
    "id": "1",
    "extraversion": 0.7138936132778136,
    "active": 1,
    "assertive": 0.1790745410826345,
    "cheerful": 0.08681015776200811,
    "openness": 0.7328954313529998,
    "adventurous": 0.26332766406662367,
    "artistic": 0.23400387074071902,
    "emotionally_aware": 0.7949680370652749,
    "imaginative": 0.8869978300392939,
    "intellectual": 0.9014251363556389,
    "conscientiousness": 0.35717553222684884,
    "cautious": 0.8433640255703478,
    "disciplined": 0.03115359802944112,
    "dutiful": 0.9554043751099641,
    "neuroticism": 0.6829628760776494,
    "melancholy": 0.8586241276171486,
    "self_conscious": 0.8160225206732743,
    "authority_challenging": 0,
    "achievement_striving": 0.8729458682775203,
    "orderliness": 0.8393642601606943,
    "self_efficacy": 0.8659902645006157,
    "stress_prone": 0.8866224854847222,
    "agreeableness": 0.35199108556682895,
    "cooperative": 0.11435106445369775,
    "trusting": 0.18323851973491292,
    "excitement_seeking": 0.18380153656677028,
    "outgoing": 0.9474048442906574,
    "gregariousness": 0.28153187496334525,
    "altruism": 0.8017946161515453,
    "modesty": 0.09831681426309308,
    "uncompromising": 0.9634977420679138,
    "sympathy": 0.8512345316990206,
    "fiery": 0.8578147909213536,
    "prone_to_worry": 0.932707759075714,
    "immoderation": 0.06599026450061583
}