{
    "id": "1",
    "extraversion": 0.292813383600377,
    "active": 0.002756833176248832,
    "assertive": 0.8613218661639962,
    "cheerful": 0.16489161168708769,
    "openness": 0.383105560791706,
    "adventurous": 0.09208294062205467,
    "artistic": 0.0005065975494816045,
    "emotionally_aware": 0.7227497643732328,
    "imaginative": 0.1045004712535344,
    "intellectual": 1,
    "conscientiousness": 0.3802780395852969,
    "cautious": 0.7983623939679547,
    "disciplined": 0.019804429783223363,
    "dutiful": 0.16445570216776625,
    "neuroticism": 0.6940150801131009,
    "melancholy": 0.8367813383600377,
    "self_conscious": 0.837818096135721,
    "authority_challenging": 0.9128887841658813,
    "achievement_striving": 0.24982327992459946,
    "orderliness": 0.8603322337417532,
    "self_efficacy": 0.1506008482563619,
    "stress_prone": 0.8156927426955702,
    "agreeableness": 0.34989396795475963,
    "cooperative": 0.18192742695570216,
    "trusting": 0.008258718190386446,
    "excitement_seeking": 0,
    "outgoing": 0.17813383600377003,
    "gregariousness": 0.24208294062205465,
    "altruism": 0.8783812441093309,
    "modesty": 0.18149151743638078,
    "uncompromising": 0.8389137606032046,
    "sympathy": 0.22057021677662583,
    "fiery": 0.9072926484448635,
    "prone_to_worry": 0.8525683317624881,
    "immoderation": 0.1215009425070688
}