{
    "id": "1",
    "extraversion": 0.7375758836887389,
    "active": 0.28651690475975067,
    "assertive": 0.2506265210664882,
    "cheerful": 0.8062534492585791,
    "openness": 0.714034976612896,
    "adventurous": 0.29910160950321635,
    "artistic": 0.7693859641186637,
    "emotionally_aware": 0.7327175181623256,
    "imaginative": 0.8182048475088438,
    "intellectual": 0.9072386932172875,
    "conscientiousness": 0.6923216111317188,
    "cautious": 0.7573983769259303,
    "disciplined": 0,
    "dutiful": 0.20436800535596353,
    "neuroticism": 0.7048972686395673,
    "melancholy": 0.8200414363391266,
    "self_conscious": 1,
    "authority_challenging": 0.8968162777863224,
    "achievement_striving": 0.2539016203598991,
    "orderliness": 0.16066985732509434,
    "self_efficacy": 0.34641865178094833,
    "stress_prone": 0.8150473622784559,
    "agreeableness": 0.3967212818123423,
    "cooperative": 0.2120400611593128,
    "trusting": 0.16532013643231316,
    "excitement_seeking": 0.7459355293989922,
    "outgoing": 0.974839637748686,
    "gregariousness": 0.7460169545195466,
    "altruism": 0.289240122680515,
    "modesty": 0.8505487148401807,
    "uncompromising": 0.7796183876016684,
    "sympathy": 0.8879137979390398,
    "fiery": 0.849300196325013,
    "prone_to_worry": 0.8588540771367309,
    "immoderation": 0.9319466936877436
}