{
    "id": "1",
    "extraversion": 0.21825216203914424,
    "active": 0.856176604460628,
    "assertive": 0,
    "cheerful": 0.06050068274920342,
    "openness": 0.30679107874374145,
    "adventurous": 0.21833409194355935,
    "artistic": 0.2747200728265816,
    "emotionally_aware": 0.7358670914883931,
    "imaginative": 0.9277105143377331,
    "intellectual": 1,
    "conscientiousness": 0.6787346381429221,
    "cautious": 0.730842057350933,
    "disciplined": 0.2022667273554847,
    "dutiful": 0.10569868001820663,
    "neuroticism": 0.7024487938097406,
    "melancholy": 0.9994173873463813,
    "self_conscious": 0.963604915794265,
    "authority_challenging": 0.8069003186162949,
    "achievement_striving": 0.7222121074192079,
    "orderliness": 0.1995175238962221,
    "self_efficacy": 0.25546654528903046,
    "stress_prone": 0.763777878925808,
    "agreeableness": 0.2870641784251251,
    "cooperative": 0.16177514792899406,
    "trusting": 0.10507055075102409,
    "excitement_seeking": 0.06654528903049607,
    "outgoing": 0.17489303595812467,
    "gregariousness": 0.2808830223031406,
    "altruism": 0.7241511151570322,
    "modesty": 0.0811743286299499,
    "uncompromising": 0.24852981338188435,
    "sympathy": 0.8546654528903049,
    "fiery": 0.2615384615384615,
    "prone_to_worry": 0.9314246700045515,
    "immoderation": 0.9675739644970413
}