{
    "id": "1",
    "extraversion": 0.5503248698216672,
    "active": 0.6668540620247916,
    "assertive": 0.6943550988433713,
    "cheerful": 0.7741947375696974,
    "openness": 0.5358923551910051,
    "adventurous": 0.7347587668771025,
    "artistic": 0.669803234873969,
    "emotionally_aware": 0.1521773190175568,
    "imaginative": 0.8470116584489195,
    "intellectual": 0.69698170591217,
    "conscientiousness": 0.2655914473987374,
    "cautious": 0.2307082622920603,
    "disciplined": 0.06443942675452743,
    "dutiful": 0.08147089995852724,
    "neuroticism": 0.5356527348970095,
    "melancholy": 0.018036035205750867,
    "self_conscious": 0.14900695820469104,
    "authority_challenging": 0.05305746278973321,
    "achievement_striving": 0.11124832957006589,
    "orderliness": 0.6943827473388324,
    "self_efficacy": 0.6624579512464864,
    "stress_prone": 0.6841620201834019,
    "agreeableness": 0.5755034330215197,
    "cooperative": 0.6937929127689968,
    "trusting": 0.9621215612183773,
    "excitement_seeking": 0.7296806598774251,
    "outgoing": 1,
    "gregariousness": 0.673369890788443,
    "altruism": 0.7396709829040138,
    "modesty": 0.17734666605225566,
    "uncompromising": 0.6244228376572509,
    "sympathy": 0.7049536887701029,
    "fiery": 0.727210727616239,
    "prone_to_worry": 0,
    "immoderation": 0.016220450670476023
}