{
    "id": "1",
    "extraversion": 0.6699609519085231,
    "active": 0.12550082039149849,
    "assertive": 0.06732297986543039,
    "cheerful": 0.09114613144070922,
    "openness": 0.27613487490619554,
    "adventurous": 0.8079266353773163,
    "artistic": 0.17931595884051335,
    "emotionally_aware": 0.7209778557891657,
    "imaginative": 0.11134429732514213,
    "intellectual": 0.8082954935704201,
    "conscientiousness": 0.6905279759860597,
    "cautious": 0.8745500566006538,
    "disciplined": 0.996375014309154,
    "dutiful": 0.9806794622301929,
    "neuroticism": 0.23185917248572266,
    "melancholy": 0.7927016954757635,
    "self_conscious": 0.7847140077078643,
    "authority_challenging": 0.03327355286755449,
    "achievement_striving": 0.8267892802177536,
    "orderliness": 0.8045433153991935,
    "self_efficacy": 0.8522150570458275,
    "stress_prone": 0.19469352971852308,
    "agreeableness": 0.6565803029724883,
    "cooperative": 0.8982841734396662,
    "trusting": 1,
    "excitement_seeking": 0.11715699367853374,
    "outgoing": 0.9001920606453746,
    "gregariousness": 0.8755421579476221,
    "altruism": 0.8988946973454929,
    "modesty": 0.15203317179888326,
    "uncompromising": 0.07074445758766741,
    "sympathy": 0.8508668167537934,
    "fiery": 0.14386741455845134,
    "prone_to_worry": 0.8314954019918342,
    "immoderation": 0
}