{
    "id": "1",
    "extraversion": 0.2820295657530028,
    "active": 0.1135773681200229,
    "assertive": 0,
    "cheerful": 0.750516960710986,
    "openness": 0.613060407409037,
    "adventurous": 0.6403603326147213,
    "artistic": 0.11064059131506007,
    "emotionally_aware": 0.6582119758898324,
    "imaginative": 0.8164679484359189,
    "intellectual": 0.7821725548858287,
    "conscientiousness": 0.2919288134101809,
    "cautious": 0.6939922565884993,
    "disciplined": 0.819283734436183,
    "dutiful": 0.7810286418232215,
    "neuroticism": 0.5773021250384971,
    "melancholy": 0.1258304368867966,
    "self_conscious": 0.7255268599586432,
    "authority_challenging": 0.7916098376523385,
    "achievement_striving": 0.09293193717277488,
    "orderliness": 0.7506489506797485,
    "self_efficacy": 0.6894825993224515,
    "stress_prone": 0.8013880945048177,
    "agreeableness": 0.3090215143649083,
    "cooperative": 0.1578380043116723,
    "trusting": 0.00888732456333316,
    "excitement_seeking": 0.6883826829160984,
    "outgoing": 0.7369109947643979,
    "gregariousness": 0.730058515552818,
    "altruism": 0.7148906683092086,
    "modesty": 0.07483831228826608,
    "uncompromising": 0.8481785384310793,
    "sympathy": 0.18466496546262487,
    "fiery": 0.7300035197325003,
    "prone_to_worry": 0.6909564873069647,
    "immoderation": 1
}