{
    "id": "1",
    "extraversion": 0.288931338466832,
    "active": 0.7307642110508643,
    "assertive": 0.034407887711638205,
    "cheerful": 0.17868372032319688,
    "openness": 0.6026956800303739,
    "adventurous": 0.2590083409465729,
    "artistic": 0.18512630067747946,
    "emotionally_aware": 0.7188875573959161,
    "imaginative": 0.8539563138473951,
    "intellectual": 0.9442354923294141,
    "conscientiousness": 0.2633745832492911,
    "cautious": 0.7521326957986784,
    "disciplined": 0.12932619864029518,
    "dutiful": 0.10244058706975306,
    "neuroticism": 0.673931872382331,
    "melancholy": 0.8181958402050236,
    "self_conscious": 0.8162025556755218,
    "authority_challenging": 1,
    "achievement_striving": 0.7650415860849757,
    "orderliness": 0.1055372969638005,
    "self_efficacy": 0.8215417106652588,
    "stress_prone": 0.796305304747102,
    "agreeableness": 0.33284292206020194,
    "cooperative": 0.19468932050354162,
    "trusting": 0,
    "excitement_seeking": 0.7700959861419266,
    "outgoing": 0.825041823380753,
    "gregariousness": 0.14480974811053238,
    "altruism": 0.8249113107032261,
    "modesty": 0.1475979734940617,
    "uncompromising": 0.14502331431012186,
    "sympathy": 0.11352229987067379,
    "fiery": 0.7920221159664464,
    "prone_to_worry": 0.8410236939833656,
    "immoderation": 0.9095903088404541
}