{
    "id": "1",
    "extraversion": 0.2543058860039309,
    "active": 0.9045981173062998,
    "assertive": 0.8510396193234716,
    "cheerful": 0.10101375814627084,
    "openness": 0.32797144926037036,
    "adventurous": 0.1686665977035275,
    "artistic": 0.1589427950760319,
    "emotionally_aware": 0.9583764352953347,
    "imaginative": 0.8479750698251786,
    "intellectual": 0.8224242267508017,
    "conscientiousness": 0.3015025343953657,
    "cautious": 0.7156822178545567,
    "disciplined": 0.9698458673838833,
    "dutiful": 0.8233810903072308,
    "neuroticism": 0.6394563980552395,
    "melancholy": 0.8779740353780904,
    "self_conscious": 0.9686950449984483,
    "authority_challenging": 0.8899865521878555,
    "achievement_striving": 0.8624056067032171,
    "orderliness": 0.012840074480190401,
    "self_efficacy": 0.7752534395365677,
    "stress_prone": 0.9159123823316437,
    "agreeableness": 0.32600599979311057,
    "cooperative": 0.12227164580531709,
    "trusting": 0.00643943312299581,
    "excitement_seeking": 0,
    "outgoing": 0.12719820006206684,
    "gregariousness": 0.7929166235647047,
    "altruism": 0.05253698148339712,
    "modesty": 0.14572773352643015,
    "uncompromising": 0.7868909692769215,
    "sympathy": 0.04111927174925009,
    "fiery": 0.9434803972276817,
    "prone_to_worry": 0.8411347884555705,
    "immoderation": 1
}