{
    "id": "1",
    "extraversion": 0.27910409359892757,
    "active": 0.9163134589082835,
    "assertive": 0.9461995747965389,
    "cheerful": 0.15980337725296903,
    "openness": 0.7412217151678471,
    "adventurous": 0.061180548972876427,
    "artistic": 0.7923138380706056,
    "emotionally_aware": 0.9281351984508511,
    "imaginative": 0.9206738256124151,
    "intellectual": 0.9831408181781253,
    "conscientiousness": 0.27112814332335783,
    "cautious": 0.19103010278007235,
    "disciplined": 1,
    "dutiful": 0.9406069305455875,
    "neuroticism": 0.6870285861307839,
    "melancholy": 0.094127046460926,
    "self_conscious": 0.8774764039162053,
    "authority_challenging": 0.0021531003290587783,
    "achievement_striving": 0.9185342667948596,
    "orderliness": 0.10307798556474877,
    "self_efficacy": 0.050658794534646036,
    "stress_prone": 0.850230882771135,
    "agreeableness": 0.27185938494454753,
    "cooperative": 0.8433788779503569,
    "trusting": 0,
    "excitement_seeking": 0.14521916936368442,
    "outgoing": 0.9262123038173522,
    "gregariousness": 0.13855674570395551,
    "altruism": 0.12647771744282102,
    "modesty": 0.8019960187956181,
    "uncompromising": 0.16823973891965824,
    "sympathy": 0.787005565561228,
    "fiery": 0.818354164691863,
    "prone_to_worry": 0.8273457283301963,
    "immoderation": 0.0329735805110567
}