{
    "id": "1",
    "extraversion": 0.23870079465747338,
    "active": 0.7453410088789151,
    "assertive": 0.7234743769039799,
    "cheerful": 0.16536030615453,
    "openness": 0.5792760269294566,
    "adventurous": 0.17536670244251473,
    "artistic": 0.10910549538708385,
    "emotionally_aware": 0.7378497631205214,
    "imaginative": 0.9497295129064083,
    "intellectual": 0.8187140208800859,
    "conscientiousness": 0.2759835647922291,
    "cautious": 0.6151386043082794,
    "disciplined": 0.8815060547912534,
    "dutiful": 0.032653592220379266,
    "neuroticism": 0.6172092670287617,
    "melancholy": 0.8120358625773789,
    "self_conscious": 1,
    "authority_challenging": 0.12046703743454647,
    "achievement_striving": 0.66940948168385,
    "orderliness": 0.6714693032382563,
    "self_efficacy": 0.6933792998774949,
    "stress_prone": 0.8221181470278943,
    "agreeableness": 0.2463112932427012,
    "cooperative": 0.09749460651987729,
    "trusting": 0.029553018722693822,
    "excitement_seeking": 0.0111013540616429,
    "outgoing": 0.7868518337832417,
    "gregariousness": 0.15845448336423068,
    "altruism": 0.05454190652746612,
    "modesty": 0.0244143060027537,
    "uncompromising": 0.7469455014581369,
    "sympathy": 0.6868529178998494,
    "fiery": 0.7119393761993041,
    "prone_to_worry": 0.7997094567491679,
    "immoderation": 0
}