{
    "id": "1",
    "extraversion": 0.20707925356238405,
    "active": 0.7837244856279248,
    "assertive": 0.11664546547317567,
    "cheerful": 0.11041348162498399,
    "openness": 0.2432107554238099,
    "adventurous": 0,
    "artistic": 0.18047078319931845,
    "emotionally_aware": 0.6898012533989987,
    "imaginative": 0.8376066381131327,
    "intellectual": 0.90359097646084,
    "conscientiousness": 0.7030004551448878,
    "cautious": 0.8433251251648441,
    "disciplined": 0.8682647309393491,
    "dutiful": 0.09847468110681902,
    "neuroticism": 0.717961884533243,
    "melancholy": 0.8092242697258627,
    "self_conscious": 0.8384118944530675,
    "authority_challenging": 0.1346061829682449,
    "achievement_striving": 0.9221935649515095,
    "orderliness": 0.12442961009254612,
    "self_efficacy": 0.20661243829285655,
    "stress_prone": 0.8517278000163385,
    "agreeableness": 0.30232123892772533,
    "cooperative": 0.17561590439623279,
    "trusting": 0.07037240188126556,
    "excitement_seeking": 0.02739038593952407,
    "outgoing": 0.23219391506296175,
    "gregariousness": 0.1934015661652293,
    "altruism": 0.09652572735654184,
    "modesty": 0.07212295914199356,
    "uncompromising": 0.09008367663706283,
    "sympathy": 0.8011250247995613,
    "fiery": 0.881078810087878,
    "prone_to_worry": 1,
    "immoderation": 0.9506459556292087
}