{
    "id": "1",
    "extraversion": 0.2519120759382269,
    "active": 1,
    "assertive": 0.8811160237202188,
    "cheerful": 0.6824382373279131,
    "openness": 0.6307126542757161,
    "adventurous": 0.15030488443727344,
    "artistic": 0.7647884667770257,
    "emotionally_aware": 0.8475996898769985,
    "imaginative": 0.7418540326467322,
    "intellectual": 0.8686377637617082,
    "conscientiousness": 0.6017014856568113,
    "cautious": 0.14723508580768185,
    "disciplined": 0.9000481947907717,
    "dutiful": 0.02011608658298933,
    "neuroticism": 0.6418917503090753,
    "melancholy": 0.722900907319322,
    "self_conscious": 0.8969260105190369,
    "authority_challenging": 0.8077970789765941,
    "achievement_striving": 0.8246966871319908,
    "orderliness": 0.1275904700039813,
    "self_efficacy": 0.6641766024767932,
    "stress_prone": 0.7499738071789285,
    "agreeableness": 0.21540976049284413,
    "cooperative": 0.12208997757894519,
    "trusting": 0,
    "excitement_seeking": 0.12857532007627348,
    "outgoing": 0.6746746851622908,
    "gregariousness": 0.16784359742681726,
    "altruism": 0.7313035643190914,
    "modesty": 0.015034679295098831,
    "uncompromising": 0.6610334639482011,
    "sympathy": 0.10805062548456719,
    "fiery": 0.6992540284558809,
    "prone_to_worry": 0.6758481235462985,
    "immoderation": 0.8354566980282044
}