{
    "id": "1",
    "extraversion": 0.28687333885702604,
    "active": 1,
    "assertive": 0.14629894655289297,
    "cheerful": 0.18403581074537573,
    "openness": 0.883690400611193,
    "adventurous": 0.22438746193494238,
    "artistic": 0.2039856670934975,
    "emotionally_aware": 0.9646304326773052,
    "imaginative": 0.19509754339147561,
    "intellectual": 0.9166496293028311,
    "conscientiousness": 0.6516307447300743,
    "cautious": 0.74168486974487,
    "disciplined": 0.9734432332971065,
    "dutiful": 0.020165065154466158,
    "neuroticism": 0.6970505633090506,
    "melancholy": 0.8313408584679285,
    "self_conscious": 0.9076969429589059,
    "authority_challenging": 0.8979910257927755,
    "achievement_striving": 0.8296622297784425,
    "orderliness": 0.22622749722918667,
    "self_efficacy": 0.18034497971657004,
    "stress_prone": 0.8865741986162073,
    "agreeableness": 0.2228917607308491,
    "cooperative": 0.12873790795519355,
    "trusting": 0.1363885810207354,
    "excitement_seeking": 0.019476396974164187,
    "outgoing": 0.1711340428050316,
    "gregariousness": 0.11181173533620996,
    "altruism": 0.10448387548018467,
    "modesty": 0,
    "uncompromising": 0.849256991596096,
    "sympathy": 0.08635253354567268,
    "fiery": 0.9119903586454757,
    "prone_to_worry": 0.8309534826165087,
    "immoderation": 0.10289133031323645
}