{
    "id": "1",
    "extraversion": 0.5904252506917154,
    "active": 0.8210087587896304,
    "assertive": 1,
    "cheerful": 0.6799605237650459,
    "openness": 0.6242620235095078,
    "adventurous": 0.7098056147894896,
    "artistic": 0.830701584336394,
    "emotionally_aware": 0.6566977424528136,
    "imaginative": 0.894630174647093,
    "intellectual": 0.8167439155490546,
    "conscientiousness": 0.5804240170593731,
    "cautious": 0.19249070369913468,
    "disciplined": 0.7984156636060836,
    "dutiful": 0.06128509243430908,
    "neuroticism": 0.3390902842641383,
    "melancholy": 0.1331706113529422,
    "self_conscious": 0.21055460585446664,
    "authority_challenging": 0.7668258639832226,
    "achievement_striving": 0.7752586222089068,
    "orderliness": 0.18865763177836914,
    "self_efficacy": 0.7289181044357895,
    "stress_prone": 0.7235694270658937,
    "agreeableness": 0.33031387131452333,
    "cooperative": 0.6898295825035687,
    "trusting": 0.7747916042507447,
    "excitement_seeking": 0.7405318717727297,
    "outgoing": 0.8418659570343479,
    "gregariousness": 0.7071973635514514,
    "altruism": 0.7025976772465327,
    "modesty": 0.11300953421567415,
    "uncompromising": 0.705126623548279,
    "sympathy": 0.19272861850800982,
    "fiery": 0.6704086847716899,
    "prone_to_worry": 0,
    "immoderation": 0.7976226142431665
}