{
    "id": "1",
    "extraversion": 0.2454591119148081,
    "active": 1,
    "assertive": 0.877898332328712,
    "cheerful": 0.7743017882258388,
    "openness": 0.7142857142857142,
    "adventurous": 0.1935804701627486,
    "artistic": 0.7960819770946351,
    "emotionally_aware": 0.9215189873417721,
    "imaginative": 0.8835342575848905,
    "intellectual": 0.9277978702029334,
    "conscientiousness": 0.6759091822382961,
    "cautious": 0.7343379545911191,
    "disciplined": 0.040998593530239054,
    "dutiful": 0.9949065702230258,
    "neuroticism": 0.6744022503516174,
    "melancholy": 0.2380851918826602,
    "self_conscious": 0.8217299578059071,
    "authority_challenging": 0.17021297970665056,
    "achievement_striving": 0.980229053646775,
    "orderliness": 0.80820775567611,
    "self_efficacy": 0.8332328712075546,
    "stress_prone": 0.9170685151697808,
    "agreeableness": 0.3690074341973076,
    "cooperative": 0.8760397830018082,
    "trusting": 0.20981514968856738,
    "excitement_seeking": 0,
    "outgoing": 0.7672995780590717,
    "gregariousness": 0.28814546915812733,
    "altruism": 0.274784006429576,
    "modesty": 0.15768535262206146,
    "uncompromising": 0.8702330721318063,
    "sympathy": 0.14047619047619042,
    "fiery": 0.23848704038577453,
    "prone_to_worry": 0.7847197106690776,
    "immoderation": 0.1371006630500301
}