{
    "id": "1",
    "extraversion": 0.6979792668269231,
    "active": 0.8563827123397436,
    "assertive": 0.10882411858974358,
    "cheerful": 0.705303485576923,
    "openness": 0.6261393229166667,
    "adventurous": 0.12423627804487178,
    "artistic": 0.1609950921474359,
    "emotionally_aware": 0.9673101963141026,
    "imaginative": 0.92236328125,
    "intellectual": 0.8588992387820514,
    "conscientiousness": 0.259189703525641,
    "cautious": 0.20966045673076922,
    "disciplined": 0,
    "dutiful": 0.8668995392628205,
    "neuroticism": 0.7457431891025641,
    "melancholy": 0.81005859375,
    "self_conscious": 0.9437975761217949,
    "authority_challenging": 0.054875300480769204,
    "achievement_striving": 0.808856670673077,
    "orderliness": 0.07032502003205128,
    "self_efficacy": 0.17941205929487178,
    "stress_prone": 0.960849859775641,
    "agreeableness": 0.22682542067307693,
    "cooperative": 0.13373898237179485,
    "trusting": 8.76402243589925e-05,
    "excitement_seeking": 0.8171073717948718,
    "outgoing": 0.1288937299679487,
    "gregariousness": 0.7580003004807693,
    "altruism": 0.1443058894230769,
    "modesty": 0.08478565705128206,
    "uncompromising": 0.05821814903846152,
    "sympathy": 0.8381034655448719,
    "fiery": 0.9682867588141026,
    "prone_to_worry": 0.8668118990384615,
    "immoderation": 1
}