{
    "id": "1",
    "extraversion": 0.3254365141528191,
    "active": 0.825237687830624,
    "assertive": 0.03370407413209303,
    "cheerful": 0.2065263234000506,
    "openness": 0.7014472146239772,
    "adventurous": 0.7840625640160507,
    "artistic": 0.7179317242459662,
    "emotionally_aware": 0.7768325159362309,
    "imaginative": 0.9393760468507115,
    "intellectual": 0.18318531818236594,
    "conscientiousness": 0.654078349621025,
    "cautious": 0.8993697808090423,
    "disciplined": 0.12622458939351947,
    "dutiful": 0.937339583308229,
    "neuroticism": 0.6380517430440913,
    "melancholy": 0,
    "self_conscious": 0.9175533517297888,
    "authority_challenging": 0.11269234940412358,
    "achievement_striving": 0.8476990371985974,
    "orderliness": 0.8048369021653993,
    "self_efficacy": 0.19889862267584082,
    "stress_prone": 0.8156458240447299,
    "agreeableness": 0.3092412064540229,
    "cooperative": 1,
    "trusting": 0.8861267427428392,
    "excitement_seeking": 0.7583235928518924,
    "outgoing": 0.8346126501741236,
    "gregariousness": 0.12069360261245739,
    "altruism": 0.1349488474098353,
    "modesty": 0.13194837745671012,
    "uncompromising": 0.9756829382915395,
    "sympathy": 0.8299251690023738,
    "fiery": 0.04247653246894092,
    "prone_to_worry": 0.8020051333341366,
    "immoderation": 0.8817766638148142
}