{
    "id": "1",
    "extraversion": 0.682374829001368,
    "active": 0.8507688098495213,
    "assertive": 0.029264021887824884,
    "cheerful": 0.8206511627906977,
    "openness": 0.5956990424076607,
    "adventurous": 0.18002735978112175,
    "artistic": 0.14374829001367986,
    "emotionally_aware": 0.7490998632010945,
    "imaginative": 0.7237756497948017,
    "intellectual": 0.7777072503419973,
    "conscientiousness": 0.5827414500683994,
    "cautious": 0.6426703146374829,
    "disciplined": 0.8271299589603284,
    "dutiful": 0.125844049247606,
    "neuroticism": 0.6163830369357045,
    "melancholy": 0.8305225718194256,
    "self_conscious": 0.7619370725034201,
    "authority_challenging": 0.7690177838577292,
    "achievement_striving": 0.702610123119015,
    "orderliness": 0.10067305061559503,
    "self_efficacy": 0.7039343365253077,
    "stress_prone": 0.7847004103967169,
    "agreeableness": 0.23874145006839945,
    "cooperative": 0,
    "trusting": 0.013329685362517066,
    "excitement_seeking": 0.1577017783857729,
    "outgoing": 0.7084979480164159,
    "gregariousness": 0.6864897400820793,
    "altruism": 0.7744350205198359,
    "modesty": 0.08564705882352941,
    "uncompromising": 0.8180793433652531,
    "sympathy": 0.6819480164158687,
    "fiery": 0.8738057455540357,
    "prone_to_worry": 0.7533242134062929,
    "immoderation": 1
}