{
    "id": "1",
    "extraversion": 0.2463532077609404,
    "active": 0.9138628684726972,
    "assertive": 0.9146620268274425,
    "cheerful": 0.04323547858457928,
    "openness": 0.3562728872883242,
    "adventurous": 0.18426163837578655,
    "artistic": 0.22901450624152794,
    "emotionally_aware": 0.8265320573775468,
    "imaginative": 0.205110567098954,
    "intellectual": 0.8769498452262934,
    "conscientiousness": 0.6991118214740931,
    "cautious": 0.7870394723531674,
    "disciplined": 0.20273332389180007,
    "dutiful": 0,
    "neuroticism": 0.7994618326016145,
    "melancholy": 0.915339794039695,
    "self_conscious": 0.9365731280474235,
    "authority_challenging": 0.9620146883282417,
    "achievement_striving": 0.8558884820037631,
    "orderliness": 0.24109292491957843,
    "self_efficacy": 0.8075545754344792,
    "stress_prone": 0.9705120683027495,
    "agreeableness": 0.34114957411940844,
    "cooperative": 0.21417443907176242,
    "trusting": 0.1559572703178425,
    "excitement_seeking": 0.07275375806745306,
    "outgoing": 0.21025957472636417,
    "gregariousness": 0.7413255912760233,
    "altruism": 0.30102980152548203,
    "modesty": 0.1386286847269711,
    "uncompromising": 0.2356100916503126,
    "sympathy": 0.7974184150363162,
    "fiery": 0.9262953446496854,
    "prone_to_worry": 0.9101806704837437,
    "immoderation": 1
}