{
    "id": "1",
    "extraversion": 0.3926302069190246,
    "active": 0.954289541809229,
    "assertive": 0.8225891127645323,
    "cheerful": 0.2845815456470972,
    "openness": 0.39912923840040554,
    "adventurous": 0.3264812903926574,
    "artistic": 0.7182244428755047,
    "emotionally_aware": 0.7605043538079981,
    "imaginative": 0.8794873187421931,
    "intellectual": 0.7493709154763846,
    "conscientiousness": 0.6253643259291444,
    "cautious": 0.7566483824833904,
    "disciplined": 0,
    "dutiful": 1,
    "neuroticism": 0.6375024891833668,
    "melancholy": 0.7506562392512537,
    "self_conscious": 0.7322272307608755,
    "authority_challenging": 0.1925722768333967,
    "achievement_striving": 0.8407194192508916,
    "orderliness": 0.8575100925071055,
    "self_efficacy": 0.7696736001737903,
    "stress_prone": 0.8210050869856443,
    "agreeableness": 0.6420282771230471,
    "cooperative": 0.8751063560165826,
    "trusting": 0.7790962906642047,
    "excitement_seeking": 0.29391372037871794,
    "outgoing": 0.7126486721338186,
    "gregariousness": 0.6833396694364489,
    "altruism": 0.285857817846087,
    "modesty": 0.293162439580731,
    "uncompromising": 0.738364199207082,
    "sympathy": 0.1286772027009902,
    "fiery": 0.7646047176813483,
    "prone_to_worry": 0.726868697840294,
    "immoderation": 0.815673708792701
}