{
    "id": "1",
    "extraversion": 0.6271464924760053,
    "active": 0.9553770012222734,
    "assertive": 0.7353778027130463,
    "cheerful": 0.6301320456048249,
    "openness": 0.31900334622397664,
    "adventurous": 0.2537720159496664,
    "artistic": 0.17655839862143588,
    "emotionally_aware": 0.6333881018694772,
    "imaginative": 0.7658144148115494,
    "intellectual": 0.7243873604905123,
    "conscientiousness": 0.6558298435089266,
    "cautious": 0.21266555793776426,
    "disciplined": 0.8723625944256317,
    "dutiful": 0,
    "neuroticism": 0.5948764702346364,
    "melancholy": 0.16801250325605627,
    "self_conscious": 0.784088404432244,
    "authority_challenging": 0.7444546857154307,
    "achievement_striving": 0.7357685294648045,
    "orderliness": 0.6783918087643016,
    "self_efficacy": 0.7792093293525958,
    "stress_prone": 0.7480914500971808,
    "agreeableness": 0.3135431903340213,
    "cooperative": 0.7215821427855812,
    "trusting": 0.1357424810146873,
    "excitement_seeking": 0.7930049892800609,
    "outgoing": 0.7946280080950568,
    "gregariousness": 0.7998276794838399,
    "altruism": 1,
    "modesty": 0.17032680786262452,
    "uncompromising": 0.18587572885567158,
    "sympathy": 0.1817680886448795,
    "fiery": 0.7340453243032039,
    "prone_to_worry": 0.6891217664856634,
    "immoderation": 0.8328290620554231
}