{
    "id": "1",
    "extraversion": 0.3127139189960068,
    "active": 0.12353822019395322,
    "assertive": 0.023483552006084808,
    "cheerful": 0.19329958166951894,
    "openness": 0.3741324396273056,
    "adventurous": 0.31463918996006845,
    "artistic": 0.2521629587374025,
    "emotionally_aware": 0.7554905875641756,
    "imaginative": 0.8935990682639285,
    "intellectual": 0.9577509982886481,
    "conscientiousness": 0.6821044875451606,
    "cautious": 0.8115492489066363,
    "disciplined": 0,
    "dutiful": 0.9307021296824491,
    "neuroticism": 0.6868225898459783,
    "melancholy": 0.9104511313938011,
    "self_conscious": 0.9987759079672942,
    "authority_challenging": 0.12205267161057237,
    "achievement_striving": 0.21299201369081575,
    "orderliness": 0.10844504658680358,
    "self_efficacy": 0.22594599733789697,
    "stress_prone": 0.8293996006845409,
    "agreeableness": 0.6858837231412815,
    "cooperative": 0.9297989161437537,
    "trusting": 0.1541999429549344,
    "excitement_seeking": 0.28646130443050005,
    "outgoing": 0.8161247385434494,
    "gregariousness": 0.1827937820878494,
    "altruism": 0.8417118273436015,
    "modesty": 0.8780186347214299,
    "uncompromising": 0.9194832667807569,
    "sympathy": 0.83729083475946,
    "fiery": 0.22594599733789697,
    "prone_to_worry": 0.84509887811371,
    "immoderation": 1
}