{
    "id": "1",
    "extraversion": 0.29578939495924017,
    "active": 0.700854461147259,
    "assertive": 0,
    "cheerful": 0.721617680053848,
    "openness": 0.2999401690225114,
    "adventurous": 0.756889911001421,
    "artistic": 0.2118390546705557,
    "emotionally_aware": 0.7335371326004039,
    "imaginative": 0.7786534290628974,
    "intellectual": 0.6853918929025503,
    "conscientiousness": 0.2758301548126542,
    "cautious": 0.22826452770922143,
    "disciplined": 0.10993007254506018,
    "dutiful": 0.15682260115174634,
    "neuroticism": 0.2357340513050632,
    "melancholy": 0.8173285468551342,
    "self_conscious": 0.7959015780420313,
    "authority_challenging": 0.11959651484556129,
    "achievement_striving": 0.22258993343803754,
    "orderliness": 0.2271239997008451,
    "self_efficacy": 0.15577555904569593,
    "stress_prone": 0.710866801286366,
    "agreeableness": 0.5815384040086755,
    "cooperative": 0.06375738538628374,
    "trusting": 0.15413955575499214,
    "excitement_seeking": 0.6771651334978686,
    "outgoing": 0.7145688430184728,
    "gregariousness": 0.22247775035524645,
    "altruism": 0.7045658514695984,
    "modesty": 0.12270959539301472,
    "uncompromising": 0.1734443945852965,
    "sympathy": 1,
    "fiery": 0.23136825966644228,
    "prone_to_worry": 0.7528793657916386,
    "immoderation": 0.7627982200284197
}