{
    "id": "1",
    "extraversion": 0.2285733431615627,
    "active": 0.8909178226004599,
    "assertive": 0.8231812191471777,
    "cheerful": 0.24219884294936225,
    "openness": 0.3147043713283745,
    "adventurous": 0.12935290044450398,
    "artistic": 0.2549196988987915,
    "emotionally_aware": 0.8032455493756839,
    "imaginative": 0.18903705689204578,
    "intellectual": 0.8491255109562419,
    "conscientiousness": 0.6649243896446201,
    "cautious": 0.8682012106591614,
    "disciplined": 0.9191069713417765,
    "dutiful": 0.9189394447050413,
    "neuroticism": 0.7168688154749937,
    "melancholy": 0.7905246934262548,
    "self_conscious": 0.7998615113136321,
    "authority_challenging": 0.8674640934575264,
    "achievement_striving": 1,
    "orderliness": 0.8333891755455783,
    "self_efficacy": 0.8565636936272867,
    "stress_prone": 0.9821863342938192,
    "agreeableness": 0.363666823024861,
    "cooperative": 0.1885903191940852,
    "trusting": 0.07966449998883156,
    "excitement_seeking": 0,
    "outgoing": 0.24809578056244272,
    "gregariousness": 0.30411668788670726,
    "altruism": 0.2511782706783712,
    "modesty": 0.09188277602805513,
    "uncompromising": 0.8153633094328664,
    "sympathy": 0.10761911143871875,
    "fiery": 0.8983560052715048,
    "prone_to_worry": 0.8421564028680559,
    "immoderation": 0.13101699836940736
}