{
    "id": "1",
    "extraversion": 0.253115160274609,
    "active": 1,
    "assertive": 0.7911629587570329,
    "cheerful": 0.14434522273266917,
    "openness": 0.6470758271821607,
    "adventurous": 0.1171114437619367,
    "artistic": 0.16317555360553346,
    "emotionally_aware": 0.8307025241315231,
    "imaginative": 0.1469364579569504,
    "intellectual": 0.7061787023176586,
    "conscientiousness": 0.2510194600732979,
    "cautious": 0.21965622257781448,
    "disciplined": 0.8292262427089248,
    "dutiful": 0.011552160222990738,
    "neuroticism": 0.6875548443710319,
    "melancholy": 0.7158416352655758,
    "self_conscious": 0.8066793991637846,
    "authority_challenging": 0.7892634078356475,
    "achievement_striving": 0.7025860734011253,
    "orderliness": 0.14132039436328914,
    "self_efficacy": 0.10058328601662109,
    "stress_prone": 0.7624116037784545,
    "agreeableness": 0.2821246064109843,
    "cooperative": 0.7527280235379137,
    "trusting": 0.11910390750012902,
    "excitement_seeking": 0.10020131110308159,
    "outgoing": 0.7046301553708769,
    "gregariousness": 0.21604294636865742,
    "altruism": 0.07651886646363497,
    "modesty": 0,
    "uncompromising": 0.6679295927321529,
    "sympathy": 0.14689516337170286,
    "fiery": 0.8454446910648841,
    "prone_to_worry": 0.7331750374232179,
    "immoderation": 0.7711041139730552
}