{
    "id": "1",
    "extraversion": 0.6294590051671544,
    "active": 0.7552138454834091,
    "assertive": 0.02940505094523644,
    "cheerful": 0.788395691962896,
    "openness": 0.5957687439042105,
    "adventurous": 0.7386125464317582,
    "artistic": 0.2084708128411048,
    "emotionally_aware": 0.8608914897590736,
    "imaginative": 0.7596339413559111,
    "intellectual": 0.725196621635643,
    "conscientiousness": 0.2594264251177654,
    "cautious": 0,
    "disciplined": 0.0875199734379215,
    "dutiful": 0.015605221108551743,
    "neuroticism": 0.6084168586191869,
    "melancholy": 0.7736516632426488,
    "self_conscious": 0.7287970283674697,
    "authority_challenging": 0.8347444437527237,
    "achievement_striving": 0.7363402436240636,
    "orderliness": 0.10599929444479028,
    "self_efficacy": 0.6771151092572995,
    "stress_prone": 0.7814438979850172,
    "agreeableness": 0.28537633069787705,
    "cooperative": 0.07621033845898438,
    "trusting": 0.8164415115482786,
    "excitement_seeking": 0.8925169644524684,
    "outgoing": 0.7710680860777355,
    "gregariousness": 0.7431986552947769,
    "altruism": 0.7562514266741374,
    "modesty": 0.0841582103799622,
    "uncompromising": 0.19502376060926768,
    "sympathy": 0.9694017306854261,
    "fiery": 0.7317022557015087,
    "prone_to_worry": 0.8200107908443837,
    "immoderation": 1
}