{
    "id": "1",
    "extraversion": 0.252683815069384,
    "active": 0.13710718251943452,
    "assertive": 0,
    "cheerful": 0.7210333063200969,
    "openness": 0.5264579644025572,
    "adventurous": 0.13312523136336807,
    "artistic": 0.11532650998989503,
    "emotionally_aware": 0.614821262418585,
    "imaginative": 1,
    "intellectual": 0.6881071725145321,
    "conscientiousness": 0.21820692139148185,
    "cautious": 0.09187501875919203,
    "disciplined": 0.04395153625276388,
    "dutiful": 0.025492491320747167,
    "neuroticism": 0.5916098888455343,
    "melancholy": 0.09589698952486718,
    "self_conscious": 0.8166301487728987,
    "authority_challenging": 0.6930395893988054,
    "achievement_striving": 0.12006883372852699,
    "orderliness": 0.1489729967684165,
    "self_efficacy": 0.09096457264059389,
    "stress_prone": 0.7262058408620223,
    "agreeableness": 0.2341447309181499,
    "cooperative": 0.07722784164240476,
    "trusting": 0.8397614831267322,
    "excitement_seeking": 0.7443047093075608,
    "outgoing": 0.7239047133095217,
    "gregariousness": 0.19008314073896207,
    "altruism": 0.11151464217466558,
    "modesty": 0.1602385168732679,
    "uncompromising": 0.6743604366139409,
    "sympathy": 0.7302178067252953,
    "fiery": 0.09832818080859619,
    "prone_to_worry": 0.7850146571820191,
    "immoderation": 0.784104211063421
}