{
    "id": "1",
    "extraversion": 0.28895165614007556,
    "active": 0.9480208701110195,
    "assertive": 0.8910072836164398,
    "cheerful": 0.028088344906045268,
    "openness": 0.7320884495181305,
    "adventurous": 0.22832895270226095,
    "artistic": 0.22052227583591597,
    "emotionally_aware": 0.8436964680344696,
    "imaginative": 0.8842467276032063,
    "intellectual": 0.9310737122906123,
    "conscientiousness": 0.6354268826906228,
    "cautious": 0.24256927281524196,
    "disciplined": 0.03550272645247343,
    "dutiful": 0.06671635740718948,
    "neuroticism": 0.6943888692741229,
    "melancholy": 0.8574921867848784,
    "self_conscious": 0.9093405515672198,
    "authority_challenging": 0.009336628614020608,
    "achievement_striving": 0.9411949315444665,
    "orderliness": 0.09147019209394167,
    "self_efficacy": 0.8413819256469602,
    "stress_prone": 1,
    "agreeableness": 0.2689315183136532,
    "cooperative": 0.08915564970643236,
    "trusting": 0.02785296771409515,
    "excitement_seeking": 0.8129666679743177,
    "outgoing": 0.794973389300799,
    "gregariousness": 0.7829299229793522,
    "altruism": 0.839315836962065,
    "modesty": 0,
    "uncompromising": 0.15177905927582283,
    "sympathy": 0.12986282740313576,
    "fiery": 0.8698625658729225,
    "prone_to_worry": 0.8856328377335791,
    "immoderation": 0.9435879329959592
}