{
    "id": "1",
    "extraversion": 0.7449692333277897,
    "active": 0.7716257632272933,
    "assertive": 0.8646860373951677,
    "cheerful": 0.7336722814853532,
    "openness": 0.2636668171343043,
    "adventurous": 0.7117198450975268,
    "artistic": 0,
    "emotionally_aware": 0.12338742248936829,
    "imaginative": 0.8586990092893968,
    "intellectual": 0.7190848399895464,
    "conscientiousness": 0.27134066665082796,
    "cautious": 0.12868546720201465,
    "disciplined": 0.08541018269938944,
    "dutiful": 0.01642869021881163,
    "neuroticism": 0.6182675631370126,
    "melancholy": 0.0489772160319308,
    "self_conscious": 0.8026062578698535,
    "authority_challenging": 0.07585944738780265,
    "achievement_striving": 0.7752251075051675,
    "orderliness": 0.0593238459528165,
    "self_efficacy": 0.13017034520443801,
    "stress_prone": 0.8323750920624361,
    "agreeableness": 0.6344467938514171,
    "cooperative": 0.07590696348388018,
    "trusting": 1,
    "excitement_seeking": 0.8688555748259722,
    "outgoing": 0.8361763797486399,
    "gregariousness": 0.8266494024850918,
    "altruism": 0.15143379819913996,
    "modesty": 0.10448789527452422,
    "uncompromising": 0.7598417714000618,
    "sympathy": 0.7840868594236298,
    "fiery": 0.945297094390725,
    "prone_to_worry": 0.813071678030933,
    "immoderation": 0.8147584994416859
}