{
    "id": "1",
    "extraversion": 0.2652391745198616,
    "active": 0.9328522008827388,
    "assertive": 0.08666348562567099,
    "cheerful": 0.13973517833711077,
    "openness": 0.28193963974710723,
    "adventurous": 0.1360133603721818,
    "artistic": 0.666300846952165,
    "emotionally_aware": 0.7431110580937611,
    "imaginative": 0.803864964809734,
    "intellectual": 1,
    "conscientiousness": 0.5988786830490278,
    "cautious": 0.24425623285220086,
    "disciplined": 0.9378026959322437,
    "dutiful": 0.11538828581653343,
    "neuroticism": 0.6160443755218894,
    "melancholy": 0.756781581772635,
    "self_conscious": 0.8140164618871526,
    "authority_challenging": 0.06263867350590481,
    "achievement_striving": 0.7733150423476083,
    "orderliness": 0.03836335440772989,
    "self_efficacy": 0.7382679231778598,
    "stress_prone": 0.8159728020994869,
    "agreeableness": 0.24239532386973636,
    "cooperative": 0.10765835619706549,
    "trusting": 0.8399856853155194,
    "excitement_seeking": 0.09537158535130617,
    "outgoing": 0.07695335798640106,
    "gregariousness": 0.1406059883096743,
    "altruism": 0.018621018728378878,
    "modesty": 0.1557676249552666,
    "uncompromising": 0,
    "sympathy": 0.7528808302516998,
    "fiery": 0.819742335679351,
    "prone_to_worry": 0.7778360968626983,
    "immoderation": 0.8101872837886198
}