{
    "id": "1",
    "extraversion": 0.31666571477525846,
    "active": 0.1835912959049632,
    "assertive": 0,
    "cheerful": 0.8581396234317589,
    "openness": 0.6614598206636587,
    "adventurous": 0.24006701315513929,
    "artistic": 0.10621204333009691,
    "emotionally_aware": 0.8047765910864889,
    "imaginative": 0.9151864755268719,
    "intellectual": 0.7779427722885374,
    "conscientiousness": 0.25139452091305425,
    "cautious": 0.27797132903078414,
    "disciplined": 0.13595864983722658,
    "dutiful": 0.23010071011099054,
    "neuroticism": 0.7956098768252517,
    "melancholy": 0.9288365983208636,
    "self_conscious": 0.9649989529194509,
    "authority_challenging": 0.2051325984731662,
    "achievement_striving": 0.19780303462980947,
    "orderliness": 0.28225484036781084,
    "self_efficacy": 0.12984750699640188,
    "stress_prone": 0.8707617035048643,
    "agreeableness": 0.2963142764673406,
    "cooperative": 0.01714356426218894,
    "trusting": 0.04423439374036211,
    "excitement_seeking": 0.8160660231880748,
    "outgoing": 0.7994459992004112,
    "gregariousness": 0.2152416852285491,
    "altruism": 0.8332476631065928,
    "modesty": 0.25866697127191735,
    "uncompromising": 0.8137243703238334,
    "sympathy": 0.9619338625849564,
    "fiery": 0.8090981780798446,
    "prone_to_worry": 1,
    "immoderation": 0.8423096693129247
}