{
    "id": "1",
    "extraversion": 0.2887721722169169,
    "active": 1,
    "assertive": 0.14954182497917387,
    "cheerful": 0.22801064672775664,
    "openness": 0.3346811061218684,
    "adventurous": 0.23573155616961616,
    "artistic": 0.17782473535566976,
    "emotionally_aware": 0.6393827336083061,
    "imaginative": 0.7538350569925025,
    "intellectual": 0.7536420342564562,
    "conscientiousness": 0.5947741633988256,
    "cautious": 0.7297884877176586,
    "disciplined": 0.050683706849259394,
    "dutiful": 0.13344982424771926,
    "neuroticism": 0.6042932320133287,
    "melancholy": 0.13839730174533185,
    "self_conscious": 0.7304183513826523,
    "authority_challenging": 0.8122904687404757,
    "achievement_striving": 0.7821687628258528,
    "orderliness": 0.7166527825751264,
    "self_efficacy": 0.7313326696060304,
    "stress_prone": 0.7249832374992381,
    "agreeableness": 0.3421988337363106,
    "cooperative": 0.7648881484040068,
    "trusting": 0.10682284576467477,
    "excitement_seeking": 0.04839791129081411,
    "outgoing": 0.7763374443789747,
    "gregariousness": 0.7457687384440335,
    "altruism": 0.8213930146087733,
    "modesty": 0.7145092142958733,
    "uncompromising": 0.7863949448361338,
    "sympathy": 0.6916207814373082,
    "fiery": 0.8263506511977569,
    "prone_to_worry": 0.704085986549363,
    "immoderation": 0
}