{
    "id": "1",
    "extraversion": 0.26455113242066747,
    "active": 0.04773200428995013,
    "assertive": 0.029083338590625216,
    "cheerful": 0.015292410573465422,
    "openness": 0.2573970096523879,
    "adventurous": 0.8830988581162071,
    "artistic": 0.16780013879250522,
    "emotionally_aware": 0.7232729796227367,
    "imaginative": 0.038887136458267635,
    "intellectual": 0.12434546716295505,
    "conscientiousness": 0.6609172922843984,
    "cautious": 0.7093054065989528,
    "disciplined": 0.003924042647151601,
    "dutiful": 0.8357201438395054,
    "neuroticism": 0.6440350766513153,
    "melancholy": 0.8448678316825436,
    "self_conscious": 0.8338906062708978,
    "authority_challenging": 0.8953125985742224,
    "achievement_striving": 0.12568292221310956,
    "orderliness": 0.0565768721216327,
    "self_efficacy": 0.10066241877484072,
    "stress_prone": 0.7456438079616429,
    "agreeableness": 0.2561478771055454,
    "cooperative": 0,
    "trusting": 0.02691312850924234,
    "excitement_seeking": 0.15022396063339852,
    "outgoing": 0.06639328748974828,
    "gregariousness": 0.1527222257270835,
    "altruism": 0.7389565327108701,
    "modesty": 0.8337896662671125,
    "uncompromising": 1,
    "sympathy": 0.09068197590057409,
    "fiery": 0.7979433474228755,
    "prone_to_worry": 0.8922970159611381,
    "immoderation": 0.915551069333165
}