{
    "id": "1",
    "extraversion": 0.3339140395675727,
    "active": 0.9878767630002626,
    "assertive": 0.0788129728181753,
    "cheerful": 0.8411330930959596,
    "openness": 0.6398587213326016,
    "adventurous": 0.28130444120945997,
    "artistic": 0.11570770589217956,
    "emotionally_aware": 0.7213922630837888,
    "imaginative": 1,
    "intellectual": 0.8517886547502567,
    "conscientiousness": 0.28836837457938574,
    "cautious": 0.2618308951626375,
    "disciplined": 0.09681884351955705,
    "dutiful": 0.12748490561534973,
    "neuroticism": 0.6864663627902537,
    "melancholy": 0,
    "self_conscious": 0.9195642316779229,
    "authority_challenging": 0.037539078347612394,
    "achievement_striving": 0.2068467651480801,
    "orderliness": 0.8957234565544232,
    "self_efficacy": 0.1972889769228934,
    "stress_prone": 0.8895067178960934,
    "agreeableness": 0.37214519246831973,
    "cooperative": 0.17767224303749138,
    "trusting": 0.9332625349020356,
    "excitement_seeking": 0.8354055795527767,
    "outgoing": 0.8873231033577548,
    "gregariousness": 0.25069804071307544,
    "altruism": 0.12780707825215382,
    "modesty": 0.1836861322578336,
    "uncompromising": 0.17766031071760974,
    "sympathy": 0.897644560055366,
    "fiery": 0.16544161515881917,
    "prone_to_worry": 0.09581652864950008,
    "immoderation": 0.14387991313271128
}