{
    "id": "1",
    "extraversion": 0.6367439510206,
    "active": 0.1366088111214261,
    "assertive": 0.000928352350846696,
    "cheerful": 0.1730613300116338,
    "openness": 0.6378720753963124,
    "adventurous": 0.17585813835975417,
    "artistic": 0.20211053268622864,
    "emotionally_aware": 0.814682068698074,
    "imaginative": 0.8554825669530065,
    "intellectual": 0.7908269386699884,
    "conscientiousness": 0.2799628659059661,
    "cautious": 0.1751060554426125,
    "disciplined": 0.050730343020317974,
    "dutiful": 0,
    "neuroticism": 0.7640104821556577,
    "melancholy": 0.822649447101543,
    "self_conscious": 0.8467866082235567,
    "authority_challenging": 0.08613699660387555,
    "achievement_striving": 0.14141509101378427,
    "orderliness": 0.1731435890806961,
    "self_efficacy": 0.1911935790920949,
    "stress_prone": 0.8232957683584615,
    "agreeableness": 0.2850159230055113,
    "cooperative": 0.05987285098182074,
    "trusting": 0.027180746677321156,
    "excitement_seeking": 0.8047404726371081,
    "outgoing": 0.7845047416477665,
    "gregariousness": 0.7059120768064678,
    "altruism": 0.7379578598540489,
    "modesty": 0.0901089345100297,
    "uncompromising": 0.0799910690153589,
    "sympathy": 0.9074350447136796,
    "fiery": 0.8496304217539983,
    "prone_to_worry": 0.8827573239949704,
    "immoderation": 1
}