{
    "id": "1",
    "extraversion": 0.26644920782851816,
    "active": 0.9388097457062974,
    "assertive": 0.06900545866063106,
    "cheerful": 0.8523632006390627,
    "openness": 0.28898948209293035,
    "adventurous": 0.14280388763147386,
    "artistic": 0.027146851284782347,
    "emotionally_aware": 0.7392357875116495,
    "imaginative": 0.05069897483690588,
    "intellectual": 0.8574091332712023,
    "conscientiousness": 0.32132871788044204,
    "cautious": 0.8230728265211025,
    "disciplined": 0,
    "dutiful": 0.06911196911196912,
    "neuroticism": 0.677832512315271,
    "melancholy": 0.8580082545599786,
    "self_conscious": 0.9571561709492744,
    "authority_challenging": 0.07454400213020908,
    "achievement_striving": 0.8764345626414592,
    "orderliness": 0.06735454666489153,
    "self_efficacy": 0.8555318865663694,
    "stress_prone": 0.8257089601917188,
    "agreeableness": 0.35517241379310344,
    "cooperative": 0.9472373851684197,
    "trusting": 0.863200639062708,
    "excitement_seeking": 0.010957262681400633,
    "outgoing": 0.06699507389162566,
    "gregariousness": 0.811702835840767,
    "altruism": 0.22757289309013448,
    "modesty": 0.06704832911729465,
    "uncompromising": 1,
    "sympathy": 0.9384635867394487,
    "fiery": 0.1459592597523632,
    "prone_to_worry": 0.9788177339901478,
    "immoderation": 0.049793636000532535
}