{
    "id": "1",
    "extraversion": 0.6659280135969535,
    "active": 0.8767883651384437,
    "assertive": 0.09828747230050984,
    "cheerful": 0.8428497665712873,
    "openness": 0.28479378670854755,
    "adventurous": 0.832609023041673,
    "artistic": 0.14601665196531913,
    "emotionally_aware": 0.7201867429702459,
    "imaginative": 0.9186334201071406,
    "intellectual": 0.7910006239108454,
    "conscientiousness": 0.6205653923108367,
    "cautious": 0.11074417503926334,
    "disciplined": 0.16019448807039435,
    "dutiful": 0,
    "neuroticism": 0.22267162926787287,
    "melancholy": 0.8667412491125405,
    "self_conscious": 0.9740539145027,
    "authority_challenging": 0.17035993201523197,
    "achievement_striving": 0.7573847378498741,
    "orderliness": 0.1437684215055614,
    "self_efficacy": 0.1531485983520148,
    "stress_prone": 0.7332135711365934,
    "agreeableness": 0.36190056151976074,
    "cooperative": 0.8159032723048127,
    "trusting": 0.8374281964673737,
    "excitement_seeking": 0.757320195348637,
    "outgoing": 0.891052257911835,
    "gregariousness": 0.262731008369011,
    "altruism": 0.13656117553408914,
    "modesty": 0.04439448376756091,
    "uncompromising": 0.7927325143607065,
    "sympathy": 0.8011230395215249,
    "fiery": 0.2180030550117252,
    "prone_to_worry": 0.8338030593145587,
    "immoderation": 1
}