{
    "id": "1",
    "extraversion": 0.3028379645624599,
    "active": 0.9845812151423918,
    "assertive": 0.7423325600908148,
    "cheerful": 0.6863333497853018,
    "openness": 0.5530033068456641,
    "adventurous": 0.07819949656976459,
    "artistic": 0.12460391885889148,
    "emotionally_aware": 0.7030847440896303,
    "imaginative": 0.8352894723853709,
    "intellectual": 0.8445881249691526,
    "conscientiousness": 0.17430531563101526,
    "cautious": 0.17912245200138197,
    "disciplined": 1,
    "dutiful": 0,
    "neuroticism": 0.6088050935294408,
    "melancholy": 0.7149893884803318,
    "self_conscious": 0.8989289768520804,
    "authority_challenging": 0.732451507822911,
    "achievement_striving": 0.6732737772074429,
    "orderliness": 0.13518582498395934,
    "self_efficacy": 0.06841715611272893,
    "stress_prone": 0.802378954641923,
    "agreeableness": 0.2321603079808499,
    "cooperative": 0.11224520013819657,
    "trusting": 0.04806278071171217,
    "excitement_seeking": 0.1575341789645131,
    "outgoing": 0.731750653965747,
    "gregariousness": 0.18610137702976162,
    "altruism": 0.11075465179408718,
    "modesty": 0.08671832584768771,
    "uncompromising": 0.6824243620749223,
    "sympathy": 0.6719312965796358,
    "fiery": 0.69803069937318,
    "prone_to_worry": 0.7351660826217857,
    "immoderation": 0.08976852080351416
}