{
    "id": "1",
    "extraversion": 0.33014453966536644,
    "active": 0.829399538763773,
    "assertive": 0.1802807277282692,
    "cheerful": 0.21238694492687601,
    "openness": 0.37618274824663794,
    "adventurous": 0.2989968586586187,
    "artistic": 0.23488881929220162,
    "emotionally_aware": 0.8111873511184503,
    "imaginative": 0.8828687754462887,
    "intellectual": 0.7802674410879861,
    "conscientiousness": 0.4095037439854226,
    "cautious": 0.8569882982660935,
    "disciplined": 0.16111949434843262,
    "dutiful": 0.9998386622251326,
    "neuroticism": 0.37564179217796506,
    "melancholy": 0.8561246666476857,
    "self_conscious": 0.8824891571524831,
    "authority_challenging": 0.12288244170486574,
    "achievement_striving": 0.8108362041966802,
    "orderliness": 0.7866829902533002,
    "self_efficacy": 0.8540557469464454,
    "stress_prone": 0.26559044880372784,
    "agreeableness": 0.7094496483785553,
    "cooperative": 0.26328426766885893,
    "trusting": 1,
    "excitement_seeking": 0.040286991430117006,
    "outgoing": 0.22333893270316696,
    "gregariousness": 0.7523465155785857,
    "altruism": 0.751758107223187,
    "modesty": 0.2866687545672826,
    "uncompromising": 0.9287361557953476,
    "sympathy": 0.8333380785620058,
    "fiery": 0.2908065939697634,
    "prone_to_worry": 0.9144340365762226,
    "immoderation": 0
}