{
    "id": "1",
    "extraversion": 0.3739793460765769,
    "active": 0.9061762045184862,
    "assertive": 0.036314719738712586,
    "cheerful": 0.020454198338757217,
    "openness": 0.38233255401388677,
    "adventurous": 0.25166535474699525,
    "artistic": 0.20872446162341246,
    "emotionally_aware": 0.7887261064182243,
    "imaginative": 0.9492580800545132,
    "intellectual": 0.9275937826756111,
    "conscientiousness": 0.418635525218229,
    "cautious": 0.7959044609185004,
    "disciplined": 0.022286969700529843,
    "dutiful": 0.11302090064264478,
    "neuroticism": 0.7665331249926571,
    "melancholy": 0.957364568770046,
    "self_conscious": 0.9003371829364287,
    "authority_challenging": 1,
    "achievement_striving": 0.29999882514656295,
    "orderliness": 0.8878719879695008,
    "self_efficacy": 0.8973765522751036,
    "stress_prone": 0.8949211085917033,
    "agreeableness": 0.3994266715227275,
    "cooperative": 0.1426976984621168,
    "trusting": 0.18346511272718724,
    "excitement_seeking": 0.09060469706404123,
    "outgoing": 0.8899749756217912,
    "gregariousness": 0.812293666365121,
    "altruism": 0.30180809943959486,
    "modesty": 0,
    "uncompromising": 0.9269828588883537,
    "sympathy": 0.8518509815900467,
    "fiery": 0.955907750508124,
    "prone_to_worry": 0.9844801860967844,
    "immoderation": 0.9553555693927183
}