{
    "id": "1",
    "extraversion": 0.1461742967041255,
    "active": 0.2537144581039294,
    "assertive": 0.9288407873896976,
    "cheerful": 0.30688588883022855,
    "openness": 0.41973376574402294,
    "adventurous": 0.08581906629459231,
    "artistic": 0.8286635492872766,
    "emotionally_aware": 0.9376838373934686,
    "imaginative": 0.8909985670110869,
    "intellectual": 0.976629082132891,
    "conscientiousness": 0.7699204314050835,
    "cautious": 0.9791368127309752,
    "disciplined": 0.2725318651482012,
    "dutiful": 0.22219812957236593,
    "neuroticism": 0.79832566558564,
    "melancholy": 0.9594709254091561,
    "self_conscious": 1,
    "authority_challenging": 0.9190832641979034,
    "achievement_striving": 0.8270608643185761,
    "orderliness": 0.35942567312768686,
    "self_efficacy": 0.28291160721019687,
    "stress_prone": 0.88015687457576,
    "agreeableness": 0.402255072026548,
    "cooperative": 0.27891432234708496,
    "trusting": 0.1959423787615959,
    "excitement_seeking": 0,
    "outgoing": 0.3371389245041104,
    "gregariousness": 0.37096500490233053,
    "altruism": 0.2911607210196847,
    "modesty": 0.12894071951127534,
    "uncompromising": 0.9439343087714006,
    "sympathy": 0.34942303341126785,
    "fiery": 0.9095520024134551,
    "prone_to_worry": 0.9826438645448377,
    "immoderation": 0.26786522362169096
}