{
    "id": "1",
    "extraversion": 0.38958783255984925,
    "active": 0.9445940357487477,
    "assertive": 0.22164223682396725,
    "cheerful": 0.31484629876395714,
    "openness": 0.40538528695492343,
    "adventurous": 0.19580940127739743,
    "artistic": 0.16170564719937505,
    "emotionally_aware": 0.6945182189955429,
    "imaginative": 0.9098469880071681,
    "intellectual": 1,
    "conscientiousness": 0.3878968892156412,
    "cautious": 0.29855258925699574,
    "disciplined": 0,
    "dutiful": 0.20192069108119284,
    "neuroticism": 0.7270964480999862,
    "melancholy": 0.7925837430501308,
    "self_conscious": 0.836493130542664,
    "authority_challenging": 0.8096769746817992,
    "achievement_striving": 0.7526719661811331,
    "orderliness": 0.28304002205578277,
    "self_efficacy": 0.1881358268621054,
    "stress_prone": 0.7675596195377475,
    "agreeableness": 0.3679272159169232,
    "cooperative": 0.21364701557689655,
    "trusting": 0.19063548224049992,
    "excitement_seeking": 0.7332996369985755,
    "outgoing": 0.2933511004916601,
    "gregariousness": 0.35500620318889853,
    "altruism": 0.24987363874465834,
    "modesty": 0.3044065615953683,
    "uncompromising": 0.18370629049303863,
    "sympathy": 0.8502596149427928,
    "fiery": 0.8923494003584064,
    "prone_to_worry": 0.793714101916096,
    "immoderation": 0.8815972062675181
}