{
    "id": "1",
    "extraversion": 0.6593126699560728,
    "active": 0.7689212634272987,
    "assertive": 0.8248575752728524,
    "cheerful": 1,
    "openness": 0.6333624540118861,
    "adventurous": 0.7316632008957684,
    "artistic": 0.1966014937677646,
    "emotionally_aware": 0.2714867541927624,
    "imaginative": 0.8529733853404042,
    "intellectual": 0.7711483801109866,
    "conscientiousness": 0.2755718521982011,
    "cautious": 0.21039485179215214,
    "disciplined": 0.10636020228617829,
    "dutiful": 0,
    "neuroticism": 0.6996345559916821,
    "melancholy": 0.9166123217383814,
    "self_conscious": 0.8330400757957942,
    "authority_challenging": 0.11620381193783756,
    "achievement_striving": 0.11996899262959723,
    "orderliness": 0.08199726839832164,
    "self_efficacy": 0.12163010175831476,
    "stress_prone": 0.7855938772747967,
    "agreeableness": 0.33020388576490994,
    "cooperative": 0.11122048455168507,
    "trusting": 0.8767949206974197,
    "excitement_seeking": 0.7837482004651105,
    "outgoing": 0.8057240590124398,
    "gregariousness": 0.7936902462132864,
    "altruism": 0.14160032483911844,
    "modesty": 0.07545126797996823,
    "uncompromising": 0.16923625893615188,
    "sympathy": 0.806499243272508,
    "fiery": 0.9378622140739009,
    "prone_to_worry": 0.9221739611915689,
    "immoderation": 0.875023070960121
}