{
    "id": "1",
    "extraversion": 0.3009948320413437,
    "active": 0.14770025839793283,
    "assertive": 0.0912403100775194,
    "cheerful": 0.13678294573643413,
    "openness": 0.2924031007751938,
    "adventurous": 0.22534883720930235,
    "artistic": 0.7218992248062016,
    "emotionally_aware": 0.7088630490956073,
    "imaginative": 0.9085012919896641,
    "intellectual": 0.7746899224806201,
    "conscientiousness": 0.6376744186046511,
    "cautious": 0.7491214470284238,
    "disciplined": 0.030710594315245494,
    "dutiful": 0.11113695090439281,
    "neuroticism": 0.25260981912144703,
    "melancholy": 0.8604263565891472,
    "self_conscious": 0.8683720930232559,
    "authority_challenging": 0.863062015503876,
    "achievement_striving": 0.823888888888889,
    "orderliness": 0.17184754521963827,
    "self_efficacy": 1,
    "stress_prone": 0,
    "agreeableness": 0.2869509043927649,
    "cooperative": 0.07736434108527138,
    "trusting": 0.8983720930232558,
    "excitement_seeking": 0.18647286821705428,
    "outgoing": 0.7846253229974159,
    "gregariousness": 0.7861757105943152,
    "altruism": 0.11556847545219642,
    "modesty": 0.09136950904392765,
    "uncompromising": 0.8628811369509043,
    "sympathy": 0.1521963824289406,
    "fiery": 0.10523255813953492,
    "prone_to_worry": 0.8292764857881137,
    "immoderation": 0.029689922480620155
}