{
    "id": "1",
    "extraversion": 0.40500092609742544,
    "active": 1,
    "assertive": 0.20300981663270976,
    "cheerful": 0.745536210409335,
    "openness": 0.6635302833858121,
    "adventurous": 0.3254306353028339,
    "artistic": 0.23675680681607703,
    "emotionally_aware": 0.7364882385626969,
    "imaginative": 0.8610946471568809,
    "intellectual": 0.8132987590294499,
    "conscientiousness": 0.6815243563622894,
    "cautious": 0.7123078347842192,
    "disciplined": 0.20142619003519172,
    "dutiful": 0.7890905723282089,
    "neuroticism": 0.6532506019633265,
    "melancholy": 0.23323763659937025,
    "self_conscious": 0.8533895165771439,
    "authority_challenging": 0.8866086312280052,
    "achievement_striving": 0.8551398407112428,
    "orderliness": 0.7907575476940174,
    "self_efficacy": 0.8364974995369512,
    "stress_prone": 0.770855714021115,
    "agreeableness": 0.40522318947953323,
    "cooperative": 0.7841822559733282,
    "trusting": 0.8629283200592701,
    "excitement_seeking": 0.17817188368216336,
    "outgoing": 0.8239859233191331,
    "gregariousness": 0.7275050935358399,
    "altruism": 0.7837099462863492,
    "modesty": 0.8160400074087792,
    "uncompromising": 0.7598814595295424,
    "sympathy": 0.7457029079459159,
    "fiery": 0.18370068531209485,
    "prone_to_worry": 0.7628449712909797,
    "immoderation": 0
}