{
    "id": "1",
    "extraversion": 0.5543381490024686,
    "active": 0.7704160090647889,
    "assertive": 0,
    "cheerful": 0.649336327951115,
    "openness": 0.5627352191331796,
    "adventurous": 0.5917101695601149,
    "artistic": 0.6185200922666019,
    "emotionally_aware": 0.6437821213224879,
    "imaginative": 1,
    "intellectual": 0.7877766986362349,
    "conscientiousness": 0.23251790700497751,
    "cautious": 0.6004410991056615,
    "disciplined": 0.8492371818218608,
    "dutiful": 0.7460341548298329,
    "neuroticism": 0.5528003723038323,
    "melancholy": 0.002589939702966297,
    "self_conscious": 0.7246064505685726,
    "authority_challenging": 0.0662761523208288,
    "achievement_striving": 0.07852778115009507,
    "orderliness": 0.6734146736271296,
    "self_efficacy": 0.699435474080369,
    "stress_prone": 0.797013475780017,
    "agreeableness": 0.24742017724899842,
    "cooperative": 0.7000627251021811,
    "trusting": 0.03629962364938688,
    "excitement_seeking": 0.6477074986847963,
    "outgoing": 0.6934765893731536,
    "gregariousness": 0.6377423009995549,
    "altruism": 0.7118692080450002,
    "modesty": 0.1118024361620331,
    "uncompromising": 0.11260167536724537,
    "sympathy": 0.10938448464246692,
    "fiery": 0.6634697098458175,
    "prone_to_worry": 0.08369754360406294,
    "immoderation": 0.8291347982679779
}