{
    "id": "1",
    "extraversion": 0.32656981094149573,
    "active": 0.11913030854615908,
    "assertive": 0.0874046611352444,
    "cheerful": 0.7890875386659818,
    "openness": 0.6502026823303442,
    "adventurous": 0.29368278819417304,
    "artistic": 0.10299389161241329,
    "emotionally_aware": 0.688170722174452,
    "imaginative": 0.8879384471071703,
    "intellectual": 0.8209136897117779,
    "conscientiousness": 0.24997487409127964,
    "cautious": 0.1772772448603558,
    "disciplined": 0.043663245820723874,
    "dutiful": 0,
    "neuroticism": 0.6852784509039743,
    "melancholy": 0.8301488570503299,
    "self_conscious": 1,
    "authority_challenging": 0.8410814191113245,
    "achievement_striving": 0.08285966342449384,
    "orderliness": 0.08488090319266549,
    "self_efficacy": 0.09958793509698599,
    "stress_prone": 0.8236831232062893,
    "agreeableness": 0.35819495471752894,
    "cooperative": 0.1578465421166065,
    "trusting": 0.8435716758422763,
    "excitement_seeking": 0.25278897586796056,
    "outgoing": 0.7684172910920278,
    "gregariousness": 0.2545533730136573,
    "altruism": 0.07433918860065442,
    "modesty": 0.1460541156238484,
    "uncompromising": 0.043707914102893396,
    "sympathy": 0.7702821918726062,
    "fiery": 0.8467877921584831,
    "prone_to_worry": 0.8272342516387676,
    "immoderation": 0.9096137310299389
}