{
    "id": "1",
    "extraversion": 0.33457940565944483,
    "active": 1,
    "assertive": 0.17834709704087776,
    "cheerful": 0.17265889668682546,
    "openness": 0.31506159970525593,
    "adventurous": 0.20169298095845725,
    "artistic": 0.25175453573322065,
    "emotionally_aware": 0.7139724845663757,
    "imaginative": 0.7750959266015474,
    "intellectual": 0.731306668583701,
    "conscientiousness": 0.32820826181896606,
    "cautious": 0.26345443598752727,
    "disciplined": 0,
    "dutiful": 0.16726723758345838,
    "neuroticism": 0.6056360809827197,
    "melancholy": 0.7639531644545887,
    "self_conscious": 0.7964918271434092,
    "authority_challenging": 0.7468076885058814,
    "achievement_striving": 0.8479821715805649,
    "orderliness": 0.6642164571408032,
    "self_efficacy": 0.6630033338425455,
    "stress_prone": 0.8302256409334758,
    "agreeableness": 0.3481753726984355,
    "cooperative": 0.7015536964316204,
    "trusting": 0.09374297961054247,
    "excitement_seeking": 0.18904954036106145,
    "outgoing": 0.20411024145646686,
    "gregariousness": 0.18360396466666068,
    "altruism": 0.7674397706747662,
    "modesty": 0.10564956013047816,
    "uncompromising": 0.2403242184340825,
    "sympathy": 0.20886388756593546,
    "fiery": 0.1975234312518534,
    "prone_to_worry": 0.7701625585219665,
    "immoderation": 0.7467717441118589
}