{
    "id": "1",
    "extraversion": 0.24743029961199225,
    "active": 0.6970914006204234,
    "assertive": 0.17325177715324847,
    "cheerful": 0.7840479223595539,
    "openness": 0.5773049507453832,
    "adventurous": 0.736485369482559,
    "artistic": 0.17594546497719601,
    "emotionally_aware": 0.24182898485894605,
    "imaginative": 0.8913286590880359,
    "intellectual": 0.7595616193245359,
    "conscientiousness": 0.3131387784077096,
    "cautious": 0.2669571052094172,
    "disciplined": 0.026265887409683643,
    "dutiful": 0.08648974550970993,
    "neuroticism": 0.6074703645716842,
    "melancholy": 0.17105403907306022,
    "self_conscious": 0.7441482792488794,
    "authority_challenging": 0,
    "achievement_striving": 0.12620462302957222,
    "orderliness": 0.11722890511800686,
    "self_efficacy": 0.6944366108155943,
    "stress_prone": 0.7438759931150507,
    "agreeableness": 0.6317621775111103,
    "cooperative": 0.15362772650802758,
    "trusting": 0.8978732508047029,
    "excitement_seeking": 0.7025176742874369,
    "outgoing": 0.824219851604057,
    "gregariousness": 0.7649587194772106,
    "altruism": 0.7804401310863245,
    "modesty": 0.22595859305864852,
    "uncompromising": 0.23941730767360672,
    "sympathy": 0.8374549026090847,
    "fiery": 0.762605389320549,
    "prone_to_worry": 0.17780284539009852,
    "immoderation": 1
}