{
    "id": "1",
    "extraversion": 0.6773524242294338,
    "active": 0.7431474257298409,
    "assertive": 0.14032666009345393,
    "cheerful": 0.7968448578899987,
    "openness": 0.335593946928452,
    "adventurous": 0.6501650447978737,
    "artistic": 0.22711878938569038,
    "emotionally_aware": 0.23642131435675398,
    "imaginative": 0.9806747545762421,
    "intellectual": 0.655429330818365,
    "conscientiousness": 0.3361426672954087,
    "cautious": 0.2705963047112787,
    "disciplined": 0.7168345693831182,
    "dutiful": 0.7115188408282248,
    "neuroticism": 0.5749303382346637,
    "melancholy": 0.08196510481416382,
    "self_conscious": 0.20462125434046383,
    "authority_challenging": 0.8048613195010074,
    "achievement_striving": 0.14477643931924375,
    "orderliness": 0.8440948257384147,
    "self_efficacy": 0.6874951772623998,
    "stress_prone": 0.7151369657478459,
    "agreeableness": 0.6231834355039225,
    "cooperative": 0.7949414841171175,
    "trusting": 1,
    "excitement_seeking": 0.8111887512324774,
    "outgoing": 0.7707120504136836,
    "gregariousness": 0.747194238436147,
    "altruism": 0.7941355510781497,
    "modesty": 0.7122990525999914,
    "uncompromising": 0.2209971277918292,
    "sympathy": 0.7174604535516783,
    "fiery": 0.1444077678226947,
    "prone_to_worry": 0,
    "immoderation": 0.14683414069533157
}