{
    "id": "1",
    "extraversion": 0.28493382992196975,
    "active": 0.9069218302224988,
    "assertive": 0,
    "cheerful": 0.7239210467000826,
    "openness": 0.28890510792216295,
    "adventurous": 0.7229335937919265,
    "artistic": 0.17799911987892966,
    "emotionally_aware": 0.7468041945282229,
    "imaginative": 1,
    "intellectual": 0.8580643776363382,
    "conscientiousness": 0.6666380448432419,
    "cautious": 0.781783640481276,
    "disciplined": 0.7963807704279321,
    "dutiful": 0.7934184117034636,
    "neuroticism": 0.6373901190310082,
    "melancholy": 0.13748135109317475,
    "self_conscious": 0.9528920563706811,
    "authority_challenging": 0.026231901168843733,
    "achievement_striving": 0.20236344706930415,
    "orderliness": 0.8428876557653296,
    "self_efficacy": 0.8116648241367836,
    "stress_prone": 0.76950487823203,
    "agreeableness": 0.6152153613326321,
    "cooperative": 0.7896295978276036,
    "trusting": 0.09455934913973534,
    "excitement_seeking": 0.1547188442507701,
    "outgoing": 0.7866994386544881,
    "gregariousness": 0.15886185319151216,
    "altruism": 0.7482746407066728,
    "modesty": 0.757226115982784,
    "uncompromising": 0.8207236312507379,
    "sympathy": 0.8543936287821057,
    "fiery": 0.0005581255567839307,
    "prone_to_worry": 0.8025738174714766,
    "immoderation": 0.05703613862980178
}