{
    "id": "1",
    "extraversion": 0.6262250954769244,
    "active": 0.9241706161137441,
    "assertive": 0.8211130538811946,
    "cheerful": 0.6889752910320711,
    "openness": 0.6321722725808678,
    "adventurous": 0.17738002116596882,
    "artistic": 0.690148621911379,
    "emotionally_aware": 0.7394630285740579,
    "imaginative": 0.8584870933603276,
    "intellectual": 0.7727074034877836,
    "conscientiousness": 0.27440988358717155,
    "cautious": 0.17761008604426445,
    "disciplined": 0,
    "dutiful": 0.03714397460083742,
    "neuroticism": 0.7274076289513642,
    "melancholy": 0.7845672479639259,
    "self_conscious": 0.7478603966318502,
    "authority_challenging": 0.8232066442736852,
    "achievement_striving": 0.9065821561680394,
    "orderliness": 0.1297795978465927,
    "self_efficacy": 0.7323540238347214,
    "stress_prone": 0.9714719550913357,
    "agreeableness": 0.22377260387429254,
    "cooperative": 0.1308954125063268,
    "trusting": 0.8997722357704873,
    "excitement_seeking": 0.825875396861915,
    "outgoing": 0.731146183223669,
    "gregariousness": 0.6945543643307414,
    "altruism": 0.74228132333318,
    "modesty": 0.07554180278838633,
    "uncompromising": 0.048244604978603944,
    "sympathy": 0.03690240647862697,
    "fiery": 0.7818294759122072,
    "prone_to_worry": 0.9153821377628492,
    "immoderation": 1
}