{
    "id": "1",
    "extraversion": 0.25552038897298285,
    "active": 0.9124443832851704,
    "assertive": 0.03266822622815465,
    "cheerful": 0.6814916746938213,
    "openness": 0.2759965139213797,
    "adventurous": 0.7327095087381313,
    "artistic": 0.11590294023209946,
    "emotionally_aware": 0.7474794734186505,
    "imaginative": 0.9284711710471998,
    "intellectual": 0.7815513049860098,
    "conscientiousness": 0.2867574881886152,
    "cautious": 0.19536718499151415,
    "disciplined": 0.17668914269987615,
    "dutiful": 0.05099766065776797,
    "neuroticism": 0.6553460850419706,
    "melancholy": 0.9133892940690794,
    "self_conscious": 1,
    "authority_challenging": 0.7712765469473878,
    "achievement_striving": 0.7200036695564423,
    "orderliness": 0.2527865694234209,
    "self_efficacy": 0.19667905141965963,
    "stress_prone": 0.7697261593504885,
    "agreeableness": 0.3481950369249117,
    "cooperative": 0.11033438833081051,
    "trusting": 0,
    "excitement_seeking": 0.6931149947250127,
    "outgoing": 0.7779551396724921,
    "gregariousness": 0.15312141644878677,
    "altruism": 0.17259758726663912,
    "modesty": 0.18900967845511674,
    "uncompromising": 0.7177927617999175,
    "sympathy": 0.8137608366588689,
    "fiery": 0.22914545204348424,
    "prone_to_worry": 0.8021466905187835,
    "immoderation": 0.9290032567313425
}