{
    "id": "1",
    "extraversion": 0.7707241269876011,
    "active": 0.9225204915790279,
    "assertive": 0.1313430875802974,
    "cheerful": 0.7753531993127524,
    "openness": 0.6642116897755502,
    "adventurous": 0.8181091935783932,
    "artistic": 0.7874238063450026,
    "emotionally_aware": 0.7621444752076516,
    "imaginative": 0.8765361844625132,
    "intellectual": 0.8388469998577353,
    "conscientiousness": 0.3103995447531709,
    "cautious": 0.20788146072948924,
    "disciplined": 0.19029536326727145,
    "dutiful": 0,
    "neuroticism": 0.7029952177196074,
    "melancholy": 0.7932457129099684,
    "self_conscious": 0.9442979240306854,
    "authority_challenging": 0.911598945053021,
    "achievement_striving": 0.8076910449884546,
    "orderliness": 0.20628371945414153,
    "self_efficacy": 0.2406789306076888,
    "stress_prone": 0.8062136814804276,
    "agreeableness": 0.4072051565458147,
    "cooperative": 0.197178782871338,
    "trusting": 0.9454688714037142,
    "excitement_seeking": 0.9421639545190909,
    "outgoing": 0.97307915385373,
    "gregariousness": 0.8843716827717528,
    "altruism": 0.8373805797831012,
    "modesty": 0.20114030575952896,
    "uncompromising": 0.08709878637323673,
    "sympathy": 0.9135249893301525,
    "fiery": 0.8594644283697567,
    "prone_to_worry": 0.8561704549185261,
    "immoderation": 1
}