{
    "id": "1",
    "extraversion": 0.6638461237121479,
    "active": 0.8516374818819289,
    "assertive": 0.9404454107415677,
    "cheerful": 0.10992282681082775,
    "openness": 0.6218611666079054,
    "adventurous": 0.13022485995220745,
    "artistic": 0.7413522936498609,
    "emotionally_aware": 0.7908391115289692,
    "imaginative": 0.8132565518862381,
    "intellectual": 0.7826223214635485,
    "conscientiousness": 0.5871038508246171,
    "cautious": 0.6987993105339445,
    "disciplined": 1,
    "dutiful": 0.8363595408782858,
    "neuroticism": 0.6072589806871156,
    "melancholy": 0.7069769263916637,
    "self_conscious": 0.8650056802601168,
    "authority_challenging": 0.719669369686998,
    "achievement_striving": 0.7932287381987699,
    "orderliness": 0.6758334312688526,
    "self_efficacy": 0.7003760723939358,
    "stress_prone": 0.8334606495083636,
    "agreeableness": 0.3073510400752144,
    "cooperative": 0.6698397774905003,
    "trusting": 0.0204685235241117,
    "excitement_seeking": 0.6620832843655737,
    "outgoing": 0.032357895561562225,
    "gregariousness": 0.17084851333881773,
    "altruism": 0.7504896775962707,
    "modesty": 0.6624358522348885,
    "uncompromising": 0.18933873937399617,
    "sympathy": 0,
    "fiery": 0.7054589258432248,
    "prone_to_worry": 0.7155462843263996,
    "immoderation": 0.16244564578681392
}