{
    "id": "1",
    "extraversion": 0.30223846189312553,
    "active": 0.06690027202729491,
    "assertive": 0.01456959749181611,
    "cheerful": 0.22143713403107568,
    "openness": 0.2923256028401494,
    "adventurous": 0.22335054635990595,
    "artistic": 0.12166305500484113,
    "emotionally_aware": 0.7847065332657107,
    "imaginative": 1,
    "intellectual": 0.9240398358614966,
    "conscientiousness": 0.3067684079487298,
    "cautious": 0.2785628659689243,
    "disciplined": 0,
    "dutiful": 0.164311402093227,
    "neuroticism": 0.7417239153487943,
    "melancholy": 0.9100004610632118,
    "self_conscious": 0.9160980220388215,
    "authority_challenging": 0.0443427543916271,
    "achievement_striving": 0.2125501406242796,
    "orderliness": 0.23123472728111025,
    "self_efficacy": 0.1731868689197289,
    "stress_prone": 0.9344368112868275,
    "agreeableness": 0.3164622619761169,
    "cooperative": 0.03363456129835399,
    "trusting": 0.09505970768592373,
    "excitement_seeking": 0.7874844391166028,
    "outgoing": 0.7481557471529348,
    "gregariousness": 0.20291391949836324,
    "altruism": 0.7958296832495735,
    "modesty": 0.09631610493798702,
    "uncompromising": 0.8110562958181567,
    "sympathy": 0.9703997418046014,
    "fiery": 0.8069182534925539,
    "prone_to_worry": 0.9059892111208447,
    "immoderation": 0.9251348609894418
}