{
    "id": "1",
    "extraversion": 0.3024180503229981,
    "active": 0.8757266152513541,
    "assertive": 0.17401195980004383,
    "cheerful": 0.7167426764487952,
    "openness": 0.3301468362884963,
    "adventurous": 0.06399432274762322,
    "artistic": 0.09958151135972282,
    "emotionally_aware": 0.7064109120130243,
    "imaginative": 0.7912879222717358,
    "intellectual": 0.7622754928460359,
    "conscientiousness": 0.25400486323457283,
    "cautious": 0.23700441448116805,
    "disciplined": 0,
    "dutiful": 0.12579705909977984,
    "neuroticism": 0.6873754187495433,
    "melancholy": 0.8102399265296751,
    "self_conscious": 0.7760616148860897,
    "authority_challenging": 0.7740370065017063,
    "achievement_striving": 0.7580279896891079,
    "orderliness": 0.19220212688241617,
    "self_efficacy": 0.18573172895294351,
    "stress_prone": 0.9711545485853832,
    "agreeableness": 0.0963463123949865,
    "cooperative": 0.03615073939950533,
    "trusting": 0.11315891088592274,
    "excitement_seeking": 0.794564865739243,
    "outgoing": 0.699032571148287,
    "gregariousness": 0.7221903340603835,
    "altruism": 0.7175984387555965,
    "modesty": 0.18358188706024775,
    "uncompromising": 0.17063065507560976,
    "sympathy": 0.7345988875090012,
    "fiery": 1,
    "prone_to_worry": 0.8688283361684809,
    "immoderation": 0.7905052128447836
}