{
    "id": "1",
    "extraversion": 0.6321754272053832,
    "active": 1,
    "assertive": 0.07079262953890346,
    "cheerful": 0.7207350785546343,
    "openness": 0.3279225570345011,
    "adventurous": 0.22755757557870712,
    "artistic": 0.18923944160788594,
    "emotionally_aware": 0.2794420013969641,
    "imaginative": 0.7950791449005893,
    "intellectual": 0.7000068864425623,
    "conscientiousness": 0.26547236077088804,
    "cautious": 0.153439778059794,
    "disciplined": 0,
    "dutiful": 0.09621344036832631,
    "neuroticism": 0.6723430628928962,
    "melancholy": 0.16647483005243535,
    "self_conscious": 0.8153843126838435,
    "authority_challenging": 0.7766726677094709,
    "achievement_striving": 0.770051845074718,
    "orderliness": 0.20745900107231752,
    "self_efficacy": 0.7195053566685359,
    "stress_prone": 0.8098259697586795,
    "agreeableness": 0.2917884091333904,
    "cooperative": 0.16263809776780883,
    "trusting": 0.8127182756347825,
    "excitement_seeking": 0.8635008706430954,
    "outgoing": 0.8136036753927732,
    "gregariousness": 0.7584432704699506,
    "altruism": 0.7071097600566656,
    "modesty": 0.1536758846619249,
    "uncompromising": 0.12080787809029107,
    "sympathy": 0.7222796092435736,
    "fiery": 0.818345482985568,
    "prone_to_worry": 0.8026640694940433,
    "immoderation": 0.8417298743716122
}