{
    "id": "1",
    "extraversion": 0.5839645813123077,
    "active": 0.8591095791450803,
    "assertive": 0.8543932795310533,
    "cheerful": 0.1878573345167083,
    "openness": 0.7246073190365127,
    "adventurous": 0.22122231625007738,
    "artistic": 0.2297570641292906,
    "emotionally_aware": 0.6776507255051704,
    "imaginative": 0.8064665937377448,
    "intellectual": 0.9077173935478544,
    "conscientiousness": 0.5894136101880327,
    "cautious": 0.16285165844496272,
    "disciplined": 0.053293153625461845,
    "dutiful": 0.09010505892794485,
    "neuroticism": 0.5957811306734917,
    "melancholy": 0.7631839666453384,
    "self_conscious": 0.14878532064645297,
    "authority_challenging": 0.9542095812091064,
    "achievement_striving": 0.8683151355033127,
    "orderliness": 0.7640921381246258,
    "self_efficacy": 0.7018204710107536,
    "stress_prone": 0.7188280459865012,
    "agreeableness": 0.30403104295238287,
    "cooperative": 0.6991062767033375,
    "trusting": 0.17447212532766412,
    "excitement_seeking": 0.6662882618836301,
    "outgoing": 0.8801936056471752,
    "gregariousness": 0.6924910730871637,
    "altruism": 0.7393444653140415,
    "modesty": 0.05105368531858244,
    "uncompromising": 0.7148857561559577,
    "sympathy": 0.13073541249561396,
    "fiery": 0.7197362174657889,
    "prone_to_worry": 0,
    "immoderation": 1
}