{
    "id": "1",
    "extraversion": 0.3299897734937662,
    "active": 0.1624491394503797,
    "assertive": 0,
    "cheerful": 0.7588067625492286,
    "openness": 0.6727626797798038,
    "adventurous": 0.20778302399965184,
    "artistic": 0.21210209099414692,
    "emotionally_aware": 0.6953806653756609,
    "imaginative": 0.971126438782393,
    "intellectual": 1,
    "conscientiousness": 0.6588372244826911,
    "cautious": 0.7035727496246654,
    "disciplined": 0.12204356056485129,
    "dutiful": 0.16911812702626253,
    "neuroticism": 0.757860266759503,
    "melancholy": 0.7720577036053874,
    "self_conscious": 0.88110054613895,
    "authority_challenging": 0.1758741486977523,
    "achievement_striving": 0.2419112687395287,
    "orderliness": 0.20024369546769946,
    "self_efficacy": 0.7482429991949346,
    "stress_prone": 0.9195260993494202,
    "agreeableness": 0.30565286450967166,
    "cooperative": 0.06585217258861156,
    "trusting": 0.10642094040340305,
    "excitement_seeking": 0.7717857220566157,
    "outgoing": 0.7800648404012271,
    "gregariousness": 0.7004068843969624,
    "altruism": 0.21610565939206683,
    "modesty": 0.030113797080006072,
    "uncompromising": 0.8157270610761767,
    "sympathy": 0.8151069431449771,
    "fiery": 0.8748558497791509,
    "prone_to_worry": 0.8904458321547466,
    "immoderation": 0.8495071694336257
}