{
    "id": "1",
    "extraversion": 0.7331124110957067,
    "active": 0.9144264475478758,
    "assertive": 0.17042572616914078,
    "cheerful": 0.3112974672843472,
    "openness": 0.36145583245978874,
    "adventurous": 0.8292248560060416,
    "artistic": 0.2871763658291911,
    "emotionally_aware": 0.8360215962758824,
    "imaginative": 0.9269265884421601,
    "intellectual": 0.9634013007360317,
    "conscientiousness": 0.43483357567150216,
    "cautious": 0.8009332837385453,
    "disciplined": 0.19469335767986565,
    "dutiful": 0.2380211679572583,
    "neuroticism": 0.4056628230705937,
    "melancholy": 0.19621501594923293,
    "self_conscious": 0.8885808000541036,
    "authority_challenging": 0.1659960098738714,
    "achievement_striving": 0.2533955522492363,
    "orderliness": 0.8415897383874932,
    "self_efficacy": 0.9141672020649467,
    "stress_prone": 0.26317925134413145,
    "agreeableness": 0.41418410937905076,
    "cooperative": 0.9722269186983622,
    "trusting": 0.9043271452563713,
    "excitement_seeking": 0.27926374282848093,
    "outgoing": 0.982765811156573,
    "gregariousness": 0.8727780971381552,
    "altruism": 0.25155829078325953,
    "modesty": 0.24911236600953574,
    "uncompromising": 1,
    "sympathy": 0.849434732131787,
    "fiery": 0.26546737451955044,
    "prone_to_worry": 0.9002806614141278,
    "immoderation": 0
}