{
    "id": "1",
    "extraversion": 0.3842017147785501,
    "active": 0.18241590989802653,
    "assertive": 0.20407894069301408,
    "cheerful": 0.7934452843589873,
    "openness": 0.40066967683019633,
    "adventurous": 0.21517934148445034,
    "artistic": 0.14709553041448942,
    "emotionally_aware": 0.8502663487392826,
    "imaginative": 0.9695499974633454,
    "intellectual": 0.9641418497285779,
    "conscientiousness": 0.2930140530668155,
    "cautious": 0.34424433057683534,
    "disciplined": 0.03548272538176658,
    "dutiful": 0.173436152402212,
    "neuroticism": 0.8086246258434376,
    "melancholy": 0.9832377860078129,
    "self_conscious": 0.9201664045456852,
    "authority_challenging": 0.17362893815635944,
    "achievement_striving": 0.27548069605803865,
    "orderliness": 0.22935416772360612,
    "self_efficacy": 0.16708436913398614,
    "stress_prone": 0.9947744914007407,
    "agreeableness": 0.253482826847953,
    "cooperative": 0.023489422150068492,
    "trusting": 0,
    "excitement_seeking": 0.7817259398305515,
    "outgoing": 0.19126376135152964,
    "gregariousness": 0.2609710314037847,
    "altruism": 0.7551925320886814,
    "modesty": 0.27465881994825225,
    "uncompromising": 0.28620567195981944,
    "sympathy": 0.8784739485566435,
    "fiery": 0.9341991781238903,
    "prone_to_worry": 0.9995129623053118,
    "immoderation": 1
}