{
    "id": "1",
    "extraversion": 0.6800200929298003,
    "active": 0.9828833354263468,
    "assertive": 0.9337561220645485,
    "cheerful": 0.14134120306417178,
    "openness": 0.7169534095190255,
    "adventurous": 0.19029260329021724,
    "artistic": 0.11965339696094433,
    "emotionally_aware": 0.8445435137510987,
    "imaginative": 1,
    "intellectual": 0.9100715810624137,
    "conscientiousness": 0.6474695466532714,
    "cautious": 0.7836368202938591,
    "disciplined": 0.9964209468793168,
    "dutiful": 0.9013688308426472,
    "neuroticism": 0.7794926535225417,
    "melancholy": 0.1556071832224036,
    "self_conscious": 0.7899033027753359,
    "authority_challenging": 0.028393821424086422,
    "achievement_striving": 0.8479090794926535,
    "orderliness": 0.08528192892126087,
    "self_efficacy": 0.8123069195027001,
    "stress_prone": 0.8370212231571016,
    "agreeableness": 0.30971995479090797,
    "cooperative": 0.8490141906316714,
    "trusting": 0,
    "excitement_seeking": 0.0946879316840387,
    "outgoing": 0.7941102599522792,
    "gregariousness": 0.16123320356649504,
    "altruism": 0.8774582443802587,
    "modesty": 0.06400853949516516,
    "uncompromising": 0.8526811503202311,
    "sympathy": 0.05442672359663442,
    "fiery": 0.16004018585960064,
    "prone_to_worry": 0.9238477960567625,
    "immoderation": 0.030465904809745075
}