{
    "id": "1",
    "extraversion": 0.38122905027932963,
    "active": 0,
    "assertive": 0.17191061452513967,
    "cheerful": 0.3056871508379888,
    "openness": 0.38646927374301676,
    "adventurous": 0.2456759776536313,
    "artistic": 0.7645586592178771,
    "emotionally_aware": 0.7157430167597765,
    "imaginative": 0.8810726256983239,
    "intellectual": 0.8529720670391062,
    "conscientiousness": 0.36931843575418993,
    "cautious": 0.771608938547486,
    "disciplined": 0.11273743016759775,
    "dutiful": 0.9298100558659218,
    "neuroticism": 0.6869497206703911,
    "melancholy": 0.8542011173184357,
    "self_conscious": 0.9108826815642458,
    "authority_challenging": 0.1360782122905028,
    "achievement_striving": 0.19675977653631288,
    "orderliness": 1,
    "self_efficacy": 0.7977094972067038,
    "stress_prone": 0.7656201117318435,
    "agreeableness": 0.677731843575419,
    "cooperative": 0.8002681564245809,
    "trusting": 0.13377653631284916,
    "excitement_seeking": 0.2532737430167598,
    "outgoing": 0.9389162011173184,
    "gregariousness": 0.23869273743016758,
    "altruism": 0.8265810055865921,
    "modesty": 0.926022346368715,
    "uncompromising": 0.25772067039106145,
    "sympathy": 0.8530055865921787,
    "fiery": 0.8544916201117317,
    "prone_to_worry": 0.808,
    "immoderation": 0.1799776536312849
}