{
    "id": "1",
    "extraversion": 0.6787703079700236,
    "active": 0.9032000437612822,
    "assertive": 0.06904436299983589,
    "cheerful": 0.7677916962967014,
    "openness": 0.36182922159619274,
    "adventurous": 0.28077238663092824,
    "artistic": 0.12824243750341885,
    "emotionally_aware": 0.6995022154149118,
    "imaginative": 1,
    "intellectual": 0.8552595591050817,
    "conscientiousness": 0.3622668344182485,
    "cautious": 0.746129861604945,
    "disciplined": 0,
    "dutiful": 0.08065204310486297,
    "neuroticism": 0.7521470379082107,
    "melancholy": 0.21169520266943823,
    "self_conscious": 0.8495924730594606,
    "authority_challenging": 0.8925988731469832,
    "achievement_striving": 0.14928067392374597,
    "orderliness": 0.21208905420928836,
    "self_efficacy": 0.2261145451561731,
    "stress_prone": 0.9866746895684043,
    "agreeableness": 0.2772933646955856,
    "cooperative": 0.06613423773316558,
    "trusting": 0.1716973907335485,
    "excitement_seeking": 0.8758164214211477,
    "outgoing": 0.8291340736283573,
    "gregariousness": 0.8089929434932444,
    "altruism": 0.7938953011323231,
    "modesty": 0.17942125704283138,
    "uncompromising": 0.19382965920901482,
    "sympathy": 0.8103823642032711,
    "fiery": 0.9838192659044909,
    "prone_to_worry": 0.8679284503035939,
    "immoderation": 0.8793939062414529
}