{
    "id": "1",
    "extraversion": 0.7563324482656889,
    "active": 0.9324925190711004,
    "assertive": 0,
    "cheerful": 0.7786171871707337,
    "openness": 0.3031356682260715,
    "adventurous": 0.7329308382854975,
    "artistic": 0.7022801028364312,
    "emotionally_aware": 0.7265562439415012,
    "imaginative": 0.8712753403295824,
    "intellectual": 1,
    "conscientiousness": 0.6451721667298859,
    "cautious": 0.3047161461625996,
    "disciplined": 0.08155266152484508,
    "dutiful": 0.9043600118009019,
    "neuroticism": 0.6875289754288364,
    "melancholy": 0.9513844986723986,
    "self_conscious": 0.8940658321743162,
    "authority_challenging": 0.9248219328191513,
    "achievement_striving": 0.17932102667846758,
    "orderliness": 0.21102541408521935,
    "self_efficacy": 0.8140725755468454,
    "stress_prone": 0.7602941796265859,
    "agreeableness": 0.6458781135415349,
    "cooperative": 0.13488852362287687,
    "trusting": 0.14005141821553505,
    "excitement_seeking": 0.2673536477430775,
    "outgoing": 0.8528891136679733,
    "gregariousness": 0.7583976061027522,
    "altruism": 0.7990264255910988,
    "modesty": 0.1432018375690142,
    "uncompromising": 0.8016289459265816,
    "sympathy": 0.791113499388882,
    "fiery": 0.2057044716989084,
    "prone_to_worry": 0.8521094112192861,
    "immoderation": 0.8581257638976694
}