{
    "id": "1",
    "extraversion": 0.6382170630001127,
    "active": 0.7388932717232052,
    "assertive": 0.13264961117998425,
    "cheerful": 0.7885157218528119,
    "openness": 0.33713512904316467,
    "adventurous": 0.6548179871520342,
    "artistic": 0.6906119688943988,
    "emotionally_aware": 0.6836132086103911,
    "imaginative": 1,
    "intellectual": 0.8394567789924491,
    "conscientiousness": 0.2861377211766032,
    "cautious": 0.26163642510988394,
    "disciplined": 0.876918742251775,
    "dutiful": 0,
    "neuroticism": 0.7062436605432211,
    "melancholy": 0.1975205680153274,
    "self_conscious": 0.8105150456440889,
    "authority_challenging": 0.8676208723092529,
    "achievement_striving": 0.7569142341936211,
    "orderliness": 0.18228333145497577,
    "self_efficacy": 0.8017017919531163,
    "stress_prone": 0.886520906119689,
    "agreeableness": 0.3256508508959766,
    "cooperative": 0.7500394455088472,
    "trusting": 0.9428603628986815,
    "excitement_seeking": 0.8572410684097825,
    "outgoing": 0.8374394229685563,
    "gregariousness": 0.708869604417897,
    "altruism": 0.8643750704384088,
    "modesty": 0.1787895863856644,
    "uncompromising": 0.7637664825876254,
    "sympathy": 0.7651076298884256,
    "fiery": 0.21725459258424437,
    "prone_to_worry": 0.8182576355234983,
    "immoderation": 0.8463315676772231
}