{
    "id": "1",
    "extraversion": 0.2531743820403614,
    "active": 0.7398797914261831,
    "assertive": 0.06881144767742704,
    "cheerful": 0.16606297018668154,
    "openness": 0.557019464235959,
    "adventurous": 0.04305815388289618,
    "artistic": 0.17999442741710783,
    "emotionally_aware": 0.7180770608605661,
    "imaginative": 1,
    "intellectual": 0.6848107312024838,
    "conscientiousness": 0.24790033037455717,
    "cautious": 0.6371850495561836,
    "disciplined": 0,
    "dutiful": 0.07827488755323807,
    "neuroticism": 0.6023464554392389,
    "melancholy": 0.8118656211439716,
    "self_conscious": 0.8296779843171596,
    "authority_challenging": 0.7348346137005931,
    "achievement_striving": 0.6984735103291805,
    "orderliness": 0.17387453727659913,
    "self_efficacy": 0.1742228237073598,
    "stress_prone": 0.852346455439239,
    "agreeableness": 0.24629821279305816,
    "cooperative": 0.11085459539067787,
    "trusting": 0.020598654619273172,
    "excitement_seeking": 0.6514946463400072,
    "outgoing": 0.1586295426501612,
    "gregariousness": 0.21235521235521235,
    "altruism": 0.16749592007323968,
    "modesty": 0.0178720694184612,
    "uncompromising": 0.7322672451538431,
    "sympathy": 0.17688970266289855,
    "fiery": 0.7687577120566811,
    "prone_to_worry": 0.728097759025594,
    "immoderation": 0.7767682999641762
}