{
    "id": "1",
    "extraversion": 0.2756476489263774,
    "active": 0.7993462456087617,
    "assertive": 0.06588266235840015,
    "cheerful": 0.7196558396423136,
    "openness": 0.35330916195450013,
    "adventurous": 0.13192500610546481,
    "artistic": 0,
    "emotionally_aware": 0.6449813078845033,
    "imaginative": 1,
    "intellectual": 0.7381319156130826,
    "conscientiousness": 0.3544551107437395,
    "cautious": 0.6700606789276924,
    "disciplined": 0.018992692228212843,
    "dutiful": 0.8288497304202437,
    "neuroticism": 0.6591178072927428,
    "melancholy": 0.09861734703462265,
    "self_conscious": 0.715814093291503,
    "authority_challenging": 0.1039244049520016,
    "achievement_striving": 0.705566305348387,
    "orderliness": 0.7147338956623019,
    "self_efficacy": 0.23343540418177372,
    "stress_prone": 0.8536567038004169,
    "agreeableness": 0.31665758674456607,
    "cooperative": 0.18145441566004766,
    "trusting": 0.8203208656609868,
    "excitement_seeking": 0.7217786628092652,
    "outgoing": 0.7146869305479888,
    "gregariousness": 0.30486934305198093,
    "altruism": 0.13338092464917053,
    "modesty": 0.22200409535796808,
    "uncompromising": 0.6958820987770283,
    "sympathy": 0.7257988765944655,
    "fiery": 0.2077548796753771,
    "prone_to_worry": 0.16618136048543136,
    "immoderation": 0.16053615374499816
}