{
    "id": "1",
    "extraversion": 0.2810282214996084,
    "active": 0.19052479172106046,
    "assertive": 0.13821176805677526,
    "cheerful": 0.8469060786594194,
    "openness": 0.30765944316536514,
    "adventurous": 0.09333982103439273,
    "artistic": 0.7773136170515773,
    "emotionally_aware": 0.7317770762621348,
    "imaginative": 0.9633405330991431,
    "intellectual": 0.9268709501317319,
    "conscientiousness": 0.7777289881559897,
    "cautious": 0.9124516389357007,
    "disciplined": 0.9214355225368495,
    "dutiful": 0.1581733165602525,
    "neuroticism": 0.7262823099380504,
    "melancholy": 0.2160523130236643,
    "self_conscious": 0.8438916712159692,
    "authority_challenging": 0.9306330255631247,
    "achievement_striving": 0.8906268543352875,
    "orderliness": 0.8273955044978757,
    "self_efficacy": 0.9390591251097766,
    "stress_prone": 0.2888490660084024,
    "agreeableness": 0.4421091357907479,
    "cooperative": 0.8809427737295579,
    "trusting": 0.9490873703448768,
    "excitement_seeking": 0.16587548361064294,
    "outgoing": 0.9100780897676296,
    "gregariousness": 0.2936198998362251,
    "altruism": 0.8421945835607986,
    "modesty": 0.22017042083026747,
    "uncompromising": 1,
    "sympathy": 0.9711732453537776,
    "fiery": 0.21734589732026297,
    "prone_to_worry": 0.8789015214450169,
    "immoderation": 0
}