{
    "id": "1",
    "extraversion": 0.33044520619965934,
    "active": 0.2217934428298038,
    "assertive": 0.07320561081785874,
    "cheerful": 0.26897436436668004,
    "openness": 0.7018674686126475,
    "adventurous": 0.15812496056865263,
    "artistic": 0.25371706168114244,
    "emotionally_aware": 0.7500052575129862,
    "imaginative": 0.8962272086812055,
    "intellectual": 0.9748796029526193,
    "conscientiousness": 0.788227376921621,
    "cautious": 0.9176673466383463,
    "disciplined": 0.9247439591175791,
    "dutiful": 0.867815608504553,
    "neuroticism": 0.7278606128157137,
    "melancholy": 0.8469748270278228,
    "self_conscious": 0.8405291161069168,
    "authority_challenging": 0.18673634623877525,
    "achievement_striving": 0.7904039872978487,
    "orderliness": 0.8509600218712541,
    "self_efficacy": 0.973102563563332,
    "stress_prone": 0.19697798153561447,
    "agreeableness": 0.690206304809573,
    "cooperative": 0.2785325229753318,
    "trusting": 0.19194128409497177,
    "excitement_seeking": 0.08975626169796645,
    "outgoing": 0.8221488507076613,
    "gregariousness": 0.18487518664171104,
    "altruism": 0.20999558368909177,
    "modesty": 0.8049252381653383,
    "uncompromising": 0.9023679838489203,
    "sympathy": 0.8801076738659545,
    "fiery": 0,
    "prone_to_worry": 1,
    "immoderation": 0.07623393829782761
}