{
    "id": "1",
    "extraversion": 0.28652144915499517,
    "active": 0.15289365396957227,
    "assertive": 0,
    "cheerful": 0.741527929832509,
    "openness": 0.6376357481721973,
    "adventurous": 0.23072470333597592,
    "artistic": 0.1681830193665295,
    "emotionally_aware": 0.8142751079064265,
    "imaginative": 0.975461512325871,
    "intellectual": 0.8781632627379918,
    "conscientiousness": 0.6294814199604867,
    "cautious": 0.769275296664024,
    "disciplined": 0.8874501365346622,
    "dutiful": 0.87427485622963,
    "neuroticism": 0.6708193338115193,
    "melancholy": 0.014207155171329007,
    "self_conscious": 0.9305120364428001,
    "authority_challenging": 0.09264222884971123,
    "achievement_striving": 0.7605043603005021,
    "orderliness": 0.7400807882517271,
    "self_efficacy": 0.8696817546906264,
    "stress_prone": 0.8334151282922472,
    "agreeableness": 0.3232662614670241,
    "cooperative": 0.7927693256320234,
    "trusting": 0.9310783092352801,
    "excitement_seeking": 0.7306429083770623,
    "outgoing": 0.9495010507506261,
    "gregariousness": 0.13813280984559625,
    "altruism": 0.09887122956699004,
    "modesty": 0.17651352133590045,
    "uncompromising": 0.9084399813759171,
    "sympathy": 0.8274126366919602,
    "fiery": 0.07726477657392378,
    "prone_to_worry": 0.8039563592434595,
    "immoderation": 1
}