{
    "id": "1",
    "extraversion": 0.3407488718136358,
    "active": 0.781851445298207,
    "assertive": 0,
    "cheerful": 0.782436882546652,
    "openness": 0.3110623246737407,
    "adventurous": 0.1968288815709233,
    "artistic": 0.15490913526039757,
    "emotionally_aware": 0.803683376021466,
    "imaginative": 0.8691059885351873,
    "intellectual": 0.8455177460665935,
    "conscientiousness": 0.6854616416636176,
    "cautious": 0.791340407366752,
    "disciplined": 0.06195877546042195,
    "dutiful": 0.8297963166239786,
    "neuroticism": 0.3006586169045005,
    "melancholy": 0.19537748505915353,
    "self_conscious": 0.7955848274179779,
    "authority_challenging": 0.9176484937187462,
    "achievement_striving": 0.9066349554823759,
    "orderliness": 0.17592389315770215,
    "self_efficacy": 0.8288083912672278,
    "stress_prone": 0.8243688254665202,
    "agreeableness": 0.32841809976826447,
    "cooperative": 0.1871325771435541,
    "trusting": 0.9739968288815709,
    "excitement_seeking": 0.9057080131723381,
    "outgoing": 0.877802170996463,
    "gregariousness": 0.8355165264056592,
    "altruism": 0.8615075009147458,
    "modesty": 0.15028662031955117,
    "uncompromising": 0.22321014757897303,
    "sympathy": 0.8569703622392975,
    "fiery": 0.8417977802170996,
    "prone_to_worry": 0.9239053543115013,
    "immoderation": 1
}