{
    "id": "1",
    "extraversion": 0.7707423050781629,
    "active": 0.8978177492960482,
    "assertive": 0,
    "cheerful": 0.8016433634333431,
    "openness": 0.2777696863773182,
    "adventurous": 0.27581561316632686,
    "artistic": 0.2276191863287698,
    "emotionally_aware": 0.7307505583066318,
    "imaginative": 0.9553233323623652,
    "intellectual": 0.9205748130886494,
    "conscientiousness": 0.6710117487134674,
    "cautious": 0.7407879405767551,
    "disciplined": 0.1796655015050005,
    "dutiful": 0.10617535683076028,
    "neuroticism": 0.6595421885619964,
    "melancholy": 0.9127706573453733,
    "self_conscious": 0.8717836683173125,
    "authority_challenging": 1,
    "achievement_striving": 0.7972011845810273,
    "orderliness": 0.1974584911156423,
    "self_efficacy": 0.9296533644043111,
    "stress_prone": 0.17919215457811444,
    "agreeableness": 0.6711209826196719,
    "cooperative": 0.8545368482376929,
    "trusting": 0.872863870278668,
    "excitement_seeking": 0.12651713758617342,
    "outgoing": 0.9700577725992815,
    "gregariousness": 0.871395281095252,
    "altruism": 0.20234974269346542,
    "modesty": 0.03170210700067972,
    "uncompromising": 0.8846247208466842,
    "sympathy": 0.8572434216914264,
    "fiery": 0.11018060005825812,
    "prone_to_worry": 0.8732765317021072,
    "immoderation": 0.026980774832508044
}