{
    "id": "1",
    "extraversion": 0.722568952823243,
    "active": 0.82767174491703,
    "assertive": 0.8804213626323837,
    "cheerful": 0.23307470125162824,
    "openness": 0.7157954352381493,
    "adventurous": 0.2590360763436597,
    "artistic": 0.7817296256442204,
    "emotionally_aware": 0.8107945857167129,
    "imaginative": 0.9554850767401031,
    "intellectual": 0.8344112816446736,
    "conscientiousness": 0.7109814804326896,
    "cautious": 0.8065243246304582,
    "disciplined": 0.9250608823695985,
    "dutiful": 0,
    "neuroticism": 0.764977062921221,
    "melancholy": 0.2402899699835759,
    "self_conscious": 0.8513224217024409,
    "authority_challenging": 0.16138641898397235,
    "achievement_striving": 0.19373619527666083,
    "orderliness": 0.8201733023729966,
    "self_efficacy": 0.8893470011893301,
    "stress_prone": 0.8551849124992921,
    "agreeableness": 0.3895112420003398,
    "cooperative": 0.8340374922127202,
    "trusting": 0.1056125049555417,
    "excitement_seeking": 0.8153253667100867,
    "outgoing": 0.8539842555360481,
    "gregariousness": 0.921606161862151,
    "altruism": 1,
    "modesty": 0.8726737271337147,
    "uncompromising": 0.9114572124369938,
    "sympathy": 0.16439938834456588,
    "fiery": 0.8089482924619131,
    "prone_to_worry": 0.9387438409695871,
    "immoderation": 0.017647391969190733
}