{
    "id": "1",
    "extraversion": 0.7263827772517129,
    "active": 0.9988442043112572,
    "assertive": 0.022531053305854136,
    "cheerful": 0.8260736367180972,
    "openness": 0.6828802985573442,
    "adventurous": 0.15685400768673755,
    "artistic": 0.15663120369854616,
    "emotionally_aware": 0.7543307525204701,
    "imaginative": 0.8965353979836238,
    "intellectual": 0.856416754859912,
    "conscientiousness": 0.332729905865315,
    "cautious": 0.820308583523645,
    "disciplined": 0.026249094858797943,
    "dutiful": 0.08557065671475513,
    "neuroticism": 0.6749846822258119,
    "melancholy": 0.1385840806550437,
    "self_conscious": 0.8568484375870328,
    "authority_challenging": 1,
    "achievement_striving": 0.9120202751629254,
    "orderliness": 0.19371414248315044,
    "self_efficacy": 0.823970924079541,
    "stress_prone": 0.8246393360441152,
    "agreeableness": 0.6484710076310366,
    "cooperative": 0.864813680164875,
    "trusting": 0.008355149557177003,
    "excitement_seeking": 0.14047791455467049,
    "outgoing": 0.9661198685456469,
    "gregariousness": 0.8588118977329694,
    "altruism": 0.8918425889823428,
    "modesty": 0.1525232551662674,
    "uncompromising": 0.8465437531331811,
    "sympathy": 0.8579485322787277,
    "fiery": 0.8668606918063833,
    "prone_to_worry": 0.8468501086169441,
    "immoderation": 0
}