{
    "id": "1",
    "extraversion": 0.223899411041905,
    "active": 1,
    "assertive": 0.7583576967077666,
    "cheerful": 0.12272785051480871,
    "openness": 0.5798271259692386,
    "adventurous": 0.13923138850048727,
    "artistic": 0.741621117749248,
    "emotionally_aware": 0.7636011185966697,
    "imaginative": 0.901794415490869,
    "intellectual": 0.7721388924198128,
    "conscientiousness": 0.11897800940638109,
    "cautious": 0.11587432735901022,
    "disciplined": 0.9350769035210372,
    "dutiful": 0.040030083471039354,
    "neuroticism": 0.5875386636159485,
    "melancholy": 0.755762467692047,
    "self_conscious": 0.984428625905682,
    "authority_challenging": 0.7043133765518411,
    "achievement_striving": 0.6707025126053981,
    "orderliness": 0,
    "self_efficacy": 0.6355768823354944,
    "stress_prone": 0.7766937841616881,
    "agreeableness": 0.19262954959535614,
    "cooperative": 0.036354391763060906,
    "trusting": 0.04527350535994237,
    "excitement_seeking": 0.6263717639083091,
    "outgoing": 0.6782233803652388,
    "gregariousness": 0.1152917249269099,
    "altruism": 0.04443667641201643,
    "modesty": 0.012065166730223308,
    "uncompromising": 0.06420278801745688,
    "sympathy": 0.6346764967586119,
    "fiery": 0.6781174526503114,
    "prone_to_worry": 0.7191856277276386,
    "immoderation": 0.8257277234015508
}