{
    "id": "1",
    "extraversion": 0.15659159752403534,
    "active": 0.8687049813086953,
    "assertive": 1,
    "cheerful": 0.17028842354800475,
    "openness": 0.3271231599955425,
    "adventurous": 0.08992087854197693,
    "artistic": 0.7282314682551744,
    "emotionally_aware": 0.8616134293732081,
    "imaginative": 0.7909410489418391,
    "intellectual": 0.7301664488547144,
    "conscientiousness": 0.6226585215127294,
    "cautious": 0.7089627085676078,
    "disciplined": 0.9225906452299183,
    "dutiful": 0.8419596997234295,
    "neuroticism": 0.6264474364039754,
    "melancholy": 0.705487848119219,
    "self_conscious": 0.809845100244152,
    "authority_challenging": 0.13654276712356522,
    "achievement_striving": 0.7444913837643984,
    "orderliness": 0.11733479216687438,
    "self_efficacy": 0.718100679775907,
    "stress_prone": 0.8228631634400105,
    "agreeableness": 0.3123524703927707,
    "cooperative": 0.819884711627106,
    "trusting": 0.039246674568681736,
    "excitement_seeking": 0.10935173084521171,
    "outgoing": 0.1524177126705772,
    "gregariousness": 0.2407581882097884,
    "altruism": 0.13535746487149095,
    "modesty": 0,
    "uncompromising": 0.7714392811192495,
    "sympathy": 0.7150209200782097,
    "fiery": 0.7831200802358447,
    "prone_to_worry": 0.719954614067613,
    "immoderation": 0.8475721565409435
}