{
    "id": "1",
    "extraversion": 0.7947911793822957,
    "active": 0.8347276465660731,
    "assertive": 0,
    "cheerful": 0.8416031157189325,
    "openness": 0.6411266195972629,
    "adventurous": 0.7328358046583479,
    "artistic": 0.24634196755909965,
    "emotionally_aware": 0.2175672588418316,
    "imaginative": 0.8327803222332221,
    "intellectual": 0.7933442847662666,
    "conscientiousness": 0.2495403661840058,
    "cautious": 0.28152435243306756,
    "disciplined": 0.17574874076652774,
    "dutiful": 0.0684174454150847,
    "neuroticism": 0.6454890612591246,
    "melancholy": 0.07428117622741268,
    "self_conscious": 0.8005570000326367,
    "authority_challenging": 1,
    "achievement_striving": 0.08513832530107375,
    "orderliness": 0.2313725916819878,
    "self_efficacy": 0.7753288149606729,
    "stress_prone": 0.23541954504411394,
    "agreeableness": 0.6995898652103437,
    "cooperative": 0.7720107483600048,
    "trusting": 0.989567128294949,
    "excitement_seeking": 0.8736306175955441,
    "outgoing": 0.8919289389802113,
    "gregariousness": 0.8909280795465673,
    "altruism": 0.8191490519032647,
    "modesty": 0.7944865699894474,
    "uncompromising": 0.8019495001142286,
    "sympathy": 0.7732944593727222,
    "fiery": 0.7677462168601299,
    "prone_to_worry": 0.10393707640256308,
    "immoderation": 0.9195069679398614
}