{
    "id": "1",
    "extraversion": 0.3059993150546949,
    "active": 1,
    "assertive": 0.1699772356413304,
    "cheerful": 0.7672898325913093,
    "openness": 0.6892362859848103,
    "adventurous": 0.12231310058623264,
    "artistic": 0.164820000402909,
    "emotionally_aware": 0.8373154173129999,
    "imaginative": 0.11800197425411474,
    "intellectual": 0.903845766433651,
    "conscientiousness": 0.7305243860674067,
    "cautious": 0.7377968935715868,
    "disciplined": 0.05024275267430854,
    "dutiful": 0.046163299018916616,
    "neuroticism": 0.700960937972159,
    "melancholy": 0.7535707810391022,
    "self_conscious": 0.9064848204033119,
    "authority_challenging": 0.029492939019722424,
    "achievement_striving": 0.9082274018412941,
    "orderliness": 0.20911984528294286,
    "self_efficacy": 0.18194363303048008,
    "stress_prone": 0.8107435685650396,
    "agreeableness": 0.28671004653598986,
    "cooperative": 0.8798726807550515,
    "trusting": 0.0894357259412962,
    "excitement_seeking": 0.08567859948830558,
    "outgoing": 0,
    "gregariousness": 0.2055843187816032,
    "altruism": 0.22897318640585027,
    "modesty": 0.07114365720502028,
    "uncompromising": 0.8631821753057072,
    "sympathy": 0.09624488809202444,
    "fiery": 0.8679868651665021,
    "prone_to_worry": 0.758294889099297,
    "immoderation": 0.9100102741795766
}