{
    "id": "1",
    "extraversion": 0.2561497705662519,
    "active": 0.23822082406925582,
    "assertive": 0.18138275225885797,
    "cheerful": 0.2772482142012394,
    "openness": 0.46964142107006007,
    "adventurous": 0.27890392166138417,
    "artistic": 0.0702729552012867,
    "emotionally_aware": 0.34907043852594727,
    "imaginative": 0.9979303656748191,
    "intellectual": 0.9681985902833625,
    "conscientiousness": 0.7550144283078669,
    "cautious": 0.8685250011826482,
    "disciplined": 0.9876886323856379,
    "dutiful": 0.9966294526704196,
    "neuroticism": 0.39597426557547655,
    "melancholy": 0.23626945456265666,
    "self_conscious": 0.9096220256398126,
    "authority_challenging": 0.09182080514688483,
    "achievement_striving": 0.2407635176687639,
    "orderliness": 0.9654430200104073,
    "self_efficacy": 0.9499858082217701,
    "stress_prone": 0.08788258668811194,
    "agreeableness": 0.4896991343015279,
    "cooperative": 1,
    "trusting": 0.1991816074554141,
    "excitement_seeking": 0.13579166469558634,
    "outgoing": 0.18528549127205637,
    "gregariousness": 0,
    "altruism": 0.17757462510052505,
    "modesty": 0.9108638062349211,
    "uncompromising": 0.2907304035195609,
    "sympathy": 0.2703415487960641,
    "fiery": 0.16195184256587344,
    "prone_to_worry": 0.9559818345238658,
    "immoderation": 0.07894176640333031
}