{
    "id": "1",
    "extraversion": 0.2615448242835842,
    "active": 0.9143674970886256,
    "assertive": 0.1254884034784123,
    "cheerful": 0.1975163526735669,
    "openness": 0.3145808164908958,
    "adventurous": 0.054646771367312046,
    "artistic": 0.18484779225302295,
    "emotionally_aware": 0.7772009447002101,
    "imaginative": 0.85861059413807,
    "intellectual": 0.7400768385193893,
    "conscientiousness": 0.6088418715512457,
    "cautious": 0.691394303501268,
    "disciplined": 0.9036035741883524,
    "dutiful": 0.08452237132813097,
    "neuroticism": 0.6177664587890859,
    "melancholy": 0.9399984762899839,
    "self_conscious": 1,
    "authority_challenging": 0.112504217411652,
    "achievement_striving": 0.732969819658036,
    "orderliness": 0.15289341648436566,
    "self_efficacy": 0.7552812877526366,
    "stress_prone": 0.8224007139669791,
    "agreeableness": 0.3141998889868417,
    "cooperative": 0.8598730967229352,
    "trusting": 0,
    "excitement_seeking": 0.05855399919461044,
    "outgoing": 0.727081768809656,
    "gregariousness": 0.15145677561193285,
    "altruism": 0.09470946115083641,
    "modesty": 0.2278817165681697,
    "uncompromising": 0.7444302957085797,
    "sympathy": 0.719844146232627,
    "fiery": 0.14721215485247222,
    "prone_to_worry": 0.7336554891653334,
    "immoderation": 0.0268934817862235
}