{
    "id": "1",
    "extraversion": 0.6667388060551526,
    "active": 0.8647386465891358,
    "assertive": 0.04682605674712104,
    "cheerful": 0.7797318692834281,
    "openness": 0.6546307792192999,
    "adventurous": 0.799403141480528,
    "artistic": 0.765835544975112,
    "emotionally_aware": 0.7576002642579706,
    "imaginative": 0.9213035207818391,
    "intellectual": 0.8789652933605185,
    "conscientiousness": 0.32494618021937965,
    "cautious": 0.19287414714157164,
    "disciplined": 0.8979759206314853,
    "dutiful": 0,
    "neuroticism": 0.7598555693506316,
    "melancholy": 0.9089107332019637,
    "self_conscious": 0.9949084778968711,
    "authority_challenging": 0.8816876060733772,
    "achievement_striving": 0.7706195254746961,
    "orderliness": 0.18088002460332828,
    "self_efficacy": 0.7825225245748523,
    "stress_prone": 0.8863349014158305,
    "agreeableness": 0.3644823619195152,
    "cooperative": 0.2033305616620915,
    "trusting": 0.07051815064982404,
    "excitement_seeking": 0.9217819188317975,
    "outgoing": 0.8369232171129818,
    "gregariousness": 0.7570990853484901,
    "altruism": 0.934163315981912,
    "modesty": 0.17584545464900392,
    "uncompromising": 0.8621757998929299,
    "sympathy": 1,
    "fiery": 0.2147096009932455,
    "prone_to_worry": 0.892166801453419,
    "immoderation": 0.9635734056245943
}