{
    "id": "1",
    "extraversion": 0.7374015334523686,
    "active": 0.7871652137380528,
    "assertive": 0.8873332633126773,
    "cheerful": 0.22658334208591538,
    "openness": 0.6271715155971012,
    "adventurous": 0.7217519168154606,
    "artistic": 0.7470538808948641,
    "emotionally_aware": 0.750320344501628,
    "imaginative": 0.8555088751181599,
    "intellectual": 0.8113643524839828,
    "conscientiousness": 0.7139166053985926,
    "cautious": 0.7404579350908519,
    "disciplined": 0.9373280117634704,
    "dutiful": 1,
    "neuroticism": 0.6423589959037916,
    "melancholy": 0.8723768511710954,
    "self_conscious": 0.7677764940657494,
    "authority_challenging": 0.8892553303224452,
    "achievement_striving": 0.7664426005671674,
    "orderliness": 0.8004621363302175,
    "self_efficacy": 0.800325596050835,
    "stress_prone": 0.7275391240415924,
    "agreeableness": 0.6649511605923748,
    "cooperative": 0.9770822392605819,
    "trusting": 0.8093897699821448,
    "excitement_seeking": 0.7275286209431783,
    "outgoing": 0.8357630500997796,
    "gregariousness": 0.7210587123201345,
    "altruism": 0.8154080453733852,
    "modesty": 0.8650982039701713,
    "uncompromising": 0.9154920701606974,
    "sympathy": 0.8292406259846655,
    "fiery": 0.21764520533557402,
    "prone_to_worry": 0.747337464552043,
    "immoderation": 0
}