{
    "id": "1",
    "extraversion": 0.27367316408779335,
    "active": 0.8943889968071091,
    "assertive": 0.8239109563042848,
    "cheerful": 0.22803492084756738,
    "openness": 0.31921093174358633,
    "adventurous": 0.14337865898586644,
    "artistic": 0.1017594391229598,
    "emotionally_aware": 0.6581150780360373,
    "imaginative": 0.8536628932502736,
    "intellectual": 0.8763815392859535,
    "conscientiousness": 0.21049634938709894,
    "cautious": 0.7035188782459196,
    "disciplined": 1,
    "dutiful": 0.10472905084064572,
    "neuroticism": 0.6376292227655347,
    "melancholy": 0.7412865340388951,
    "self_conscious": 0.7393551700270167,
    "authority_challenging": 0.8431911045615915,
    "achievement_striving": 0.1245673967892469,
    "orderliness": 0.14002947283810033,
    "self_efficacy": 0.14698461607162794,
    "stress_prone": 0.785060396990198,
    "agreeableness": 0.25955076249804626,
    "cooperative": 0.1186951570768303,
    "trusting": 0.011197445687364619,
    "excitement_seeking": 0.10820104048049659,
    "outgoing": 0,
    "gregariousness": 0.1903789045928506,
    "altruism": 0.15638466519302474,
    "modesty": 0.17205885636457005,
    "uncompromising": 0.17697099604796035,
    "sympathy": 0.7374126420613125,
    "fiery": 0.817659142161788,
    "prone_to_worry": 0.7602652555429031,
    "immoderation": 0.11992319199767786
}