{
    "id": "1",
    "extraversion": 0.6762702041342005,
    "active": 0.8558310258226544,
    "assertive": 0.009556313993174038,
    "cheerful": 0.8424624895357073,
    "openness": 0.3002640221521025,
    "adventurous": 0.7367763539184751,
    "artistic": 0.16974692510786268,
    "emotionally_aware": 0.9027110567325648,
    "imaginative": 0.8595917315989439,
    "intellectual": 0.9040633653165046,
    "conscientiousness": 0.26391911906755106,
    "cautious": 0.1788138321849443,
    "disciplined": 0.02766436988859553,
    "dutiful": 0.053409749500933745,
    "neuroticism": 0.710850666494945,
    "melancholy": 1,
    "self_conscious": 0.9120355463970636,
    "authority_challenging": 0.896413162470217,
    "achievement_striving": 0.8563075536093759,
    "orderliness": 0,
    "self_efficacy": 0.7860003863738811,
    "stress_prone": 0.8851439242707194,
    "agreeableness": 0.28643183720780474,
    "cooperative": 0.0889046300470088,
    "trusting": 0.04203747826646919,
    "excitement_seeking": 0.8939274905016421,
    "outgoing": 0.7886534870242771,
    "gregariousness": 0.8343743962908108,
    "altruism": 0.8030909910490052,
    "modesty": 0.11951832056153004,
    "uncompromising": 0.8780088865992659,
    "sympathy": 0.9383218494429777,
    "fiery": 0.9574602356880675,
    "prone_to_worry": 0.8949835791100521,
    "immoderation": 0.9019125507115718
}