{
    "id": "1",
    "extraversion": 0.27953401241072473,
    "active": 0.9811263318112633,
    "assertive": 0.9112867345744058,
    "cheerful": 0.18377239199157006,
    "openness": 0.7043086289661633,
    "adventurous": 0.19477812902470437,
    "artistic": 0.27048354993560475,
    "emotionally_aware": 0.9926238145416227,
    "imaginative": 0.9183467977988525,
    "intellectual": 0.9182062990282169,
    "conscientiousness": 0.6985481793700972,
    "cautious": 0.7874136517972135,
    "disciplined": 0.9439995316707647,
    "dutiful": 0.9030441400304414,
    "neuroticism": 0.7357686453576865,
    "melancholy": 0.8073293525348321,
    "self_conscious": 0.84061585294462,
    "authority_challenging": 0.997342231588807,
    "achievement_striving": 1,
    "orderliness": 0.8297037817585763,
    "self_efficacy": 0.8533778246107013,
    "stress_prone": 0.8772860320805527,
    "agreeableness": 0.36103500761035007,
    "cooperative": 0.7947547125629317,
    "trusting": 0.11243414120126449,
    "excitement_seeking": 0.06193654138859619,
    "outgoing": 0.8246926589392343,
    "gregariousness": 0.28525933731413183,
    "altruism": 0.8410139327947548,
    "modesty": 0.1026811848729657,
    "uncompromising": 0.1833391874487765,
    "sympathy": 0,
    "fiery": 0.8587401943566326,
    "prone_to_worry": 0.8638215665612926,
    "immoderation": 0.11662568785856454
}