{
    "id": "1",
    "extraversion": 0.2768808089238982,
    "active": 1,
    "assertive": 0.21687228844431689,
    "cheerful": 0.09123868645504575,
    "openness": 0.30045123764313103,
    "adventurous": 0.23452185329125255,
    "artistic": 0.2653259952876531,
    "emotionally_aware": 0.7915438587339262,
    "imaginative": 0.8026987314918663,
    "intellectual": 0.7641739916707964,
    "conscientiousness": 0.6578505786101184,
    "cautious": 0.7663475834007145,
    "disciplined": 0.12225149325751845,
    "dutiful": 0.8513437144074353,
    "neuroticism": 0.721597676865159,
    "melancholy": 0.7791543858733926,
    "self_conscious": 0.8988845127242059,
    "authority_challenging": 0.23594772946607892,
    "achievement_striving": 0.8689324186859333,
    "orderliness": 0.7349435300868566,
    "self_efficacy": 0.7472634480120329,
    "stress_prone": 0.9433648938852516,
    "agreeableness": 0.3715363815783753,
    "cooperative": 0.8009337750071728,
    "trusting": 0.15295999721780254,
    "excitement_seeking": 0,
    "outgoing": 0.27233365502490936,
    "gregariousness": 0.26950798577601565,
    "altruism": 0.7677734595755409,
    "modesty": 0.2077258144448212,
    "uncompromising": 0.7581053235608648,
    "sympathy": 0.27976733874122955,
    "fiery": 0.26780388985975984,
    "prone_to_worry": 0.8289731083231173,
    "immoderation": 0.25663162836798037
}