{
    "id": "1",
    "extraversion": 0.17409408659676154,
    "active": 1,
    "assertive": 0.6654005278550539,
    "cheerful": 0.05290141950210428,
    "openness": 0.23650046365646624,
    "adventurous": 0.12567765175832799,
    "artistic": 0.6040106284328411,
    "emotionally_aware": 0.6757347171695556,
    "imaginative": 0.7375882730579927,
    "intellectual": 0.68857443469577,
    "conscientiousness": 0.2514801341037164,
    "cautious": 0.5798291604251373,
    "disciplined": 0.8661281118482058,
    "dutiful": 0.6693861901704828,
    "neuroticism": 0.594880162636422,
    "melancholy": 0.6951726228689634,
    "self_conscious": 0.8931985162993081,
    "authority_challenging": 0.7015122333975319,
    "achievement_striving": 0.6575362008702476,
    "orderliness": 0.02865753620087025,
    "self_efficacy": 0.5873635780012839,
    "stress_prone": 0.6187495541764747,
    "agreeableness": 0.23196198016976957,
    "cooperative": 0.648111491547186,
    "trusting": 0.11313217775875596,
    "excitement_seeking": 0,
    "outgoing": 0.5792495898423567,
    "gregariousness": 0.11302518011270421,
    "altruism": 0.05701191240459376,
    "modesty": 0.1042246237249447,
    "uncompromising": 0.5940776802910336,
    "sympathy": 0.11724267066124544,
    "fiery": 0.6026107425636635,
    "prone_to_worry": 0.607737713103645,
    "immoderation": 0.7167593979599115
}