{
    "id": "1",
    "extraversion": 0.24750988207527708,
    "active": 0.8750773648899561,
    "assertive": 0,
    "cheerful": 0.3720859224783172,
    "openness": 0.40611822180410795,
    "adventurous": 0.35928667508396667,
    "artistic": 0.27343846706112446,
    "emotionally_aware": 0.7718416557324289,
    "imaginative": 0.8472672657803744,
    "intellectual": 0.3365929740301537,
    "conscientiousness": 0.39465583970820023,
    "cautious": 0.35379892555640824,
    "disciplined": 0.31658125582815505,
    "dutiful": 0.24979575669051568,
    "neuroticism": 0.7670801046385924,
    "melancholy": 0.8974079667269079,
    "self_conscious": 1,
    "authority_challenging": 0.8928032084767161,
    "achievement_striving": 0.34809661740070474,
    "orderliness": 0.3096411094331526,
    "self_efficacy": 0.24005809587469773,
    "stress_prone": 0.8236905734491949,
    "agreeableness": 0.6675083966693899,
    "cooperative": 0.3238762491850898,
    "trusting": 0.191518332384324,
    "excitement_seeking": 0.3549707457562779,
    "outgoing": 0.9629143663506051,
    "gregariousness": 0.1813267975474298,
    "altruism": 0.8538773219782305,
    "modesty": 0.24069351950420448,
    "uncompromising": 0.7646044281599946,
    "sympathy": 0.7849874978337831,
    "fiery": 0.32558446595532226,
    "prone_to_worry": 0.9213230015101624,
    "immoderation": 0.943810396190759
}