{
    "id": "1",
    "extraversion": 0.6795922104877602,
    "active": 0.20776509370612295,
    "assertive": 0.10755143153653622,
    "cheerful": 0.22603015688907882,
    "openness": 0.6855991697698554,
    "adventurous": 0.09529332763567548,
    "artistic": 0.2487149746657713,
    "emotionally_aware": 0.76337219949942,
    "imaginative": 0.8975642512667114,
    "intellectual": 1,
    "conscientiousness": 0.2845369635553385,
    "cautious": 0.7407484280568951,
    "disciplined": 0.0853183566326842,
    "dutiful": 0.0403760454184726,
    "neuroticism": 0.7617117392100604,
    "melancholy": 0.9126671143397838,
    "self_conscious": 0.8752090836945241,
    "authority_challenging": 0.10995665710274101,
    "achievement_striving": 0.7764605335449606,
    "orderliness": 0.14044319638605704,
    "self_efficacy": 0.18092912520603135,
    "stress_prone": 0.9381844820218546,
    "agreeableness": 0.28787009340089126,
    "cooperative": 0.17173554728038581,
    "trusting": 0,
    "excitement_seeking": 0.2007936023441792,
    "outgoing": 0.08707649105671203,
    "gregariousness": 0.20412673218973199,
    "altruism": 0.7924790916305475,
    "modesty": 0.08252243452780658,
    "uncompromising": 0.7828826078993956,
    "sympathy": 0.8363836151639094,
    "fiery": 0.8904706672364324,
    "prone_to_worry": 0.9064403882546853,
    "immoderation": 0.9276845125450215
}