{
    "id": "1",
    "extraversion": 0.30472359169641045,
    "active": 0.10186102589201516,
    "assertive": 0,
    "cheerful": 0.21460887419273975,
    "openness": 0.7161786298361008,
    "adventurous": 0.3092120184789486,
    "artistic": 0.8045027515488654,
    "emotionally_aware": 0.7976746129328767,
    "imaginative": 0.9244129830132147,
    "intellectual": 0.9781666686562176,
    "conscientiousness": 0.7131823662126512,
    "cautious": 0.7808191378878133,
    "disciplined": 0.10494085065237373,
    "dutiful": 1,
    "neuroticism": 0.7111291497057455,
    "melancholy": 0.85059268720679,
    "self_conscious": 0.8796600255458333,
    "authority_challenging": 0.15788279953683254,
    "achievement_striving": 0.8301798951904598,
    "orderliness": 0.8598440987931384,
    "self_efficacy": 0.27319716847118936,
    "stress_prone": 0.865788876818947,
    "agreeableness": 0.6997528977808549,
    "cooperative": 0.8573611392964153,
    "trusting": 0.08729751345931173,
    "excitement_seeking": 0.30304043165295863,
    "outgoing": 0.8217521576679282,
    "gregariousness": 0.26368313616884126,
    "altruism": 0.7682610927409248,
    "modesty": 0.09777846748874908,
    "uncompromising": 0.8351696887944515,
    "sympathy": 0.8870372802043667,
    "fiery": 0.8496735147007916,
    "prone_to_worry": 0.8909407790285422,
    "immoderation": 0.8928865597879936
}