{
    "id": "1",
    "extraversion": 0.39060244709435304,
    "active": 0.2086691981435836,
    "assertive": 0.13755468212199942,
    "cheerful": 0.1761819110430129,
    "openness": 0.3822308085181978,
    "adventurous": 0.3354984122754424,
    "artistic": 0.17097461861301713,
    "emotionally_aware": 0.9295738680523172,
    "imaginative": 0.15799524792929628,
    "intellectual": 0.8788666089312283,
    "conscientiousness": 0.2987475851042569,
    "cautious": 0.7750982612750649,
    "disciplined": 0.07909755068505321,
    "dutiful": 0.24317722559012278,
    "neuroticism": 0.7734772278107166,
    "melancholy": 0.9958141807119223,
    "self_conscious": 1,
    "authority_challenging": 0.23157462305420468,
    "achievement_striving": 0.8257611085204184,
    "orderliness": 0.26638243066195905,
    "self_efficacy": 0.26687096129505034,
    "stress_prone": 0.9065574134523572,
    "agreeableness": 0.41898163568938335,
    "cooperative": 0.09890524726311815,
    "trusting": 0,
    "excitement_seeking": 0.8048209091110963,
    "outgoing": 0.13059312060044856,
    "gregariousness": 0.8609797259787266,
    "altruism": 0.24610840938867054,
    "modesty": 0.21987209379788153,
    "uncompromising": 0.2240246041791575,
    "sympathy": 0.8972198165789532,
    "fiery": 0.9165500854928608,
    "prone_to_worry": 0.930317766970888,
    "immoderation": 0.959973796993316
}