{
    "id": "1",
    "extraversion": 0.3999961925068535,
    "active": 1,
    "assertive": 0.2782706366128541,
    "cheerful": 0.26984655802619556,
    "openness": 0.7191497867803839,
    "adventurous": 0.23709259823332315,
    "artistic": 0.23357066707279928,
    "emotionally_aware": 0.8586087420042645,
    "imaginative": 0.9039274291806275,
    "intellectual": 0.8518028480048737,
    "conscientiousness": 0.7041958574474566,
    "cautious": 0.7999543100822419,
    "disciplined": 0,
    "dutiful": 0.871639887298203,
    "neuroticism": 0.7932150472129151,
    "melancholy": 0.8554009290283278,
    "self_conscious": 0.8603316326530613,
    "authority_challenging": 0.9088771702710936,
    "achievement_striving": 0.8479953548583613,
    "orderliness": 0.3314422784038989,
    "self_efficacy": 0.2946618946085897,
    "stress_prone": 0.8992156564118184,
    "agreeableness": 0.4246306731647883,
    "cooperative": 0.3063033049040512,
    "trusting": 0.17968512031678344,
    "excitement_seeking": 0.22524177581480356,
    "outgoing": 0.3431883947608894,
    "gregariousness": 0.35069867499238505,
    "altruism": 0.818020865062443,
    "modesty": 0.268133186110265,
    "uncompromising": 0.8655669357295157,
    "sympathy": 0.318363539445629,
    "fiery": 0.884385470606153,
    "prone_to_worry": 0.8801972281449895,
    "immoderation": 0.8910485836125495
}