{
    "id": "1",
    "extraversion": 0.2114758603196077,
    "active": 1,
    "assertive": 0.7328992982159467,
    "cheerful": 0.0671873678870381,
    "openness": 0.49640652743721997,
    "adventurous": 0.11131309715058765,
    "artistic": 0.7120360192779235,
    "emotionally_aware": 0.6392470618077282,
    "imaginative": 0.760410501395113,
    "intellectual": 0.6287203010061724,
    "conscientiousness": 0.502092669315972,
    "cautious": 0.6123171556607763,
    "disciplined": 0.9251395112877315,
    "dutiful": 0.9517946224740003,
    "neuroticism": 0.5253551196414984,
    "melancholy": 0.09720343282320115,
    "self_conscious": 0.6126025196584088,
    "authority_challenging": 0,
    "achievement_striving": 0.7553056565485753,
    "orderliness": 0.666568022321806,
    "self_efficacy": 0.7010336518136467,
    "stress_prone": 0.760082861249683,
    "agreeableness": 0.48344888813731296,
    "cooperative": 0.7163059102054622,
    "trusting": 0.07617104929398831,
    "excitement_seeking": 0.008624334150672193,
    "outgoing": 0.6194512556015896,
    "gregariousness": 0.6011985287900566,
    "altruism": 0.6392470618077282,
    "modesty": 0.07564259744652065,
    "uncompromising": 0.6261308869535808,
    "sympathy": 0.6130992643950284,
    "fiery": 0.7387334066119896,
    "prone_to_worry": 0.6314259744652067,
    "immoderation": 0.7449902764860066
}