{
    "id": "1",
    "extraversion": 0.6261561981016905,
    "active": 0.8317917358644128,
    "assertive": 0,
    "cheerful": 0.707719718883011,
    "openness": 0.6641993774952432,
    "adventurous": 0.7396698305159312,
    "artistic": 0.7091275034919657,
    "emotionally_aware": 0.7015166679498036,
    "imaginative": 0.9001792725712966,
    "intellectual": 1,
    "conscientiousness": 0.3296745597923518,
    "cautious": 0.20616345699108038,
    "disciplined": 0.8153162566127383,
    "dutiful": 0.16027847739295892,
    "neuroticism": 0.6515403143319073,
    "melancholy": 0.7839050625254336,
    "self_conscious": 0.9746048854525258,
    "authority_challenging": 0.1915466933559166,
    "achievement_striving": 0.7551224662626618,
    "orderliness": 0.1972548200125381,
    "self_efficacy": 0.7695082652354189,
    "stress_prone": 0.7725877940675078,
    "agreeableness": 0.36479218679542036,
    "cooperative": 0.7569701835619151,
    "trusting": 0.8902257954532957,
    "excitement_seeking": 0.8239719322943589,
    "outgoing": 0.8294490942885738,
    "gregariousness": 0.7094794496442044,
    "altruism": 0.7914719047985658,
    "modesty": 0.17983348547672207,
    "uncompromising": 0.786929599771235,
    "sympathy": 0.8359271031532176,
    "fiery": 0.20356785411831993,
    "prone_to_worry": 0.8126766604709479,
    "immoderation": 0.9711734104681984
}