{
    "id": "1",
    "extraversion": 0.343827972599011,
    "active": 0.9176836183822528,
    "assertive": 0.10447761194029855,
    "cheerful": 0.23685523749035978,
    "openness": 0.6845597241754753,
    "adventurous": 0.15072812230640115,
    "artistic": 0.11206505466588033,
    "emotionally_aware": 0.8839087238579141,
    "imaginative": 0.9101642244703534,
    "intellectual": 0.9147461779249649,
    "conscientiousness": 0.6922492401215806,
    "cautious": 0.8032141722995962,
    "disciplined": 0.07466089007848296,
    "dutiful": 0.10398992877557506,
    "neuroticism": 0.7132082747357438,
    "melancholy": 0.9102662976908769,
    "self_conscious": 1,
    "authority_challenging": 0.14293653313977228,
    "achievement_striving": 0.25848341877239944,
    "orderliness": 0.2409154833734065,
    "self_efficacy": 0.19019643424216304,
    "stress_prone": 0.9163906909222882,
    "agreeableness": 0.3413668738374995,
    "cooperative": 0.044424533865626316,
    "trusting": 0.033650138365921185,
    "excitement_seeking": 0.10368370911400444,
    "outgoing": 0,
    "gregariousness": 0.2903302635757384,
    "altruism": 0.22854194075216622,
    "modesty": 0.15503788050628323,
    "uncompromising": 0.8695163997640973,
    "sympathy": 0.7975434378260672,
    "fiery": 0.9350133829333576,
    "prone_to_worry": 0.8875833597967607,
    "immoderation": 0.1465317787959897
}