{
    "id": "1",
    "extraversion": 0.5708354191819548,
    "active": 1,
    "assertive": 0.15359698459907536,
    "cheerful": 0.6754321387555582,
    "openness": 0.5720329416845804,
    "adventurous": 0.12749688349676572,
    "artistic": 0.18647977463019136,
    "emotionally_aware": 0.6519430293393014,
    "imaginative": 0.8477183270021693,
    "intellectual": 0.7560980397930839,
    "conscientiousness": 0.27955279405557687,
    "cautious": 0.21629023233899705,
    "disciplined": 0.8407393229089981,
    "dutiful": 0.11761241497099448,
    "neuroticism": 0.7155982213846109,
    "melancholy": 0.7935549731539013,
    "self_conscious": 0.8132748314143526,
    "authority_challenging": 0.1371850368581721,
    "achievement_striving": 0.8289898603217606,
    "orderliness": 0.20651373715362648,
    "self_efficacy": 0.7030831296563503,
    "stress_prone": 0.9866014900320976,
    "agreeableness": 0.2308077387437793,
    "cooperative": 0.13336670691127536,
    "trusting": 0,
    "excitement_seeking": 0.7956457296543873,
    "outgoing": 0.7015616871325226,
    "gregariousness": 0.23091571208417996,
    "altruism": 0.7414921915643374,
    "modesty": 0.1325618147373794,
    "uncompromising": 0.2010758071007195,
    "sympathy": 0.689606093622702,
    "fiery": 0.7350039753820784,
    "prone_to_worry": 0.8664271621661416,
    "immoderation": 0.8509869744888444
}