{
    "id": "1",
    "extraversion": 0.17358972679027712,
    "active": 0.08733538622813339,
    "assertive": 0,
    "cheerful": 0.1652798707113062,
    "openness": 0.2452444910349647,
    "adventurous": 0.8850051322370002,
    "artistic": 0.13813361287645504,
    "emotionally_aware": 0.6855904256480814,
    "imaginative": 0.8869706698115268,
    "intellectual": 0.7117211557360938,
    "conscientiousness": 0.5777260914193364,
    "cautious": 0.23086330778134484,
    "disciplined": 0.07585883072353619,
    "dutiful": 0.8048876367686562,
    "neuroticism": 0.2188735285767324,
    "melancholy": 0.8815108432156193,
    "self_conscious": 1,
    "authority_challenging": 0.07312891742558253,
    "achievement_striving": 0.041582039354430105,
    "orderliness": 0.15646771058551176,
    "self_efficacy": 0.14025202559566707,
    "stress_prone": 0.19797331236759919,
    "agreeableness": 0.23325471183035226,
    "cooperative": 0.782753499748848,
    "trusting": 0.07591342898949525,
    "excitement_seeking": 0.1381117735700714,
    "outgoing": 0.8065801830133875,
    "gregariousness": 0.10870514752451459,
    "altruism": 0.07387145384262594,
    "modesty": 0.07605538448098886,
    "uncompromising": 0.12816396951232825,
    "sympathy": 0.818679158749918,
    "fiery": 0.1052436174627094,
    "prone_to_worry": 0.7259931424577954,
    "immoderation": 0.856624953591474
}