{
    "id": "1",
    "extraversion": 0.5696772206602622,
    "active": 0.9005334949382556,
    "assertive": 0.7806908610429478,
    "cheerful": 0.19891314066582555,
    "openness": 0.628401402783711,
    "adventurous": 0,
    "artistic": 0.08523003864609513,
    "emotionally_aware": 0.7256623980448454,
    "imaginative": 0.9539028582214848,
    "intellectual": 0.7388855221196738,
    "conscientiousness": 0.280874653526332,
    "cautious": 0.7320305592258859,
    "disciplined": 1,
    "dutiful": 0.8307916985405883,
    "neuroticism": 0.6443069036430651,
    "melancholy": 0.7665239377291198,
    "self_conscious": 0.8262912663798843,
    "authority_challenging": 0.14757046206423796,
    "achievement_striving": 0.769593768938077,
    "orderliness": 0.6964542952800103,
    "self_efficacy": 0.7252252699762559,
    "stress_prone": 0.868901318338516,
    "agreeableness": 0.2709399246947554,
    "cooperative": 0.7553771719800908,
    "trusting": 0.029168363849508726,
    "excitement_seeking": 0.1518821343771422,
    "outgoing": 0.19657847939040504,
    "gregariousness": 0.23349593172854347,
    "altruism": 0.13304588851247304,
    "modesty": 0.04001708773359029,
    "uncompromising": 0.7333618128893172,
    "sympathy": 0.1659298409449914,
    "fiery": 0.7363422315387901,
    "prone_to_worry": 0.7486513605611136,
    "immoderation": 0.7198406469495415
}