{
    "id": "1",
    "extraversion": 0.2796911235012582,
    "active": 0.8505082153254058,
    "assertive": 0.011274485617012856,
    "cheerful": 0.0891350471209355,
    "openness": 0.3333621157546751,
    "adventurous": 0.11206641338135885,
    "artistic": 0.23805940691764937,
    "emotionally_aware": 0.7537376029999507,
    "imaginative": 0.8484852222825282,
    "intellectual": 0.8747224552227759,
    "conscientiousness": 0.7229239650663641,
    "cautious": 0.8097646420289141,
    "disciplined": 0.053251591256722734,
    "dutiful": 1,
    "neuroticism": 0.64318843440075,
    "melancholy": 0.11190605417674047,
    "self_conscious": 0.8293037943454878,
    "authority_challenging": 0.8382715744806829,
    "achievement_striving": 0.8439458232594859,
    "orderliness": 0.20408792618542457,
    "self_efficacy": 0.8230867913356689,
    "stress_prone": 0.7832807026200227,
    "agreeableness": 0.7000789460699659,
    "cooperative": 0.9392361967730795,
    "trusting": 0.9166995608624858,
    "excitement_seeking": 0.04008980115458624,
    "outgoing": 0.842934326738047,
    "gregariousness": 0.8679750333053733,
    "altruism": 0.21856959589480435,
    "modesty": 0,
    "uncompromising": 0.8999728622884492,
    "sympathy": 0.8874771796516505,
    "fiery": 0.9207085409779444,
    "prone_to_worry": 0.9010830413973454,
    "immoderation": 0.06648739329945232
}