{
    "id": "1",
    "extraversion": 0.13152860326894505,
    "active": 1,
    "assertive": 0.1926727340267459,
    "cheerful": 0.6630386329866271,
    "openness": 0.6217682020802378,
    "adventurous": 0.8237648588410104,
    "artistic": 0.22183320950965826,
    "emotionally_aware": 0.755061292719168,
    "imaginative": 0.9030924962852898,
    "intellectual": 0.88217867756315,
    "conscientiousness": 0.18958952451708766,
    "cautious": 0.22555720653789005,
    "disciplined": 0.7566028974739971,
    "dutiful": 0.14369427934621104,
    "neuroticism": 0.5883265230312036,
    "melancholy": 0.8202080237741456,
    "self_conscious": 0.9760215453194652,
    "authority_challenging": 0.12121099554234772,
    "achievement_striving": 0.6898031203566122,
    "orderliness": 0.21285289747399705,
    "self_efficacy": 0.23073922734026747,
    "stress_prone": 0.6769502228826152,
    "agreeableness": 0.2977990341753343,
    "cooperative": 0.17532503714710254,
    "trusting": 0.017505572065378932,
    "excitement_seeking": 0.6448644130757801,
    "outgoing": 0.7501950222882615,
    "gregariousness": 0,
    "altruism": 0.669530089153046,
    "modesty": 0.1647752600297177,
    "uncompromising": 0.7173476968796434,
    "sympathy": 0.730191307578009,
    "fiery": 0.16328937592867757,
    "prone_to_worry": 0.7114227340267459,
    "immoderation": 0.8945300891530461
}