{
    "id": "1",
    "extraversion": 0.27758393648413543,
    "active": 0.9135019271989773,
    "assertive": 0.2320424464373252,
    "cheerful": 0.22726529984524735,
    "openness": 0.3589396080240683,
    "adventurous": 0.21872026298336167,
    "artistic": 0.24493209146745867,
    "emotionally_aware": 0.7467535588300316,
    "imaginative": 0.8888087891807722,
    "intellectual": 0.8340398127589222,
    "conscientiousness": 0.37119486336591784,
    "cautious": 0.7887290098714881,
    "disciplined": 0.14324711400751655,
    "dutiful": 0.10839412901179386,
    "neuroticism": 0.7310187721675941,
    "melancholy": 0.8783990311139306,
    "self_conscious": 0.9318127204744466,
    "authority_challenging": 0.9056105039553235,
    "achievement_striving": 0.839018810615454,
    "orderliness": 0.26872170477810775,
    "self_efficacy": 0.28227457539144724,
    "stress_prone": 0.8038774666705114,
    "agreeableness": 0.38912117804242724,
    "cooperative": 0.1388448340494247,
    "trusting": 0.11168142103290171,
    "excitement_seeking": 0,
    "outgoing": 0.14323750204254254,
    "gregariousness": 0.7160337187731287,
    "altruism": 0.2469121562521026,
    "modesty": 0.1636917635072138,
    "uncompromising": 0.8265328681142285,
    "sympathy": 0.2650979939829099,
    "fiery": 0.870027009621577,
    "prone_to_worry": 1,
    "immoderation": 0.865893864682757
}