{
    "id": "1",
    "extraversion": 0.21114092834081097,
    "active": 1,
    "assertive": 0.04189903140592898,
    "cheerful": 0.6358128223405595,
    "openness": 0.24701245335234184,
    "adventurous": 0.09619900205459352,
    "artistic": 0.657553775839658,
    "emotionally_aware": 0.7321690636923982,
    "imaginative": 0.9019036437586483,
    "intellectual": 0.6583923854249655,
    "conscientiousness": 0.5588284624093254,
    "cautious": 0.6255188896809092,
    "disciplined": 0.924535619942136,
    "dutiful": 0.9042831984569585,
    "neuroticism": 0.6168183152333432,
    "melancholy": 0.07483542286888341,
    "self_conscious": 0.6752379554698311,
    "authority_challenging": 0.06992955679483422,
    "achievement_striving": 0.7462786699651978,
    "orderliness": 0.756845150740073,
    "self_efficacy": 0.7264874837519395,
    "stress_prone": 0.9976204453016898,
    "agreeableness": 0.22776636336953338,
    "cooperative": 0.7450417208268691,
    "trusting": 0.727630089311921,
    "excitement_seeking": 0,
    "outgoing": 0.7230596670719946,
    "gregariousness": 0.19068933707912283,
    "altruism": 0.03943561574908806,
    "modesty": 0.04057822130906959,
    "uncompromising": 0.10972158161767795,
    "sympathy": 0.07818986121011369,
    "fiery": 0.7282800117405342,
    "prone_to_worry": 0.6983730974045034,
    "immoderation": 0.7972870979915302
}