{
    "id": "1",
    "extraversion": 0.6895804846031832,
    "active": 0.9338620576491824,
    "assertive": 0.10913963791500297,
    "cheerful": 0.2301372860033911,
    "openness": 0.32640157523382374,
    "adventurous": 0.24503637258655578,
    "artistic": 0.2170650330908494,
    "emotionally_aware": 0.814330252146803,
    "imaginative": 0.8599792156648252,
    "intellectual": 0.8297653557950008,
    "conscientiousness": 0.371405130449051,
    "cautious": 0.7532243067330306,
    "disciplined": 0.024011376688727198,
    "dutiful": 0.16332111797844992,
    "neuroticism": 0.6471257452278072,
    "melancholy": 0.17143794782037955,
    "self_conscious": 1,
    "authority_challenging": 0.07061204397527758,
    "achievement_striving": 0.7961166110594542,
    "orderliness": 0.25985888530328716,
    "self_efficacy": 0.7899141278783569,
    "stress_prone": 0.833670622983099,
    "agreeableness": 0.6876223814472461,
    "cooperative": 0.16665755073018648,
    "trusting": 0.14537001586172948,
    "excitement_seeking": 0.09841929661434118,
    "outgoing": 0.8077448996335392,
    "gregariousness": 0.7953836897664497,
    "altruism": 0.8092544987146529,
    "modesty": 0.2312858939998906,
    "uncompromising": 0.8984411748618936,
    "sympathy": 0.8304982770880052,
    "fiery": 0.8063993874090685,
    "prone_to_worry": 0.7890389979762621,
    "immoderation": 0
}