{
    "id": "1",
    "extraversion": 0.4523351119423511,
    "active": 0.9226946843427398,
    "assertive": 0.27478592515173184,
    "cheerful": 0.1547573207180446,
    "openness": 0.36995067568806506,
    "adventurous": 0.3266314612098209,
    "artistic": 0.2687349872563581,
    "emotionally_aware": 0.7374443038670995,
    "imaginative": 0.20531932449529675,
    "intellectual": 0.8067000385059685,
    "conscientiousness": 0.30467389111979026,
    "cautious": 0.39695069402424044,
    "disciplined": 0.10645983460769755,
    "dutiful": 0.24722665346462036,
    "neuroticism": 0.7745383867832848,
    "melancholy": 0.9083099547096467,
    "self_conscious": 0.8698773309863029,
    "authority_challenging": 0.8702623906705541,
    "achievement_striving": 0.3521829216861947,
    "orderliness": 0.3129710105066285,
    "self_efficacy": 0.26948677044941965,
    "stress_prone": 0.924372444395548,
    "agreeableness": 0.3664117938280434,
    "cooperative": 0,
    "trusting": 0.1392449162953591,
    "excitement_seeking": 0.32401855620954584,
    "outgoing": 0.11608632671397398,
    "gregariousness": 0.3234959752094908,
    "altruism": 0.2557254707813044,
    "modesty": 0.18040046207162108,
    "uncompromising": 0.36079175605552194,
    "sympathy": 0.2528008507985404,
    "fiery": 1,
    "prone_to_worry": 0.9296807671855807,
    "immoderation": 0.8945486550415315
}