{
    "id": "1",
    "extraversion": 0.31634312981238477,
    "active": 0.29888298449192063,
    "assertive": 0.18115171890250514,
    "cheerful": 0.2236742218848281,
    "openness": 0.3990781910855656,
    "adventurous": 0.12613599392690594,
    "artistic": 0.19946860427285543,
    "emotionally_aware": 0.9245201171239563,
    "imaginative": 0.26784513610237504,
    "intellectual": 0.8733542999674657,
    "conscientiousness": 0.782344648085891,
    "cautious": 0.9575534106929835,
    "disciplined": 0.18245309619347144,
    "dutiful": 0.24132957379893724,
    "neuroticism": 0.815334562411886,
    "melancholy": 0.9513827133716517,
    "self_conscious": 0.9281748183494198,
    "authority_challenging": 0.9388244225138271,
    "achievement_striving": 0.31319813469254965,
    "orderliness": 0.28513176445071037,
    "self_efficacy": 0.8833532154863899,
    "stress_prone": 1,
    "agreeableness": 0.3254419260383906,
    "cooperative": 0.224476737880924,
    "trusting": 0.026266131656002625,
    "excitement_seeking": 0,
    "outgoing": 0.25961392473701334,
    "gregariousness": 0.1756859342804468,
    "altruism": 0.2878104327079492,
    "modesty": 0.2667389654050537,
    "uncompromising": 0.9294436612081121,
    "sympathy": 0.3303112460687561,
    "fiery": 0.9920073744713156,
    "prone_to_worry": 0.9866066587138056,
    "immoderation": 0.8983407439540181
}