{
    "id": "1",
    "extraversion": 0.2928616597849942,
    "active": 0.06354387531153517,
    "assertive": 0.0824219767139084,
    "cheerful": 0.6960811665364728,
    "openness": 0.28890934791503925,
    "adventurous": 0.12053156269761559,
    "artistic": 0.12748763158873636,
    "emotionally_aware": 0.7209109846371312,
    "imaginative": 0.14161365918982252,
    "intellectual": 0.693607484283748,
    "conscientiousness": 0.27366737343302455,
    "cautious": 0.26091768031841683,
    "disciplined": 0.11434735706580362,
    "dutiful": 0.07169958709965406,
    "neuroticism": 0.6353085593125767,
    "melancholy": 0.7777684782204366,
    "self_conscious": 0.77953539411524,
    "authority_challenging": 0.1380519287281925,
    "achievement_striving": 0.17230219841535543,
    "orderliness": 0.17438529925975518,
    "self_efficacy": 0.13695458096194615,
    "stress_prone": 0.6943514488710337,
    "agreeableness": 0.2710634973775248,
    "cooperative": 0.00823010824684742,
    "trusting": 0,
    "excitement_seeking": 0.6582598668303389,
    "outgoing": 0.19986608637428857,
    "gregariousness": 0.22615593497749506,
    "altruism": 0.7124204887847337,
    "modesty": 0.21733065506081908,
    "uncompromising": 0.7057899044005506,
    "sympathy": 0.7721050477997247,
    "fiery": 0.7297641632258304,
    "prone_to_worry": 0.7707473124279284,
    "immoderation": 1
}