{
    "id": "1",
    "extraversion": 0.5622422712618398,
    "active": 0.8618532310332474,
    "assertive": 0.1389964928065045,
    "cheerful": 0.20169278317880016,
    "openness": 0.2922800089970759,
    "adventurous": 0.18463166137671916,
    "artistic": 0.22265263789268483,
    "emotionally_aware": 0.7448745824273777,
    "imaginative": 0.7710827314456135,
    "intellectual": 0.7786636009963427,
    "conscientiousness": 0.25802447537883516,
    "cautious": 0.14526112346820613,
    "disciplined": 0.7520555819358709,
    "dutiful": 0,
    "neuroticism": 0.6139504660985179,
    "melancholy": 0.8428594040270245,
    "self_conscious": 1,
    "authority_challenging": 0.6732978448670848,
    "achievement_striving": 0.21659627287798128,
    "orderliness": 0.16293038095952142,
    "self_efficacy": 0.19845216971151036,
    "stress_prone": 0.6805288281308574,
    "agreeableness": 0.31327318621448025,
    "cooperative": 0.10571564241621469,
    "trusting": 0.0876465148826631,
    "excitement_seeking": 0.14638575796199563,
    "outgoing": 0.68990911287165,
    "gregariousness": 0.20730762502186784,
    "altruism": 0.15648247652846153,
    "modesty": 0.03682969701513672,
    "uncompromising": 0.6933413307341779,
    "sympathy": 0.18941344063179463,
    "fiery": 0.6684910737343696,
    "prone_to_worry": 0.6895925490882129,
    "immoderation": 0.8557718741409042
}