{
    "id": "1",
    "extraversion": 0.2939180858933263,
    "active": 0.9742626114904218,
    "assertive": 0.6753875062706719,
    "cheerful": 0.23657651070052965,
    "openness": 0.5583321287974764,
    "adventurous": 0.18441302259142425,
    "artistic": 0.6422953635289216,
    "emotionally_aware": 0.6782018688728094,
    "imaginative": 0.8498269719669078,
    "intellectual": 0.7253148089889551,
    "conscientiousness": 0.2720238753177848,
    "cautious": 0.26095348224230724,
    "disciplined": 0.051797876049009,
    "dutiful": 0.15044511142665226,
    "neuroticism": 0.7094404434959314,
    "melancholy": 0.7860914370254483,
    "self_conscious": 0.804482573908903,
    "authority_challenging": 0.7010738791439577,
    "achievement_striving": 0.7660337893564377,
    "orderliness": 0.1331168002992917,
    "self_efficacy": 0.2204555696320922,
    "stress_prone": 1,
    "agreeableness": 0.18137759223201907,
    "cooperative": 0.1190279820765064,
    "trusting": 0,
    "excitement_seeking": 0.15642244347892625,
    "outgoing": 0.6254687061584375,
    "gregariousness": 0.21142580200831554,
    "altruism": 0.16449141661919375,
    "modesty": 0.10798309681917503,
    "uncompromising": 0.20022786984210658,
    "sympathy": 0.7049170570779943,
    "fiery": 0.7565278757939309,
    "prone_to_worry": 0.8638987849775955,
    "immoderation": 0.7124333608250929
}