{
    "id": "1",
    "extraversion": 0.7710826441813956,
    "active": 0.8150154045727258,
    "assertive": 0,
    "cheerful": 0.8257607696881251,
    "openness": 0.3511810172423112,
    "adventurous": 0.7653316036970975,
    "artistic": 0.24677584995405655,
    "emotionally_aware": 0.7496892059888656,
    "imaginative": 0.9959894059780554,
    "intellectual": 0.8334144100318902,
    "conscientiousness": 0.32263120912383114,
    "cautious": 0.2504729474082482,
    "disciplined": 0.07308794119236799,
    "dutiful": 0.10601589103291714,
    "neuroticism": 0.6874655424031133,
    "melancholy": 0.8359223825739149,
    "self_conscious": 0.9553429544348955,
    "authority_challenging": 0.9212907410410249,
    "achievement_striving": 0.19290849143289554,
    "orderliness": 0.21314523539268146,
    "self_efficacy": 0.24595427274201392,
    "stress_prone": 0.7895357007729311,
    "agreeableness": 0.69924868926004,
    "cooperative": 0.1679152478244419,
    "trusting": 0.9031403707907681,
    "excitement_seeking": 0.8597589319496245,
    "outgoing": 0.8812929030863197,
    "gregariousness": 0.8788606021296147,
    "altruism": 0.825360791308578,
    "modesty": 0.19567590941030216,
    "uncompromising": 0.17383925193232794,
    "sympathy": 1,
    "fiery": 0.23585752121506945,
    "prone_to_worry": 0.8352845792119346,
    "immoderation": 0.8755742932814442
}