{
    "id": "1",
    "extraversion": 0.2399390773696961,
    "active": 0.8117020515389097,
    "assertive": 0,
    "cheerful": 0.10718703043064941,
    "openness": 0.29889909944903864,
    "adventurous": 0.30875302824315903,
    "artistic": 0.1813674881681301,
    "emotionally_aware": 0.7428267691584295,
    "imaginative": 0.21657177319608706,
    "intellectual": 0.8707234051252696,
    "conscientiousness": 0.34303734066585573,
    "cautious": 0.7102495170143823,
    "disciplined": 0.1655950689468358,
    "dutiful": 0.2017295484978892,
    "neuroticism": 0.7559108239887968,
    "melancholy": 0.934549060094655,
    "self_conscious": 1,
    "authority_challenging": 0.8649684653834753,
    "achievement_striving": 0.22242893211624368,
    "orderliness": 0.7526909198703862,
    "self_efficacy": 0.20774003618558917,
    "stress_prone": 0.7788692514489568,
    "agreeableness": 0.679266884052786,
    "cooperative": 0.230095370493412,
    "trusting": 0.014014249353463697,
    "excitement_seeking": 0.23923376503899665,
    "outgoing": 0.7868627911968844,
    "gregariousness": 0.11261486880168456,
    "altruism": 0.8529985995972564,
    "modesty": 0.1013605372640015,
    "uncompromising": 0.7888765090106206,
    "sympathy": 0.9787179670649808,
    "fiery": 0.1652475237404042,
    "prone_to_worry": 0.8941111531345511,
    "immoderation": 0.17293440595324494
}