{
    "id": "1",
    "extraversion": 0.25965119398980413,
    "active": 0.8459994633753689,
    "assertive": 0.046761470351489136,
    "cheerful": 0.1499221894284948,
    "openness": 0.28435739200429305,
    "adventurous": 0.1548913335122082,
    "artistic": 0.16578481352294072,
    "emotionally_aware": 0.6652213576603166,
    "imaginative": 0.948698685269654,
    "intellectual": 0.7095787496646097,
    "conscientiousness": 0.24493694660584922,
    "cautious": 0.20771666219479476,
    "disciplined": 0.8913335122082104,
    "dutiful": 0.7478400858599411,
    "neuroticism": 0.7139039441910384,
    "melancholy": 0.7694767909847062,
    "self_conscious": 0.8414703514891334,
    "authority_challenging": 0.7919613630265631,
    "achievement_striving": 0.7861550845183793,
    "orderliness": 0.18867722028441108,
    "self_efficacy": 0.7067990340756641,
    "stress_prone": 1,
    "agreeableness": 0.25761202039173603,
    "cooperative": 0.6639227260531259,
    "trusting": 0,
    "excitement_seeking": 0.7635631875503086,
    "outgoing": 0.7692406761470351,
    "gregariousness": 0.09190233431714515,
    "altruism": 0.7621250335390395,
    "modesty": 0.04499060906895628,
    "uncompromising": 0.15776764153474648,
    "sympathy": 0.7028924067614704,
    "fiery": 0.09416689026026294,
    "prone_to_worry": 0.8784974510330025,
    "immoderation": 0.7557713979071641
}