{
    "id": "1",
    "extraversion": 0.2106447667900941,
    "active": 1,
    "assertive": 0.8306468050412745,
    "cheerful": 0.16317049971124775,
    "openness": 0.5184376804701566,
    "adventurous": 0.17151034412474098,
    "artistic": 0.6403081156367836,
    "emotionally_aware": 0.7220759588273261,
    "imaginative": 0.7189931039168393,
    "intellectual": 0.6085793389272005,
    "conscientiousness": 0.5087474946495907,
    "cautious": 0.5916533614159052,
    "disciplined": 0.8950555423446683,
    "dutiful": 0.6747800387267724,
    "neuroticism": 0.5092910282977205,
    "melancholy": 0.08991235519923907,
    "self_conscious": 0.7060162380677378,
    "authority_challenging": 0.6437391717906037,
    "achievement_striving": 0.6445799504025546,
    "orderliness": 0.06939395998233515,
    "self_efficacy": 0.6095220300981757,
    "stress_prone": 0.6436032883785712,
    "agreeableness": 0.2718347657709685,
    "cooperative": 0.14399395318816458,
    "trusting": 0,
    "excitement_seeking": 0.07013282603526177,
    "outgoing": 0.1834426062438428,
    "gregariousness": 0.577351632299487,
    "altruism": 0.13287699154125762,
    "modesty": 0.12290654618337467,
    "uncompromising": 0.17158677854400925,
    "sympathy": 0.15177327852702382,
    "fiery": 0.7332948330332574,
    "prone_to_worry": 0.6077470530285015,
    "immoderation": 0.8582736012501273
}