{
    "id": "1",
    "extraversion": 0.21456792415849144,
    "active": 0.8810695385758055,
    "assertive": 0.03466097236406402,
    "cheerful": 0.7523597313774643,
    "openness": 0.33274533469501444,
    "adventurous": 0.7830078709291409,
    "artistic": 0.283425659435315,
    "emotionally_aware": 0.7397848131299064,
    "imaginative": 0.8447993067805527,
    "intellectual": 0.8328020714057294,
    "conscientiousness": 0.35528528249724056,
    "cautious": 0.17922611126584762,
    "disciplined": 0.8000598314403904,
    "dutiful": 0.14134662003940626,
    "neuroticism": 0.6911356626332024,
    "melancholy": 0.9186086095379569,
    "self_conscious": 0.9585615696468913,
    "authority_challenging": 0.1449055591660735,
    "achievement_striving": 0.849534243183858,
    "orderliness": 0.08252612467634288,
    "self_efficacy": 0.7703091634945688,
    "stress_prone": 0.8498849792137324,
    "agreeableness": 0.38234353562549644,
    "cooperative": 0.22112875107026067,
    "trusting": 0.1252024468995967,
    "excitement_seeking": 0.7777468304810242,
    "outgoing": 0.8494929801215197,
    "gregariousness": 0.0821238098185457,
    "altruism": 0.787701544270108,
    "modesty": 0,
    "uncompromising": 0.7837918691135664,
    "sympathy": 0.9144616717729707,
    "fiery": 0.25430425319015054,
    "prone_to_worry": 0.9299043728530313,
    "immoderation": 1
}