{
    "id": "1",
    "extraversion": 0.2292953210835385,
    "active": 1,
    "assertive": 0.1592252320515249,
    "cheerful": 0.712587611290017,
    "openness": 0.3026236029551051,
    "adventurous": 0.06133737450274671,
    "artistic": 0.16413146429247963,
    "emotionally_aware": 0.7299867399128622,
    "imaginative": 0.9820041674559574,
    "intellectual": 0.8258382269369199,
    "conscientiousness": 0.3140462208751657,
    "cautious": 0.6887289259329418,
    "disciplined": 0.9696912293995075,
    "dutiful": 0.12618867209698803,
    "neuroticism": 0.6484561469975373,
    "melancholy": 0.7977363136957756,
    "self_conscious": 0.8869577571509755,
    "authority_challenging": 0.7760655427164235,
    "achievement_striving": 0.7768895624171244,
    "orderliness": 0.7156942602765675,
    "self_efficacy": 0.7498200416745595,
    "stress_prone": 0.8083538548967607,
    "agreeableness": 0.2135158173896571,
    "cooperative": 0.7913809433604848,
    "trusting": 0.034551998484561426,
    "excitement_seeking": 0,
    "outgoing": 0.6495358969501799,
    "gregariousness": 0.1926974805834438,
    "altruism": 0.09165561659405187,
    "modesty": 0.1355275620382648,
    "uncompromising": 0.6832638757340405,
    "sympathy": 0.17904906232240952,
    "fiery": 0.059395718886152665,
    "prone_to_worry": 0.7675790869482856,
    "immoderation": 0.76277704110627
}