{
    "id": "1",
    "extraversion": 0.30834428681502973,
    "active": 1,
    "assertive": 0.14574627203916063,
    "cheerful": 0.2200698001178444,
    "openness": 0.3195485654716041,
    "adventurous": 0.2464850654942665,
    "artistic": 0.24504373838553237,
    "emotionally_aware": 0.7045732674613607,
    "imaginative": 0.8717128223722976,
    "intellectual": 0.8189004215201923,
    "conscientiousness": 0.35624348456692206,
    "cautious": 0.7334270044871506,
    "disciplined": 0.1526809590717491,
    "dutiful": 0.17008566378099083,
    "neuroticism": 0.7614648959796947,
    "melancholy": 0.8192720844853376,
    "self_conscious": 0.9042378642976932,
    "authority_challenging": 0.12097176267959936,
    "achievement_striving": 0.7991932194171238,
    "orderliness": 0.27255586275665145,
    "self_efficacy": 0.704210669446585,
    "stress_prone": 0.9733037211621268,
    "agreeableness": 0.3145809726691747,
    "cooperative": 0.1491093686262068,
    "trusting": 0,
    "excitement_seeking": 0.14793092507818523,
    "outgoing": 0.704029370439197,
    "gregariousness": 0.14373385305715455,
    "altruism": 0.7393736119294748,
    "modesty": 0.20135067760504016,
    "uncompromising": 0.6891265920319087,
    "sympathy": 0.7807732402665096,
    "fiery": 0.7319494175769389,
    "prone_to_worry": 0.8709332366405296,
    "immoderation": 0.8836966867606401
}