{
    "id": "1",
    "extraversion": 0.29950871150729336,
    "active": 0,
    "assertive": 0.040392017828200955,
    "cheerful": 0.1935651337115073,
    "openness": 0.32411112236628853,
    "adventurous": 0.19447680307941653,
    "artistic": 0.1417266004862237,
    "emotionally_aware": 0.6991617706645057,
    "imaginative": 0.9652805915721232,
    "intellectual": 0.8834202795786061,
    "conscientiousness": 0.29681168962722854,
    "cautious": 0.7721966166936791,
    "disciplined": 0.10482931523500814,
    "dutiful": 0.0864566450567261,
    "neuroticism": 0.7373505875202593,
    "melancholy": 0.8803813816855753,
    "self_conscious": 0.9301939829821718,
    "authority_challenging": 0.057574452998379266,
    "achievement_striving": 0.003861932739059964,
    "orderliness": 0.8265549027552674,
    "self_efficacy": 0.18230854943273905,
    "stress_prone": 0.7752101904376013,
    "agreeableness": 0.6557181928687196,
    "cooperative": 0.7844788290113452,
    "trusting": 0.10694388168557534,
    "excitement_seeking": 0.24626468800648296,
    "outgoing": 0.9633559562398704,
    "gregariousness": 0.13721890194489467,
    "altruism": 0.8285681726094003,
    "modesty": 0.931700769854133,
    "uncompromising": 0.21105145867098865,
    "sympathy": 0.8699098460291733,
    "fiery": 0.15765549027552675,
    "prone_to_worry": 0.8824073136142625,
    "immoderation": 1
}