{
    "id": "1",
    "extraversion": 0.7024203730614383,
    "active": 0.9979750815923005,
    "assertive": 0.19156919265311956,
    "cheerful": 0.2600590799723658,
    "openness": 0.6857803082640493,
    "adventurous": 0.2940538866522143,
    "artistic": 0.8491197560568884,
    "emotionally_aware": 0.7893965743145056,
    "imaginative": 1,
    "intellectual": 0.8975510398551588,
    "conscientiousness": 0.3352431093217714,
    "cautious": 0.2627867641803845,
    "disciplined": 0,
    "dutiful": 0.18268337422874434,
    "neuroticism": 0.7165709793458322,
    "melancholy": 0.18030111727850967,
    "self_conscious": 0.9957595826285823,
    "authority_challenging": 0.9626819448745743,
    "achievement_striving": 0.14052933749434213,
    "orderliness": 0.8179955690020726,
    "self_efficacy": 0.797805941348834,
    "stress_prone": 0.9356195059199086,
    "agreeableness": 0.36156704862186434,
    "cooperative": 0.8626509755342211,
    "trusting": 0.866081425542559,
    "excitement_seeking": 0.8443671534411702,
    "outgoing": 0.8607213474045311,
    "gregariousness": 0.7817137956499989,
    "altruism": 0.15629987850489555,
    "modesty": 0.17778783619601213,
    "uncompromising": 0.07857874550348998,
    "sympathy": 0.8385901803368511,
    "fiery": 0.8480120065750293,
    "prone_to_worry": 0.16024251375753387,
    "immoderation": 0.9901493675107798
}