{
    "id": "1",
    "extraversion": 0.255868544600939,
    "active": 0.7219917012448132,
    "assertive": 0.12656575692049946,
    "cheerful": 0.18432587224592367,
    "openness": 0.2811154617887129,
    "adventurous": 0.13592620731303448,
    "artistic": 0.1573256969201099,
    "emotionally_aware": 0.6691991506438354,
    "imaginative": 0.7390177858297781,
    "intellectual": 0.8125182631056045,
    "conscientiousness": 0.5785362242611964,
    "cautious": 0.7557808816940369,
    "disciplined": 0.09311748777589465,
    "dutiful": 0.09514347495762962,
    "neuroticism": 0.6187734985292112,
    "melancholy": 0.666432898914928,
    "self_conscious": 0.7027156020493639,
    "authority_challenging": 0.7348684082364171,
    "achievement_striving": 0.1089844739251554,
    "orderliness": 0.7408002649367853,
    "self_efficacy": 0.8141935986597315,
    "stress_prone": 0.7073130345002239,
    "agreeableness": 0.2969532269690063,
    "cooperative": 0.6648160052987356,
    "trusting": 0,
    "excitement_seeking": 0.07444528860577021,
    "outgoing": 0.7129234605419514,
    "gregariousness": 0.6364716654004247,
    "altruism": 0.6877739465840687,
    "modesty": 0.7098162975084253,
    "uncompromising": 0.1976603744180157,
    "sympathy": 0.12590341495724,
    "fiery": 0.716147507451347,
    "prone_to_worry": 0.7134396976603743,
    "immoderation": 1
}