{
    "id": "1",
    "extraversion": 0.38523638312601893,
    "active": 0.18586837580115678,
    "assertive": 0.22021483284575358,
    "cheerful": 0.28627258313048526,
    "openness": 0.40352620648071635,
    "adventurous": 0.22652359364880859,
    "artistic": 0.8499631523705308,
    "emotionally_aware": 0.36346278389423614,
    "imaginative": 0.9065410125281939,
    "intellectual": 0.8490922084012594,
    "conscientiousness": 0.7646329752785904,
    "cautious": 0.8701176890953349,
    "disciplined": 0.9907322628910874,
    "dutiful": 0.9886553965028251,
    "neuroticism": 0.41129770651421427,
    "melancholy": 1,
    "self_conscious": 0.8608611179347462,
    "authority_challenging": 0,
    "achievement_striving": 0.2453158846780857,
    "orderliness": 0.9108064047879587,
    "self_efficacy": 0.9665914826146185,
    "stress_prone": 0.35527814377275063,
    "agreeableness": 0.6878670805511512,
    "cooperative": 0.9783827240447531,
    "trusting": 0.9209339199178186,
    "excitement_seeking": 0.2275396949462918,
    "outgoing": 0.8706424886665625,
    "gregariousness": 0.7902253288371782,
    "altruism": 0.8606154670716184,
    "modesty": 0.9164675405882221,
    "uncompromising": 0.9336854329038164,
    "sympathy": 0.2027959534603274,
    "fiery": 0.21564795998124123,
    "prone_to_worry": 0.8389200294781035,
    "immoderation": 0.10759507804997878
}