{
    "id": "1",
    "extraversion": 0.4316926122559165,
    "active": 0.7930801763700172,
    "assertive": 0.21968865292900205,
    "cheerful": 0.3548546747053001,
    "openness": 0.4354629712948799,
    "adventurous": 0.33721767299559074,
    "artistic": 0.32371096913524705,
    "emotionally_aware": 0.7609466390713578,
    "imaginative": 0.858382075047242,
    "intellectual": 0.3438405471069918,
    "conscientiousness": 0.37629802933501305,
    "cautious": 0.7463781157203276,
    "disciplined": 0,
    "dutiful": 0.23341132007558713,
    "neuroticism": 0.766606676864933,
    "melancholy": 0.8898677224871772,
    "self_conscious": 0.8093404121299379,
    "authority_challenging": 0.24810582201025824,
    "achievement_striving": 0.7877620804463241,
    "orderliness": 0.28023036083865743,
    "self_efficacy": 0.27608206604877167,
    "stress_prone": 1,
    "agreeableness": 0.3227661297579411,
    "cooperative": 0.1652929002069648,
    "trusting": 0.12858814001619723,
    "excitement_seeking": 0.3109871321875281,
    "outgoing": 0.3274813281742104,
    "gregariousness": 0.7523351030324845,
    "altruism": 0.7714208584540628,
    "modesty": 0.1522901106811842,
    "uncompromising": 0.3141725906595879,
    "sympathy": 0.8388913884639612,
    "fiery": 0.9692612255916494,
    "prone_to_worry": 0.8941419958607038,
    "immoderation": 0.8390353639881221
}