{
    "id": "1",
    "extraversion": 0.31719639904464453,
    "active": 0.9200119419437811,
    "assertive": 0.064773562373691,
    "cheerful": 0.22867674076795888,
    "openness": 0.27800615469410256,
    "adventurous": 0.1126331986037112,
    "artistic": 0.12266902443505424,
    "emotionally_aware": 0.7375872680507073,
    "imaginative": 1,
    "intellectual": 0.8921320962704391,
    "conscientiousness": 0.7053784677567518,
    "cautious": 0.8239022597832077,
    "disciplined": 0.9099990813889399,
    "dutiful": 0.8742880764284403,
    "neuroticism": 0.7365767958846224,
    "melancholy": 0.19383841631453244,
    "self_conscious": 0.8557321330148815,
    "authority_challenging": 0.17528247290097373,
    "achievement_striving": 0.11939647253352932,
    "orderliness": 0.8854147528936249,
    "self_efficacy": 0.7981581848245454,
    "stress_prone": 0.8446973176557045,
    "agreeableness": 0.343261987874334,
    "cooperative": 0.845512584971523,
    "trusting": 0,
    "excitement_seeking": 0.05625344479147533,
    "outgoing": 0.23038765386735258,
    "gregariousness": 0.08016029762998352,
    "altruism": 0.1516626860187397,
    "modesty": 0.8526088554106193,
    "uncompromising": 0.09740722028293222,
    "sympathy": 0.8257394819033621,
    "fiery": 0.8301488149917325,
    "prone_to_worry": 0.8805346316369649,
    "immoderation": 0.16146885908506342
}