{
    "id": "1",
    "extraversion": 0.280311469443127,
    "active": 0.9498825371965542,
    "assertive": 0.9491987161811906,
    "cheerful": 0.2182602269844596,
    "openness": 0.6708835629280774,
    "adventurous": 0.2478520299557722,
    "artistic": 0.875070312241499,
    "emotionally_aware": 0.8526917180451541,
    "imaginative": 0.8634453549803125,
    "intellectual": 0.8001147054606417,
    "conscientiousness": 0.26902842268962246,
    "cautious": 0.6891592310322389,
    "disciplined": 1,
    "dutiful": 0.13531935544354617,
    "neuroticism": 0.6896224646232918,
    "melancholy": 0.8334454652740246,
    "self_conscious": 0.9398568387616221,
    "authority_challenging": 0.8247763794986047,
    "achievement_striving": 0.8117948095779058,
    "orderliness": 0.16826408726438508,
    "self_efficacy": 0.159208973496421,
    "stress_prone": 0.8109676067367397,
    "agreeableness": 0.3106312109146657,
    "cooperative": 0.17703243738074495,
    "trusting": 0,
    "excitement_seeking": 0.713743699471693,
    "outgoing": 0.804802188227249,
    "gregariousness": 0.2238190300770953,
    "altruism": 0.7843427046224094,
    "modesty": 0.16844055720383383,
    "uncompromising": 0.7376884643806456,
    "sympathy": 0.768283940132573,
    "fiery": 0.17666846813063183,
    "prone_to_worry": 0.7789052246131447,
    "immoderation": 0.8231991794147815
}