{
    "id": "1",
    "extraversion": 0.22208299826073946,
    "active": 0.9362832189411082,
    "assertive": 0.1977427016513624,
    "cheerful": 0.24144863570907593,
    "openness": 0.7274690953975053,
    "adventurous": 0.16767967683417176,
    "artistic": 0.7491630977539226,
    "emotionally_aware": 0.9391913373604382,
    "imaginative": 0.8299358530792392,
    "intellectual": 0.8643002749153746,
    "conscientiousness": 0.7235791363542855,
    "cautious": 0.7279085859624843,
    "disciplined": 0.9769968768117298,
    "dutiful": 0.17479568364160009,
    "neuroticism": 0.7040732359596791,
    "melancholy": 0.909951188494698,
    "self_conscious": 1,
    "authority_challenging": 0.9284378448130762,
    "achievement_striving": 0.8139458772044659,
    "orderliness": 0.8140487366983973,
    "self_efficacy": 0.8180041517832095,
    "stress_prone": 0.8196966580015336,
    "agreeableness": 0.33230162143965886,
    "cooperative": 0.22503787099549286,
    "trusting": 0.17213068766247122,
    "excitement_seeking": 0,
    "outgoing": 0.27032410091451436,
    "gregariousness": 0.2925791550560117,
    "altruism": 0.2489480279029754,
    "modesty": 0.15097903536496418,
    "uncompromising": 0.8598212114978213,
    "sympathy": 0.24495520936582443,
    "fiery": 0.9070524209384526,
    "prone_to_worry": 0.8989265209178807,
    "immoderation": 0.8762039236221503
}