{
    "id": "1",
    "extraversion": 0.727868096391099,
    "active": 0.9064760367423806,
    "assertive": 0.1982704946385334,
    "cheerful": 0.7365463699604137,
    "openness": 0.4465044774972136,
    "adventurous": 0.7094354125831124,
    "artistic": 0.31904377570237136,
    "emotionally_aware": 0.395111264844921,
    "imaginative": 0.8767208578346593,
    "intellectual": 0.7644029363157694,
    "conscientiousness": 0.351712210307852,
    "cautious": 0.30835158922325995,
    "disciplined": 0.27429955032860603,
    "dutiful": 0.2311541565778854,
    "neuroticism": 0.7461086129367002,
    "melancholy": 0.7868250124908721,
    "self_conscious": 0.8791421653407128,
    "authority_challenging": 0.3583227641339022,
    "achievement_striving": 0.7675467927283909,
    "orderliness": 0.32738383488988815,
    "self_efficacy": 0.3455551712210308,
    "stress_prone": 0.7407894231138784,
    "agreeableness": 0.4750067258541835,
    "cooperative": 0.326361505053999,
    "trusting": 0.8646066336138977,
    "excitement_seeking": 0.7536338829317039,
    "outgoing": 0.8858603328336986,
    "gregariousness": 0.7880625696606328,
    "altruism": 0.24749606057112114,
    "modesty": 0.280848610630693,
    "uncompromising": 0,
    "sympathy": 0.7639878550290173,
    "fiery": 0.8186017909988854,
    "prone_to_worry": 0.7901764095468696,
    "immoderation": 1
}