{
    "id": "1",
    "extraversion": 0.3235461931714442,
    "active": 0.8847110644513421,
    "assertive": 0.12626666058060979,
    "cheerful": 0.0218299251415008,
    "openness": 0.7057011137484024,
    "adventurous": 0.8725009129085266,
    "artistic": 0.029863520175278404,
    "emotionally_aware": 0.7872809019536243,
    "imaginative": 0.08203624246850466,
    "intellectual": 0.09922174548110277,
    "conscientiousness": 0.29855532225670983,
    "cautious": 0.7024488771225122,
    "disciplined": 0.11847270403505565,
    "dutiful": 0.9521293591382144,
    "neuroticism": 0.6565067555230966,
    "melancholy": 0.8706750958553954,
    "self_conscious": 0.998219828373197,
    "authority_challenging": 0.977006116487128,
    "achievement_striving": 0.20642002921307284,
    "orderliness": 0.12007029395654553,
    "self_efficacy": 0.10061393098411536,
    "stress_prone": 0.8408458097498631,
    "agreeableness": 0.28903825086726315,
    "cooperative": 0.8308836954537155,
    "trusting": 0.0382965126894285,
    "excitement_seeking": 0.17785740368815045,
    "outgoing": 0,
    "gregariousness": 0.045394376483476336,
    "altruism": 0.9365186233339419,
    "modesty": 0.13333029030491145,
    "uncompromising": 1,
    "sympathy": 0.23425232791674275,
    "fiery": 0.829171991966405,
    "prone_to_worry": 0.8847338871645061,
    "immoderation": 0.8566961840423589
}