{
    "id": "1",
    "extraversion": 0.6291429422479865,
    "active": 0.7686024264781697,
    "assertive": 0.055243048793061945,
    "cheerful": 0.9006152118872225,
    "openness": 0.6249040521498047,
    "adventurous": 0.695670603869992,
    "artistic": 0.18493017287797722,
    "emotionally_aware": 0.6963465349937562,
    "imaginative": 1,
    "intellectual": 0.885595793187989,
    "conscientiousness": 0.21574804953773183,
    "cautious": 0.6722879695716429,
    "disciplined": 0.08678268241547994,
    "dutiful": 0.8632098708856988,
    "neuroticism": 0.6681407311512595,
    "melancholy": 0.158568859051176,
    "self_conscious": 0.8142449620218359,
    "authority_challenging": 0.037955251068314856,
    "achievement_striving": 0.7775728344427004,
    "orderliness": 0.7343132425217959,
    "self_efficacy": 0.7684993183406464,
    "stress_prone": 0.8903616804335123,
    "agreeableness": 0.6019796762404481,
    "cooperative": 0.8183349181435952,
    "trusting": 0.9611167756939749,
    "excitement_seeking": 0.8768774273374041,
    "outgoing": 0.8644013426970797,
    "gregariousness": 0.7276112135827786,
    "altruism": 0.841740465361394,
    "modesty": 0,
    "uncompromising": 0.7279549073745232,
    "sympathy": 0.993905163426398,
    "fiery": 0.8724552338836252,
    "prone_to_worry": 0.8292414678016199,
    "immoderation": 0.8810704915966867
}