{
    "id": "1",
    "extraversion": 0.33418570703881234,
    "active": 1,
    "assertive": 0.10745085047570735,
    "cheerful": 0.14757798184133422,
    "openness": 0.6446119284006087,
    "adventurous": 0.25558787903885377,
    "artistic": 0.26519520048036604,
    "emotionally_aware": 0.7988363546012651,
    "imaginative": 0.8216226848736452,
    "intellectual": 0.8058762022092698,
    "conscientiousness": 0.6589090306751008,
    "cautious": 0.7629434845175117,
    "disciplined": 0,
    "dutiful": 0.86049713747373,
    "neuroticism": 0.6732371911008044,
    "melancholy": 0.794260453656062,
    "self_conscious": 0.8513763937345357,
    "authority_challenging": 0.7898398434669179,
    "achievement_striving": 0.8164463263383475,
    "orderliness": 0.16588158562214653,
    "self_efficacy": 0.8479289389500274,
    "stress_prone": 0.7843943142877848,
    "agreeableness": 0.3255618937190065,
    "cooperative": 0.8112492623689087,
    "trusting": 0.0494859875974449,
    "excitement_seeking": 0.14021720000414103,
    "outgoing": 0.23699439918006476,
    "gregariousness": 0.7338419968320685,
    "altruism": 0.28449266509995547,
    "modesty": 0.24262627726646854,
    "uncompromising": 0.28471007215843797,
    "sympathy": 0.19173232014742267,
    "fiery": 0.8299566221154742,
    "prone_to_worry": 0.8613564129905893,
    "immoderation": 0.8455581667408612
}