{
    "id": "1",
    "extraversion": 0.5724626431205124,
    "active": 0.6827285076654377,
    "assertive": 0.06347758587230742,
    "cheerful": 0.7689598292256938,
    "openness": 0.6557927420919852,
    "adventurous": 0.6891519503202018,
    "artistic": 0.649640985833495,
    "emotionally_aware": 0.6709004463419368,
    "imaginative": 0.7551717446147876,
    "intellectual": 0.8904036483601786,
    "conscientiousness": 0.2503881234232486,
    "cautious": 0.656908596933825,
    "disciplined": 0.026266252668348575,
    "dutiful": 0.1470405588977295,
    "neuroticism": 0.56932854647778,
    "melancholy": 0.03450417232679996,
    "self_conscious": 0.7734232485930527,
    "authority_challenging": 0.8519309140306618,
    "achievement_striving": 0.09168445565689891,
    "orderliness": 0.12612070638463035,
    "self_efficacy": 0.7483795847079371,
    "stress_prone": 0.7019503202018242,
    "agreeableness": 0.2960799534251892,
    "cooperative": 0.1940908208810402,
    "trusting": 0,
    "excitement_seeking": 0.7017562584902,
    "outgoing": 0.772540267805162,
    "gregariousness": 0.7245585096060547,
    "altruism": 0.7146807684843781,
    "modesty": 0.7113429070444401,
    "uncompromising": 0.16815447312245296,
    "sympathy": 0.70519115078595,
    "fiery": 0.7259363477585874,
    "prone_to_worry": 0.7377838152532507,
    "immoderation": 1
}