{
    "id": "1",
    "extraversion": 0.2704820915235802,
    "active": 1,
    "assertive": 0.8640160049724187,
    "cheerful": 0.1767733664827908,
    "openness": 0.6241065185300289,
    "adventurous": 0.18673762722399193,
    "artistic": 0.7965193069691555,
    "emotionally_aware": 0.8504001243104654,
    "imaginative": 0.7817185921839797,
    "intellectual": 0.8413099215290187,
    "conscientiousness": 0.606673918110481,
    "cautious": 0.6834841892626836,
    "disciplined": 0.9548209152358015,
    "dutiful": 0.7727352187087252,
    "neuroticism": 0.6507361510372155,
    "melancholy": 0.7069186543392122,
    "self_conscious": 0.896793178463212,
    "authority_challenging": 0.8415818506720535,
    "achievement_striving": 0.8466999456141715,
    "orderliness": 0.12167857975293297,
    "self_efficacy": 0.7352187087250409,
    "stress_prone": 0.8133983373475254,
    "agreeableness": 0.2760177919353586,
    "cooperative": 0.7479022608965893,
    "trusting": 0,
    "excitement_seeking": 0.14019889674461974,
    "outgoing": 0.68470787040634,
    "gregariousness": 0.23354828684639892,
    "altruism": 0.7001204257633441,
    "modesty": 0.1492696760158496,
    "uncompromising": 0.7157951985082744,
    "sympathy": 0.10942234480615337,
    "fiery": 0.6979158573537411,
    "prone_to_worry": 0.7692584103799239,
    "immoderation": 0.7564388936368582
}