{
    "id": "1",
    "extraversion": 0.23758186851522586,
    "active": 1,
    "assertive": 0.9678940379464789,
    "cheerful": 0.09203033917760126,
    "openness": 0.7193963674011389,
    "adventurous": 0.19768855078661296,
    "artistic": 0.9050550291463169,
    "emotionally_aware": 0.8897729063041571,
    "imaginative": 0.8788345974657334,
    "intellectual": 0.9888816366951004,
    "conscientiousness": 0.7421169903895929,
    "cautious": 0.7490040737323042,
    "disciplined": 0.9685917490040739,
    "dutiful": 0.8009272805023521,
    "neuroticism": 0.6688010623213523,
    "melancholy": 0.8695167788255947,
    "self_conscious": 0.934156332290518,
    "authority_challenging": 0.9739258625734286,
    "achievement_striving": 0.8348562940289438,
    "orderliness": 0.7701267133307826,
    "self_efficacy": 0.8174360243973804,
    "stress_prone": 0.8006009317818641,
    "agreeableness": 0.2934550201435934,
    "cooperative": 0.7602687312912156,
    "trusting": 0.024239832549346182,
    "excitement_seeking": 0.05887781053768769,
    "outgoing": 0.20567846773649032,
    "gregariousness": 0.21919380612635325,
    "altruism": 0.8694605118048211,
    "modesty": 0.09311066597645792,
    "uncompromising": 0.8027840921878869,
    "sympathy": 0.12866016970133465,
    "fiery": 0.7356350295964529,
    "prone_to_worry": 0.8208007922396525,
    "immoderation": 0
}