{
    "id": "1",
    "extraversion": 0.6564781199984385,
    "active": 1,
    "assertive": 0.25447944724206584,
    "cheerful": 0.7551235507670687,
    "openness": 0.6439961744154273,
    "adventurous": 0.2725045867978296,
    "artistic": 0.24599875082952727,
    "emotionally_aware": 0.7774036772455791,
    "imaginative": 0.9236542139985165,
    "intellectual": 0.8674122652925792,
    "conscientiousness": 0.33541203107311557,
    "cautious": 0.26096927821368626,
    "disciplined": 0.05924776515595116,
    "dutiful": 0.09692782136862242,
    "neuroticism": 0.6729515556076043,
    "melancholy": 0.26177928719209903,
    "self_conscious": 0.9755533434828434,
    "authority_challenging": 0.13654018815630248,
    "achievement_striving": 0.8097064449389078,
    "orderliness": 0.2236307920521529,
    "self_efficacy": 0.2593882968341336,
    "stress_prone": 0.8961041495881641,
    "agreeableness": 0.3755513916539798,
    "cooperative": 0.16824764804621936,
    "trusting": 0.0560955615411641,
    "excitement_seeking": 0.787494632470625,
    "outgoing": 0.7837276027637897,
    "gregariousness": 0.7473162353124878,
    "altruism": 0.2539426943045634,
    "modesty": 0,
    "uncompromising": 0.9159835265643909,
    "sympathy": 0.26458992075574816,
    "fiery": 0.8542862161845649,
    "prone_to_worry": 0.7937990397001992,
    "immoderation": 0.8388765273060858
}