{
    "id": "1",
    "extraversion": 0.2962722149978327,
    "active": 0.8501989990936674,
    "assertive": 0.1181877290459865,
    "cheerful": 0.23007053631240884,
    "openness": 0.6846652480592663,
    "adventurous": 0.12173424754699133,
    "artistic": 0.29916853844031993,
    "emotionally_aware": 0.9374532056586673,
    "imaginative": 1,
    "intellectual": 0.8146155968002522,
    "conscientiousness": 0.6764097411041494,
    "cautious": 0.7728356385703589,
    "disciplined": 0.8564152579107065,
    "dutiful": 0.2189975174370493,
    "neuroticism": 0.7226031445797376,
    "melancholy": 0.24457185640540646,
    "self_conscious": 0.8277869724553729,
    "authority_challenging": 0.8097194309808095,
    "achievement_striving": 0.7949422705599558,
    "orderliness": 0.828220435827718,
    "self_efficacy": 0.8986483823935059,
    "stress_prone": 0.9047661268077393,
    "agreeableness": 0.34703668676360483,
    "cooperative": 0.9519052685502619,
    "trusting": 0.18400520156046815,
    "excitement_seeking": 0,
    "outgoing": 0.7413701383142215,
    "gregariousness": 0.29830161169562985,
    "altruism": 0.18336485794223112,
    "modesty": 0.004640028372148,
    "uncompromising": 0.8932596445600347,
    "sympathy": 0.8149801000906333,
    "fiery": 0.2704417385821807,
    "prone_to_worry": 0.8773298656263546,
    "immoderation": 0.14367340505181855
}