{
    "id": "1",
    "extraversion": 0.6081781771560185,
    "active": 0.941840543699014,
    "assertive": 0.763107435015941,
    "cheerful": 0.16834019764684527,
    "openness": 0.664386126144525,
    "adventurous": 0.19806664624391573,
    "artistic": 0.15430522935883909,
    "emotionally_aware": 0.7339709770017133,
    "imaginative": 0.8263498871075712,
    "intellectual": 0.8508458422682869,
    "conscientiousness": 0.28827847555510167,
    "cautious": 0.1412119768088317,
    "disciplined": 0.7929700352859752,
    "dutiful": 0.01354709145988632,
    "neuroticism": 0.6377911660256192,
    "melancholy": 0.8331120868647675,
    "self_conscious": 0.8669117396780014,
    "authority_challenging": 0.8396473671670242,
    "achievement_striving": 0.7846761292079376,
    "orderliness": 0.09311639833441117,
    "self_efficacy": 0.17593065341457048,
    "stress_prone": 0.7676117861964895,
    "agreeableness": 0.2781578678648014,
    "cooperative": 0.0028138012412493984,
    "trusting": 0,
    "excitement_seeking": 0.14548940853444073,
    "outgoing": 0.07988699411144011,
    "gregariousness": 0.7115172969354528,
    "altruism": 0.2001202673111179,
    "modesty": 0.03210910287393489,
    "uncompromising": 0.14665804372737895,
    "sympathy": 0.12589491360041755,
    "fiery": 0.9725767838705651,
    "prone_to_worry": 0.8551800038576307,
    "immoderation": 1
}