{
    "id": "1",
    "extraversion": 0.8277519758820174,
    "active": 0.8603438442108693,
    "assertive": 0.07518536625112034,
    "cheerful": 0.26926994214943367,
    "openness": 0.6335757353540291,
    "adventurous": 0.8136254379532307,
    "artistic": 0.22154322496537113,
    "emotionally_aware": 0.7889778375295364,
    "imaginative": 0.8983744805670986,
    "intellectual": 0.7756864662266765,
    "conscientiousness": 0.16398802248838912,
    "cautious": 0.2199849262608979,
    "disciplined": 0.1860690132811863,
    "dutiful": 0.12150655911350114,
    "neuroticism": 0.7795465656318749,
    "melancholy": 0.9216165566691109,
    "self_conscious": 0.9882974822781716,
    "authority_challenging": 0.8550680355251364,
    "achievement_striving": 0.2018862543795323,
    "orderliness": 0.1915383361851218,
    "self_efficacy": 0.179591379450827,
    "stress_prone": 0.9480159700154811,
    "agreeableness": 0.29924427605312476,
    "cooperative": 0.09437382872973189,
    "trusting": 0,
    "excitement_seeking": 0.8224150574431679,
    "outgoing": 0.9148028191966104,
    "gregariousness": 0.7434816263342295,
    "altruism": 0.8515542247209321,
    "modesty": 0.08896561557891304,
    "uncompromising": 0.7666218528477143,
    "sympathy": 0.8377943453108448,
    "fiery": 0.7747392650533691,
    "prone_to_worry": 1,
    "immoderation": 0.8489366902957712
}