{
    "id": "1",
    "extraversion": 0.6736243772708544,
    "active": 0.8347660785856089,
    "assertive": 0.8609862531370566,
    "cheerful": 0.7323575682660974,
    "openness": 0.40516724725624603,
    "adventurous": 0.20689590590703077,
    "artistic": 0.21287035996553924,
    "emotionally_aware": 0.717290332247069,
    "imaginative": 0.8490841667603102,
    "intellectual": 0.7922425740719932,
    "conscientiousness": 0.36185713750608683,
    "cautious": 0.30241225605873323,
    "disciplined": 0,
    "dutiful": 0.19970408660149083,
    "neuroticism": 0.7603007828594974,
    "melancholy": 0.9269861782222723,
    "self_conscious": 0.8279020114619621,
    "authority_challenging": 0.8271060418773646,
    "achievement_striving": 0.9298797617709855,
    "orderliness": 0.2862774843615388,
    "self_efficacy": 0.27931040940929697,
    "stress_prone": 1,
    "agreeableness": 0.26697756302206244,
    "cooperative": 0.05714125182604784,
    "trusting": 0.10905719743791438,
    "excitement_seeking": 0.8314417350264075,
    "outgoing": 0.23836947971682212,
    "gregariousness": 0.29303854365659066,
    "altruism": 0.7663688803985467,
    "modesty": 0.27234333445705516,
    "uncompromising": 0.30612053788815224,
    "sympathy": 0.2864928643667828,
    "fiery": 0.9174813649473724,
    "prone_to_worry": 0.9694441322995093,
    "immoderation": 0.8391298647788142
}