{
    "id": "1",
    "extraversion": 0.19448901930218696,
    "active": 0.04277658062445551,
    "assertive": 0.10924533492274541,
    "cheerful": 0.7226170281050845,
    "openness": 0.3180849112832974,
    "adventurous": 0.19022511576727338,
    "artistic": 0.18310714776947412,
    "emotionally_aware": 0.657248636009353,
    "imaginative": 0.8363784329008298,
    "intellectual": 0.9163610104992894,
    "conscientiousness": 0.6838865709962862,
    "cautious": 0.8041469900508917,
    "disciplined": 0.8257072119572693,
    "dutiful": 1,
    "neuroticism": 0.7181124203383614,
    "melancholy": 0.013594058044106164,
    "self_conscious": 0.7483265324836091,
    "authority_challenging": 0.008413186007060673,
    "achievement_striving": 0.0876278024849846,
    "orderliness": 0.8521732153500526,
    "self_efficacy": 0.8512562468479207,
    "stress_prone": 0.10020173307046902,
    "agreeableness": 0.6066892852230525,
    "cooperative": 0.8607812571638164,
    "trusting": 0.8317018935399569,
    "excitement_seeking": 0.18310714776947412,
    "outgoing": 0.7858420063270827,
    "gregariousness": 0.005375727843748535,
    "altruism": 0.8027944615102472,
    "modesty": 0.9230663426711293,
    "uncompromising": 0.8177181238824446,
    "sympathy": 0.7993443675209757,
    "fiery": 0.03842098023932877,
    "prone_to_worry": 0.8769657512264454,
    "immoderation": 0
}