{
    "id": "1",
    "extraversion": 0.290986001482709,
    "active": 0.7434477345078715,
    "assertive": 0.13742095852775718,
    "cheerful": 0.20310496707513848,
    "openness": 0.2945183376215603,
    "adventurous": 0.1660721294317736,
    "artistic": 0.2088962539793293,
    "emotionally_aware": 0.6177314552352711,
    "imaginative": 0.878871396799093,
    "intellectual": 0.7261436483363133,
    "conscientiousness": 0.2718939426976582,
    "cautious": 0.6106667829575684,
    "disciplined": 0.05247917666041604,
    "dutiful": 0.14927390868256948,
    "neuroticism": 0.7270856046400069,
    "melancholy": 0.7705377000566919,
    "self_conscious": 0.7064672277702674,
    "authority_challenging": 0.7580742226680041,
    "achievement_striving": 0.7336967424011165,
    "orderliness": 0.1603506170685971,
    "self_efficacy": 0.6509005276699664,
    "stress_prone": 1,
    "agreeableness": 0.1691073219658977,
    "cooperative": 0.08315380925384849,
    "trusting": 0,
    "excitement_seeking": 0.6935066067768523,
    "outgoing": 0.2246653002485718,
    "gregariousness": 0.2140508481967642,
    "altruism": 0.6884741180061925,
    "modesty": 0.12798395185556669,
    "uncompromising": 0.17593650516767695,
    "sympathy": 0.6579128690419083,
    "fiery": 0.719567397845711,
    "prone_to_worry": 0.8746238716148445,
    "immoderation": 0.6847062927914178
}