{
    "id": "1",
    "extraversion": 0.8337384396490395,
    "active": 0.37208521065528416,
    "assertive": 0.15413801280531178,
    "cheerful": 0.8163781519247489,
    "openness": 0.30101375385345025,
    "adventurous": 0.2835151371433088,
    "artistic": 0.07131847284799622,
    "emotionally_aware": 0.43128013595763176,
    "imaginative": 0.10066397913208439,
    "intellectual": 0.2735554501620425,
    "conscientiousness": 0.43625009880641846,
    "cautious": 0.3599616631096355,
    "disciplined": 0.17483795747371747,
    "dutiful": 0.17855307880799934,
    "neuroticism": 0.7677061101889178,
    "melancholy": 0.955428424630464,
    "self_conscious": 0.9147300608647537,
    "authority_challenging": 0.9513477195478617,
    "achievement_striving": 0.33412378468105286,
    "orderliness": 0.21886609754169628,
    "self_efficacy": 0.2616986799462493,
    "stress_prone": 0.8089182673306458,
    "agreeableness": 0.5118666508576397,
    "cooperative": 0.30099399256975734,
    "trusting": 0.14699430875029643,
    "excitement_seeking": 0.3538356651648091,
    "outgoing": 0,
    "gregariousness": 0.9245612995020155,
    "altruism": 0.24497075330013435,
    "modesty": 0.14863449529681447,
    "uncompromising": 0.9519603193423444,
    "sympathy": 0.13021697889494896,
    "fiery": 1,
    "prone_to_worry": 0.9781341395937079,
    "immoderation": 0.9942297051616472
}