{
    "id": "1",
    "extraversion": 0.31724130150277535,
    "active": 0.0381334897784196,
    "assertive": 0,
    "cheerful": 0.7255742587661899,
    "openness": 0.6418949411074506,
    "adventurous": 0.6967936278712938,
    "artistic": 0.6880951306466898,
    "emotionally_aware": 0.678076628006679,
    "imaginative": 0.8270905726792724,
    "intellectual": 0.7560810505889254,
    "conscientiousness": 0.21790243242023555,
    "cautious": 0.22385937993591765,
    "disciplined": 0.02698677738165079,
    "dutiful": 0.8086104968635769,
    "neuroticism": 0.6015050318155152,
    "melancholy": 1,
    "self_conscious": 0.20077620831264945,
    "authority_challenging": 0.1525113949185432,
    "achievement_striving": 0.07454081862899946,
    "orderliness": 0.1882530800126359,
    "self_efficacy": 0.1702130060020759,
    "stress_prone": 0.7144388284669886,
    "agreeableness": 0.5883613881492846,
    "cooperative": 0.7934360756351821,
    "trusting": 0.8406742181506385,
    "excitement_seeking": 0.7115280472945529,
    "outgoing": 0.7616431246897423,
    "gregariousness": 0.7366307143824179,
    "altruism": 0.8463942416174015,
    "modesty": 0.7553477142470328,
    "uncompromising": 0.09866194322848501,
    "sympathy": 0.823909021165215,
    "fiery": 0.7612595333724446,
    "prone_to_worry": 0.8139356469154745,
    "immoderation": 0.9714224468613204
}