{
    "id": "1",
    "extraversion": 0.3288910095652367,
    "active": 0.9093743758183713,
    "assertive": 0.16250915466388513,
    "cheerful": 0.8494085532302093,
    "openness": 0.6474955058922744,
    "adventurous": 0.24615504116824607,
    "artistic": 0.23394882265474157,
    "emotionally_aware": 0.8584744446170576,
    "imaginative": 0.9819902794114382,
    "intellectual": 0.9364166981069263,
    "conscientiousness": 0.3601278323975233,
    "cautious": 0.8253733993208904,
    "disciplined": 0.06280654253312327,
    "dutiful": 0.14291262566856788,
    "neuroticism": 0.7411061053285691,
    "melancholy": 0.7810093433054438,
    "self_conscious": 0.8598504183403981,
    "authority_challenging": 0.8726225615304378,
    "achievement_striving": 1,
    "orderliness": 0.8243747087152399,
    "self_efficacy": 0.8187376550744578,
    "stress_prone": 0.8695044275283516,
    "agreeableness": 0.3368583412858696,
    "cooperative": 0.843249961162032,
    "trusting": 0,
    "excitement_seeking": 0.14848309993563996,
    "outgoing": 0.8102043986772897,
    "gregariousness": 0.27334161876650614,
    "altruism": 0.1418140660023525,
    "modesty": 0.052253711800084354,
    "uncompromising": 0.8829090747686367,
    "sympathy": 0.22615903593066872,
    "fiery": 0.1386626423134113,
    "prone_to_worry": 0.8834528063206019,
    "immoderation": 0.14760647151512463
}