{
    "id": "1",
    "extraversion": 0.26384027795518994,
    "active": 0.16130598063510718,
    "assertive": 0.06259101244156041,
    "cheerful": 0,
    "openness": 0.2928492961704519,
    "adventurous": 0.13366374575275275,
    "artistic": 0.17116725851365508,
    "emotionally_aware": 0.7439133433819585,
    "imaginative": 0.9234090386531436,
    "intellectual": 0.7927343330863756,
    "conscientiousness": 0.26958843215900674,
    "cautious": 0.7811102879186573,
    "disciplined": 0.0100528830186751,
    "dutiful": 0.15093375571622,
    "neuroticism": 0.6976598625552463,
    "melancholy": 1,
    "self_conscious": 0.8305444140714815,
    "authority_challenging": 0.09561096492348571,
    "achievement_striving": 0.8222798456939938,
    "orderliness": 0.1700048539968832,
    "self_efficacy": 0.16702858748690697,
    "stress_prone": 0.8643946554939581,
    "agreeableness": 0.34258999054747974,
    "cooperative": 0.1496436144393634,
    "trusting": 0.8841427586030708,
    "excitement_seeking": 0.039227959022047384,
    "outgoing": 0.13853051631198426,
    "gregariousness": 0.22919806862018752,
    "altruism": 0.21647548731573973,
    "modesty": 0.09479344965894285,
    "uncompromising": 0.01834299874817973,
    "sympathy": 0.21401016784610274,
    "fiery": 0.8304166773113967,
    "prone_to_worry": 0.929118871828935,
    "immoderation": 0.8815624760493574
}