{
    "id": "1",
    "extraversion": 0.2902886207712326,
    "active": 0.9977052282942986,
    "assertive": 0.043364088005677814,
    "cheerful": 0.7779749231133191,
    "openness": 0.6523775727466288,
    "adventurous": 0.20890702625975874,
    "artistic": 0.16884315117104332,
    "emotionally_aware": 0.8076176957653182,
    "imaginative": 0.9320440028388929,
    "intellectual": 0.8646084693636149,
    "conscientiousness": 0.30177430801987226,
    "cautious": 0.2296191152117341,
    "disciplined": 0.9569198012775018,
    "dutiful": 0.08929500828010409,
    "neuroticism": 0.736491601608706,
    "melancholy": 0.19268985095812638,
    "self_conscious": 1,
    "authority_challenging": 0.12028625502720605,
    "achievement_striving": 0.8428436243198485,
    "orderliness": 0.2105985332387036,
    "self_efficacy": 0.13883368819493733,
    "stress_prone": 0.9288384196829902,
    "agreeableness": 0.33989827300686065,
    "cooperative": 0.07886207712325527,
    "trusting": 0,
    "excitement_seeking": 0.8678495386799148,
    "outgoing": 0.9298911757747811,
    "gregariousness": 0.133546250295718,
    "altruism": 0.16401703335699078,
    "modesty": 0.14497279394369528,
    "uncompromising": 0.18946061036195888,
    "sympathy": 0.8878400757038089,
    "fiery": 0.8156730541755381,
    "prone_to_worry": 0.8858410220014195,
    "immoderation": 0.8720842204873432
}