{
    "id": "1",
    "extraversion": 0.26026423892528033,
    "active": 1,
    "assertive": 0.8971577661818587,
    "cheerful": 0.07927167758410122,
    "openness": 0.6594204507605197,
    "adventurous": 0.038692128344620845,
    "artistic": 0.690529588098146,
    "emotionally_aware": 0.8168313533918063,
    "imaginative": 0.8167092261574331,
    "intellectual": 0.780115465748862,
    "conscientiousness": 0.5867103364050184,
    "cautious": 0.6329077384256689,
    "disciplined": 0.8563117575219275,
    "dutiful": 0.05383590540690572,
    "neuroticism": 0.5594315532363717,
    "melancholy": 0.04497612967691794,
    "self_conscious": 0.8121905184856223,
    "authority_challenging": 0.7651937382036195,
    "achievement_striving": 0.8462973243033196,
    "orderliness": 0.6514377706228489,
    "self_efficacy": 0.7407904962806706,
    "stress_prone": 0.749994448762074,
    "agreeableness": 0.2358609970023315,
    "cooperative": 0.6964361052514711,
    "trusting": 0,
    "excitement_seeking": 0.15479071833018762,
    "outgoing": 0.736871322304874,
    "gregariousness": 0.14304429887864992,
    "altruism": 0.06691462196069722,
    "modesty": 0.08035972021760854,
    "uncompromising": 0.14459864549794604,
    "sympathy": 0.061407793938048155,
    "fiery": 0.0574997224381037,
    "prone_to_worry": 0.6553458421227933,
    "immoderation": 0.758587765071611
}