{
    "id": "1",
    "extraversion": 0.708162066940693,
    "active": 0.8360821057468918,
    "assertive": 0,
    "cheerful": 0.7937910081952564,
    "openness": 0.34231152186678243,
    "adventurous": 0.25849523858153134,
    "artistic": 0.011144016952181592,
    "emotionally_aware": 0.7394623299037505,
    "imaginative": 1,
    "intellectual": 0.9355868161045725,
    "conscientiousness": 0.7096428297888636,
    "cautious": 0.7933697566953458,
    "disciplined": 0.058222063366437725,
    "dutiful": 0.9694656488549619,
    "neuroticism": 0.7333733309504967,
    "melancholy": 0.08403329163368992,
    "self_conscious": 0.8378054073374352,
    "authority_challenging": 0.10466184993234447,
    "achievement_striving": 0.9288084965151013,
    "orderliness": 0.8758073987081623,
    "self_efficacy": 0.8470601751385024,
    "stress_prone": 0.925693788455156,
    "agreeableness": 0.3353544895197733,
    "cooperative": 0.24560238964487224,
    "trusting": 0.8703694248002246,
    "excitement_seeking": 0.9496668283591616,
    "outgoing": 0.8869386504633767,
    "gregariousness": 0.20650259133498433,
    "altruism": 0.8278102581122827,
    "modesty": 0.9163113686844189,
    "uncompromising": 0.1321325538053052,
    "sympathy": 0.845094334805586,
    "fiery": 0.18424008782455517,
    "prone_to_worry": 0.8595828333631189,
    "immoderation": 0.11981413873216064
}