{
    "id": "1",
    "extraversion": 0.2737429030748255,
    "active": 0.16014122626727176,
    "assertive": 0,
    "cheerful": 0.7511446653507254,
    "openness": 0.31822714230479643,
    "adventurous": 0.17701104983618568,
    "artistic": 0.15462648297755438,
    "emotionally_aware": 0.7673633015201157,
    "imaginative": 0.9314523513970004,
    "intellectual": 0.7995563785840744,
    "conscientiousness": 0.35270955007020616,
    "cautious": 0.2736208054374148,
    "disciplined": 0.17858814431940742,
    "dutiful": 0.12367473189393784,
    "neuroticism": 0.7198266213548767,
    "melancholy": 0.9162206711300136,
    "self_conscious": 1,
    "authority_challenging": 0.8019169329073483,
    "achievement_striving": 0.24511100710201258,
    "orderliness": 0.2123481410634704,
    "self_efficacy": 0.25625241651574043,
    "stress_prone": 0.8037789218778617,
    "agreeableness": 0.37540953582548175,
    "cooperative": 0.15828941209987585,
    "trusting": 0.07675871471887019,
    "excitement_seeking": 0.7973891455200341,
    "outgoing": 0.25634398974379846,
    "gregariousness": 0.14788058851061234,
    "altruism": 0.21797480718748094,
    "modesty": 0.2346920087096315,
    "uncompromising": 0.7825237581652794,
    "sympathy": 0.9148674223153782,
    "fiery": 0.2131621253128752,
    "prone_to_worry": 0.8453328178099754,
    "immoderation": 0.8348425957957714
}