{
    "id": "1",
    "extraversion": 0.6321616993706035,
    "active": 0.8443631988152537,
    "assertive": 0.11175259163272863,
    "cheerful": 0.7190392447241762,
    "openness": 0.626191688263606,
    "adventurous": 0.22337791558681971,
    "artistic": 0.169173454276194,
    "emotionally_aware": 0.767586079229915,
    "imaginative": 1,
    "intellectual": 0.8292761940022215,
    "conscientiousness": 0.6229637171417994,
    "cautious": 0.8758098852276934,
    "disciplined": 0,
    "dutiful": 0.9725564605701592,
    "neuroticism": 0.6918271010736765,
    "melancholy": 0.15087004813032212,
    "self_conscious": 0.7400384116993707,
    "authority_challenging": 0.8079299333580156,
    "achievement_striving": 0.7985468345057387,
    "orderliness": 0.7801277304701962,
    "self_efficacy": 0.8315323028507959,
    "stress_prone": 0.9586958533876343,
    "agreeableness": 0.32847787856349503,
    "cooperative": 0.8080919104035543,
    "trusting": 0.8560602554609404,
    "excitement_seeking": 0.19034616808589416,
    "outgoing": 0.8539776934468716,
    "gregariousness": 0.19903507960014813,
    "altruism": 0.7344039244724176,
    "modesty": 0.07290124028137729,
    "uncompromising": 0.8184353017400963,
    "sympathy": 0.15549796371714183,
    "fiery": 0.7855655312847094,
    "prone_to_worry": 0.785727508330248,
    "immoderation": 0.9195783968900407
}