{
    "id": "1",
    "extraversion": 0.3533727146301943,
    "active": 0.9608313451307111,
    "assertive": 0.10405848505339443,
    "cheerful": 0.7638908381071461,
    "openness": 0.6593985633907041,
    "adventurous": 0.24738769313208897,
    "artistic": 0.14349506883221272,
    "emotionally_aware": 0.9141096467165949,
    "imaginative": 0.9520024496357443,
    "intellectual": 0.8852626341239364,
    "conscientiousness": 0.2832263744115133,
    "cautious": 0.7649625537452635,
    "disciplined": 1,
    "dutiful": 0.9090445144745404,
    "neuroticism": 0.7530205794919558,
    "melancholy": 0.18069891169828653,
    "self_conscious": 0.8966049579606783,
    "authority_challenging": 0.12952448997818294,
    "achievement_striving": 0.84675742226872,
    "orderliness": 0.1498232945049057,
    "self_efficacy": 0.8273644726265964,
    "stress_prone": 0.9938121180418223,
    "agreeableness": 0.33952972097117856,
    "cooperative": 0.8223248574235447,
    "trusting": 0.9083300373824622,
    "excitement_seeking": 0.8584697431710024,
    "outgoing": 0.8810140471299711,
    "gregariousness": 0.7788055474042792,
    "altruism": 0.7576136465124587,
    "modesty": 0.09252478342413151,
    "uncompromising": 0,
    "sympathy": 0.8382857653197924,
    "fiery": 0.9592365301930365,
    "prone_to_worry": 0.8877377869072073,
    "immoderation": 0.881524387910027
}