{
    "id": "1",
    "extraversion": 0.26211423678757123,
    "active": 0,
    "assertive": 0.8856639408341296,
    "cheerful": 0.07368434114683509,
    "openness": 0.6352265253700969,
    "adventurous": 0.021107622817576,
    "artistic": 0.7745293905964982,
    "emotionally_aware": 0.8883815007383326,
    "imaginative": 0.8471713799992554,
    "intellectual": 0.8996240088351719,
    "conscientiousness": 0.656669189819698,
    "cautious": 0.9521635003164283,
    "disciplined": 0.9557124598260265,
    "dutiful": 1,
    "neuroticism": 0.6515939295419857,
    "melancholy": 0.10139352501023739,
    "self_conscious": 0.8936304863067245,
    "authority_challenging": 0.007035874272525356,
    "achievement_striving": 0.807425515281621,
    "orderliness": 0.8159876903222605,
    "self_efficacy": 0.8510305632422103,
    "stress_prone": 0.8276893295444675,
    "agreeableness": 0.5883703326839316,
    "cooperative": 0.8357675555610706,
    "trusting": 0.07259235360542023,
    "excitement_seeking": 0.11350465956047501,
    "outgoing": 0.028652264012806034,
    "gregariousness": 0.014233064886396045,
    "altruism": 0.754749525357688,
    "modesty": 0.797436311067542,
    "uncompromising": 0.09620658418851674,
    "sympathy": 0.759378063459367,
    "fiery": 0.1201310385049698,
    "prone_to_worry": 0.7226599823792921,
    "immoderation": 0.017546254358643435
}