{
    "id": "1",
    "extraversion": 0.3153446757689544,
    "active": 0.8106535226663159,
    "assertive": 0,
    "cheerful": 0.8625851441757841,
    "openness": 0.6493223889962856,
    "adventurous": 0.6837140572654676,
    "artistic": 0.15414511705110168,
    "emotionally_aware": 0.7182271793366598,
    "imaginative": 1,
    "intellectual": 0.7105351052093559,
    "conscientiousness": 0.2717225185470077,
    "cautious": 0.20997338137505947,
    "disciplined": 0.0566075928868557,
    "dutiful": 0.09058429399917009,
    "neuroticism": 0.8044391364634678,
    "melancholy": 0.8019392123720941,
    "self_conscious": 0.86937643593818,
    "authority_challenging": 0.7841765938281228,
    "achievement_striving": 0.6851107759885834,
    "orderliness": 0.21206845945973304,
    "self_efficacy": 0.15044077608979484,
    "stress_prone": 0.9499509124216876,
    "agreeableness": 0.21526674291266462,
    "cooperative": 0.028723824175379307,
    "trusting": 0.005030211633250033,
    "excitement_seeking": 0.81404410797243,
    "outgoing": 0.7100088054006458,
    "gregariousness": 0.22158234061718776,
    "altruism": 0.8194589233120452,
    "modesty": 0.12426748175662683,
    "uncompromising": 0.7460704634474662,
    "sympathy": 0.8733945325546796,
    "fiery": 0.7504225580194933,
    "prone_to_worry": 0.9408013926702631,
    "immoderation": 0.8873617197858366
}