{
    "id": "1",
    "extraversion": 0.3133042351668533,
    "active": 0.15955774141205772,
    "assertive": 0,
    "cheerful": 0.10477855624457559,
    "openness": 0.3900579866919914,
    "adventurous": 0.2508270336222186,
    "artistic": 0.266147595627728,
    "emotionally_aware": 0.7968327442422108,
    "imaginative": 0.1021370800367291,
    "intellectual": 0.8867561414321832,
    "conscientiousness": 0.7121168287191356,
    "cautious": 0.8096124577049346,
    "disciplined": 0.10726909095483078,
    "dutiful": 0.9240638482534811,
    "neuroticism": 0.7122803486748595,
    "melancholy": 0.9756858404296802,
    "self_conscious": 0.9525792128400901,
    "authority_challenging": 1,
    "achievement_striving": 0.8351593061722494,
    "orderliness": 0.19026175771373946,
    "self_efficacy": 0.889045420812317,
    "stress_prone": 0.8923283983849261,
    "agreeableness": 0.3461340108929447,
    "cooperative": 0.047458522534307795,
    "trusting": 0.16626205959673465,
    "excitement_seeking": 0.14329379504660322,
    "outgoing": 0.18467692230286412,
    "gregariousness": 0.2649274851888656,
    "altruism": 0.2860215594772393,
    "modesty": 0.21072690909548308,
    "uncompromising": 0.965446975509742,
    "sympathy": 0.8778254361580359,
    "fiery": 0.8971459478497127,
    "prone_to_worry": 0.967283430397102,
    "immoderation": 0.9086426585829109
}