{
    "id": "1",
    "extraversion": 0.6274654462875652,
    "active": 0.7489999884724897,
    "assertive": 0,
    "cheerful": 0.7518472835421735,
    "openness": 0.2569482068957567,
    "adventurous": 0.19944898500270894,
    "artistic": 0.17177143252371782,
    "emotionally_aware": 0.656491717483775,
    "imaginative": 1,
    "intellectual": 0.9331519671696504,
    "conscientiousness": 0.6678232602104923,
    "cautious": 0.7220140866177132,
    "disciplined": 0.7879514461261802,
    "dutiful": 0.09648526207794902,
    "neuroticism": 0.6842730175563984,
    "melancholy": 0.885531821692469,
    "self_conscious": 0.8483556006409296,
    "authority_challenging": 0.8107182791732469,
    "achievement_striving": 0.7304406967227287,
    "orderliness": 0.11740769346044334,
    "self_efficacy": 0.7571038282862049,
    "stress_prone": 0.7116739097857036,
    "agreeableness": 0.2338586035573897,
    "cooperative": 0.14658382229189962,
    "trusting": 0.011527510403578085,
    "excitement_seeking": 0.7745334240164151,
    "outgoing": 0.8523902292821819,
    "gregariousness": 0.7346136554888241,
    "altruism": 0.7962858361479671,
    "modesty": 0.11263530415336195,
    "uncompromising": 0.13360384557747065,
    "sympathy": 0.8060496374597977,
    "fiery": 0.12604179875272337,
    "prone_to_worry": 0.933682232648215,
    "immoderation": 0.8504074974927665
}