{
    "id": "1",
    "extraversion": 0.2309515746698273,
    "active": 0.9390767863189976,
    "assertive": 0.740549864544531,
    "cheerful": 0.12584659668134104,
    "openness": 0.2575876227565188,
    "adventurous": 0.13858787673552322,
    "artistic": 0.11425880460548596,
    "emotionally_aware": 0.7646143752116492,
    "imaginative": 1,
    "intellectual": 0.7949225364036573,
    "conscientiousness": 0.5775905858449035,
    "cautious": 0.6534668134100915,
    "disciplined": 0.9448124788350829,
    "dutiful": 0.08909371825262444,
    "neuroticism": 0.658747460209956,
    "melancholy": 0.8002031832035218,
    "self_conscious": 0.8025630714527598,
    "authority_challenging": 0.8820373349136472,
    "achievement_striving": 0.8205320860142228,
    "orderliness": 0.7209511513714867,
    "self_efficacy": 0.7709850152387403,
    "stress_prone": 0.846914155096512,
    "agreeableness": 0.24809515746698274,
    "cooperative": 0.7325071960717915,
    "trusting": 0.1112216390111751,
    "excitement_seeking": 0.012275651879444632,
    "outgoing": 0.7291208093464273,
    "gregariousness": 0.2267609210971893,
    "altruism": 0.1208410938029123,
    "modesty": 0,
    "uncompromising": 0.6843040975279376,
    "sympathy": 0.09845919403995937,
    "fiery": 0.7421583982390789,
    "prone_to_worry": 0.8057907213003724,
    "immoderation": 0.8324902641381645
}