{
    "id": "1",
    "extraversion": 0.27687753975818996,
    "active": 1,
    "assertive": 0,
    "cheerful": 0.21632468770380775,
    "openness": 0.27261325440224754,
    "adventurous": 0.1693774143380324,
    "artistic": 0.6892188832589173,
    "emotionally_aware": 0.6376360808709175,
    "imaginative": 0.8080971253699895,
    "intellectual": 0.6978678573220287,
    "conscientiousness": 0.6111473436010635,
    "cautious": 0.761149852004214,
    "disciplined": 0.08400140470576432,
    "dutiful": 0.1520393317614007,
    "neuroticism": 0.6143480660211709,
    "melancholy": 0.07567350624592382,
    "self_conscious": 0.7414438368534592,
    "authority_challenging": 0.06451612903225809,
    "achievement_striving": 0.20329102493352733,
    "orderliness": 0.745868660011037,
    "self_efficacy": 0.7614207595444739,
    "stress_prone": 0.7450459037776551,
    "agreeableness": 0.34953092861084634,
    "cooperative": 0.1798725731199518,
    "trusting": 0.7236743089349319,
    "excitement_seeking": 0.09224903426478706,
    "outgoing": 0.6849345306777705,
    "gregariousness": 0.2525660964230171,
    "altruism": 0.7338283248883761,
    "modesty": 0.1680630110871419,
    "uncompromising": 0.7432097526714494,
    "sympathy": 0.7286208799478252,
    "fiery": 0.20036121005367985,
    "prone_to_worry": 0.7334470476094918,
    "immoderation": 0.12197862840515729
}