{
    "id": "1",
    "extraversion": 0.3551248866175527,
    "active": 0.11659034092166101,
    "assertive": 0,
    "cheerful": 0.7808676799185859,
    "openness": 0.3932766974181987,
    "adventurous": 0.32425167584787945,
    "artistic": 0.17806021990663923,
    "emotionally_aware": 0.7120970774982854,
    "imaginative": 1,
    "intellectual": 0.9281653060772992,
    "conscientiousness": 0.38763522930908606,
    "cautious": 0.7453043074268267,
    "disciplined": 0.16928829008207782,
    "dutiful": 0.15091480276985023,
    "neuroticism": 0.69630096679277,
    "melancholy": 0.17585894117386783,
    "self_conscious": 0.8749253335103205,
    "authority_challenging": 0.07365987478153135,
    "achievement_striving": 0.09766376850069686,
    "orderliness": 0.8837968186544545,
    "self_efficacy": 0.8156567332581138,
    "stress_prone": 0.8945156080617684,
    "agreeableness": 0.6631047985664034,
    "cooperative": 0.1626180836707152,
    "trusting": 0.205172451936904,
    "excitement_seeking": 0.7741421649963496,
    "outgoing": 0.8338089865268468,
    "gregariousness": 0.22095750094024466,
    "altruism": 0.28585650759938935,
    "modesty": 0.7875489480321232,
    "uncompromising": 0.1650074113404571,
    "sympathy": 0.8433109886949404,
    "fiery": 0.2590429415278423,
    "prone_to_worry": 0.8957766421096879,
    "immoderation": 0.1014689940488042
}