{
    "id": "1",
    "extraversion": 0.32999874953107416,
    "active": 0.9176509372832995,
    "assertive": 0,
    "cheerful": 0.7229074539315881,
    "openness": 0.6138210920004092,
    "adventurous": 0.2820375822751714,
    "artistic": 0.778087237259427,
    "emotionally_aware": 0.7635022224243182,
    "imaginative": 0.878840928984733,
    "intellectual": 0.7634453829276888,
    "conscientiousness": 0.31986995123171186,
    "cautious": 0.7455750451873998,
    "disciplined": 1,
    "dutiful": 0.8674389259608718,
    "neuroticism": 0.6519831300374004,
    "melancholy": 0.1454068002773767,
    "self_conscious": 0.8930053315447839,
    "authority_challenging": 0.8302431593665807,
    "achievement_striving": 0.7443359441608786,
    "orderliness": 0.20863505632794116,
    "self_efficacy": 0.807177691634363,
    "stress_prone": 0.8704514192822309,
    "agreeableness": 0.3598735889594962,
    "cooperative": 0.16165152841406435,
    "trusting": 0.0952516284515784,
    "excitement_seeking": 0.23042731933565996,
    "outgoing": 0.775052008139416,
    "gregariousness": 0.7277047074471108,
    "altruism": 0.7860561346868713,
    "modesty": 0.7851808064387782,
    "uncompromising": 0.8440096854502258,
    "sympathy": 0.7642979753771301,
    "fiery": 0.7932520149601555,
    "prone_to_worry": 0.7846692509691134,
    "immoderation": 0.9229711141678129
}