{
    "id": "1",
    "extraversion": 0.7116012092639205,
    "active": 1,
    "assertive": 0.029299346091866792,
    "cheerful": 0.10213485689933015,
    "openness": 0.3860055668757575,
    "adventurous": 0.8693648700840358,
    "artistic": 0.20513537629682901,
    "emotionally_aware": 0.8172253519251002,
    "imaginative": 0.9650139171893937,
    "intellectual": 0.887317378507598,
    "conscientiousness": 0.3733402586333187,
    "cautious": 0.8219265651843861,
    "disciplined": 0.13324543529505775,
    "dutiful": 0.10216149266850454,
    "neuroticism": 0.3583176848189434,
    "melancholy": 0.9624835191178233,
    "self_conscious": 0.9080932784636488,
    "authority_challenging": 0.9837521808036012,
    "achievement_striving": 0.9440515668491217,
    "orderliness": 0.11867566955664764,
    "self_efficacy": 0.8869178419699815,
    "stress_prone": 0.8835084635156552,
    "agreeableness": 0.41543809181349634,
    "cooperative": 0.08809780654440853,
    "trusting": 0.1177300997509556,
    "excitement_seeking": 0.8422363391798846,
    "outgoing": 0.16804506772144315,
    "gregariousness": 0.8236578901807237,
    "altruism": 0.8502803414705608,
    "modesty": 0.15387483852064943,
    "uncompromising": 0,
    "sympathy": 0.10902020323091885,
    "fiery": 0.9610718233515788,
    "prone_to_worry": 0.9248871309281234,
    "immoderation": 0.9854169163770027
}