{
    "id": "1",
    "extraversion": 0.6856806081635897,
    "active": 0.9201255529361904,
    "assertive": 0.12340741133154978,
    "cheerful": 0.15773580907477552,
    "openness": 0.6402140227266707,
    "adventurous": 0.11722247238630039,
    "artistic": 0,
    "emotionally_aware": 0.7311207056392869,
    "imaginative": 0.9437660583264905,
    "intellectual": 0.8810028342118508,
    "conscientiousness": 0.6555505522739914,
    "cautious": 0.9085768018435619,
    "disciplined": 1,
    "dutiful": 0.9444812332794744,
    "neuroticism": 0.6885015760336927,
    "melancholy": 0.8894127618997164,
    "self_conscious": 0.8594946096998914,
    "authority_challenging": 0.0547241278838768,
    "achievement_striving": 0.9054644664000212,
    "orderliness": 0.9778163324768891,
    "self_efficacy": 0.834741609938283,
    "stress_prone": 0.9323497470399703,
    "agreeableness": 0.30684978677191216,
    "cooperative": 0.7779779090403411,
    "trusting": 0.053929489047228,
    "excitement_seeking": 0.8195772521389028,
    "outgoing": 0.8568855455195613,
    "gregariousness": 0.8076576695891716,
    "altruism": 0.9205493603157365,
    "modesty": 0.039559770084496605,
    "uncompromising": 0.13682356369030277,
    "sympathy": 0.143087966519217,
    "fiery": 0.08293380658490716,
    "prone_to_worry": 0.8316425184753528,
    "immoderation": 0.8727518342913145
}