{
    "id": "1",
    "extraversion": 0.3161495419445608,
    "active": 0.1417770188269914,
    "assertive": 0.7962431936076296,
    "cheerful": 0.21651577149853402,
    "openness": 0.7434352546960079,
    "adventurous": 0.24484754755077273,
    "artistic": 0.2640289546884901,
    "emotionally_aware": 0.7354877511787007,
    "imaginative": 0.80092577676107,
    "intellectual": 0.8866406761821911,
    "conscientiousness": 0.6364124539528091,
    "cautious": 1,
    "disciplined": 0.8982934347177025,
    "dutiful": 0.14451568557957703,
    "neuroticism": 0.3454371663928,
    "melancholy": 0.7523923059574057,
    "self_conscious": 0.7757407825069003,
    "authority_challenging": 0.11751565335996816,
    "achievement_striving": 0.7620367088743544,
    "orderliness": 0.7829150154117128,
    "self_efficacy": 0.8597802622676161,
    "stress_prone": 0.18413506460031576,
    "agreeableness": 0.3008022682604633,
    "cooperative": 0.81476946869865,
    "trusting": 0.10730203735326653,
    "excitement_seeking": 0.11480920621623653,
    "outgoing": 0.7287323731889894,
    "gregariousness": 0.23888691991279226,
    "altruism": 0.8043195755603527,
    "modesty": 0.7223099311574357,
    "uncompromising": 0.7964687308696072,
    "sympathy": 0.18269592207150603,
    "fiery": 0.1153676794363716,
    "prone_to_worry": 0.8012157532407556,
    "immoderation": 0
}