{
    "id": "1",
    "extraversion": 0.7827030420482306,
    "active": 0.8526196552618291,
    "assertive": 0.11058643702318732,
    "cheerful": 0.8844185443478497,
    "openness": 0.6544566211292018,
    "adventurous": 0.7732862036493662,
    "artistic": 0.14601558554992974,
    "emotionally_aware": 0.2517434798629782,
    "imaginative": 0.9466925061072974,
    "intellectual": 0.9315300315259374,
    "conscientiousness": 0.3449292372360897,
    "cautious": 0.26292085761467393,
    "disciplined": 0.05695140092530679,
    "dutiful": 0,
    "neuroticism": 0.6966140324539736,
    "melancholy": 0.12026257966781766,
    "self_conscious": 0.9465696777803558,
    "authority_challenging": 0.9134333246898585,
    "achievement_striving": 0.02033491190479443,
    "orderliness": 0.05183355396940212,
    "self_efficacy": 0.8509819442359395,
    "stress_prone": 0.8242053689626465,
    "agreeableness": 0.6798138468467239,
    "cooperative": 0.16504032863401255,
    "trusting": 0.07701336099245293,
    "excitement_seeking": 0.7787452404023311,
    "outgoing": 0.9180735059298788,
    "gregariousness": 0.861749894231163,
    "altruism": 0.8361197166759926,
    "modesty": 0.11923901027663669,
    "uncompromising": 0.08132600002729523,
    "sympathy": 0.13345980101811042,
    "fiery": 1,
    "prone_to_worry": 0.948002674928009,
    "immoderation": 0.8614496472097499
}