{
    "id": "1",
    "extraversion": 0.32775590551181105,
    "active": 0.9540391707365693,
    "assertive": 0.0700812319346158,
    "cheerful": 0.04162513704774244,
    "openness": 0.3039968105252666,
    "adventurous": 0.23534835044353633,
    "artistic": 0.22619106947074655,
    "emotionally_aware": 0.7289195654340676,
    "imaginative": 0.8726826472640287,
    "intellectual": 0.9364721419316256,
    "conscientiousness": 0.6859114920761488,
    "cautious": 0.851963520382737,
    "disciplined": 0.16252616365992226,
    "dutiful": 0.1736768663410745,
    "neuroticism": 0.7317726502541613,
    "melancholy": 0.8478022525665304,
    "self_conscious": 0.871000697697598,
    "authority_challenging": 0.07627329811621648,
    "achievement_striving": 0.8284037675670288,
    "orderliness": 0.22041014651649557,
    "self_efficacy": 0.8715987242101068,
    "stress_prone": 0.9380295026412837,
    "agreeableness": 0.37017841124289846,
    "cooperative": 0.159411442240606,
    "trusting": 0.09722914382537626,
    "excitement_seeking": 0.08824628725206818,
    "outgoing": 0.84848749127878,
    "gregariousness": 0.2077519186683943,
    "altruism": 0.9119281371474135,
    "modesty": 0.12000398684341675,
    "uncompromising": 0.2139190670786405,
    "sympathy": 0.1722690122595435,
    "fiery": 0.16885527758397292,
    "prone_to_worry": 1,
    "immoderation": 0
}