{
    "id": "1",
    "extraversion": 0.23000615721420264,
    "active": 0.10214134227269618,
    "assertive": 0.9179380173770268,
    "cheerful": 0.08087614877653873,
    "openness": 0.6424254863058996,
    "adventurous": 0.11480924038220339,
    "artistic": 0.21370094182572805,
    "emotionally_aware": 0.8436751727440651,
    "imaginative": 0.8168342797199609,
    "intellectual": 0.8053066064627945,
    "conscientiousness": 0.6351280472509179,
    "cautious": 0.7411575562700965,
    "disciplined": 1,
    "dutiful": 0.843583954755878,
    "neuroticism": 0.6826526190964859,
    "melancholy": 0.8002668126154479,
    "self_conscious": 0.7886023123760006,
    "authority_challenging": 0.8529794075391668,
    "achievement_striving": 0.7443729903536979,
    "orderliness": 0.7970513785318466,
    "self_efficacy": 0.8489202070648334,
    "stress_prone": 0.7546464162732891,
    "agreeableness": 0.3479282114432966,
    "cooperative": 0.8084764315523022,
    "trusting": 0.1001459487810996,
    "excitement_seeking": 0,
    "outgoing": 0.09453604250758249,
    "gregariousness": 0.1911586964949488,
    "altruism": 0.7809970126108868,
    "modesty": 0.14510501470890058,
    "uncompromising": 0.7615219721329046,
    "sympathy": 0.754532393788055,
    "fiery": 0.7758545985268295,
    "prone_to_worry": 0.8491824587808717,
    "immoderation": 0.0010262023671068071
}