{
    "id": "1",
    "extraversion": 0.23624862486248624,
    "active": 0.9490969930326365,
    "assertive": 0.9642693436010267,
    "cheerful": 0.1669531536486982,
    "openness": 0.6017601760176018,
    "adventurous": 0,
    "artistic": 0.7884007150715071,
    "emotionally_aware": 0.7722772277227723,
    "imaginative": 0.9112807114044738,
    "intellectual": 0.8326113861386137,
    "conscientiousness": 0.5969128162816281,
    "cautious": 0.8281536486982031,
    "disciplined": 1,
    "dutiful": 0.9019526952695268,
    "neuroticism": 0.6438737623762375,
    "melancholy": 0.7805051338467179,
    "self_conscious": 0.7288572607260725,
    "authority_challenging": 0.7862463329666299,
    "achievement_striving": 0.7608635863586358,
    "orderliness": 0.012697103043637671,
    "self_efficacy": 0.7696988448844884,
    "stress_prone": 0.9516868353502016,
    "agreeableness": 0.20748533186651996,
    "cooperative": 0.7723230656398973,
    "trusting": 0.058523560689402274,
    "excitement_seeking": 0.09318848551521819,
    "outgoing": 0.8978845801246791,
    "gregariousness": 0.17055143014301427,
    "altruism": 0.07951732673267327,
    "modesty": 0.14763247158049136,
    "uncompromising": 0.18196507150715072,
    "sympathy": 0.11625641730839748,
    "fiery": 0.7929042904290428,
    "prone_to_worry": 0.7329826732673266,
    "immoderation": 0.8667377154382105
}