{
    "id": "1",
    "extraversion": 0.7271367496201726,
    "active": 0.8611539684596087,
    "assertive": 0,
    "cheerful": 0.17742942278021837,
    "openness": 0.709965020551898,
    "adventurous": 0.3209040479583544,
    "artistic": 0.28100156641972984,
    "emotionally_aware": 0.7556974101075294,
    "imaginative": 0.8967694065271414,
    "intellectual": 0.8309208899148481,
    "conscientiousness": 0.40680980366754216,
    "cautious": 0.7859304886522902,
    "disciplined": 0.1928109578715536,
    "dutiful": 0.17879562344683006,
    "neuroticism": 0.7290682747005547,
    "melancholy": 0.8410142862190397,
    "self_conscious": 0.8303320103171706,
    "authority_challenging": 1,
    "achievement_striving": 0.8427102594603508,
    "orderliness": 0.21476438927296926,
    "self_efficacy": 0.848292838046333,
    "stress_prone": 0.8605650888619313,
    "agreeableness": 0.6563769771632492,
    "cooperative": 0.17619277562509572,
    "trusting": 0.9596853027430012,
    "excitement_seeking": 0.8450186674832464,
    "outgoing": 0.8298373514551216,
    "gregariousness": 0.8229710153462024,
    "altruism": 0.8789499099014215,
    "modesty": 0.17589833582625702,
    "uncompromising": 0.8409671758512255,
    "sympathy": 0.8251263146737019,
    "fiery": 0.8260685220299857,
    "prone_to_worry": 0.888289540320586,
    "immoderation": 0.1665115950392783
}