{
    "id": "1",
    "extraversion": 0.5900235266667962,
    "active": 0.8468627870350566,
    "assertive": 0.803299566409364,
    "cheerful": 0.23336120238766503,
    "openness": 0.6278606288036398,
    "adventurous": 0.19596157959207483,
    "artistic": 0.738309579825397,
    "emotionally_aware": 0.7852268087340321,
    "imaginative": 0.8266706849954307,
    "intellectual": 0.8531236024965487,
    "conscientiousness": 0.3144115416771986,
    "cautious": 0.2903404561451265,
    "disciplined": 0,
    "dutiful": 0.1439598685617624,
    "neuroticism": 0.6273648188835527,
    "melancholy": 0.7506659407750189,
    "self_conscious": 0.908848748809084,
    "authority_challenging": 0.7550796212401082,
    "achievement_striving": 0.7399720013221597,
    "orderliness": 0.11456125682953859,
    "self_efficacy": 0.2219478524625226,
    "stress_prone": 0.8409227897571503,
    "agreeableness": 0.30438840388092786,
    "cooperative": 0.1313021329548327,
    "trusting": 0.05979856506776069,
    "excitement_seeking": 0.684392681456709,
    "outgoing": 0.1506873286539247,
    "gregariousness": 0.2196243510723105,
    "altruism": 0.1647741634422819,
    "modesty": 0.17771383018024148,
    "uncompromising": 0.7107483813264374,
    "sympathy": 0.7022612821061227,
    "fiery": 0.7693803348175225,
    "prone_to_worry": 0.7770896929867201,
    "immoderation": 1
}