{
    "id": "1",
    "extraversion": 0.3039183691229902,
    "active": 0.7529752191980507,
    "assertive": 0.05124774274960293,
    "cheerful": 0.1755324935274025,
    "openness": 0.3182233535669995,
    "adventurous": 0.08989839653634445,
    "artistic": 0.24816700389443683,
    "emotionally_aware": 0.7077758196810479,
    "imaginative": 0.8151230337445335,
    "intellectual": 0.9618171137654201,
    "conscientiousness": 0.6415595152622762,
    "cautious": 0.7558035811413528,
    "disciplined": 0.11871505341252747,
    "dutiful": 0.13038748558623237,
    "neuroticism": 0.33472575767465135,
    "melancholy": 0.21756630333094013,
    "self_conscious": 0.8044622848813177,
    "authority_challenging": 0.08877793007419008,
    "achievement_striving": 0.759665383025477,
    "orderliness": 0.1681352392141505,
    "self_efficacy": 0.2325674999456084,
    "stress_prone": 0.7818462676500664,
    "agreeableness": 0.33298522724800383,
    "cooperative": 0.23352479168026458,
    "trusting": 0.1530252594478167,
    "excitement_seeking": 0.23539586188891065,
    "outgoing": 0.8113156234362422,
    "gregariousness": 0.7473620085721123,
    "altruism": 0.2776689946261123,
    "modesty": 0,
    "uncompromising": 0.16365337336553312,
    "sympathy": 0.21177903966233708,
    "fiery": 0.8761177468833627,
    "prone_to_worry": 0.9054456845723734,
    "immoderation": 1
}