{
    "id": "1",
    "extraversion": 0.17004234838922772,
    "active": 0.16533566111851652,
    "assertive": 0.8605098321399501,
    "cheerful": 0.14213251860851922,
    "openness": 0.2933599141236007,
    "adventurous": 0.026317341606407696,
    "artistic": 0.798249442629139,
    "emotionally_aware": 0.944652188786524,
    "imaginative": 0.9656494402698973,
    "intellectual": 0.8056338692744153,
    "conscientiousness": 0.6963537918912861,
    "cautious": 0.8947542259917662,
    "disciplined": 0.9338468616186757,
    "dutiful": 1,
    "neuroticism": 0.7475493376428816,
    "melancholy": 0.8012928644733582,
    "self_conscious": 0.8954619985136777,
    "authority_challenging": 0.8608283297748104,
    "achievement_striving": 0.8155426845811756,
    "orderliness": 0.8208037936607174,
    "self_efficacy": 0.9782477911599212,
    "stress_prone": 0.8310664952284337,
    "agreeableness": 0.3645264412017977,
    "cooperative": 0.8204263149823647,
    "trusting": 0.14004458966888042,
    "excitement_seeking": 0.02939615207672254,
    "outgoing": 0.8483833295978673,
    "gregariousness": 0.2558479704622934,
    "altruism": 0.24717775706887804,
    "modesty": 0.0956554563363335,
    "uncompromising": 0.17657744800821015,
    "sympathy": 0.009932407724157436,
    "fiery": 0.2132636570606207,
    "prone_to_worry": 0.8935274202871197,
    "immoderation": 0
}