{
    "id": "1",
    "extraversion": 0.6462170904843202,
    "active": 0.8258491328960373,
    "assertive": 0,
    "cheerful": 0.12840327073411806,
    "openness": 0.6671870788031269,
    "adventurous": 0.24249707970168027,
    "artistic": 0.23584778506604367,
    "emotionally_aware": 0.6772396441728816,
    "imaginative": 0.8782572558181329,
    "intellectual": 1,
    "conscientiousness": 0.5771857309731333,
    "cautious": 0.6906393206936831,
    "disciplined": 0.09549375505436246,
    "dutiful": 0.8551644352592326,
    "neuroticism": 0.607466978165154,
    "melancholy": 0.7885479378201096,
    "self_conscious": 0.8163020037739239,
    "authority_challenging": 0.9690111420612814,
    "achievement_striving": 0.08821547308832779,
    "orderliness": 0.7435978075298768,
    "self_efficacy": 0.7802138556923353,
    "stress_prone": 0.6839338664749753,
    "agreeableness": 0.5742542007368138,
    "cooperative": 0.8074287896486657,
    "trusting": 0.11430721538323296,
    "excitement_seeking": 0.20456689729535446,
    "outgoing": 0.8010939886782281,
    "gregariousness": 0.7599402462036122,
    "altruism": 0.8341270554407404,
    "modesty": 0.12672971515859466,
    "uncompromising": 0.7584464012939167,
    "sympathy": 0.7267723964417288,
    "fiery": 0.7766308742923893,
    "prone_to_worry": 0.8757413064965406,
    "immoderation": 0.0008648575792973233
}