{
    "id": "1",
    "extraversion": 0.23445285705041094,
    "active": 0.8240039690243535,
    "assertive": 0.9190124894842425,
    "cheerful": 0.11086304708902268,
    "openness": 0.7594318255354947,
    "adventurous": 0.1442222653637913,
    "artistic": 0.744839189801333,
    "emotionally_aware": 1,
    "imaginative": 0.8534912314760889,
    "intellectual": 0.9499989214607736,
    "conscientiousness": 0.6755969714618522,
    "cautious": 0.8026165361634202,
    "disciplined": 0.9635993011065812,
    "dutiful": 0.8970426454410148,
    "neuroticism": 0.6485256368774133,
    "melancholy": 0.14148277572855328,
    "self_conscious": 0.8954895489548955,
    "authority_challenging": 0.1975883862896094,
    "achievement_striving": 0.8482818870122307,
    "orderliness": 0.8648266787463059,
    "self_efficacy": 0.8779632865247309,
    "stress_prone": 0.8224940141072931,
    "agreeableness": 0.3155050799197567,
    "cooperative": 0.8759895597402878,
    "trusting": 0.1866735693177161,
    "excitement_seeking": 0,
    "outgoing": 0.8701007355637524,
    "gregariousness": 0.23626480295088337,
    "altruism": 0.21841497875277727,
    "modesty": 0.08395349338855457,
    "uncompromising": 0.8447874199184624,
    "sympathy": 0.18722362432321665,
    "fiery": 0.18296339437865355,
    "prone_to_worry": 0.2628184387066158,
    "immoderation": 0.0941349036864471
}