{
    "id": "1",
    "extraversion": 0.3234711447668068,
    "active": 1,
    "assertive": 0.8178056321860361,
    "cheerful": 0.2555590527855437,
    "openness": 0.6310566366110607,
    "adventurous": 0.14293384680898336,
    "artistic": 0.22276943585565906,
    "emotionally_aware": 0.8121216048582695,
    "imaginative": 0.8194441872951805,
    "intellectual": 0.7985780674307085,
    "conscientiousness": 0.11658736183370057,
    "cautious": 0.18613800892410803,
    "disciplined": 0.969691359167577,
    "dutiful": 0,
    "neuroticism": 0.7014774768102793,
    "melancholy": 0.8562700190701893,
    "self_conscious": 0.9522319527503655,
    "authority_challenging": 0.8944751994963988,
    "achievement_striving": 0.7319064634981762,
    "orderliness": 0.1602729073707208,
    "self_efficacy": 0.20309751717242783,
    "stress_prone": 0.834579992964396,
    "agreeableness": 0.3065949528799689,
    "cooperative": 0.13958267760271062,
    "trusting": 0.07940974986576814,
    "excitement_seeking": 0.2506804169521024,
    "outgoing": 0.7038381070522671,
    "gregariousness": 0.25485549239969635,
    "altruism": 0.1921830738182963,
    "modesty": 0.1009609153690915,
    "uncompromising": 0.6703449297365351,
    "sympathy": 0.6889707652144932,
    "fiery": 0.8641573012904779,
    "prone_to_worry": 0.8543815148765992,
    "immoderation": 0.953889022606506
}