{
    "id": "1",
    "extraversion": 0.2613139422046907,
    "active": 1,
    "assertive": 0,
    "cheerful": 0.1745579654437989,
    "openness": 0.2260646006880994,
    "adventurous": 0.7926753960352367,
    "artistic": 0.21799896659063125,
    "emotionally_aware": 0.757325234092427,
    "imaginative": 0.9018135074166026,
    "intellectual": 0.767016597562666,
    "conscientiousness": 0.6235617336072288,
    "cautious": 0.16629069049389403,
    "disciplined": 0.8486559376929765,
    "dutiful": 0.1253575974492432,
    "neuroticism": 0.6825542854982419,
    "melancholy": 0.7989262624607745,
    "self_conscious": 0.896343999294257,
    "authority_challenging": 0.050964725453376825,
    "achievement_striving": 0.9236915399059848,
    "orderliness": 0.14853369292618687,
    "self_efficacy": 0.9197847483900239,
    "stress_prone": 0.8658710254697601,
    "agreeableness": 0.2828769108621407,
    "cooperative": 0.8020769007800981,
    "trusting": 0.09575419980087964,
    "excitement_seeking": 0.1035929879393565,
    "outgoing": 0.9156133032552395,
    "gregariousness": 0.09057455040391181,
    "altruism": 0.8611828756506068,
    "modesty": 0.0715446949551979,
    "uncompromising": 0.8116422387175641,
    "sympathy": 0.7744395014429923,
    "fiery": 0.06865871025469757,
    "prone_to_worry": 0.8568980075363268,
    "immoderation": 0.9473969426205748
}