{
    "id": "1",
    "extraversion": 0.3142628152344564,
    "active": 0.9313593096406573,
    "assertive": 0.08060779728379608,
    "cheerful": 0.8099755168362921,
    "openness": 0.6572466870876014,
    "adventurous": 0.26973200267887526,
    "artistic": 0.7753258017412689,
    "emotionally_aware": 0.7155012461161797,
    "imaginative": 1,
    "intellectual": 0.7350328820965492,
    "conscientiousness": 0.2930294346914352,
    "cautious": 0.27439807647969433,
    "disciplined": 0,
    "dutiful": 0.1023242537026668,
    "neuroticism": 0.6847380960223093,
    "melancholy": 0.0505582820065215,
    "self_conscious": 0.8765082397373823,
    "authority_challenging": 0.8760690798502464,
    "achievement_striving": 0.21222401545842798,
    "orderliness": 0.7924530373395693,
    "self_efficacy": 0.7771702732672398,
    "stress_prone": 0.9041753126269446,
    "agreeableness": 0.3236278998276297,
    "cooperative": 0.16814334178716112,
    "trusting": 0.9311726666886246,
    "excitement_seeking": 0.8207788500598355,
    "outgoing": 0.80903132307895,
    "gregariousness": 0.7131407617228241,
    "altruism": 0.7547840980204867,
    "modesty": 0.7713404257655105,
    "uncompromising": 0.7775874751600189,
    "sympathy": 0.8244677931117772,
    "fiery": 0.16352118397505566,
    "prone_to_worry": 0.11051458559775147,
    "immoderation": 0.8564386328952713
}