{
    "id": "1",
    "extraversion": 0.7470943482224248,
    "active": 0.8444165907019144,
    "assertive": 0,
    "cheerful": 0.7834890610756609,
    "openness": 0.6723108477666363,
    "adventurous": 0.2539425706472197,
    "artistic": 0.12219690063810393,
    "emotionally_aware": 0.7722310847766637,
    "imaginative": 0.8421490428441204,
    "intellectual": 0.8800820419325432,
    "conscientiousness": 0.7071103008204194,
    "cautious": 0.9215815861440293,
    "disciplined": 0.13018459434822238,
    "dutiful": 0.1568482224247949,
    "neuroticism": 0.8103463992707385,
    "melancholy": 0.8107452142206016,
    "self_conscious": 0.9639015496809481,
    "authority_challenging": 0.9276549680948041,
    "achievement_striving": 0.058215587967183194,
    "orderliness": 0.14091841385597084,
    "self_efficacy": 0.8782019143117594,
    "stress_prone": 0.8697698268003646,
    "agreeableness": 0.342228805834093,
    "cooperative": 0.8795123062898815,
    "trusting": 0.14573837739288972,
    "excitement_seeking": 0.11602096627164993,
    "outgoing": 0.8798541476754786,
    "gregariousness": 0.8438354603463993,
    "altruism": 0.8252962625341842,
    "modesty": 0.20550364630811307,
    "uncompromising": 0.8858933454876938,
    "sympathy": 0.8882976298997266,
    "fiery": 1,
    "prone_to_worry": 0.9170350957155881,
    "immoderation": 0.07953509571558794
}