{
    "id": "1",
    "extraversion": 0.2105563792810092,
    "active": 0.7162684426727596,
    "assertive": 0.034005007170462564,
    "cheerful": 0,
    "openness": 0.2509783427724168,
    "adventurous": 0.6892515981624171,
    "artistic": 0.6862375732237913,
    "emotionally_aware": 0.6325563306677038,
    "imaginative": 0.816338931965679,
    "intellectual": 0.7283366957536278,
    "conscientiousness": 0.5539364624097616,
    "cautious": 0.6446367370749374,
    "disciplined": 0.8467100945528792,
    "dutiful": 0.7934177584404851,
    "neuroticism": 0.5954765319267884,
    "melancholy": 1,
    "self_conscious": 0.7214822196835274,
    "authority_challenging": 0.021863834131401774,
    "achievement_striving": 0.6904669307989597,
    "orderliness": 0.683430154833378,
    "self_efficacy": 0.710945285724703,
    "stress_prone": 0.7975012760992684,
    "agreeableness": 0.5403368902068496,
    "cooperative": 0.7979995624802507,
    "trusting": 0.7312899540604264,
    "excitement_seeking": 0.7036897498845435,
    "outgoing": 0.726319243576967,
    "gregariousness": 0.06413310323035412,
    "altruism": 0.7001774385649352,
    "modesty": 0.057047713959310645,
    "uncompromising": 0.09283926010549086,
    "sympathy": 0.004837023893439614,
    "fiery": 0.06389003670304563,
    "prone_to_worry": 0.7485476774993316,
    "immoderation": 0.008264261928489794
}