{
    "id": "1",
    "extraversion": 0.7019336142025668,
    "active": 1,
    "assertive": 0,
    "cheerful": 0.7841243942235101,
    "openness": 0.27476073350705016,
    "adventurous": 0.7216959306431581,
    "artistic": 0.7272727272727273,
    "emotionally_aware": 0.2639967854272703,
    "imaginative": 0.9312641550787814,
    "intellectual": 0.8362881426101355,
    "conscientiousness": 0.33983147845992745,
    "cautious": 0.7982368555634025,
    "disciplined": 0.10973382363685066,
    "dutiful": 0.8355819107225483,
    "neuroticism": 0.323588145045418,
    "melancholy": 0.1549935465017169,
    "self_conscious": 0.8297372330321701,
    "authority_challenging": 0.9042081679370723,
    "achievement_striving": 0.8578647444171151,
    "orderliness": 0.14360860141733434,
    "self_efficacy": 0.8233324403964639,
    "stress_prone": 0.20449066069210722,
    "agreeableness": 0.7097265177897377,
    "cooperative": 0.8425711711272922,
    "trusting": 0.911233957577381,
    "excitement_seeking": 0.2034313128607262,
    "outgoing": 0.9794949224362564,
    "gregariousness": 0.7869127925382949,
    "altruism": 0.2141222024693763,
    "modesty": 0.07971896841438762,
    "uncompromising": 0.1471275844434162,
    "sympathy": 0.8182792294766579,
    "fiery": 0.11584638238803789,
    "prone_to_worry": 0.7653118379076054,
    "immoderation": 0.8884153617611962
}