{
    "id": "1",
    "extraversion": 0.8683803517690362,
    "active": 0.8222930929058713,
    "assertive": 0.8736556883714797,
    "cheerful": 0.12888606471878858,
    "openness": 0.3078758377594206,
    "adventurous": 0.19036771493999305,
    "artistic": 0.8209023223470453,
    "emotionally_aware": 0.8892658889541645,
    "imaginative": 0.905223782176556,
    "intellectual": 0.8450130085004856,
    "conscientiousness": 0.6557603078878272,
    "cautious": 0.8101837975229897,
    "disciplined": 0.8642080400925581,
    "dutiful": 0.11295215029913559,
    "neuroticism": 0.6890908436941744,
    "melancholy": 0.1845528552759361,
    "self_conscious": 0.8476626662030764,
    "authority_challenging": 0.14139101034685336,
    "achievement_striving": 0.8980301413550422,
    "orderliness": 0.18168738834869977,
    "self_efficacy": 0.884554054216073,
    "stress_prone": 1,
    "agreeableness": 0.2820746460129246,
    "cooperative": 0.1773592144544223,
    "trusting": 0,
    "excitement_seeking": 0.7878355533708202,
    "outgoing": 0.9049240471423261,
    "gregariousness": 0.21782344407543733,
    "altruism": 0.8160466147925235,
    "modesty": 0.8160586041938926,
    "uncompromising": 0.16840313163163761,
    "sympathy": 0.01625762825662117,
    "fiery": 0.2172839210138238,
    "prone_to_worry": 0.18913280659896653,
    "immoderation": 0.9781792895080749
}