{
    "id": "1",
    "extraversion": 0.6898488412664467,
    "active": 0.8239782997737685,
    "assertive": 0.1696962193433656,
    "cheerful": 0.3020811057210711,
    "openness": 0.6680810832104629,
    "adventurous": 0.8096953189190406,
    "artistic": 0.8406361497855864,
    "emotionally_aware": 0.761049894762907,
    "imaginative": 0.8789492048127681,
    "intellectual": 0.8609969948338154,
    "conscientiousness": 0.7246727520343963,
    "cautious": 0.29792789852217855,
    "disciplined": 1,
    "dutiful": 0,
    "neuroticism": 0.7441444280617241,
    "melancholy": 0.22618659043074046,
    "self_conscious": 0.7854176280572219,
    "authority_challenging": 0.2032370254482425,
    "achievement_striving": 0.8407261922180829,
    "orderliness": 0.19771067115378121,
    "self_efficacy": 0.8280076986279784,
    "stress_prone": 0.821580920008554,
    "agreeableness": 0.4038403097459678,
    "cooperative": 0.8725449368014677,
    "trusting": 0.13502988283228473,
    "excitement_seeking": 0.8685380485553819,
    "outgoing": 0.8904296149560481,
    "gregariousness": 0.8592411674001372,
    "altruism": 0.8174277128096615,
    "modesty": 0.17664074194964374,
    "uncompromising": 0.18008486499262774,
    "sympathy": 0.2238342318817743,
    "fiery": 0.24382365189595595,
    "prone_to_worry": 0.8711380237937129,
    "immoderation": 0.9309036883631412
}