{
    "id": "1",
    "extraversion": 0.702237273080553,
    "active": 0.9545772497640593,
    "assertive": 0.929817354133126,
    "cheerful": 0.275711985788042,
    "openness": 0.6669183367567868,
    "adventurous": 0.29931715982901247,
    "artistic": 0.7550435796369289,
    "emotionally_aware": 0.8623660689502026,
    "imaginative": 0.9039915616499196,
    "intellectual": 0.8166546383167712,
    "conscientiousness": 0.3132293343696219,
    "cautious": 0.25541553322600347,
    "disciplined": 0.08683728418364516,
    "dutiful": 0.14731582745794708,
    "neuroticism": 0.7688336201632155,
    "melancholy": 0.8353300394159774,
    "self_conscious": 0.7776383722866819,
    "authority_challenging": 1,
    "achievement_striving": 0.9529784044856494,
    "orderliness": 0.2488647088214068,
    "self_efficacy": 0.8223838338977406,
    "stress_prone": 0.9185366124465665,
    "agreeableness": 0.35345583745073006,
    "cooperative": 0.7715760839393772,
    "trusting": 0.1946927219230556,
    "excitement_seeking": 0.8695941819796814,
    "outgoing": 0.8459556986620774,
    "gregariousness": 0.7903514128684839,
    "altruism": 0.8846277688336203,
    "modesty": 0,
    "uncompromising": 0.27461277965913505,
    "sympathy": 0.14686060067728862,
    "fiery": 0.894931438405596,
    "prone_to_worry": 0.9047354688280688,
    "immoderation": 0.9580303114417366
}