{
    "id": "1",
    "extraversion": 0.2552164415963699,
    "active": 1,
    "assertive": 0.8647164596985386,
    "cheerful": 0.10892678276190822,
    "openness": 0.6571931984118364,
    "adventurous": 0.16621411245067158,
    "artistic": 0.1237705610465467,
    "emotionally_aware": 0.849715795952355,
    "imaginative": 0.9479019586546469,
    "intellectual": 0.8414732751650316,
    "conscientiousness": 0.608944884930548,
    "cautious": 0.6796881599748983,
    "disciplined": 0.9755137998865598,
    "dutiful": 0.8889854337883012,
    "neuroticism": 0.666763211566079,
    "melancholy": 0.07424302764804552,
    "self_conscious": 0.8385527919578099,
    "authority_challenging": 0.7915716302813078,
    "achievement_striving": 0.8481831456741852,
    "orderliness": 0.7479816081966618,
    "self_efficacy": 0.7707782725703872,
    "stress_prone": 0.9409869302342422,
    "agreeableness": 0.2832265305383585,
    "cooperative": 0.7795759265293316,
    "trusting": 0,
    "excitement_seeking": 0.05171186174770404,
    "outgoing": 0.7987400890626697,
    "gregariousness": 0.14668790654453737,
    "altruism": 0.7507693421671916,
    "modesty": 0.05378757708506812,
    "uncompromising": 0.7512882710015326,
    "sympathy": 0.7445059918178197,
    "fiery": 0.11012152589213521,
    "prone_to_worry": 0.7595428599012829,
    "immoderation": 0.05954406671252549
}