{
    "id": "1",
    "extraversion": 0.39207485569793116,
    "active": 0.2213343006817672,
    "assertive": 0.17906259669038802,
    "cheerful": 0.2823839448611392,
    "openness": 0.653354956415974,
    "adventurous": 0.28079422151567845,
    "artistic": 0.7330545093729661,
    "emotionally_aware": 0.7946482870464219,
    "imaginative": 0.9297961099789814,
    "intellectual": 0.8408782954751566,
    "conscientiousness": 0.3652736137932506,
    "cautious": 0.3332444226316856,
    "disciplined": 0.8751693748866388,
    "dutiful": 0,
    "neuroticism": 0.6919457573591388,
    "melancholy": 0.9465042090326159,
    "self_conscious": 1,
    "authority_challenging": 0.8946941649684722,
    "achievement_striving": 0.2534275075485185,
    "orderliness": 0.21060100077885768,
    "self_efficacy": 0.22637020282309256,
    "stress_prone": 0.7783669593606964,
    "agreeableness": 0.3631077491011128,
    "cooperative": 0.16211977338440361,
    "trusting": 0.16493646441260257,
    "excitement_seeking": 0.25874081107898467,
    "outgoing": 0.2985265718522944,
    "gregariousness": 0.3227991934021146,
    "altruism": 0.9034536472948029,
    "modesty": 0.2283546896838691,
    "uncompromising": 0.2775507591195706,
    "sympathy": 0.8861800761786891,
    "fiery": 0.7937734057422087,
    "prone_to_worry": 0.8983003830273026,
    "immoderation": 0.83758148665806
}