{
    "id": "1",
    "extraversion": 0.29057989138202084,
    "active": 0.9203408603687294,
    "assertive": 0.21041160497356007,
    "cheerful": 0.1648295698156353,
    "openness": 0.6769419036730027,
    "adventurous": 0.21854902100900384,
    "artistic": 0.728070958982421,
    "emotionally_aware": 0.8252286694297556,
    "imaginative": 0.7830588109189652,
    "intellectual": 1,
    "conscientiousness": 0.6709839931399171,
    "cautious": 0.7284550521652137,
    "disciplined": 0.1399796341289124,
    "dutiful": 0.12220415892525366,
    "neuroticism": 0.655155781049021,
    "melancholy": 0.8650671716449907,
    "self_conscious": 0.9056470630270115,
    "authority_challenging": 0.8759736315563813,
    "achievement_striving": 0.8150635986851507,
    "orderliness": 0.2713484350435901,
    "self_efficacy": 0.2682399599828498,
    "stress_prone": 0.8285783192796913,
    "agreeableness": 0.36350400171502073,
    "cooperative": 0.19275225096469917,
    "trusting": 0.16216771473488636,
    "excitement_seeking": 0,
    "outgoing": 0.277029441189081,
    "gregariousness": 0.2685972559668429,
    "altruism": 0.2961715735315135,
    "modesty": 0.037471416321280586,
    "uncompromising": 0.8000125053594398,
    "sympathy": 0.7271955838216378,
    "fiery": 0.7745551664999285,
    "prone_to_worry": 0.820682078033443,
    "immoderation": 0.7988691582106616
}