{
    "id": "1",
    "extraversion": 0.616405483038214,
    "active": 0.7935497945678652,
    "assertive": 0.8218497376043825,
    "cheerful": 0.705353355391533,
    "openness": 0.5903961992025112,
    "adventurous": 0.7160794579985214,
    "artistic": 0.709025682046807,
    "emotionally_aware": 0.6245136894157001,
    "imaginative": 0.827327927862415,
    "intellectual": 0.7961676907973676,
    "conscientiousness": 0.5636839617496273,
    "cautious": 0.6670423832551601,
    "disciplined": 0.8079118641602734,
    "dutiful": 0.8323455623022944,
    "neuroticism": 0.2643469197299689,
    "melancholy": 0.07188306730174887,
    "self_conscious": 0.06623519858439683,
    "authority_challenging": 0.8636148783769043,
    "achievement_striving": 0.8573367753820795,
    "orderliness": 0.7113405810275243,
    "self_efficacy": 0.8950902325806881,
    "stress_prone": 0.12390163497315443,
    "agreeableness": 0.5896205262456217,
    "cooperative": 0.004860075870511045,
    "trusting": 1,
    "excitement_seeking": 0.7175459646826408,
    "outgoing": 0.8668145293240738,
    "gregariousness": 0.7173884061132724,
    "altruism": 0.7696736113636088,
    "modesty": 0.7378104206813801,
    "uncompromising": 0.8629482844295774,
    "sympathy": 0.8005793307396769,
    "fiery": 0,
    "prone_to_worry": 0.7447308778436291,
    "immoderation": 0.8118629482844296
}