{
    "id": "1",
    "extraversion": 0.6390039851151988,
    "active": 0.8096381726531365,
    "assertive": 0.8879549233327175,
    "cheerful": 0.7279037238394341,
    "openness": 0.7774273574199678,
    "adventurous": 0.7205668892349106,
    "artistic": 0.2104061650523871,
    "emotionally_aware": 0.8137288538175291,
    "imaginative": 0.8224512417196695,
    "intellectual": 0.9686996912195507,
    "conscientiousness": 0.771093399488005,
    "cautious": 0.7295399963051912,
    "disciplined": 0.9660341505898499,
    "dutiful": 0.05079042516692621,
    "neuroticism": 0.69490116386477,
    "melancholy": 0.8364123406613707,
    "self_conscious": 0.9989575360903645,
    "authority_challenging": 0.9276081391359425,
    "achievement_striving": 0.1252804095959463,
    "orderliness": 0.12231136681533872,
    "self_efficacy": 0.8357789448681744,
    "stress_prone": 0.7706183526431079,
    "agreeableness": 0.646129687788657,
    "cooperative": 0.19004512945026522,
    "trusting": 0.03775302842363625,
    "excitement_seeking": 0.1748172389221715,
    "outgoing": 0.8693093346705022,
    "gregariousness": 0.17359003457285374,
    "altruism": 0.9126309677759891,
    "modesty": 0.8535932015518197,
    "uncompromising": 1,
    "sympathy": 0.894077749333615,
    "fiery": 0.06909292444116019,
    "prone_to_worry": 0.7859122218996595,
    "immoderation": 0
}