{
    "id": "1",
    "extraversion": 0.5635135135135135,
    "active": 0.6943908193908195,
    "assertive": 0,
    "cheerful": 0.6706563706563706,
    "openness": 0.5994637494637495,
    "adventurous": 0.6273380523380523,
    "artistic": 0.15913770913770914,
    "emotionally_aware": 0.637033462033462,
    "imaginative": 0.9191334191334191,
    "intellectual": 0.7628485628485628,
    "conscientiousness": 0.1315851565851566,
    "cautious": 0.09502359502359503,
    "disciplined": 0.8512012012012012,
    "dutiful": 0.03460960960960963,
    "neuroticism": 0.6981874731874731,
    "melancholy": 0.7620334620334621,
    "self_conscious": 1,
    "authority_challenging": 0.7614328614328614,
    "achievement_striving": 0.12689832689832686,
    "orderliness": 0.0636958386958387,
    "self_efficacy": 0.1255684255684256,
    "stress_prone": 0.8065637065637066,
    "agreeableness": 0.14273916773916775,
    "cooperative": 0.007325182325182328,
    "trusting": 0.0544079794079794,
    "excitement_seeking": 0.7654976404976405,
    "outgoing": 0.7865186615186615,
    "gregariousness": 0.1805126555126555,
    "altruism": 0.7031746031746031,
    "modesty": 0.05688545688545686,
    "uncompromising": 0.7124410124410124,
    "sympathy": 0.703989703989704,
    "fiery": 0.7089553839553839,
    "prone_to_worry": 0.8523702273702274,
    "immoderation": 0.8673852423852425
}