{
    "id": "1",
    "extraversion": 0.6879184637995792,
    "active": 0.8146607621444558,
    "assertive": 0.8051315549322292,
    "cheerful": 0.76022324473348,
    "openness": 0.7144888137481868,
    "adventurous": 0.7826437786380535,
    "artistic": 0.7056512425432993,
    "emotionally_aware": 0.2301130632750886,
    "imaginative": 0.8049490398747371,
    "intellectual": 0.7423079509322678,
    "conscientiousness": 0.5994851154167588,
    "cautious": 0.6294175848454866,
    "disciplined": 0.7688302706025878,
    "dutiful": 0.15820213062314484,
    "neuroticism": 0.3615239046695037,
    "melancholy": 0.15199661866840855,
    "self_conscious": 0.17150651770876357,
    "authority_challenging": 0.930317672260593,
    "achievement_striving": 0.788378593865573,
    "orderliness": 0.718302417844209,
    "self_efficacy": 0.8334117827878694,
    "stress_prone": 0.6664201112381245,
    "agreeableness": 0.6004072967598774,
    "cooperative": 0.827023755775641,
    "trusting": 1,
    "excitement_seeking": 0.7867071401811702,
    "outgoing": 0.8538534692270008,
    "gregariousness": 0.7926148644105244,
    "altruism": 0.8562838013083448,
    "modesty": 0.7004831845995716,
    "uncompromising": 0.7165925399371764,
    "sympathy": 0.7235089000105667,
    "fiery": 0.13246750751673858,
    "prone_to_worry": 0.23669321140046687,
    "immoderation": 0
}