{
    "id": "1",
    "extraversion": 0.38343974294775496,
    "active": 0.8423572859288933,
    "assertive": 0.1087151560674345,
    "cheerful": 0.29112418627941916,
    "openness": 0.4049407444500084,
    "adventurous": 0.8165060090135202,
    "artistic": 0.2418419295610082,
    "emotionally_aware": 0.7374916541478885,
    "imaginative": 1,
    "intellectual": 0.299699549323986,
    "conscientiousness": 0.37559464196294445,
    "cautious": 0.35281046569854785,
    "disciplined": 0.25958729761308635,
    "dutiful": 0.10547070605908865,
    "neuroticism": 0.7647930228676348,
    "melancholy": 0.8712652311801035,
    "self_conscious": 0.864338173927558,
    "authority_challenging": 0.9390126856952095,
    "achievement_striving": 0.8522784176264396,
    "orderliness": 0.2585023368385912,
    "self_efficacy": 0.25686446336170926,
    "stress_prone": 0.8239233850776164,
    "agreeableness": 0.432002169921549,
    "cooperative": 0.11747830078451013,
    "trusting": 0.20443164747120682,
    "excitement_seeking": 0.7855011684192955,
    "outgoing": 0,
    "gregariousness": 0.34450634284760473,
    "altruism": 0.31907235853780674,
    "modesty": 0.11151101652478722,
    "uncompromising": 0.8050095977299282,
    "sympathy": 0.26752628943415124,
    "fiery": 0.9676389584376565,
    "prone_to_worry": 0.9220601735937238,
    "immoderation": 0.27227299282256723
}