{
    "id": "1",
    "extraversion": 0.3002480068973592,
    "active": 0.1957232115296597,
    "assertive": 0.11744669980521347,
    "cheerful": 0.7451702519452044,
    "openness": 0.7045311818114083,
    "adventurous": 0.8249688660869196,
    "artistic": 0.8418077893325102,
    "emotionally_aware": 0.8494715217830952,
    "imaginative": 0.9182322323813985,
    "intellectual": 0.8501208102268253,
    "conscientiousness": 0.3628245111709545,
    "cautious": 0.2036317576557494,
    "disciplined": 0,
    "dutiful": 0.8172732014177905,
    "neuroticism": 0.6669682487306944,
    "melancholy": 0.9435119053954806,
    "self_conscious": 0.886076488307486,
    "authority_challenging": 0.8834899786054137,
    "achievement_striving": 0.24087536855102237,
    "orderliness": 0.24370669192859953,
    "self_efficacy": 0.8145376746958457,
    "stress_prone": 0.8622656973464327,
    "agreeableness": 0.6706298097904182,
    "cooperative": 0.7849790843968536,
    "trusting": 0.8702381079096105,
    "excitement_seeking": 0.7082459632353724,
    "outgoing": 0.8398386358556239,
    "gregariousness": 0.2273999723254106,
    "altruism": 0.7508435427732068,
    "modesty": 0.7661177873101364,
    "uncompromising": 0.840157958041065,
    "sympathy": 1,
    "fiery": 0.16702679113135846,
    "prone_to_worry": 0.8020096009537089,
    "immoderation": 0.8799987227112582
}