{
    "id": "1",
    "extraversion": 0.6653421271831005,
    "active": 0.03561236054784045,
    "assertive": 0.05759698496579411,
    "cheerful": 0.766089058211462,
    "openness": 0.6088921660999823,
    "adventurous": 0.11560362131825816,
    "artistic": 0.770950254666612,
    "emotionally_aware": 0.7547007496620377,
    "imaginative": 1,
    "intellectual": 0.9678969863312988,
    "conscientiousness": 0.6610954078079555,
    "cautious": 0.7709912198052792,
    "disciplined": 0.937173132331053,
    "dutiful": 0.9485068206955882,
    "neuroticism": 0.718214466155968,
    "melancholy": 0.14806166618874003,
    "self_conscious": 0.8264716726066118,
    "authority_challenging": 0.023527644641077067,
    "achievement_striving": 0.12949080332636922,
    "orderliness": 0.06546229158985702,
    "self_efficacy": 0.9117747463575165,
    "stress_prone": 0.8066035803531196,
    "agreeableness": 0.2984583452814988,
    "cooperative": 0.8223068835088007,
    "trusting": 0.8577963486406402,
    "excitement_seeking": 0.00553029372004424,
    "outgoing": 0.8579465541490858,
    "gregariousness": 0.7701582619857169,
    "altruism": 0.8681059085385004,
    "modesty": 0.8995125148498628,
    "uncompromising": 0.793153359824123,
    "sympathy": 0.7967582920268186,
    "fiery": 0.9300998183878852,
    "prone_to_worry": 0.8953750358444964,
    "immoderation": 0
}