{
    "id": "1",
    "extraversion": 0.18254469679335836,
    "active": 1,
    "assertive": 0.7446657577672108,
    "cheerful": 0.6618894024540285,
    "openness": 0.5473791551668716,
    "adventurous": 0.10891275673638588,
    "artistic": 0.06192708852902379,
    "emotionally_aware": 0.6795575211429964,
    "imaginative": 0.8791385406621665,
    "intellectual": 0.695230494685155,
    "conscientiousness": 0.5349205821390173,
    "cautious": 0.6325829370753387,
    "disciplined": 0.940101309036899,
    "dutiful": 0.8349349915206331,
    "neuroticism": 0.6239594763852403,
    "melancholy": 0.0828206918720003,
    "self_conscious": 0.7103603453817932,
    "authority_challenging": 0.7593079063168512,
    "achievement_striving": 0.7777629989248384,
    "orderliness": 0.7713896185947527,
    "self_efficacy": 0.7177091300058746,
    "stress_prone": 0.8628781077156696,
    "agreeableness": 0.23168068810339282,
    "cooperative": 0.6887130205389108,
    "trusting": 0.7894345980336736,
    "excitement_seeking": 0.059931943382214393,
    "outgoing": 0.6862966780833305,
    "gregariousness": 0.5942650661168932,
    "altruism": 0.7019585674857846,
    "modesty": 0.053181702302175775,
    "uncompromising": 0.665403074740354,
    "sympathy": 0.6563695008811891,
    "fiery": 0.04720735100145198,
    "prone_to_worry": 0.705450071492701,
    "immoderation": 0
}