{
    "id": "1",
    "extraversion": 0.45218844148611376,
    "active": 0.9139049740661463,
    "assertive": 0.8205699408855756,
    "cheerful": 0.3742526822918414,
    "openness": 0.494689095703636,
    "adventurous": 0.36428173625975446,
    "artistic": 0.42495957271208384,
    "emotionally_aware": 0.8058752088463628,
    "imaginative": 0.7900733394617299,
    "intellectual": 0.7991719954640918,
    "conscientiousness": 0.7032200921943461,
    "cautious": 0.7632873256258681,
    "disciplined": 0,
    "dutiful": 1,
    "neuroticism": 0.7122315191937356,
    "melancholy": 0.7924285225419873,
    "self_conscious": 0.7859601564754114,
    "authority_challenging": 0.28200465668677405,
    "achievement_striving": 0.914495447317037,
    "orderliness": 0.8187985211329034,
    "self_efficacy": 0.7801158132762542,
    "stress_prone": 0.8715183885448189,
    "agreeableness": 0.6911891997074473,
    "cooperative": 0.8440949319949271,
    "trusting": 0.35560580542564396,
    "excitement_seeking": 0.2955251521475109,
    "outgoing": 0.4023001617091516,
    "gregariousness": 0.42603987036428176,
    "altruism": 0.43837941932323704,
    "modesty": 0.3234250132520985,
    "uncompromising": 0.4150288862198305,
    "sympathy": 0.3070125408466581,
    "fiery": 0.8573067709836076,
    "prone_to_worry": 0.805982567619252,
    "immoderation": 0.8781008233075894
}