{
    "id": "1",
    "extraversion": 0.3098185163502551,
    "active": 0.19309818516350252,
    "assertive": 0.15823367065317384,
    "cheerful": 0.9986827799615288,
    "openness": 0.7549343480806222,
    "adventurous": 0.21626453123693232,
    "artistic": 0.22645730534414982,
    "emotionally_aware": 0.781717822196203,
    "imaginative": 0.8692711382453792,
    "intellectual": 1,
    "conscientiousness": 0.3222484736974157,
    "cautious": 0.27242410303587855,
    "disciplined": 0.11637534498620052,
    "dutiful": 0.19809525800786149,
    "neuroticism": 0.7809233085222045,
    "melancholy": 0.9432968135820021,
    "self_conscious": 0.9663690725098268,
    "authority_challenging": 0.9232248891862507,
    "achievement_striving": 0.14595007108806557,
    "orderliness": 0.23707869867023498,
    "self_efficacy": 0.28516768420172284,
    "stress_prone": 0.8848477879066655,
    "agreeableness": 0.3834678431044576,
    "cooperative": 0.29762900393075187,
    "trusting": 0,
    "excitement_seeking": 0.7915551559755791,
    "outgoing": 0.26793928242870285,
    "gregariousness": 0.19885840929999163,
    "altruism": 0.8342707200802877,
    "modesty": 0.2542443756795183,
    "uncompromising": 0.26620389729865346,
    "sympathy": 0.8794848206071757,
    "fiery": 0.8775403529313373,
    "prone_to_worry": 0.9117671656770092,
    "immoderation": 0.9356130300242536
}