{
    "id": "1",
    "extraversion": 0.2242621575279997,
    "active": 0.922895917697275,
    "assertive": 0.1813687935500346,
    "cheerful": 0.1968461566524388,
    "openness": 0.7060760278720222,
    "adventurous": 0.18669512239611832,
    "artistic": 0.2816113968844624,
    "emotionally_aware": 0.9469556017657145,
    "imaginative": 0.7738225529896757,
    "intellectual": 0.7633887855240598,
    "conscientiousness": 0.7106180000729635,
    "cautious": 0.7471635474809384,
    "disciplined": 0.9613932362919996,
    "dutiful": 0.1769727481667943,
    "neuroticism": 0.7509120426106307,
    "melancholy": 0.8607493342088943,
    "self_conscious": 1,
    "authority_challenging": 0.19908066104848418,
    "achievement_striving": 0.27210791288168984,
    "orderliness": 0.7650122213709825,
    "self_efficacy": 0.8128944584290978,
    "stress_prone": 0.7179508226624348,
    "agreeableness": 0.36012914523366535,
    "cooperative": 0.8327678669147422,
    "trusting": 0.03359052934953114,
    "excitement_seeking": 0,
    "outgoing": 0.30501441027324794,
    "gregariousness": 0.20130604501842325,
    "altruism": 0.2336744372697092,
    "modesty": 0.2726642588741746,
    "uncompromising": 0.8775400386706068,
    "sympathy": 0.7870106891393966,
    "fiery": 0.20838349567691802,
    "prone_to_worry": 0.7649210171099194,
    "immoderation": 0.8020320309364855
}