{
    "id": "1",
    "extraversion": 0.23304465189517487,
    "active": 0.1099363901073495,
    "assertive": 0.08820405153775976,
    "cheerful": 0.06872117872005397,
    "openness": 0.7307264524675389,
    "adventurous": 0.14725252752471288,
    "artistic": 0.22979542358689808,
    "emotionally_aware": 0.8277534085654656,
    "imaginative": 0.962658868518727,
    "intellectual": 0.9665329484247491,
    "conscientiousness": 0.6714405328734425,
    "cautious": 0.7576950474262363,
    "disciplined": 0.05407465726889861,
    "dutiful": 0.9143953311088616,
    "neuroticism": 0.7536460090728452,
    "melancholy": 1,
    "self_conscious": 0.9623714367837639,
    "authority_challenging": 0.1147227533460803,
    "achievement_striving": 0.09516489833664504,
    "orderliness": 0.19536610055111908,
    "self_efficacy": 0.1598745297991727,
    "stress_prone": 0.8577587822892062,
    "agreeableness": 0.3324835351603994,
    "cooperative": 0.03699121458653565,
    "trusting": 0.05547432484784862,
    "excitement_seeking": 0.25031555005686146,
    "outgoing": 0.10909908896637048,
    "gregariousness": 0,
    "altruism": 0.10103850335545306,
    "modesty": 0.16272385308489234,
    "uncompromising": 0.1586623176995463,
    "sympathy": 0.9006860870543247,
    "fiery": 0.9177570327047327,
    "prone_to_worry": 0.9896024694135143,
    "immoderation": 0.9203189242554892
}