{
    "id": "1",
    "extraversion": 0.5704510510440018,
    "active": 0.8947430194481285,
    "assertive": 0.8213870729216793,
    "cheerful": 0.05707679487329962,
    "openness": 0.5890423821316653,
    "adventurous": 0.13384819427002032,
    "artistic": 0.6192885060034508,
    "emotionally_aware": 0.7421157028673373,
    "imaginative": 1,
    "intellectual": 0.7286651565122475,
    "conscientiousness": 0.2204434220255631,
    "cautious": 0.18411755730566545,
    "disciplined": 0.9717961056795108,
    "dutiful": 0.7904602058661285,
    "neuroticism": 0.5572469806692409,
    "melancholy": 0.017628901069236317,
    "self_conscious": 0.8633701482376969,
    "authority_challenging": 0.8827009072663468,
    "achievement_striving": 0.65650637903311,
    "orderliness": 0.6538068802009367,
    "self_efficacy": 0.7015645356275161,
    "stress_prone": 0.7827842396216008,
    "agreeableness": 0.2298564570838371,
    "cooperative": 0.6590063496907314,
    "trusting": 0.0076172814873064825,
    "excitement_seeking": 0.6685484912148918,
    "outgoing": 0.7705778101195996,
    "gregariousness": 0.13993967206957666,
    "altruism": 0.7248623842443165,
    "modesty": 0,
    "uncompromising": 0.7288059999295784,
    "sympathy": 0.0652809239328177,
    "fiery": 0.056912477553080404,
    "prone_to_worry": 0.6508726423398786,
    "immoderation": 0.7248389103414279
}