{
    "id": "1",
    "extraversion": 0.295902520606857,
    "active": 0.8942670040507814,
    "assertive": 0.0852293089779651,
    "cheerful": 0.8076693346075738,
    "openness": 0.3780910285509497,
    "adventurous": 0.1217297813881257,
    "artistic": 0.06523604218025435,
    "emotionally_aware": 0.7397400115116038,
    "imaginative": 0.9843615946829423,
    "intellectual": 0.8157383173510279,
    "conscientiousness": 0.3618010230123479,
    "cautious": 0.7395553914488331,
    "disciplined": 0.03816205297509802,
    "dutiful": 0.8970797450071134,
    "neuroticism": 0.7554978768692782,
    "melancholy": 0.9995764598559963,
    "self_conscious": 1,
    "authority_challenging": 0.11992702077518709,
    "achievement_striving": 0.2716304123543402,
    "orderliness": 0.8627947133502025,
    "self_efficacy": 0.22535593662101847,
    "stress_prone": 0.9111760297998502,
    "agreeableness": 0.3358347541838164,
    "cooperative": 0.08278580814717479,
    "trusting": 0,
    "excitement_seeking": 0.7739924631574374,
    "outgoing": 0.8406728858287812,
    "gregariousness": 0.15048707116560422,
    "altruism": 0.7880670279427895,
    "modesty": 0.2977378612308728,
    "uncompromising": 0.22934155797612973,
    "sympathy": 0.917290211878672,
    "fiery": 0.8596453122794063,
    "prone_to_worry": 0.9383260390308532,
    "immoderation": 0.9857082351408
}