{
    "id": "1",
    "extraversion": 0.2168626332414245,
    "active": 0.1619180426583843,
    "assertive": 0.13097539589473797,
    "cheerful": 0.12648559566443762,
    "openness": 0.6332731171890681,
    "adventurous": 0.10524091739824004,
    "artistic": 0.6992467699848932,
    "emotionally_aware": 0.6676068836560707,
    "imaginative": 0.7580261781764016,
    "intellectual": 0.7981597101173686,
    "conscientiousness": 0.6300510252590878,
    "cautious": 0.7740838166471228,
    "disciplined": 0.8022163766783931,
    "dutiful": 0.0865739126760266,
    "neuroticism": 0.6479890977086172,
    "melancholy": 0.9263250192797304,
    "self_conscious": 0.8124953781468217,
    "authority_challenging": 0.8124848139109858,
    "achievement_striving": 0.17411973504896525,
    "orderliness": 0.060649277934480626,
    "self_efficacy": 0.7379435658521641,
    "stress_prone": 0.7482436957922649,
    "agreeableness": 0.28890015740711394,
    "cooperative": 0.007902048405328644,
    "trusting": 0.06475876567468494,
    "excitement_seeking": 0,
    "outgoing": 0.09936720227342358,
    "gregariousness": 0.22817692982178134,
    "altruism": 0.1743838409448653,
    "modesty": 0.1272779133521377,
    "uncompromising": 0.7836338858428676,
    "sympathy": 0.7170897643118985,
    "fiery": 0.8051109772974572,
    "prone_to_worry": 1,
    "immoderation": 0.7688756483799745
}