{
    "id": "1",
    "extraversion": 0.24878344862228827,
    "active": 0.8801657649361114,
    "assertive": 0.7195286582877235,
    "cheerful": 0.664556233452285,
    "openness": 0.2900153834883891,
    "adventurous": 0.1731950563537993,
    "artistic": 0.6318950992601274,
    "emotionally_aware": 0.7493747187542514,
    "imaginative": 0.8588591102692633,
    "intellectual": 0.6765281455047772,
    "conscientiousness": 0.6125663216718817,
    "cautious": 0.7425724959971535,
    "disciplined": 0.9172117165670751,
    "dutiful": 0.8107935577718011,
    "neuroticism": 0.6278765553543958,
    "melancholy": 0.07283610829138629,
    "self_conscious": 0.13738396977720105,
    "authority_challenging": 0.7919252383394204,
    "achievement_striving": 0.9012735853992904,
    "orderliness": 0.6770827882834329,
    "self_efficacy": 0.7305901189865734,
    "stress_prone": 1,
    "agreeableness": 0.2459579099385707,
    "cooperative": 0.837835009470787,
    "trusting": 0.899902675889783,
    "excitement_seeking": 0.12403068325711357,
    "outgoing": 0.6965580752849085,
    "gregariousness": 0.16248940422993607,
    "altruism": 0.6233452285023598,
    "modesty": 0.09626714945006647,
    "uncompromising": 0.7074102368220015,
    "sympathy": 0.7357807381981435,
    "fiery": 0.13042477264878555,
    "prone_to_worry": 0.7503479598564208,
    "immoderation": 0
}