{
    "id": "1",
    "extraversion": 0.20762486596563315,
    "active": 0.7094134926427522,
    "assertive": 0.7902035520233557,
    "cheerful": 0.14429756981050468,
    "openness": 0.3143027059173357,
    "adventurous": 0.046702529307346474,
    "artistic": 0.6482127249299416,
    "emotionally_aware": 1,
    "imaginative": 0.7258940880707161,
    "intellectual": 0.7081970462880365,
    "conscientiousness": 0.6073851809801855,
    "cautious": 0.7296785878409429,
    "disciplined": 0.8774542931545608,
    "dutiful": 0.7716054388668125,
    "neuroticism": 0.6247668477820127,
    "melancholy": 0.6779300588399607,
    "self_conscious": 0.7407257228845096,
    "authority_challenging": 0.6868056118725164,
    "achievement_striving": 0.7106749925661611,
    "orderliness": 0.21072455149172367,
    "self_efficacy": 0.7777597563503006,
    "stress_prone": 0.8031519476657746,
    "agreeableness": 0.27819677596662434,
    "cooperative": 0.7086565926887068,
    "trusting": 0.05925445354526535,
    "excitement_seeking": 0,
    "outgoing": 0.7707223889204263,
    "gregariousness": 0.2035249912145541,
    "altruism": 0.18211553537155678,
    "modesty": 0.08956649456203429,
    "uncompromising": 0.6986997540075149,
    "sympathy": 0.19260400616332818,
    "fiery": 0.7380585516178737,
    "prone_to_worry": 0.7517998900692924,
    "immoderation": 0.15615566909054868
}