{
    "id": "1",
    "extraversion": 0.36298999248447456,
    "active": 0.8848344606621574,
    "assertive": 0.12353150587397649,
    "cheerful": 0.25283809975871213,
    "openness": 0.368250860329892,
    "adventurous": 0.2139749218780903,
    "artistic": 0.18318104505359759,
    "emotionally_aware": 0.6537320517384597,
    "imaginative": 0.898144851865037,
    "intellectual": 0.7504252205213402,
    "conscientiousness": 0.35734345951505087,
    "cautious": 0.7767691151457616,
    "disciplined": 0.8474249436335589,
    "dutiful": 0.1769609588228314,
    "neuroticism": 0.7426624737945493,
    "melancholy": 0.7882995134686128,
    "self_conscious": 0.8987085162770461,
    "authority_challenging": 0.8229994857798346,
    "achievement_striving": 0.17749495668683993,
    "orderliness": 0.22702820299829915,
    "self_efficacy": 0.762450061310866,
    "stress_prone": 0.9147086744986354,
    "agreeableness": 0.24564890629326375,
    "cooperative": 0.12276017562596414,
    "trusting": 0,
    "excitement_seeking": 0.14471342114631539,
    "outgoing": 1,
    "gregariousness": 0.23380206479174082,
    "altruism": 0.7248427672955976,
    "modesty": 0.26248961670819987,
    "uncompromising": 0.7714588030536768,
    "sympathy": 0.7763438946244215,
    "fiery": 0.7866579644792533,
    "prone_to_worry": 0.8098374273169575,
    "immoderation": 0.8248981448518652
}