{
    "id": "1",
    "extraversion": 0.6270600819773001,
    "active": 0.8132223894584387,
    "assertive": 0.7648122379045618,
    "cheerful": 0.7370100057743826,
    "openness": 0.633250977385246,
    "adventurous": 0.1970389723492271,
    "artistic": 0.22593928378723768,
    "emotionally_aware": 0.7808195836764832,
    "imaginative": 0.82109826863185,
    "intellectual": 1,
    "conscientiousness": 0.6323895531006541,
    "cautious": 0.25390244133321976,
    "disciplined": 0.815882391919651,
    "dutiful": 0.020030481166993262,
    "neuroticism": 0.6566608922840997,
    "melancholy": 0.7936178873332767,
    "self_conscious": 0.950804153768968,
    "authority_challenging": 0.18030272910572798,
    "achievement_striving": 0.7872660665095278,
    "orderliness": 0.7305445905394788,
    "self_efficacy": 0.7087817946023723,
    "stress_prone": 0.7592650441598274,
    "agreeableness": 0.6651804731207225,
    "cooperative": 0.7248554037808007,
    "trusting": 0.7599844754304755,
    "excitement_seeking": 0.24158691392383497,
    "outgoing": 0.8430219899847595,
    "gregariousness": 0.30639252548774604,
    "altruism": 0.13176005073883698,
    "modesty": 0,
    "uncompromising": 0.22907259629492896,
    "sympathy": 0.7423773417014551,
    "fiery": 0.2167949336892625,
    "prone_to_worry": 0.801105652268575,
    "immoderation": 0.9866431904883612
}