{
    "id": "1",
    "extraversion": 0.6428877693214707,
    "active": 0.8468485368206667,
    "assertive": 0.8739816700610997,
    "cheerful": 0.805498981670061,
    "openness": 0.2740111480330153,
    "adventurous": 0.7068549683781756,
    "artistic": 0.7031568228105907,
    "emotionally_aware": 0.7252117054346661,
    "imaginative": 0.8961973416228963,
    "intellectual": 0.8195546146425127,
    "conscientiousness": 0.6115875227784328,
    "cautious": 0.6895299603387287,
    "disciplined": 0.8334494586772431,
    "dutiful": 0,
    "neuroticism": 0.6611373137528138,
    "melancholy": 0.11756351163039981,
    "self_conscious": 0.74455997427377,
    "authority_challenging": 0.8748660092185658,
    "achievement_striving": 0.8842185657626755,
    "orderliness": 0.08792475077714648,
    "self_efficacy": 0.8235609390073962,
    "stress_prone": 0.9030442705541859,
    "agreeableness": 0.294176760638868,
    "cooperative": 0.7329697716797084,
    "trusting": 1,
    "excitement_seeking": 0.9412718404973739,
    "outgoing": 0.8291885518276344,
    "gregariousness": 0.8226632007717868,
    "altruism": 0.8266293279022403,
    "modesty": 0.7704871904812948,
    "uncompromising": 0.04017043627398436,
    "sympathy": 0.0789205702647658,
    "fiery": 0.8672017365205275,
    "prone_to_worry": 0.8347893664915853,
    "immoderation": 0.9662611212348591
}