{
    "id": "1",
    "extraversion": 0.3791372388816002,
    "active": 1,
    "assertive": 0.28831242291164205,
    "cheerful": 0.2842193748085067,
    "openness": 0.4326453974813221,
    "adventurous": 0.3224237758172348,
    "artistic": 0.30492029947599564,
    "emotionally_aware": 0.7704436361350943,
    "imaginative": 0.8122540046665464,
    "intellectual": 0.8220898899355011,
    "conscientiousness": 0.6303686885748181,
    "cautious": 0.7232125321119658,
    "disciplined": 0,
    "dutiful": 0.894735601662359,
    "neuroticism": 0.6762092561022556,
    "melancholy": 0.31079669099450863,
    "self_conscious": 0.8638452654981971,
    "authority_challenging": 0.26117732089968504,
    "achievement_striving": 0.9008083966407153,
    "orderliness": 0.7769328064483185,
    "self_efficacy": 0.7317835790995295,
    "stress_prone": 0.878402689941786,
    "agreeableness": 0.4353321968119791,
    "cooperative": 0.8616376906095579,
    "trusting": 0.2363912042674544,
    "excitement_seeking": 0.17376206899260738,
    "outgoing": 0.7607491613572266,
    "gregariousness": 0.3818083259354697,
    "altruism": 0.35453181343242546,
    "modesty": 0.17359709008633897,
    "uncompromising": 0.759822137026766,
    "sympathy": 0.30736355851644687,
    "fiery": 0.7787711428324522,
    "prone_to_worry": 0.7686838611348978,
    "immoderation": 0.8173683507608672
}