{
    "id": "1",
    "extraversion": 0.4204180228868554,
    "active": 0.26800958054412577,
    "assertive": 0.16799729779524658,
    "cheerful": 0.8328727302503633,
    "openness": 0.7628303547667301,
    "adventurous": 0.7581629101926345,
    "artistic": 0.7528506213023808,
    "emotionally_aware": 0.8056050277385413,
    "imaginative": 0.9233658826178632,
    "intellectual": 0.9493950746176996,
    "conscientiousness": 0.3586255604004176,
    "cautious": 0.2370775246166759,
    "disciplined": 0,
    "dutiful": 0.22494831009846666,
    "neuroticism": 0.7378656676697578,
    "melancholy": 0.27297385821613546,
    "self_conscious": 0.8735286290405125,
    "authority_challenging": 0.9144404184323117,
    "achievement_striving": 0.13597003009273473,
    "orderliness": 0.2802718581751929,
    "self_efficacy": 0.8416037175786608,
    "stress_prone": 0.8067104751376691,
    "agreeableness": 0.40406149562938853,
    "cooperative": 0.30849147372515295,
    "trusting": 0.1709451575262544,
    "excitement_seeking": 0.7969763966509038,
    "outgoing": 0.9030481688468547,
    "gregariousness": 0.308747364326803,
    "altruism": 1,
    "modesty": 0.3124833671108927,
    "uncompromising": 0.29501115683023194,
    "sympathy": 0.8735183934164467,
    "fiery": 0.3001289688632316,
    "prone_to_worry": 0.8665069909312371,
    "immoderation": 0.9922618682061045
}