{
    "id": "1",
    "extraversion": 0.7481958708975673,
    "active": 0.1571631769406154,
    "assertive": 1,
    "cheerful": 0.21460246407429875,
    "openness": 0.7145083355993893,
    "adventurous": 0.20653879139038214,
    "artistic": 0.1514317986905683,
    "emotionally_aware": 0.7367331143974732,
    "imaginative": 0,
    "intellectual": 0.9413788775702304,
    "conscientiousness": 0.6126822431861443,
    "cautious": 0.7018532850837744,
    "disciplined": 0.03586294894053171,
    "dutiful": 0.09721379714267783,
    "neuroticism": 0.6053297634237663,
    "melancholy": 0.7675131256928902,
    "self_conscious": 0.7221745769447989,
    "authority_challenging": 0.9087895078126634,
    "achievement_striving": 0.9199698788880291,
    "orderliness": 0.7489802748551466,
    "self_efficacy": 0.7858263434225113,
    "stress_prone": 0.7729307423599056,
    "agreeableness": 0.33209571820026357,
    "cooperative": 0.17742171648503358,
    "trusting": 0.8233313113142428,
    "excitement_seeking": 0.09281067626079861,
    "outgoing": 0.7656305561946996,
    "gregariousness": 0.7352270587989206,
    "altruism": 0.10135545003869725,
    "modesty": 0.11414646390695925,
    "uncompromising": 0.1105800405798314,
    "sympathy": 0.026753404313175886,
    "fiery": 0.8582634342251135,
    "prone_to_worry": 0.8006881837387831,
    "immoderation": 0.7563013784592215
}