{
    "id": "1",
    "extraversion": 0.3500289556656585,
    "active": 0.18839199536709347,
    "assertive": 0.13556399202110544,
    "cheerful": 0.7749823048709864,
    "openness": 0.6615533105977736,
    "adventurous": 0.11443279068271024,
    "artistic": 0.7910559166076828,
    "emotionally_aware": 0.8542436136670741,
    "imaginative": 0.9894086609613282,
    "intellectual": 0.9327585097484075,
    "conscientiousness": 0.185895373528087,
    "cautious": 0.25648285181133773,
    "disciplined": 0.13144585290521846,
    "dutiful": 0.057152049417669396,
    "neuroticism": 0.7518949874525449,
    "melancholy": 0.9254745511871822,
    "self_conscious": 0.9430023807991763,
    "authority_challenging": 0.12847307123093749,
    "achievement_striving": 0.17058104369088217,
    "orderliness": 0,
    "self_efficacy": 0.18207322566115436,
    "stress_prone": 0.9383566051090663,
    "agreeableness": 0.27150119039958814,
    "cooperative": 0.004787336722218649,
    "trusting": 0.003101473521652362,
    "excitement_seeking": 0.19801814555047934,
    "outgoing": 1,
    "gregariousness": 0.2119683418055466,
    "altruism": 0.764172189691783,
    "modesty": 0.8078373335049225,
    "uncompromising": 0.8381571327456404,
    "sympathy": 0.8983463097612766,
    "fiery": 0.8859404156746671,
    "prone_to_worry": 0.9247796152113762,
    "immoderation": 0.8670870600347468
}