{
    "id": "1",
    "extraversion": 0.7472293455234696,
    "active": 0.842579997770097,
    "assertive": 0.07067677556026312,
    "cheerful": 0.2633403946928309,
    "openness": 0.7232578882818597,
    "adventurous": 0.7610547441186308,
    "artistic": 0.2914260229680008,
    "emotionally_aware": 0.3016501282194224,
    "imaginative": 0.9118742334708441,
    "intellectual": 0.955613780800535,
    "conscientiousness": 0.7367265023971457,
    "cautious": 0.8247407737763407,
    "disciplined": 0,
    "dutiful": 0.15933771880923178,
    "neuroticism": 0.6662838666518006,
    "melancholy": 0.26338499275281524,
    "self_conscious": 0.8905117627383208,
    "authority_challenging": 0.04245735310513993,
    "achievement_striving": 0.19707882707102237,
    "orderliness": 0.8500501728174824,
    "self_efficacy": 0.8290779351098228,
    "stress_prone": 0.3238934106366373,
    "agreeableness": 0.7304270264243504,
    "cooperative": 0.24843349314304822,
    "trusting": 0.8826179061210837,
    "excitement_seeking": 0.8076708663173151,
    "outgoing": 0.9646448879473741,
    "gregariousness": 0.7964098561712565,
    "altruism": 1,
    "modesty": 0.9389787044263574,
    "uncompromising": 0.8478871669082394,
    "sympathy": 0.9039246292786263,
    "fiery": 0.2466384212286765,
    "prone_to_worry": 0.3054298138030995,
    "immoderation": 0.07143494257999772
}