{
    "id": "1",
    "extraversion": 0.18068921228833965,
    "active": 0.18483506313214781,
    "assertive": 0.10155917989592878,
    "cheerful": 0.1897458659539707,
    "openness": 0.19926526834704267,
    "adventurous": 0,
    "artistic": 0.6672836649699212,
    "emotionally_aware": 0.7319079413347939,
    "imaginative": 0.7168922173219124,
    "intellectual": 0.6610507229268384,
    "conscientiousness": 0.5979657943695756,
    "cautious": 0.7528260725854432,
    "disciplined": 0.7746697012909743,
    "dutiful": 0.14023175211778371,
    "neuroticism": 0.878561512527269,
    "melancholy": 0.6893256145586415,
    "self_conscious": 0.7237012343114015,
    "authority_challenging": 0.7105176175051232,
    "achievement_striving": 0.6964368347987042,
    "orderliness": 0.1912663260584197,
    "self_efficacy": 0.7291881120796304,
    "stress_prone": 0.7117075428042572,
    "agreeableness": 0.31446136992511026,
    "cooperative": 0.6900527911303346,
    "trusting": 0.14365042638989886,
    "excitement_seeking": 0.07681628875520594,
    "outgoing": 0.6929709412686871,
    "gregariousness": 0.20672591109558122,
    "altruism": 0.1499494753940447,
    "modesty": 0.08032940154312536,
    "uncompromising": 0.19407114997780694,
    "sympathy": 0.19330619799979226,
    "fiery": 0.18600610072812096,
    "prone_to_worry": 1,
    "immoderation": 0.8037189887523728
}