{
    "id": "1",
    "extraversion": 0.6966177352372915,
    "active": 0.24075595727198024,
    "assertive": 0.12856159363965444,
    "cheerful": 0.2220346887561349,
    "openness": 0.38126540673788006,
    "adventurous": 0.28513846632170375,
    "artistic": 0.2920895422949655,
    "emotionally_aware": 0.3054031846143596,
    "imaginative": 1,
    "intellectual": 0.8722489950920518,
    "conscientiousness": 0.6703679850762843,
    "cautious": 0.32056008350174336,
    "disciplined": 0,
    "dutiful": 0.18259343978325077,
    "neuroticism": 0.7505607497390571,
    "melancholy": 0.8841968509182971,
    "self_conscious": 0.8534722068000622,
    "authority_challenging": 0.21487263763352504,
    "achievement_striving": 0.8309755935064069,
    "orderliness": 0.8007062115525551,
    "self_efficacy": 0.834440027537809,
    "stress_prone": 0.8866064092029581,
    "agreeableness": 0.37852272979635343,
    "cooperative": 0.8271669368629107,
    "trusting": 0.17411001798840747,
    "excitement_seeking": 0.3175509116347243,
    "outgoing": 0.15715427835394968,
    "gregariousness": 0.19595149792356034,
    "altruism": 0.2414444024961691,
    "modesty": 0.19801683359612693,
    "uncompromising": 0.19936041217881809,
    "sympathy": 0.22419996002576117,
    "fiery": 0.8697950209864754,
    "prone_to_worry": 0.8579137888916032,
    "immoderation": 0.8919918274889516
}