{
    "id": "1",
    "extraversion": 0.6987712722243381,
    "active": 0.7468981138126642,
    "assertive": 0.09373809857884505,
    "cheerful": 0.7195975064643509,
    "openness": 0.3271863537052256,
    "adventurous": 0.24319990378640582,
    "artistic": 0.18309647417266336,
    "emotionally_aware": 0.27323658521918665,
    "imaginative": 0.13525025556735956,
    "intellectual": 0.7273647497444328,
    "conscientiousness": 0.6024273888031431,
    "cautious": 0.2007957666018561,
    "disciplined": 0.8399146104351661,
    "dutiful": 0.17541943113712447,
    "neuroticism": 0.6353404558119025,
    "melancholy": 0.8420794163041955,
    "self_conscious": 0.7233558499869711,
    "authority_challenging": 0.12978812964781816,
    "achievement_striving": 0.8605103329391249,
    "orderliness": 0.0976567980917637,
    "self_efficacy": 0.7036320631802603,
    "stress_prone": 0.7523001062358436,
    "agreeableness": 0.28854056004329615,
    "cooperative": 0.1520675900499108,
    "trusting": 0.1768726572992043,
    "excitement_seeking": 0.7335284331215298,
    "outgoing": 0,
    "gregariousness": 0.7615807091743672,
    "altruism": 0.20273006073483135,
    "modesty": 0.13836717512878594,
    "uncompromising": 0.19334923530237128,
    "sympathy": 0.21852512577922992,
    "fiery": 1,
    "prone_to_worry": 0.8331896810920244,
    "immoderation": 0.8857062679147708
}