{
    "id": "1",
    "extraversion": 0.5805702046836798,
    "active": 1,
    "assertive": 0.09690650825402594,
    "cheerful": 0.21567557737770504,
    "openness": 0.5891576246186175,
    "adventurous": 0.2469034773999313,
    "artistic": 0.20504738235234687,
    "emotionally_aware": 0.7944272696045747,
    "imaginative": 0.8686831949243297,
    "intellectual": 0.7395283991028673,
    "conscientiousness": 0.3068436685457962,
    "cautious": 0.6506536541997535,
    "disciplined": 0.9048816956618375,
    "dutiful": 0.7969428785031621,
    "neuroticism": 0.6331757289204099,
    "melancholy": 0.19066092824958075,
    "self_conscious": 0.7966296902467116,
    "authority_challenging": 0.7940029500313188,
    "achievement_striving": 0.7985391283263625,
    "orderliness": 0.16765674567093006,
    "self_efficacy": 0.7379220464326848,
    "stress_prone": 0.9105089814309674,
    "agreeableness": 0.3062880119617708,
    "cooperative": 0.17957810511001998,
    "trusting": 0,
    "excitement_seeking": 0.6986623830595462,
    "outgoing": 0.7556828514275322,
    "gregariousness": 0.6535834798246146,
    "altruism": 0.7687054211876908,
    "modesty": 0.12617445596169002,
    "uncompromising": 0.7717160695884101,
    "sympathy": 0.21746378129356853,
    "fiery": 0.7505607080075166,
    "prone_to_worry": 0.7816269624780263,
    "immoderation": 0.8284536582408923
}