{
    "id": "1",
    "extraversion": 0.27387849980918016,
    "active": 0.07225710948432384,
    "assertive": 0.09103840682788053,
    "cheerful": 0.7350842498467659,
    "openness": 0.33039586441383617,
    "adventurous": 0.2782731383501602,
    "artistic": 0.7558315696954979,
    "emotionally_aware": 0.8132394268466157,
    "imaginative": 1,
    "intellectual": 0.9891521817067389,
    "conscientiousness": 0.3291699915576681,
    "cautious": 0.29032369982305795,
    "disciplined": 0.09197515872740519,
    "dutiful": 0.8250239970394014,
    "neuroticism": 0.7551839387526166,
    "melancholy": 0.8891278955463809,
    "self_conscious": 0.9306919242734389,
    "authority_challenging": 0.8419780499369717,
    "achievement_striving": 0.23307775040766054,
    "orderliness": 0.1404318310608426,
    "self_efficacy": 0.2081208294302004,
    "stress_prone": 0.8264927314991501,
    "agreeableness": 0.3350564942349281,
    "cooperative": 0.2002683042477651,
    "trusting": 0.07948513340040941,
    "excitement_seeking": 0.723345939007043,
    "outgoing": 0.17593588453665474,
    "gregariousness": 0.13765626987706575,
    "altruism": 0.1603927419075044,
    "modesty": 0,
    "uncompromising": 0.8511142721669038,
    "sympathy": 0.9084643051266929,
    "fiery": 0.169158889312933,
    "prone_to_worry": 0.9618707282378657,
    "immoderation": 0.8682996218297887
}