{
    "id": "1",
    "extraversion": 0.6835774994997315,
    "active": 0.8552591391167891,
    "assertive": 0.11357676226184583,
    "cheerful": 0.8649064234483776,
    "openness": 0.712445628705937,
    "adventurous": 0.7884864506208596,
    "artistic": 0.3294084192566536,
    "emotionally_aware": 0.9572296706653046,
    "imaginative": 0.8649906792067321,
    "intellectual": 0.8655804695152135,
    "conscientiousness": 0.2947266427239887,
    "cautious": 0.20979683830266774,
    "disciplined": 0,
    "dutiful": 0.099885201529242,
    "neuroticism": 0.7749212735257875,
    "melancholy": 0.9595256400804643,
    "self_conscious": 0.8896881483743905,
    "authority_challenging": 0.8416413021727455,
    "achievement_striving": 0.25376781219391464,
    "orderliness": 0.1353358118568916,
    "self_efficacy": 0.2444154230165668,
    "stress_prone": 0.8789455391841937,
    "agreeableness": 0.3177705926339403,
    "cooperative": 0.11588326364679989,
    "trusting": 0.13378761229712796,
    "excitement_seeking": 0.873700618226627,
    "outgoing": 0.8216726874427325,
    "gregariousness": 0.34318423574761187,
    "altruism": 0.8522891236347934,
    "modesty": 0.23292504397097394,
    "uncompromising": 0.26711181792330624,
    "sympathy": 1,
    "fiery": 0.8831161992227408,
    "prone_to_worry": 0.9632960852668275,
    "immoderation": 0.983148848329103
}