{
    "id": "1",
    "extraversion": 0.22191056745919235,
    "active": 0.9576937097492811,
    "assertive": 0.8890396532868888,
    "cheerful": 0.18940621329336954,
    "openness": 0.3076167523998542,
    "adventurous": 0.1399408643525457,
    "artistic": 0.1953501559398923,
    "emotionally_aware": 0.7300923488193123,
    "imaginative": 0.7433877435295071,
    "intellectual": 0.8446474138280207,
    "conscientiousness": 0.5865668921381992,
    "cautious": 0.9027704645793674,
    "disciplined": 1,
    "dutiful": 0.7960630240187938,
    "neuroticism": 0.6574486613471586,
    "melancholy": 0.718731013811819,
    "self_conscious": 0.7678824577747174,
    "authority_challenging": 0.13682206650735146,
    "achievement_striving": 0.7864332293734052,
    "orderliness": 0.1428368909230832,
    "self_efficacy": 0.7010713273117583,
    "stress_prone": 0.8143201425736157,
    "agreeableness": 0.2956681113046296,
    "cooperative": 0.7400866782777755,
    "trusting": 0.03915711450443521,
    "excitement_seeking": 0,
    "outgoing": 0.1558791364575317,
    "gregariousness": 0.18375592369071247,
    "altruism": 0.1116286605370813,
    "modesty": 0.0930171331362145,
    "uncompromising": 0.6630280691806067,
    "sympathy": 0.7192980679654908,
    "fiery": 0.738628539025477,
    "prone_to_worry": 0.7676394345660011,
    "immoderation": 0.8074142330592572
}