{
    "id": "1",
    "extraversion": 0.5931420019367901,
    "active": 1,
    "assertive": 0.7864688793027556,
    "cheerful": 0.18462232590897085,
    "openness": 0.6164935293599788,
    "adventurous": 0.6470419931331983,
    "artistic": 0.7466436306012854,
    "emotionally_aware": 0.736079320362708,
    "imaginative": 0.8227616867682015,
    "intellectual": 0.818646007571089,
    "conscientiousness": 0.65061845232855,
    "cautious": 0.6696782287173166,
    "disciplined": 0.9338520116207413,
    "dutiful": 0.7977484813804032,
    "neuroticism": 0.628774540012325,
    "melancholy": 0.16486926666079757,
    "self_conscious": 0.8165661589928691,
    "authority_challenging": 0.7768399506998855,
    "achievement_striving": 0.8456510256184523,
    "orderliness": 0.14123162250198076,
    "self_efficacy": 0.7897482172726472,
    "stress_prone": 0.8360000880359186,
    "agreeableness": 0.3097873932564486,
    "cooperative": 0.7464675587639757,
    "trusting": 0.06586187164363055,
    "excitement_seeking": 0.7776762919271063,
    "outgoing": 0.864996918742847,
    "gregariousness": 0.6956048067611585,
    "altruism": 0.8747248877542038,
    "modesty": 0.1513227396777885,
    "uncompromising": 0.7685645743463333,
    "sympathy": 0.7084690553745928,
    "fiery": 0.16674002993221235,
    "prone_to_worry": 0.7488445285676557,
    "immoderation": 0
}