{
    "id": "1",
    "extraversion": 0.3083390109395689,
    "active": 0.946806185805556,
    "assertive": 1,
    "cheerful": 0.7348022264786415,
    "openness": 0.7132701726420795,
    "adventurous": 0.7298402128780964,
    "artistic": 0.8567829183324549,
    "emotionally_aware": 0.9282179172397835,
    "imaginative": 0.9036135285572882,
    "intellectual": 0.9406615161136893,
    "conscientiousness": 0.6442390507899373,
    "cautious": 0.25319124320294123,
    "disciplined": 0.9560231903433559,
    "dutiful": 0,
    "neuroticism": 0.6511035981026082,
    "melancholy": 0.02644264760704963,
    "self_conscious": 0.9256212158218818,
    "authority_challenging": 0.9117635716213959,
    "achievement_striving": 0.8512295766862491,
    "orderliness": 0.1662146006607448,
    "self_efficacy": 0.8523608129475132,
    "stress_prone": 0.9037163682174031,
    "agreeableness": 0.3079019423840804,
    "cooperative": 0.15991567147870578,
    "trusting": 0.011428057230270865,
    "excitement_seeking": 0.7855664537028705,
    "outgoing": 0.8278721188826471,
    "gregariousness": 0.7076011363782443,
    "altruism": 0.11426771734519421,
    "modesty": 0.11303364142381511,
    "uncompromising": 0.7918268180123665,
    "sympathy": 0.14617372189584915,
    "fiery": 0.7762337545474411,
    "prone_to_worry": 0.7638030106310498,
    "immoderation": 0.026802586417451865
}