{
    "id": "1",
    "extraversion": 0.29864624346043905,
    "active": 0.19540477859878108,
    "assertive": 0.01047408446146378,
    "cheerful": 0,
    "openness": 0.35920392643330995,
    "adventurous": 0.14345504557467237,
    "artistic": 0.2929183970659619,
    "emotionally_aware": 0.7426568146270428,
    "imaginative": 0.9603581252359636,
    "intellectual": 0.9901947036297934,
    "conscientiousness": 0.7481797098322637,
    "cautious": 0.8952375815759669,
    "disciplined": 0.10340326843212341,
    "dutiful": 0.13014400517771424,
    "neuroticism": 0.741653632490157,
    "melancholy": 0.9566797907340489,
    "self_conscious": 0.8633191305754815,
    "authority_challenging": 0.1822231810581954,
    "achievement_striving": 0.20783129281052803,
    "orderliness": 0.07077288172158999,
    "self_efficacy": 0.8025457095086566,
    "stress_prone": 0.7837980691440593,
    "agreeableness": 0.2953778113370369,
    "cooperative": 0.22829405102205924,
    "trusting": 0.06901461625586537,
    "excitement_seeking": 0.1530661776603204,
    "outgoing": 0.2657785448465563,
    "gregariousness": 0.07489347931611023,
    "altruism": 0.20517771425489456,
    "modesty": 0.114524567175449,
    "uncompromising": 0.24032144975999137,
    "sympathy": 0.7985329809611134,
    "fiery": 0.8991208672671378,
    "prone_to_worry": 1,
    "immoderation": 0.9374467396580551
}