{
    "id": "1",
    "extraversion": 0.34703352942728255,
    "active": 0.9240905373677685,
    "assertive": 0,
    "cheerful": 0.1364391800986625,
    "openness": 0.35256021315324343,
    "adventurous": 0.232859366343947,
    "artistic": 0.2273986334977708,
    "emotionally_aware": 0.7460759226528081,
    "imaginative": 0.9594270187564301,
    "intellectual": 0.8511884348537209,
    "conscientiousness": 0.6604321101643494,
    "cautious": 0.8925396364787506,
    "disciplined": 0.031484950009233126,
    "dutiful": 0.9353681378109583,
    "neuroticism": 0.7361701005091407,
    "melancholy": 0.8437227952620887,
    "self_conscious": 0.9744770095233071,
    "authority_challenging": 0.9936291450127943,
    "achievement_striving": 0.8355316959928244,
    "orderliness": 0.9432558630332127,
    "self_efficacy": 0.8507531590471415,
    "stress_prone": 0.9389031049674201,
    "agreeableness": 0.3063814071279711,
    "cooperative": 0.8328540902735642,
    "trusting": 0.016395388714485447,
    "excitement_seeking": 0.1453953095734297,
    "outgoing": 1,
    "gregariousness": 0.16747566412535939,
    "altruism": 0.20687471970876087,
    "modesty": 0.15419315693671354,
    "uncompromising": 0.8403593003930672,
    "sympathy": 0.8311129870472471,
    "fiery": 0.15336217585142584,
    "prone_to_worry": 0.8883451605244412,
    "immoderation": 0.06653124752684199
}