{
    "id": "1",
    "extraversion": 0.6965161712308725,
    "active": 0.20538926278465322,
    "assertive": 0,
    "cheerful": 0.7359674337745494,
    "openness": 0.32987933972494277,
    "adventurous": 0.2732326970411553,
    "artistic": 0.1838046714976677,
    "emotionally_aware": 0.27152004406423735,
    "imaginative": 0.14810575416975055,
    "intellectual": 0.8448801142916158,
    "conscientiousness": 0.3527204502814259,
    "cautious": 0.21597500731535188,
    "disciplined": 0.12510112398230544,
    "dutiful": 0.08476341291288704,
    "neuroticism": 0.616030087612097,
    "melancholy": 0.8133810695905124,
    "self_conscious": 0.2669587069900339,
    "authority_challenging": 0.1889426304284214,
    "achievement_striving": 0.15829560906759385,
    "orderliness": 0.26237155102673115,
    "self_efficacy": 0.14489560562507528,
    "stress_prone": 0.2596261424858426,
    "agreeableness": 0.6189820472657797,
    "cooperative": 0.2555123328226931,
    "trusting": 0.16115289946124584,
    "excitement_seeking": 0.23266261596984353,
    "outgoing": 0.8318673941855862,
    "gregariousness": 0.7371551026731157,
    "altruism": 0.1807924677694201,
    "modesty": 0.24403153346988654,
    "uncompromising": 0.25149319241957413,
    "sympathy": 0.18309034889925468,
    "fiery": 0.7730605711138269,
    "prone_to_worry": 0.756450419126633,
    "immoderation": 1
}