{
    "id": "1",
    "extraversion": 0.25367185180109186,
    "active": 0.8215468603668425,
    "assertive": 0,
    "cheerful": 0.647947646131707,
    "openness": 0.5852349299892642,
    "adventurous": 0.1635601544119327,
    "artistic": 0.7033166586719659,
    "emotionally_aware": 0.7784440028324082,
    "imaginative": 0.788437378651865,
    "intellectual": 0.7704150391740332,
    "conscientiousness": 0.5538500194157017,
    "cautious": 0.6945795929555266,
    "disciplined": 0.884168208501793,
    "dutiful": 0.773670024440942,
    "neuroticism": 0.5667671714749081,
    "melancholy": 0.060245779940153975,
    "self_conscious": 0.8125471116288632,
    "authority_challenging": 0.7353525662989105,
    "achievement_striving": 0.7721738733182576,
    "orderliness": 0.12206765800954798,
    "self_efficacy": 0.761506658443546,
    "stress_prone": 0.8047694099910917,
    "agreeableness": 0.5256858311062381,
    "cooperative": 0.7662920578359488,
    "trusting": 0.010153269832568135,
    "excitement_seeking": 0.04737431188469359,
    "outgoing": 0.7515818086297084,
    "gregariousness": 0.6754494163868521,
    "altruism": 0.680783023824208,
    "modesty": 0.13876516137874326,
    "uncompromising": 0.7860960734598781,
    "sympathy": 0.7051325978208729,
    "fiery": 0.7300303798624911,
    "prone_to_worry": 0.7251193494597866,
    "immoderation": 1
}