{
    "id": "1",
    "extraversion": 0.6740288955453704,
    "active": 0.995356502700687,
    "assertive": 0,
    "cheerful": 0.1866421259037377,
    "openness": 0.6204963489600251,
    "adventurous": 0.23873109819914107,
    "artistic": 0.17913553959603978,
    "emotionally_aware": 0.7614012294441036,
    "imaginative": 0.13900417433565507,
    "intellectual": 0.7972740505491597,
    "conscientiousness": 0.28928025791860645,
    "cautious": 0.7121392567998364,
    "disciplined": 0.04946647900200896,
    "dutiful": 0.06694575769605542,
    "neuroticism": 0.7158444308106874,
    "melancholy": 0.14954226665223092,
    "self_conscious": 0.8448277936169958,
    "authority_challenging": 0.9024143779999279,
    "achievement_striving": 0.1664080262730521,
    "orderliness": 0.2315011969636821,
    "self_efficacy": 0.13073971152573774,
    "stress_prone": 0.7977913313363889,
    "agreeableness": 0.2880051006291578,
    "cooperative": 0.0028751187941342803,
    "trusting": 0.17454016143972476,
    "excitement_seeking": 0.09924573243350539,
    "outgoing": 0.8154149674594295,
    "gregariousness": 0.7802639334993444,
    "altruism": 0.21542940320232898,
    "modesty": 0.09581724349489336,
    "uncompromising": 0.857988379226966,
    "sympathy": 0.8329543950822236,
    "fiery": 1,
    "prone_to_worry": 0.872472241269383,
    "immoderation": 0.0786507392303343
}