{
    "id": "1",
    "extraversion": 0.3933977927531985,
    "active": 0.2999049978247165,
    "assertive": 0.26332472098660203,
    "cheerful": 0.2956964902467393,
    "openness": 0.39437445062994436,
    "adventurous": 0.14181072370348663,
    "artistic": 0.2871729305951398,
    "emotionally_aware": 0.6771790569036393,
    "imaginative": 0.9031155386268189,
    "intellectual": 1,
    "conscientiousness": 0.6370472968773584,
    "cautious": 0.7192907688073231,
    "disciplined": 0.1795097177458736,
    "dutiful": 0.20218593790231643,
    "neuroticism": 0.7272638485647569,
    "melancholy": 0.8053254490406556,
    "self_conscious": 0.7606300331175807,
    "authority_challenging": 0.2510898614033686,
    "achievement_striving": 0.711885926359996,
    "orderliness": 0.23607596622539484,
    "self_efficacy": 0.2616022516403413,
    "stress_prone": 0.8090900212201121,
    "agreeableness": 0.242308819220627,
    "cooperative": 0.17151888057249906,
    "trusting": 0.17836436441768994,
    "excitement_seeking": 0.26943327207024836,
    "outgoing": 0,
    "gregariousness": 0.3267453320192845,
    "altruism": 0.30701684290901987,
    "modesty": 0.27006366033614787,
    "uncompromising": 0.21395910467108822,
    "sympathy": 0.29485301298954975,
    "fiery": 0.9082119170018379,
    "prone_to_worry": 0.820632341581653,
    "immoderation": 0.8165303784993208
}