{
    "id": "1",
    "extraversion": 0.19095192075380527,
    "active": 0.948779898526214,
    "assertive": 0.09603769026334859,
    "cheerful": 0.7409035999033583,
    "openness": 0.31071514858661514,
    "adventurous": 0.1848876540227108,
    "artistic": 0.7124305387774825,
    "emotionally_aware": 0.6897922203430781,
    "imaginative": 1,
    "intellectual": 0.8375815414351292,
    "conscientiousness": 0.6205122010147379,
    "cautious": 0.7229765643875332,
    "disciplined": 0,
    "dutiful": 0.8561850688572119,
    "neuroticism": 0.6660787629862286,
    "melancholy": 0.11375936216477407,
    "self_conscious": 0.7566924377869051,
    "authority_challenging": 0.08527422082628652,
    "achievement_striving": 0.11618748489973423,
    "orderliness": 0.9117057260207779,
    "self_efficacy": 0.8450712732544093,
    "stress_prone": 0.780381734718531,
    "agreeableness": 0.5643150519449143,
    "cooperative": 0.8005919304179754,
    "trusting": 0.8456632036723847,
    "excitement_seeking": 0.1369896110171539,
    "outgoing": 0.7922445035032616,
    "gregariousness": 0.7067165982121285,
    "altruism": 0.7459893694129016,
    "modesty": 0.08499637593621645,
    "uncompromising": 0.7985745349118144,
    "sympathy": 0.789659338004349,
    "fiery": 0.7382097124909399,
    "prone_to_worry": 0.7926673109446726,
    "immoderation": 0.8722638318434404
}