{
    "id": "1",
    "extraversion": 0.2992884373469564,
    "active": 0.987324389986268,
    "assertive": 0.9841458847479762,
    "cheerful": 0.09233989840306521,
    "openness": 0.6741696035030776,
    "adventurous": 0.28107204931964624,
    "artistic": 0.7846778762591585,
    "emotionally_aware": 0.8614421387211078,
    "imaginative": 0.8574089900803749,
    "intellectual": 0.7947319396564141,
    "conscientiousness": 0.6769159856727195,
    "cautious": 0.6783371904318349,
    "disciplined": 0.8774883086703092,
    "dutiful": 0.23207889606960067,
    "neuroticism": 0.7529792484899699,
    "melancholy": 0.8233576922707587,
    "self_conscious": 0.8385300133478014,
    "authority_challenging": 1,
    "achievement_striving": 0.7956153912634317,
    "orderliness": 0.23543985327021139,
    "self_efficacy": 0.7841497258419197,
    "stress_prone": 0.735847969501714,
    "agreeableness": 0.26706165916052893,
    "cooperative": 0.7539299192409998,
    "trusting": 0,
    "excitement_seeking": 0.2708643421646485,
    "outgoing": 0.7428195550092667,
    "gregariousness": 0.24688631322200563,
    "altruism": 0.27604981898844794,
    "modesty": 0.08174808185371196,
    "uncompromising": 0.7555527814321518,
    "sympathy": 0.23123385540201855,
    "fiery": 0.2951880695622113,
    "prone_to_worry": 0.8711889146028787,
    "immoderation": 0.8166069696649605
}