{
    "id": "1",
    "extraversion": 0.3747007648741753,
    "active": 0.3039255756018762,
    "assertive": 0.1485665907631226,
    "cheerful": 0.3231350109962827,
    "openness": 0.383342091434577,
    "adventurous": 0.24112998968490298,
    "artistic": 0.7672777875090014,
    "emotionally_aware": 0.7547828964013936,
    "imaginative": 1,
    "intellectual": 0.9138592086568966,
    "conscientiousness": 0.7116346509410093,
    "cautious": 0.8819991825772173,
    "disciplined": 0.24326112765419122,
    "dutiful": 0.8764134602284891,
    "neuroticism": 0.6930577450808665,
    "melancholy": 0.8574570366477882,
    "self_conscious": 0.8148148148148149,
    "authority_challenging": 0,
    "achievement_striving": 0.19494560246005335,
    "orderliness": 0.8465386037640373,
    "self_efficacy": 0.9318327786535879,
    "stress_prone": 0.22827504330394505,
    "agreeableness": 0.682538292364882,
    "cooperative": 0.2481559331270314,
    "trusting": 0.20267219400167377,
    "excitement_seeking": 0.1793561822463557,
    "outgoing": 0.863860181779257,
    "gregariousness": 0.7803565520328526,
    "altruism": 0.8109807127148168,
    "modesty": 0.23761701796383877,
    "uncompromising": 0.8627605535119987,
    "sympathy": 0.8982503259959908,
    "fiery": 0.21078803448745648,
    "prone_to_worry": 0.897248009964773,
    "immoderation": 0.06243553064362312
}