{
    "id": "1",
    "extraversion": 0.7194991450162723,
    "active": 0.8790004964421645,
    "assertive": 0.07978377185724529,
    "cheerful": 0.8170555463621823,
    "openness": 0.38295548568591764,
    "adventurous": 0.7525621931711622,
    "artistic": 0.20627723536874626,
    "emotionally_aware": 0.7561807049478736,
    "imaginative": 1,
    "intellectual": 0.9163770754040488,
    "conscientiousness": 0.38047327486347843,
    "cautious": 0.7695846433890452,
    "disciplined": 0.17944729439020357,
    "dutiful": 0.05715704120469968,
    "neuroticism": 0.6996966186772575,
    "melancholy": 0.17496828286171331,
    "self_conscious": 0.8692150697777044,
    "authority_challenging": 0,
    "achievement_striving": 0.11751337635832093,
    "orderliness": 0.2532958243697943,
    "self_efficacy": 0.841182635556291,
    "stress_prone": 0.9200728115174583,
    "agreeableness": 0.4064427160902422,
    "cooperative": 0.20239395443764135,
    "trusting": 0.8700976336256826,
    "excitement_seeking": 0.9015279386618127,
    "outgoing": 0.9804622428153787,
    "gregariousness": 0.8456285509404822,
    "altruism": 0.840939930498097,
    "modesty": 0.19167080368470407,
    "uncompromising": 0.23225770864360967,
    "sympathy": 0.9894092338242595,
    "fiery": 0.8893595896078107,
    "prone_to_worry": 0.7916266754923053,
    "immoderation": 0.14124331182083957
}