{
    "id": "1",
    "extraversion": 0.300505097398377,
    "active": 0.9995357560676681,
    "assertive": 0.8246272121223375,
    "cheerful": 0.22815732298378855,
    "openness": 0.32992887782956676,
    "adventurous": 0.23508384245417907,
    "artistic": 0.2198102170804627,
    "emotionally_aware": 0.8195762381385674,
    "imaginative": 0.8910326642030788,
    "intellectual": 0.7727154556089951,
    "conscientiousness": 0.6312046201556145,
    "cautious": 0.7104603442833002,
    "disciplined": 0,
    "dutiful": 1,
    "neuroticism": 0.6207591316781488,
    "melancholy": 0.14639468162151117,
    "self_conscious": 0.7839594436500714,
    "authority_challenging": 0.20082264024809193,
    "achievement_striving": 0.8347755844831107,
    "orderliness": 0.750673153701881,
    "self_efficacy": 0.7616571651408515,
    "stress_prone": 0.9039479304005495,
    "agreeableness": 0.6043620359881896,
    "cooperative": 0.883706894950883,
    "trusting": 0.15693301888544312,
    "excitement_seeking": 0.09526285491448623,
    "outgoing": 0.710386065254127,
    "gregariousness": 0.6945460622829659,
    "altruism": 0.19221555774266028,
    "modesty": 0.1091530333698538,
    "uncompromising": 0.7565040574919685,
    "sympathy": 0.16205827189838626,
    "fiery": 0.7590573991197934,
    "prone_to_worry": 0.7526972572468478,
    "immoderation": 0.8730942786577778
}