{
    "id": "1",
    "extraversion": 0.25822665123975164,
    "active": 0.8754276614538623,
    "assertive": 0.913323131663743,
    "cheerful": 0.1277448089675164,
    "openness": 0.6829395737692681,
    "adventurous": 0.21219472747857027,
    "artistic": 0.17999726296669524,
    "emotionally_aware": 0.7966757486408141,
    "imaginative": 0.8766095621990818,
    "intellectual": 0.9188220803941327,
    "conscientiousness": 0.6673136018114184,
    "cautious": 0.24282461837046984,
    "disciplined": 1,
    "dutiful": 0.0659625026437253,
    "neuroticism": 0.7060675051941427,
    "melancholy": 0.809091926995857,
    "self_conscious": 0.8790231279314249,
    "authority_challenging": 0.9019395613282076,
    "achievement_striving": 0.1190485076947959,
    "orderliness": 0.08344219261249824,
    "self_efficacy": 0.1538834770275818,
    "stress_prone": 0.7957799922865425,
    "agreeableness": 0.31372622202316525,
    "cooperative": 0.15934510257654358,
    "trusting": 0,
    "excitement_seeking": 0.1850732156409012,
    "outgoing": 0.8114432874258202,
    "gregariousness": 0.7908906555194765,
    "altruism": 0.11962079647669162,
    "modesty": 0.03787058808892866,
    "uncompromising": 0.13079286878413515,
    "sympathy": 0.791761529752796,
    "fiery": 0.9466900558603615,
    "prone_to_worry": 0.9045895072095945,
    "immoderation": 0.9469513181303574
}