{
    "id": "1",
    "extraversion": 0.27083188707624667,
    "active": 0.8694434802730533,
    "assertive": 0.12850861969223648,
    "cheerful": 0.26997570288094414,
    "openness": 0.3199352076825176,
    "adventurous": 0.1919935207682518,
    "artistic": 0.7448108295730648,
    "emotionally_aware": 0.8204442901770218,
    "imaginative": 0.8517644336457248,
    "intellectual": 0.9456323035982875,
    "conscientiousness": 0.7227583015156774,
    "cautious": 0.9092907555247021,
    "disciplined": 0.896043040610899,
    "dutiful": 0.8998958694897604,
    "neuroticism": 0.8080064792317483,
    "melancholy": 0.1328705310656022,
    "self_conscious": 0.9515677426819391,
    "authority_challenging": 0.8789540668749276,
    "achievement_striving": 0.8797408307300706,
    "orderliness": 0.8477959041999306,
    "self_efficacy": 1,
    "stress_prone": 0.768101353696633,
    "agreeableness": 0.630406108989934,
    "cooperative": 0.8400786763855143,
    "trusting": 0.8943653823903737,
    "excitement_seeking": 0.10761309730417683,
    "outgoing": 0.8059122989702648,
    "gregariousness": 0.7563461760962629,
    "altruism": 0.8563346060395695,
    "modesty": 0.26483859770912876,
    "uncompromising": 0.8581163947703344,
    "sympathy": 0.17778549114890663,
    "fiery": 0.159932893671179,
    "prone_to_worry": 0.9583015156774267,
    "immoderation": 0
}