{
    "id": "1",
    "extraversion": 0.24829646580218662,
    "active": 0.9409102466310705,
    "assertive": 0.002847698957538729,
    "cheerful": 0.7789346554792779,
    "openness": 0.29933892702771425,
    "adventurous": 0.7149122807017544,
    "artistic": 0.10106788710907706,
    "emotionally_aware": 0.7854691075514875,
    "imaginative": 1,
    "intellectual": 0.8152301042461225,
    "conscientiousness": 0.28281210272056956,
    "cautious": 0.764747012458683,
    "disciplined": 0.8762013729977116,
    "dutiful": 0.11862445969997458,
    "neuroticism": 0.7166158148995678,
    "melancholy": 0.036867531146707315,
    "self_conscious": 0.9750063564708874,
    "authority_challenging": 0.9332443427409102,
    "achievement_striving": 0.7637299771167049,
    "orderliness": 0.8331045003813883,
    "self_efficacy": 0.8984871599288076,
    "stress_prone": 0.8454487668446479,
    "agreeableness": 0.33498601576404774,
    "cooperative": 0.07281973048563438,
    "trusting": 0.0707220950928045,
    "excitement_seeking": 0.15879735570811085,
    "outgoing": 0.8159166031019577,
    "gregariousness": 0.09345283498601573,
    "altruism": 0.7822145944571575,
    "modesty": 0.15570811085685227,
    "uncompromising": 0.9078565980167811,
    "sympathy": 0.8248029494024918,
    "fiery": 0.09932621408593946,
    "prone_to_worry": 0.8463005339435545,
    "immoderation": 0
}