{
    "id": "1",
    "extraversion": 0.19191230462603587,
    "active": 0.9433966222595196,
    "assertive": 0.933085072904647,
    "cheerful": 0.12925626770166787,
    "openness": 0.6475820832896255,
    "adventurous": 0.10494073219343335,
    "artistic": 0.8335256477499212,
    "emotionally_aware": 0.967879995804049,
    "imaginative": 0.9059477604112031,
    "intellectual": 0.8651736074687926,
    "conscientiousness": 0.6474457148851358,
    "cautious": 0.7404699465016259,
    "disciplined": 1,
    "dutiful": 0.9065876429245777,
    "neuroticism": 0.7927829644393161,
    "melancholy": 0.7817371236756531,
    "self_conscious": 0.7496695688660443,
    "authority_challenging": 0.9370502465121158,
    "achievement_striving": 0.8785796706178538,
    "orderliness": 0.1317108989824819,
    "self_efficacy": 0.8598447498164271,
    "stress_prone": 0.7993391377320885,
    "agreeableness": 0.2757159341235707,
    "cooperative": 0.7803105003671457,
    "trusting": 0.15140039861533622,
    "excitement_seeking": 0.015545998111822092,
    "outgoing": 0.22035036190076576,
    "gregariousness": 0.22865834469736704,
    "altruism": 0.7781600755271162,
    "modesty": 0.19542641351096193,
    "uncompromising": 0.7418021609147173,
    "sympathy": 0,
    "fiery": 0.7529738802056016,
    "prone_to_worry": 0.9332319311864051,
    "immoderation": 0.09865729570964021
}