{
    "id": "1",
    "extraversion": 0.24140893470790378,
    "active": 0.9435137457044674,
    "assertive": 0.8128278169650932,
    "cheerful": 0.15934165310182677,
    "openness": 0.3167955326460481,
    "adventurous": 0.1175393380358112,
    "artistic": 0.23482998733948274,
    "emotionally_aware": 0.729833604630132,
    "imaginative": 0.8943751130403328,
    "intellectual": 0.9821622354856212,
    "conscientiousness": 0.6801749864351601,
    "cautious": 0.7558667932718394,
    "disciplined": 1,
    "dutiful": 0.15942078133478024,
    "neuroticism": 0.7361186471332972,
    "melancholy": 0.8565405136552723,
    "self_conscious": 0.8720270392476036,
    "authority_challenging": 0.16221287755471153,
    "achievement_striving": 0.17583423765599568,
    "orderliness": 0.10262931814071259,
    "self_efficacy": 0.21254973774642796,
    "stress_prone": 0.8469207813347802,
    "agreeableness": 0.29642566467715686,
    "cooperative": 0.11152559233134385,
    "trusting": 0.12605127509495387,
    "excitement_seeking": 0,
    "outgoing": 0.12355308374027854,
    "gregariousness": 0.16047205642973417,
    "altruism": 0.10050415988424669,
    "modesty": 0.2135218846084283,
    "uncompromising": 0.22083559413998916,
    "sympathy": 0.8009472779887864,
    "fiery": 0.8403870500994755,
    "prone_to_worry": 0.8686810453969976,
    "immoderation": 0.8338759269307289
}