{
    "id": "1",
    "extraversion": 0.5772126764439901,
    "active": 0.7302127157629852,
    "assertive": 0.06937836668894741,
    "cheerful": 0.6759033539102741,
    "openness": 0.5742047733259937,
    "adventurous": 0.704399795541226,
    "artistic": 0.6406931938819643,
    "emotionally_aware": 0.5806924075020642,
    "imaginative": 1,
    "intellectual": 0.6973420359375614,
    "conscientiousness": 0.5357704557071522,
    "cautious": 0.6178881767782015,
    "disciplined": 0.10776353556403098,
    "dutiful": 0.752054417489089,
    "neuroticism": 0.28342114575551447,
    "melancholy": 0.10233751425313567,
    "self_conscious": 0.6609523060590571,
    "authority_challenging": 0.7729917823300437,
    "achievement_striving": 0.692515629300515,
    "orderliness": 0.1814571619549404,
    "self_efficacy": 0.7322376440058193,
    "stress_prone": 0.6678036409389376,
    "agreeableness": 0.5561770141155192,
    "cooperative": 0.8096174261785868,
    "trusting": 0.9006998781111155,
    "excitement_seeking": 0.6775449219517949,
    "outgoing": 0.7856328392246293,
    "gregariousness": 0.668157511893996,
    "altruism": 0.762709865135847,
    "modesty": 0.673200173003578,
    "uncompromising": 0.7050878779538395,
    "sympathy": 0.7203633075138599,
    "fiery": 0.05298234577124209,
    "prone_to_worry": 0.6370856760901191,
    "immoderation": 0
}