{
    "id": "1",
    "extraversion": 0.33986634921730335,
    "active": 0.909653451111648,
    "assertive": 0.06191412764684908,
    "cheerful": 0.8736758565957008,
    "openness": 0.3560723692534189,
    "adventurous": 0.18450018977951071,
    "artistic": 0.26392003956615256,
    "emotionally_aware": 0.7642018333850915,
    "imaginative": 0.857849395581013,
    "intellectual": 0.8146141725038245,
    "conscientiousness": 0.33677236810324007,
    "cautious": 0.3053379800558987,
    "disciplined": 0,
    "dutiful": 0.06352437804078535,
    "neuroticism": 0.699182222835651,
    "melancholy": 0.8959893263402459,
    "self_conscious": 0.9795383182084815,
    "authority_challenging": 0.13912563403609263,
    "achievement_striving": 0.7812359821952314,
    "orderliness": 0.17851925974489036,
    "self_efficacy": 0.1871916082950899,
    "stress_prone": 0.882210183683563,
    "agreeableness": 0.3238328560091094,
    "cooperative": 0.10295250911516739,
    "trusting": 0.060464902292306465,
    "excitement_seeking": 0.22981723658028824,
    "outgoing": 0.025821515245620662,
    "gregariousness": 0.22740186098938386,
    "altruism": 0.21614161002035814,
    "modesty": 0.2314504905512807,
    "uncompromising": 0.19012456436975952,
    "sympathy": 0.13608916186466993,
    "fiery": 0.9929839089978492,
    "prone_to_worry": 0.872525677742889,
    "immoderation": 1
}