{
    "id": "1",
    "extraversion": 0.2785243074164661,
    "active": 0.8041959404811787,
    "assertive": 0.8221158999444569,
    "cheerful": 0.21257417927754987,
    "openness": 0.34151213665552554,
    "adventurous": 0.23907895890784717,
    "artistic": 0.19646667900957873,
    "emotionally_aware": 0.7476686512770042,
    "imaginative": 0.7575981992340899,
    "intellectual": 0.8189294797462557,
    "conscientiousness": 0.33836469407442776,
    "cautious": 0.24647496175321323,
    "disciplined": 0.7293199380255889,
    "dutiful": 0,
    "neuroticism": 0.6526607095875194,
    "melancholy": 0.7538953256092689,
    "self_conscious": 1,
    "authority_challenging": 0.8153532833770208,
    "achievement_striving": 0.18592323358311488,
    "orderliness": 0.21516619081492455,
    "self_efficacy": 0.2222601171277394,
    "stress_prone": 0.7225378326496009,
    "agreeableness": 0.30229090944525105,
    "cooperative": 0.7487697689601747,
    "trusting": 0.14419769447394834,
    "excitement_seeking": 0.25452383968506087,
    "outgoing": 0.7390156202800542,
    "gregariousness": 0.19100981261510575,
    "altruism": 0.13594418405230793,
    "modesty": 0.13163715736238465,
    "uncompromising": 0.7571109790202976,
    "sympathy": 0.746859865722109,
    "fiery": 0.17228106759693249,
    "prone_to_worry": 0.17412276000506705,
    "immoderation": 0.8593882462995625
}