{
    "id": "1",
    "extraversion": 0.7825145454329125,
    "active": 0.917248682284912,
    "assertive": 0.2038502266588932,
    "cheerful": 0.23385724654062606,
    "openness": 0.7631206348828632,
    "adventurous": 0.8479184265946434,
    "artistic": 0.3266267683558009,
    "emotionally_aware": 0.8204576011041441,
    "imaginative": 0.9853296369888276,
    "intellectual": 0.8695610789201279,
    "conscientiousness": 0.3028424571965686,
    "cautious": 0.3466393803467107,
    "disciplined": 0.23141813509107997,
    "dutiful": 0,
    "neuroticism": 0.7318524159101455,
    "melancholy": 0.8739752757385748,
    "self_conscious": 0.9238283341463704,
    "authority_challenging": 0.1256320868085714,
    "achievement_striving": 0.9367853700905444,
    "orderliness": 0.27121729508489295,
    "self_efficacy": 0.8942139517174914,
    "stress_prone": 0.8410056278034909,
    "agreeableness": 0.7070091734386711,
    "cooperative": 0.8691803395719062,
    "trusting": 0.9199257558270967,
    "excitement_seeking": 0.8487869882327744,
    "outgoing": 0.9623781931538307,
    "gregariousness": 0.943008078813045,
    "altruism": 1,
    "modesty": 0.25066926838554615,
    "uncompromising": 0.8951420038787821,
    "sympathy": 0.8553190476757052,
    "fiery": 0.3012481111758897,
    "prone_to_worry": 0.8842433400359322,
    "immoderation": 0.9581662641141265
}