{
    "id": "1",
    "extraversion": 0.2737069760011797,
    "active": 0.09732240504307013,
    "assertive": 0.16565698767495304,
    "cheerful": 0.14442300839282865,
    "openness": 0.3138524680814461,
    "adventurous": 0.1618968038437435,
    "artistic": 0.14524631661730916,
    "emotionally_aware": 0.768601236191155,
    "imaginative": 0.9800071271458238,
    "intellectual": 0.9234446233057668,
    "conscientiousness": 0.768601236191155,
    "cautious": 0.9779304243109402,
    "disciplined": 0.03820395925238699,
    "dutiful": 0.14547979208395292,
    "neuroticism": 0.8113518229518673,
    "melancholy": 0.9197704567517418,
    "self_conscious": 0.9235060642180416,
    "authority_challenging": 0.9329433883434302,
    "achievement_striving": 0.8566214871158407,
    "orderliness": 0.19650032563683512,
    "self_efficacy": 0.8961648582558154,
    "stress_prone": 0.8985119011047077,
    "agreeableness": 0.351159390014623,
    "cooperative": 0.15952518462994145,
    "trusting": 0.04502390051487485,
    "excitement_seeking": 0,
    "outgoing": 0.1884884306762187,
    "gregariousness": 0.12893989849961296,
    "altruism": 0.9332874574521683,
    "modesty": 0.24717679008097915,
    "uncompromising": 0.8928962017228033,
    "sympathy": 0.19802406026124678,
    "fiery": 0.944174787107239,
    "prone_to_worry": 0.9576672114427556,
    "immoderation": 1
}