{
    "id": "1",
    "extraversion": 0.21619201146337091,
    "active": 0.9969431010806615,
    "assertive": 0.8794793719028002,
    "cheerful": 0.2124902979282345,
    "openness": 0.7260373753656935,
    "adventurous": 0.7638306764582959,
    "artistic": 0.13494536987282824,
    "emotionally_aware": 0.7656337691802495,
    "imaginative": 0.8685891695026569,
    "intellectual": 0.8415666606961609,
    "conscientiousness": 0.24371604274882083,
    "cautious": 0.23667084602065794,
    "disciplined": 0.07495372858081079,
    "dutiful": 0.07842856289927759,
    "neuroticism": 0.675550779150994,
    "melancholy": 0.7607498955161501,
    "self_conscious": 0.8688996357991521,
    "authority_challenging": 0.8737596274404442,
    "achievement_striving": 0.8909785658845304,
    "orderliness": 0.17137739566541282,
    "self_efficacy": 0.14710131948176014,
    "stress_prone": 0.2224849244731029,
    "agreeableness": 0.3312197743148844,
    "cooperative": 0.184524449220849,
    "trusting": 0,
    "excitement_seeking": 0.8216729356976535,
    "outgoing": 0.10647799868648877,
    "gregariousness": 0.0448146157979581,
    "altruism": 0.16423667084602064,
    "modesty": 0.04658188548570062,
    "uncompromising": 0.8528389754612216,
    "sympathy": 0.06654725655263001,
    "fiery": 0.8132784046808764,
    "prone_to_worry": 0.07884649829840584,
    "immoderation": 1
}