{
    "id": "1",
    "extraversion": 0.28636248719279334,
    "active": 0.9822096256969115,
    "assertive": 0.11088047050683267,
    "cheerful": 0,
    "openness": 0.21992468697191062,
    "adventurous": 0.8509839926549838,
    "artistic": 0.20736364483121095,
    "emotionally_aware": 0.7374822029726025,
    "imaginative": 0.9111811903716417,
    "intellectual": 0.8953867443748086,
    "conscientiousness": 0.6427554455577289,
    "cautious": 0.7555786196159834,
    "disciplined": 0.8677630966162362,
    "dutiful": 0.8573576570462922,
    "neuroticism": 0.25255146168482956,
    "melancholy": 0.8432797093928386,
    "self_conscious": 0.8377177225127406,
    "authority_challenging": 0.959895147232978,
    "achievement_striving": 0.8731920216092504,
    "orderliness": 0.8211648237595305,
    "self_efficacy": 0.9220656527350871,
    "stress_prone": 0.8463002142296382,
    "agreeableness": 0.3336792942397509,
    "cooperative": 0.8340319082405226,
    "trusting": 0.1037616595478557,
    "excitement_seeking": 0.09768073130813137,
    "outgoing": 0.15709286389099567,
    "gregariousness": 0.12463906963128547,
    "altruism": 0.8096283581493753,
    "modesty": 0.07897222998416557,
    "uncompromising": 0.8539246603595333,
    "sympathy": 0.07732226258432796,
    "fiery": 0.056431546312189725,
    "prone_to_worry": 1,
    "immoderation": 0.909637672481471
}