{
    "id": "1",
    "extraversion": 0.7217755524529391,
    "active": 0.11049058783881371,
    "assertive": 0.014262673920369779,
    "cheerful": 0.15703384526503295,
    "openness": 0.6218766549516153,
    "adventurous": 0.7788382841461652,
    "artistic": 0.1582374464397477,
    "emotionally_aware": 0.7162269510375042,
    "imaginative": 0.9588007317895142,
    "intellectual": 0.8014780222425496,
    "conscientiousness": 0.6470920995618892,
    "cautious": 0.2740840595060421,
    "disciplined": 0.1244042174185162,
    "dutiful": 0.07638053054739784,
    "neuroticism": 0.3389822348466612,
    "melancholy": 0.18936257281787106,
    "self_conscious": 0.8472269028934573,
    "authority_challenging": 0.9466684319483895,
    "achievement_striving": 0.13893168359732316,
    "orderliness": 0.8189182032641664,
    "self_efficacy": 1,
    "stress_prone": 0.7346901930576284,
    "agreeableness": 0.6342256030041885,
    "cooperative": 0.7924028693852005,
    "trusting": 0.08096625102306099,
    "excitement_seeking": 0.8242501564681527,
    "outgoing": 0.8577824851957055,
    "gregariousness": 0.23255981897838332,
    "altruism": 0.8239612921862212,
    "modesty": 0.8321337441625344,
    "uncompromising": 0.7845674257378076,
    "sympathy": 0.06406769053006596,
    "fiery": 0,
    "prone_to_worry": 0.17270473255981897,
    "immoderation": 0.9677916325646334
}