{
    "id": "1",
    "extraversion": 0.23132394485864188,
    "active": 0.7556766286454681,
    "assertive": 1,
    "cheerful": 0.15461245990781453,
    "openness": 0.5976868667558783,
    "adventurous": 0.1329361286348478,
    "artistic": 0.7236559824975042,
    "emotionally_aware": 0.7650757237834278,
    "imaginative": 0.8308693897491449,
    "intellectual": 0.7617727649270375,
    "conscientiousness": 0.5840608339174578,
    "cautious": 0.6985386265638607,
    "disciplined": 0.8789375305337837,
    "dutiful": 0.7776928142059092,
    "neuroticism": 0.6080418020773594,
    "melancholy": 0.172316744195926,
    "self_conscious": 0.6745682788504429,
    "authority_challenging": 0.04927887168376558,
    "achievement_striving": 0.7751970092822702,
    "orderliness": 0.03151086471675272,
    "self_efficacy": 0.7511629388899509,
    "stress_prone": 0.7434206334034282,
    "agreeableness": 0.2525754582722658,
    "cooperative": 0.7008751247902462,
    "trusting": 0.7418700482168271,
    "excitement_seeking": 0.1774039380615561,
    "outgoing": 0.7652031691412307,
    "gregariousness": 0.6517449393572505,
    "altruism": 0.13155547059198372,
    "modesty": 0.04712292104760086,
    "uncompromising": 0.6653178699632532,
    "sympathy": 0,
    "fiery": 0.7039656747169651,
    "prone_to_worry": 0.7351260646997599,
    "immoderation": 0.09495741200960092
}