{
    "id": "1",
    "extraversion": 0.665175197868194,
    "active": 0.7710993119357276,
    "assertive": 0.8068547905977806,
    "cheerful": 0.2718052738336714,
    "openness": 0.6205405082925666,
    "adventurous": 0.8238078192737541,
    "artistic": 0.719822614644235,
    "emotionally_aware": 0.28512906176669456,
    "imaginative": 0.8096686950642327,
    "intellectual": 0.7284731336753768,
    "conscientiousness": 0.3495008551087778,
    "cautious": 0.21940500338066266,
    "disciplined": 0.12320526587917116,
    "dutiful": 0.05246987233027084,
    "neuroticism": 0.6562263850773575,
    "melancholy": 0.8892236407747683,
    "self_conscious": 0.7799288072226862,
    "authority_challenging": 0.8907548820745338,
    "achievement_striving": 0.8313049357674105,
    "orderliness": 0.19983693274470032,
    "self_efficacy": 0.7029193015948774,
    "stress_prone": 0.8221274310941415,
    "agreeableness": 0.32926659507616435,
    "cooperative": 0.1321640217953307,
    "trusting": 0.8292467088255181,
    "excitement_seeking": 0.8282921687944955,
    "outgoing": 0.7881219424889632,
    "gregariousness": 0.8038420236248659,
    "altruism": 0.22202004534065148,
    "modesty": 0,
    "uncompromising": 0.12217118084556336,
    "sympathy": 0.1515133436741837,
    "fiery": 0.7667442230441873,
    "prone_to_worry": 0.7938790120510679,
    "immoderation": 1
}