{
    "id": "1",
    "extraversion": 0.2586226351224283,
    "active": 1,
    "assertive": 0.8665763969859958,
    "cheerful": 0.8700492722006996,
    "openness": 0.7585035292937652,
    "adventurous": 0.8389939945587442,
    "artistic": 0.8017201389150087,
    "emotionally_aware": 0.8395957924298844,
    "imaginative": 0.9636163037073258,
    "intellectual": 0.9215782149170648,
    "conscientiousness": 0.7261067438973936,
    "cautious": 0.8941713368688959,
    "disciplined": 0.9161494966211557,
    "dutiful": 0.07082408695979237,
    "neuroticism": 0.7555070773937138,
    "melancholy": 0.8806810345908401,
    "self_conscious": 0.9381276563734156,
    "authority_challenging": 0.9278970925640351,
    "achievement_striving": 0.9740223918957888,
    "orderliness": 0.8466543799601309,
    "self_efficacy": 0.9922643898647209,
    "stress_prone": 0.8457140707864746,
    "agreeableness": 0.35246549065332683,
    "cooperative": 0.9458256541417485,
    "trusting": 0.9291884504958565,
    "excitement_seeking": 0.06611000363586214,
    "outgoing": 0.8905229372751094,
    "gregariousness": 0.7999648951241836,
    "altruism": 0.976730482315919,
    "modesty": 0.13186895851355926,
    "uncompromising": 0.9459886410651822,
    "sympathy": 0.8733090106693749,
    "fiery": 0.828550294003335,
    "prone_to_worry": 0.8871754366168929,
    "immoderation": 0
}