{
    "id": "1",
    "extraversion": 0.7890067373757589,
    "active": 0.8076067862939986,
    "assertive": 0.9265670513419162,
    "cheerful": 0.8169234874257888,
    "openness": 0.3079069664020635,
    "adventurous": 0.1373935472394548,
    "artistic": 0.7102150178996286,
    "emotionally_aware": 0.7140284170502301,
    "imaginative": 0.886231739043426,
    "intellectual": 1,
    "conscientiousness": 0.2574322371200498,
    "cautious": 0.25687634803104087,
    "disciplined": 0.08689658239388078,
    "dutiful": 0,
    "neuroticism": 0.6888911124452449,
    "melancholy": 0.8344895826384721,
    "self_conscious": 0.7667378204700599,
    "authority_challenging": 0.8733684655237587,
    "achievement_striving": 0.1983745803037378,
    "orderliness": 0.1491005714539835,
    "self_efficacy": 0.7275809930402687,
    "stress_prone": 0.9331376603740023,
    "agreeableness": 0.252106819647344,
    "cooperative": 0.2398994952527072,
    "trusting": 0.868120872523514,
    "excitement_seeking": 0.9017855157538968,
    "outgoing": 0.7843039156827429,
    "gregariousness": 0.7212883285526872,
    "altruism": 0.8309207746870344,
    "modesty": 0.20422253352011208,
    "uncompromising": 0.12115046805861296,
    "sympathy": 0.16708914237431352,
    "fiery": 0.7839036755386565,
    "prone_to_worry": 0.8092299824339048,
    "immoderation": 0.9546394503368687
}