{
    "id": "1",
    "extraversion": 0.7391557784523338,
    "active": 0.3036931943161322,
    "assertive": 0.11928643702432795,
    "cheerful": 0.21576261493115126,
    "openness": 0.714299854823809,
    "adventurous": 0.3178368747525406,
    "artistic": 0.35335005059170294,
    "emotionally_aware": 0.8765342483832652,
    "imaginative": 0.8881153490827505,
    "intellectual": 0.8482358893141525,
    "conscientiousness": 0.42548722009590423,
    "cautious": 0.8117218776120717,
    "disciplined": 0.0898112709515639,
    "dutiful": 0.09427653864766175,
    "neuroticism": 0.7873388764242665,
    "melancholy": 0.9668514363644363,
    "self_conscious": 0.9687321279310194,
    "authority_challenging": 0.12234393559456244,
    "achievement_striving": 0.29209009722405527,
    "orderliness": 0.19812150807267606,
    "self_efficacy": 0.19003783379525752,
    "stress_prone": 0.8771831419647177,
    "agreeableness": 0.38949012361972635,
    "cooperative": 0.023096212221195685,
    "trusting": 0,
    "excitement_seeking": 0.27119352426202104,
    "outgoing": 0.1558774361004795,
    "gregariousness": 0.7654634639919053,
    "altruism": 0.8274492983150763,
    "modesty": 0.11782367691698556,
    "uncompromising": 0.8828032202718754,
    "sympathy": 0.9591636971536668,
    "fiery": 0.9174695349962606,
    "prone_to_worry": 0.939839866261933,
    "immoderation": 1
}