{
    "id": "1",
    "extraversion": 0.1804607394913223,
    "active": 1,
    "assertive": 0.6268276443694794,
    "cheerful": 0.5794220782103068,
    "openness": 0.23647742909139333,
    "adventurous": 0.018775800079897025,
    "artistic": 0.10388388299525059,
    "emotionally_aware": 0.6603755160015979,
    "imaginative": 0.8382085312264194,
    "intellectual": 0.8298370988503707,
    "conscientiousness": 0.2031603710772782,
    "cautious": 0.07351413733410271,
    "disciplined": 0.9029339961826979,
    "dutiful": 0,
    "neuroticism": 0.5635136934617605,
    "melancholy": 0.6518886768165476,
    "self_conscious": 0.9528607572462161,
    "authority_challenging": 0.6244484886146744,
    "achievement_striving": 0.6403036086821431,
    "orderliness": 0.6217497447734032,
    "self_efficacy": 0.1365351324958942,
    "stress_prone": 0.7201296107239559,
    "agreeableness": 0.23501265036175598,
    "cooperative": 0.6742065781881131,
    "trusting": 0.040534422300146464,
    "excitement_seeking": 0.5764658884104931,
    "outgoing": 0.6539926317191177,
    "gregariousness": 0.06672289049669315,
    "altruism": 0.08643082249545031,
    "modesty": 0.07924896799680414,
    "uncompromising": 0.5988015446757513,
    "sympathy": 0.6225309600958764,
    "fiery": 0.08827733143947798,
    "prone_to_worry": 0.6630653823960229,
    "immoderation": 0.8459496648763816
}