{
    "id": "1",
    "extraversion": 0.6414280207413672,
    "active": 0.9247441525012747,
    "assertive": 0.07116477449358977,
    "cheerful": 0.9472761412104105,
    "openness": 0.6141210410475136,
    "adventurous": 0.16666459418794063,
    "artistic": 0.17555552792250584,
    "emotionally_aware": 0.7068727539511807,
    "imaginative": 0.8731269973513721,
    "intellectual": 0.9783757569728546,
    "conscientiousness": 0.145649659906241,
    "cautious": 0.7030925527549461,
    "disciplined": 0.9349904873226477,
    "dutiful": 0.05028662380780659,
    "neuroticism": 0.6638480955992987,
    "melancholy": 0.8103557616981063,
    "self_conscious": 0.9392307787960557,
    "authority_challenging": 0.9959835362290005,
    "achievement_striving": 0.08302764272124746,
    "orderliness": 0.08795185217423739,
    "self_efficacy": 0.06492246857086009,
    "stress_prone": 0.7976846267673061,
    "agreeableness": 0.28398761486713336,
    "cooperative": 0.12661187032915103,
    "trusting": 0,
    "excitement_seeking": 0.7318295427697435,
    "outgoing": 0.7887936930327409,
    "gregariousness": 0.8400626717566745,
    "altruism": 0.819806264688693,
    "modesty": 0.8347156766435794,
    "uncompromising": 0.786654894987503,
    "sympathy": 0.8010296074310798,
    "fiery": 0.9359852771111304,
    "prone_to_worry": 0.8073589574603017,
    "immoderation": 1
}