{
    "id": "1",
    "extraversion": 0.25964537284430406,
    "active": 0.7460189458343454,
    "assertive": 0.13022103473402963,
    "cheerful": 0.7547534612581976,
    "openness": 0.3084770463930046,
    "adventurous": 0.7475734758319165,
    "artistic": 0.6636288559630799,
    "emotionally_aware": 0.643332523682293,
    "imaginative": 0.8842263784308964,
    "intellectual": 0.6746174398834103,
    "conscientiousness": 0.571377216419723,
    "cautious": 0.5934806898226864,
    "disciplined": 0.7836677192130191,
    "dutiful": 0.7902161768277872,
    "neuroticism": 0.5521399076997814,
    "melancholy": 0.010298761233908185,
    "self_conscious": 0.12816128248724798,
    "authority_challenging": 0.8284673305805198,
    "achievement_striving": 0.755647316006801,
    "orderliness": 0.8225601165897497,
    "self_efficacy": 0.6957104687879523,
    "stress_prone": 0.7002963322807869,
    "agreeableness": 0.5635365557444741,
    "cooperative": 0.7710274471702696,
    "trusting": 1,
    "excitement_seeking": 0.7935389846975953,
    "outgoing": 0.8135244109788682,
    "gregariousness": 0.6799514209375759,
    "altruism": 0.8433519553072626,
    "modesty": 0.6858197716784067,
    "uncompromising": 0.6956521739130435,
    "sympathy": 0.7509157153266942,
    "fiery": 0.17096915229536067,
    "prone_to_worry": 0.6773281515666747,
    "immoderation": 0
}