{
    "id": "1",
    "extraversion": 0.6452383302082304,
    "active": 1,
    "assertive": 0.8977992697128194,
    "cheerful": 0.25054771538537446,
    "openness": 0.750024671864206,
    "adventurous": 0.2978979571696437,
    "artistic": 0.2833316885423862,
    "emotionally_aware": 0.8040165794927463,
    "imaginative": 0.8064442909306226,
    "intellectual": 0.8254514951149708,
    "conscientiousness": 0.30205269910194404,
    "cautious": 0.23777755847231807,
    "disciplined": 0.13007006809434518,
    "dutiful": 0.07316688048948976,
    "neuroticism": 0.65952827395638,
    "melancholy": 0.7825027139050627,
    "self_conscious": 0.7381427020625677,
    "authority_challenging": 0.9853547814072829,
    "achievement_striving": 0.9256883450113489,
    "orderliness": 0.7807855521563208,
    "self_efficacy": 0.778367709464127,
    "stress_prone": 0.9419026941675711,
    "agreeableness": 0.3033849797690713,
    "cooperative": 0.27619658541399383,
    "trusting": 0.17647291029310172,
    "excitement_seeking": 0.2737293989933879,
    "outgoing": 0.8028027237738082,
    "gregariousness": 0.2713707687752886,
    "altruism": 0.22114872199743407,
    "modesty": 0,
    "uncompromising": 0.2742820487516036,
    "sympathy": 0.22442514556399873,
    "fiery": 0.7847626566663376,
    "prone_to_worry": 0.7706010066120594,
    "immoderation": 0.9380637520971083
}