{
    "id": "1",
    "extraversion": 0.33378070057710374,
    "active": 0.8430595039103964,
    "assertive": 0,
    "cheerful": 0.22671758519295765,
    "openness": 0.3461890411293176,
    "adventurous": 0.14404411854418567,
    "artistic": 0.21016093019850907,
    "emotionally_aware": 0.7415234074742866,
    "imaginative": 0.9912641378216469,
    "intellectual": 0.9407035053257037,
    "conscientiousness": 0.6772489354693086,
    "cautious": 0.8020033918571028,
    "disciplined": 1,
    "dutiful": 0.9656909993777529,
    "neuroticism": 0.6970388355437342,
    "melancholy": 0.16056417076414392,
    "self_conscious": 0.8466343748856164,
    "authority_challenging": 0.8206464049974987,
    "achievement_striving": 0.10714852185795685,
    "orderliness": 0.9001232293407841,
    "self_efficacy": 0.9049181927990142,
    "stress_prone": 0.7637412915899026,
    "agreeableness": 0.3597076658410707,
    "cooperative": 0.8564073156745282,
    "trusting": 0.00891887605080463,
    "excitement_seeking": 0.18111052817803594,
    "outgoing": 0.1540122741303791,
    "gregariousness": 0.1525481631507668,
    "altruism": 0.8016251631873695,
    "modesty": 0.8518563707129001,
    "uncompromising": 0.7643635387562379,
    "sympathy": 0.8071887849098963,
    "fiery": 0.16512731665060215,
    "prone_to_worry": 0.21199106892302436,
    "immoderation": 0.015238955112797553
}