{
    "id": "1",
    "extraversion": 0.29580664704864107,
    "active": 0.09889432231261894,
    "assertive": 0.09534576769949793,
    "cheerful": 0.1880301194391552,
    "openness": 0.3382919335295135,
    "adventurous": 0.20711441924874496,
    "artistic": 0.2722866539726501,
    "emotionally_aware": 0.7077419075644797,
    "imaginative": 0.15322615544400206,
    "intellectual": 0.8255041544054006,
    "conscientiousness": 0.3278842824995672,
    "cautious": 0.15489224510991859,
    "disciplined": 0.031417690842998044,
    "dutiful": 0.09626536264497138,
    "neuroticism": 0.8051648779643412,
    "melancholy": 0.8639540418902544,
    "self_conscious": 0.8860026830534878,
    "authority_challenging": 0.0533906006577808,
    "achievement_striving": 0.23600051930067503,
    "orderliness": 0.18505495932144708,
    "self_efficacy": 0.20899688419594942,
    "stress_prone": 0.898574086896313,
    "agreeableness": 0.3490674225376493,
    "cooperative": 0.0817465812705556,
    "trusting": 0.060433616063700846,
    "excitement_seeking": 0.1702224337891639,
    "outgoing": 0,
    "gregariousness": 0.25850354855461305,
    "altruism": 0.2628851480006923,
    "modesty": 0.28047645836939583,
    "uncompromising": 0.8334343084646009,
    "sympathy": 0.22143846287000168,
    "fiery": 0.9906850441405574,
    "prone_to_worry": 1,
    "immoderation": 0.8547148173792626
}