{
    "id": "1",
    "extraversion": 0.3500667017925407,
    "active": 0.8395345448023049,
    "assertive": 0.8135040301335157,
    "cheerful": 0.20389448785354758,
    "openness": 0.8541753080053361,
    "adventurous": 0.22565384572267752,
    "artistic": 0.1806665695099941,
    "emotionally_aware": 0.8423371411275405,
    "imaginative": 0.827741219465713,
    "intellectual": 1,
    "conscientiousness": 0.6253601336277927,
    "cautious": 0.7203345178973801,
    "disciplined": 0.1270585070008856,
    "dutiful": 0.13385200049325696,
    "neuroticism": 0.6408304653430938,
    "melancholy": 0.8089638240866339,
    "self_conscious": 0.7798728742306873,
    "authority_challenging": 0.8779301144580339,
    "achievement_striving": 0.8620898400278018,
    "orderliness": 0.22366960752441062,
    "self_efficacy": 0.8259923993587659,
    "stress_prone": 0.7778886360324204,
    "agreeableness": 0.318061051758349,
    "cooperative": 0.2291066443953679,
    "trusting": 0.05593982265170454,
    "excitement_seeking": 0.16177707027790544,
    "outgoing": 0.7879443516473661,
    "gregariousness": 0.24410613992802935,
    "altruism": 0.18034146833626674,
    "modesty": 0.16801004450522966,
    "uncompromising": 0.8305213950203468,
    "sympathy": 0.1384706792372454,
    "fiery": 0.17123863547190116,
    "prone_to_worry": 0.7911281010728339,
    "immoderation": 0
}