{
    "id": "1",
    "extraversion": 0.2540421258116079,
    "active": 0.7926951749112359,
    "assertive": 0,
    "cheerful": 0.7894558159930968,
    "openness": 0.28425728148472973,
    "adventurous": 0.16387761164471726,
    "artistic": 0.03352524295191885,
    "emotionally_aware": 0.7565671282871005,
    "imaginative": 0.8998910783245866,
    "intellectual": 0.8079583551412444,
    "conscientiousness": 0.1972472522031884,
    "cautious": 0.17414736961226712,
    "disciplined": 0.9203457202268964,
    "dutiful": 0.022081394197445307,
    "neuroticism": 0.6867865276618618,
    "melancholy": 0.9236416618335618,
    "self_conscious": 0.7820859208125274,
    "authority_challenging": 0.8701144384875448,
    "achievement_striving": 0.8623484644872901,
    "orderliness": 0.058775267706845054,
    "self_efficacy": 0.09415359370800504,
    "stress_prone": 0.9666727964579237,
    "agreeableness": 0.2693053060416165,
    "cooperative": 0.009024938819968025,
    "trusting": 0.8579915974707537,
    "excitement_seeking": 0.8263194375680759,
    "outgoing": 1,
    "gregariousness": 0.7619283380249812,
    "altruism": 0.10207517010170734,
    "modesty": 0.05386671947717596,
    "uncompromising": 0.09609155079003577,
    "sympathy": 0.8365750498634941,
    "fiery": 0.9808609056059298,
    "prone_to_worry": 0.9126646202594314,
    "immoderation": 0.9444640912112938
}