{
    "id": "1",
    "extraversion": 0.35080686085456203,
    "active": 0.9441921242261241,
    "assertive": 0.08194204810717552,
    "cheerful": 0.22607327717446465,
    "openness": 0.7609103826245812,
    "adventurous": 0.171128082817416,
    "artistic": 0.17258702933116815,
    "emotionally_aware": 0.8915178118339593,
    "imaginative": 1,
    "intellectual": 0.8933446665990052,
    "conscientiousness": 0.6644930478026997,
    "cautious": 0.809169796001218,
    "disciplined": 0,
    "dutiful": 0.89881254440272,
    "neuroticism": 0.7133740992591088,
    "melancholy": 0.8697477925504922,
    "self_conscious": 0.9099639703643561,
    "authority_challenging": 0.9255049223586723,
    "achievement_striving": 0.912754998477621,
    "orderliness": 0.24158885618593323,
    "self_efficacy": 0.8684030244595553,
    "stress_prone": 0.9856135187252614,
    "agreeableness": 0.3176316857809804,
    "cooperative": 0.8568456307723535,
    "trusting": 0.05809144423018369,
    "excitement_seeking": 0.11979853851618798,
    "outgoing": 0.8939028722216583,
    "gregariousness": 0.1502588044250482,
    "altruism": 0.20148685679488482,
    "modesty": 0.1733101593423323,
    "uncompromising": 0.8566807063838425,
    "sympathy": 0.14980209073378667,
    "fiery": 0.18259667106465036,
    "prone_to_worry": 0.8287704252511925,
    "immoderation": 0.04027961027098345
}