{
    "id": "1",
    "extraversion": 0.43256840247131506,
    "active": 0.8884573894282631,
    "assertive": 1,
    "cheerful": 0.3545258409336079,
    "openness": 0.4593605962538001,
    "adventurous": 0.34205158379915657,
    "artistic": 0.39296852015298617,
    "emotionally_aware": 0.8732470334412081,
    "imaginative": 0.935157399235069,
    "intellectual": 0.886496028243601,
    "conscientiousness": 0.48356379327253113,
    "cautious": 0.8930469746003726,
    "disciplined": 0,
    "dutiful": 0.9959203687359027,
    "neuroticism": 0.7715602628223988,
    "melancholy": 0.3905168186721585,
    "self_conscious": 0.8453172501716191,
    "authority_challenging": 0.3061194468961459,
    "achievement_striving": 0.9025301559282141,
    "orderliness": 0.92171226831421,
    "self_efficacy": 0.34892615475139743,
    "stress_prone": 0.8773364715112287,
    "agreeableness": 0.5037560066686281,
    "cooperative": 0.9315190742375208,
    "trusting": 0.28051387663038146,
    "excitement_seeking": 0.29424340492301654,
    "outgoing": 0.3099048739825439,
    "gregariousness": 0.37456114543493185,
    "altruism": 0.29212513484358144,
    "modesty": 0.23361773070510933,
    "uncompromising": 0.33291164067863094,
    "sympathy": 0.3101206237128567,
    "fiery": 0.8461214082573305,
    "prone_to_worry": 0.8886339119348827,
    "immoderation": 0.8841718152397764
}