{
    "id": "1",
    "extraversion": 0.26520576721092337,
    "active": 0.8624653871860977,
    "assertive": 0.08136159648620263,
    "cheerful": 0.12197078201088517,
    "openness": 0.2405423469874917,
    "adventurous": 0,
    "artistic": 0.08515229638117063,
    "emotionally_aware": 0.6824501098061683,
    "imaginative": 0.8438651771221236,
    "intellectual": 0.7368566790795379,
    "conscientiousness": 0.2567459180750501,
    "cautious": 0.6215411057003725,
    "disciplined": 0.7718896209300106,
    "dutiful": 0.049680129857729426,
    "neuroticism": 0.6769502530316052,
    "melancholy": 0.7532512174162133,
    "self_conscious": 0.854091473312327,
    "authority_challenging": 0.6985295521818009,
    "achievement_striving": 0.6914924090518476,
    "orderliness": 0.12212355581017859,
    "self_efficacy": 0.6387758999331615,
    "stress_prone": 1,
    "agreeableness": 0.16122410006683854,
    "cooperative": 0.11106655208631719,
    "trusting": 0.0022343168146662933,
    "excitement_seeking": 0.13656067984340686,
    "outgoing": 0.18917215697507878,
    "gregariousness": 0.13982621980330376,
    "altruism": 0.6529934116299055,
    "modesty": 0.10527069607562306,
    "uncompromising": 0.14595626849995227,
    "sympathy": 0.6441611763582547,
    "fiery": 0.7255227728444573,
    "prone_to_worry": 0.7993411629905472,
    "immoderation": 0.7357777141220282
}