{
    "id": "1",
    "extraversion": 0.31760786585781475,
    "active": 0.9001772203667097,
    "assertive": 0.09920080430781816,
    "cheerful": 0.263521573171563,
    "openness": 0.34430168359348373,
    "adventurous": 0.249071297116761,
    "artistic": 0.21678822166178177,
    "emotionally_aware": 0.6463686865244359,
    "imaginative": 0.7907095630836343,
    "intellectual": 0.712323631654284,
    "conscientiousness": 0.3230267193783655,
    "cautious": 0.2787727489605344,
    "disciplined": 0.06201860813850455,
    "dutiful": 0.1254430509167746,
    "neuroticism": 0.7320053166110013,
    "melancholy": 0.7977813373321518,
    "self_conscious": 0.7735924613182469,
    "authority_challenging": 0.7233913843637108,
    "achievement_striving": 0.8083463976552382,
    "orderliness": 0.2382847113352873,
    "self_efficacy": 0.26003680730693207,
    "stress_prone": 1,
    "agreeableness": 0.27270635948469774,
    "cooperative": 0.1740423284029719,
    "trusting": 0,
    "excitement_seeking": 0.7244393701860814,
    "outgoing": 0.7612551973280621,
    "gregariousness": 0.19046929316338357,
    "altruism": 0.7625332288187581,
    "modesty": 0.18186388112603097,
    "uncompromising": 0.6738548837843364,
    "sympathy": 0.686567037011792,
    "fiery": 0.7376542157998773,
    "prone_to_worry": 0.9043691636561926,
    "immoderation": 0.7136527844046078
}