{
    "id": "1",
    "extraversion": 0.7356501862512699,
    "active": 0.9378456936448809,
    "assertive": 0.04464386499604914,
    "cheerful": 0.8536516536855175,
    "openness": 0.3754091883959814,
    "adventurous": 0.8846229822779095,
    "artistic": 0.2444265718478383,
    "emotionally_aware": 0.7738175866350603,
    "imaginative": 0.9537334913647137,
    "intellectual": 0.9121232644768031,
    "conscientiousness": 0.7126368664634833,
    "cautious": 0.8744356022124393,
    "disciplined": 0.04938480641155883,
    "dutiful": 0.08186589908567553,
    "neuroticism": 0.7229653459758437,
    "melancholy": 0.0623377356360763,
    "self_conscious": 0.9282086014222823,
    "authority_challenging": 0,
    "achievement_striving": 0.8744497121571283,
    "orderliness": 0.19120386048086685,
    "self_efficacy": 1,
    "stress_prone": 0.9049271926854047,
    "agreeableness": 0.39265154080596,
    "cooperative": 0.13213963201264245,
    "trusting": 0.9821227000790156,
    "excitement_seeking": 0.17113951913308492,
    "outgoing": 0.9456484930579071,
    "gregariousness": 0.8706118072017157,
    "altruism": 0.9243283666328027,
    "modesty": 0.20954678857658873,
    "uncompromising": 0.8714301839936787,
    "sympathy": 0.9094000451518228,
    "fiery": 0.8688057342815215,
    "prone_to_worry": 0.8968280844339089,
    "immoderation": 0.00038096850660344347
}