{
    "id": "1",
    "extraversion": 0.314342677066968,
    "active": 0.7786995948292494,
    "assertive": 0.18901537076339311,
    "cheerful": 0.6984555736243948,
    "openness": 0.6133789035583364,
    "adventurous": 0.2309381402570675,
    "artistic": 0.21519987504938304,
    "emotionally_aware": 0.7910476557978005,
    "imaginative": 0.8383910770559431,
    "intellectual": 0.788603768731108,
    "conscientiousness": 0.26186341795062607,
    "cautious": 0.1585862205194638,
    "disciplined": 0.14870042170833217,
    "dutiful": 0.09235320599395459,
    "neuroticism": 0.7064854882720983,
    "melancholy": 0.8604044357469015,
    "self_conscious": 0.8523653335538344,
    "authority_challenging": 0.9392519500565034,
    "achievement_striving": 0.7696682377369238,
    "orderliness": 0.10599671085875984,
    "self_efficacy": 0.19882766921161674,
    "stress_prone": 0.971904486278401,
    "agreeableness": 0.2316915189768749,
    "cooperative": 0.1645673125511057,
    "trusting": 0,
    "excitement_seeking": 0.7440166110820171,
    "outgoing": 0.17541780362540538,
    "gregariousness": 0.17468279999632494,
    "altruism": 0.7105280082320407,
    "modesty": 0.021324292788695652,
    "uncompromising": 0.12517111803239525,
    "sympathy": 0.21302242679823227,
    "fiery": 0.7606644432806887,
    "prone_to_worry": 1,
    "immoderation": 0.8485984399547973
}