{
    "id": "1",
    "extraversion": 0.3402316488690827,
    "active": 0.8364794416883881,
    "assertive": 0.8742117211805264,
    "cheerful": 0.15886445808458757,
    "openness": 0.7162406457580088,
    "adventurous": 0.10424199108719413,
    "artistic": 0.18631758177078958,
    "emotionally_aware": 0.8422076011098965,
    "imaginative": 1,
    "intellectual": 0.8139241570671824,
    "conscientiousness": 0.36897754981922143,
    "cautious": 0.9390187505255192,
    "disciplined": 0.9596085932901706,
    "dutiful": 0.19587152106281008,
    "neuroticism": 0.7389956276801479,
    "melancholy": 0.9337320272429159,
    "self_conscious": 0.9377259732615825,
    "authority_challenging": 0.8967144538804338,
    "achievement_striving": 0.7958357857563272,
    "orderliness": 0.2539834356344068,
    "self_efficacy": 0.7989573698814427,
    "stress_prone": 0.988154796939376,
    "agreeableness": 0.35075254351299084,
    "cooperative": 0.1944526191877575,
    "trusting": 0,
    "excitement_seeking": 0.16782981585806775,
    "outgoing": 0.10535609181871688,
    "gregariousness": 0.1767005801732111,
    "altruism": 0.21777516185991758,
    "modesty": 0.1138695030690322,
    "uncompromising": 0.23312032287900444,
    "sympathy": 0.23822836962919366,
    "fiery": 0.8096569410577651,
    "prone_to_worry": 0.8400950138737072,
    "immoderation": 0.17496636677036911
}