{
    "id": "1",
    "extraversion": 0.5897982769489389,
    "active": 0.0882013027947048,
    "assertive": 0.02968060516915318,
    "cheerful": 0.7450514814036563,
    "openness": 0.5536562303004834,
    "adventurous": 0.23493380962387056,
    "artistic": 0.6844295019962178,
    "emotionally_aware": 0.6423093086782938,
    "imaginative": 1,
    "intellectual": 0.7078693002731667,
    "conscientiousness": 0.2949569237234713,
    "cautious": 0.24137423828535406,
    "disciplined": 0,
    "dutiful": 0.7909960075646144,
    "neuroticism": 0.6183021643202354,
    "melancholy": 0.07998529102752677,
    "self_conscious": 0.8135427610842614,
    "authority_challenging": 0.7877285143937802,
    "achievement_striving": 0.6876444631225047,
    "orderliness": 0.7331162008825385,
    "self_efficacy": 0.6867619247741122,
    "stress_prone": 0.8689325488548015,
    "agreeableness": 0.29376969951670523,
    "cooperative": 0.7423723471317505,
    "trusting": 0.9726623240176508,
    "excitement_seeking": 0.7621874343349443,
    "outgoing": 0.7721475099810886,
    "gregariousness": 0.6733557470056735,
    "altruism": 0.6645934019752049,
    "modesty": 0.17671779785669262,
    "uncompromising": 0.7021222945997058,
    "sympathy": 0.8039504097499475,
    "fiery": 0.13152973313721372,
    "prone_to_worry": 0.11832317713805421,
    "immoderation": 0.8051481403656231
}