{
    "id": "1",
    "extraversion": 0.3278840077702624,
    "active": 0.8697427855922485,
    "assertive": 0.1183092658038243,
    "cheerful": 0.224179090504833,
    "openness": 0.3189786317785007,
    "adventurous": 0.8677534111919862,
    "artistic": 0.8340159618040114,
    "emotionally_aware": 0.7582676059634423,
    "imaginative": 0.9481592435696398,
    "intellectual": 1,
    "conscientiousness": 0.7364195941676223,
    "cautious": 0.8337000023404404,
    "disciplined": 0.1949937978327521,
    "dutiful": 0.1080581365412971,
    "neuroticism": 0.715168394691881,
    "melancholy": 0.8110211341774521,
    "self_conscious": 0.8791981650946707,
    "authority_challenging": 0,
    "achievement_striving": 0.905340885154586,
    "orderliness": 0.20467151917990964,
    "self_efficacy": 0.8360872516207549,
    "stress_prone": 0.8068785545439652,
    "agreeableness": 0.6711915182437335,
    "cooperative": 0.8171764926159102,
    "trusting": 0.8556650361598053,
    "excitement_seeking": 0.7857326748894141,
    "outgoing": 0.8769864488496734,
    "gregariousness": 0.2788868865120416,
    "altruism": 0.8604629391251434,
    "modesty": 0.8158190371427902,
    "uncompromising": 0.8441617712453484,
    "sympathy": 0.20100872984295648,
    "fiery": 0.2576473892386547,
    "prone_to_worry": 0.8626278465607227,
    "immoderation": 0.8865003393638682
}