{
    "id": "1",
    "extraversion": 0.6516689264635509,
    "active": 0.7331412505981817,
    "assertive": 0.06619875578242146,
    "cheerful": 0.14179893124900306,
    "openness": 0.6484786249800606,
    "adventurous": 0.22092837773169569,
    "artistic": 0.12149066836816082,
    "emotionally_aware": 0.939444089966502,
    "imaginative": 0.0980220130802361,
    "intellectual": 0.8615708246929336,
    "conscientiousness": 0.30725594193651307,
    "cautious": 0.14313486999521458,
    "disciplined": 0.20937350454617965,
    "dutiful": 0.023119716063168014,
    "neuroticism": 0.28893164779071623,
    "melancholy": 0.8703142446961238,
    "self_conscious": 0.9503210240867762,
    "authority_challenging": 0.7686034455256022,
    "achievement_striving": 0.10480140373265279,
    "orderliness": 0.11861939703301966,
    "self_efficacy": 0.18482812250757696,
    "stress_prone": 0.7706073536449195,
    "agreeableness": 0.2989511883873026,
    "cooperative": 0.04785452225235289,
    "trusting": 0.10652616047216462,
    "excitement_seeking": 0.21083904929015793,
    "outgoing": 0.18880602966980387,
    "gregariousness": 0.2363814005423513,
    "altruism": 0.14492941457967778,
    "modesty": 0,
    "uncompromising": 0.8230778433561972,
    "sympathy": 0.8893663263678419,
    "fiery": 0.15806946881480302,
    "prone_to_worry": 0.8699353963949594,
    "immoderation": 1
}