{
    "id": "1",
    "extraversion": 0.6052914355414865,
    "active": 1,
    "assertive": 0.11201463712136618,
    "cheerful": 0.6856213516103739,
    "openness": 0.2842912322481341,
    "adventurous": 0.6351271551515505,
    "artistic": 0.18719445493179995,
    "emotionally_aware": 0.6526007028141609,
    "imaginative": 0.7240631564681169,
    "intellectual": 0.7135596665989024,
    "conscientiousness": 0.31310080446083705,
    "cautious": 0.6311774557352928,
    "disciplined": 0,
    "dutiful": 0.6784673617363189,
    "neuroticism": 0.5681758777916535,
    "melancholy": 0.1607469578601923,
    "self_conscious": 0.7121753356760473,
    "authority_challenging": 0.7244019787219625,
    "achievement_striving": 0.7976843919108609,
    "orderliness": 0.15973049109865542,
    "self_efficacy": 0.6839175597053215,
    "stress_prone": 0.6956988935033254,
    "agreeableness": 0.3109420226720492,
    "cooperative": 0.7346634526955732,
    "trusting": 0.07798720219944048,
    "excitement_seeking": 0.1464680200195549,
    "outgoing": 0.7472966824461031,
    "gregariousness": 0.697180030784422,
    "altruism": 0.6997744411852972,
    "modesty": 0.1340380836213323,
    "uncompromising": 0.6479539976185636,
    "sympathy": 0.11351513567411112,
    "fiery": 0.7130369122643976,
    "prone_to_worry": 0.6945468978402503,
    "immoderation": 0.710229527875391
}