{
    "id": "1",
    "extraversion": 0.7052440764691512,
    "active": 0.8819150714166335,
    "assertive": 0.9929419024722625,
    "cheerful": 0.7945052260776777,
    "openness": 0.6518262345242533,
    "adventurous": 0.15250118920586758,
    "artistic": 0.8964169548616021,
    "emotionally_aware": 0.7884113495236748,
    "imaginative": 0.9189668693673424,
    "intellectual": 0.8598665518172351,
    "conscientiousness": 0.2636822956172942,
    "cautious": 0.7195274031600735,
    "disciplined": 1,
    "dutiful": 0.09309232094416514,
    "neuroticism": 0.6648239332501961,
    "melancholy": 0.8563439311931912,
    "self_conscious": 0.9309232094416517,
    "authority_challenging": 0.9270149004281142,
    "achievement_striving": 0.12077189103017365,
    "orderliness": 0.13126261522440633,
    "self_efficacy": 0.7888870318707173,
    "stress_prone": 0.8226347659514289,
    "agreeableness": 0.3131275471504056,
    "cooperative": 0.12108044174176874,
    "trusting": 0.8475373796330818,
    "excitement_seeking": 0.09775915045704073,
    "outgoing": 0.873545633364617,
    "gregariousness": 0.19933661597007057,
    "altruism": 0.1229060334520396,
    "modesty": 0.8050473753905095,
    "uncompromising": 0.8022061375879047,
    "sympathy": 0.8757312009050822,
    "fiery": 0.8909916048493887,
    "prone_to_worry": 0.8277515652520474,
    "immoderation": 0
}