{
    "id": "1",
    "extraversion": 0.19713934906905142,
    "active": 0.9254141621463129,
    "assertive": 0.7907015100425158,
    "cheerful": 0.7940459610027856,
    "openness": 0.3626667644040463,
    "adventurous": 0.23022650637736397,
    "artistic": 0.23102367688022282,
    "emotionally_aware": 0.8196836974050725,
    "imaginative": 0.7872287787714412,
    "intellectual": 0.8600186922738602,
    "conscientiousness": 0.2940276352440991,
    "cautious": 0.7456659580706643,
    "disciplined": 0.7769022137516494,
    "dutiful": 0.008026682304647405,
    "neuroticism": 0.644773493622636,
    "melancholy": 0.862923325025656,
    "self_conscious": 1,
    "authority_challenging": 0.8377987098665886,
    "achievement_striving": 0.24574842398475294,
    "orderliness": 0.0922793578654156,
    "self_efficacy": 0.23250806333382198,
    "stress_prone": 0.7356051165518254,
    "agreeableness": 0.262708913649025,
    "cooperative": 0.17453452572936515,
    "trusting": 0.19756084151883888,
    "excitement_seeking": 0.01690551238821284,
    "outgoing": 0.2102422665298343,
    "gregariousness": 0.22425230904559448,
    "altruism": 0.009740140741826636,
    "modesty": 0,
    "uncompromising": 0.2689579973610907,
    "sympathy": 0.7746573083125642,
    "fiery": 0.7655952206421346,
    "prone_to_worry": 0.19559998533939302,
    "immoderation": 0.9542863949567512
}