{
    "id": "1",
    "extraversion": 0.7073284811426226,
    "active": 0.1891898058363184,
    "assertive": 0.11420520659837098,
    "cheerful": 0.8230395400305733,
    "openness": 0.38803075589221747,
    "adventurous": 0.7440507426589701,
    "artistic": 0.2551278833648954,
    "emotionally_aware": 0.7413812772365329,
    "imaginative": 0.9806406717013849,
    "intellectual": 0.8407218964612472,
    "conscientiousness": 0.32009628328275797,
    "cautious": 0.7753199936115357,
    "disciplined": 0.06677085947660227,
    "dutiful": 0,
    "neuroticism": 0.833443610394944,
    "melancholy": 0.8412808870838941,
    "self_conscious": 0.8641310547810809,
    "authority_challenging": 0.8674165506856192,
    "achievement_striving": 0.8583129891167949,
    "orderliness": 0.27132720344977074,
    "self_efficacy": 0.28905519176800754,
    "stress_prone": 1,
    "agreeableness": 0.3628533619293162,
    "cooperative": 0.814175545871455,
    "trusting": 0.9672819366173081,
    "excitement_seeking": 0.9268178603207922,
    "outgoing": 0.9011385155946975,
    "gregariousness": 0.8704852951242328,
    "altruism": 0.9667913938260055,
    "modesty": 0.86577380273335,
    "uncompromising": 0.23803874147254103,
    "sympathy": 0.23005316114901092,
    "fiery": 0.8989938168792353,
    "prone_to_worry": 0.9754956763786533,
    "immoderation": 0.19491660772547859
}