{
    "id": "1",
    "extraversion": 0.3392563057987345,
    "active": 0.13300684753402095,
    "assertive": 0.04155326341336568,
    "cheerful": 0.3013695068041952,
    "openness": 0.7317500216694115,
    "adventurous": 0.30688220507931,
    "artistic": 0.08190170754962292,
    "emotionally_aware": 0.8328941665944353,
    "imaginative": 0.22299557944006243,
    "intellectual": 0.7673918696368207,
    "conscientiousness": 0.3686746987951807,
    "cautious": 0.7052700008667765,
    "disciplined": 0.20676085637514083,
    "dutiful": 0.2029297044292277,
    "neuroticism": 0.8546242524053047,
    "melancholy": 0.9183929964462165,
    "self_conscious": 0.9106526826731386,
    "authority_challenging": 0.8158446736586634,
    "achievement_striving": 0.14645055040305105,
    "orderliness": 0.2744560977723845,
    "self_efficacy": 0.1695414752535321,
    "stress_prone": 0.849822310826038,
    "agreeableness": 0.6747421340036405,
    "cooperative": 0.004342550056340435,
    "trusting": 0,
    "excitement_seeking": 0.3630579873450637,
    "outgoing": 0.30591141544595646,
    "gregariousness": 0.2243737540088411,
    "altruism": 0.25447690040738496,
    "modesty": 0.34150992459044816,
    "uncompromising": 0.7705816070035537,
    "sympathy": 1,
    "fiery": 0.8043078789980064,
    "prone_to_worry": 0.884129323047586,
    "immoderation": 0.7873190604143192
}