{
    "id": "1",
    "extraversion": 0.30278804520012675,
    "active": 1,
    "assertive": 0.8240152075192734,
    "cheerful": 0.20467842433203082,
    "openness": 0.6068856267821311,
    "adventurous": 0.14535853838842538,
    "artistic": 0.7536170662160735,
    "emotionally_aware": 0.7514943499841588,
    "imaginative": 0.8618755940437216,
    "intellectual": 0.7546942654979407,
    "conscientiousness": 0.2325271940014785,
    "cautious": 0.6622029781391912,
    "disciplined": 0.9034216918365192,
    "dutiful": 0.7529411764705883,
    "neuroticism": 0.6417256310064421,
    "melancholy": 0.7511352835568698,
    "self_conscious": 0.8039919738092723,
    "authority_challenging": 0.795670081317985,
    "achievement_striving": 0.7730383356215017,
    "orderliness": 0,
    "self_efficacy": 0.09050586123138663,
    "stress_prone": 0.8433308691519696,
    "agreeableness": 0.21729855317351357,
    "cooperative": 0.07148590136234025,
    "trusting": 0.0891540817404161,
    "excitement_seeking": 0.1471538705248706,
    "outgoing": 0.7302355053331925,
    "gregariousness": 0.6491815397613264,
    "altruism": 0.09143520963142887,
    "modesty": 0.17303833562150175,
    "uncompromising": 0.11640088710529094,
    "sympathy": 0.6892174464040554,
    "fiery": 0.9100327384095469,
    "prone_to_worry": 0.7848875277220403,
    "immoderation": 0.7566691308480306
}