{
    "id": "1",
    "extraversion": 0.6448167328898611,
    "active": 0.7883610875485513,
    "assertive": 0.1537345417206125,
    "cheerful": 0.25597124871646054,
    "openness": 0.35473681860797357,
    "adventurous": 0.6944729675431939,
    "artistic": 0.24051296932898789,
    "emotionally_aware": 0.7132238046341354,
    "imaginative": 0.9552658600830394,
    "intellectual": 0.7881155408723604,
    "conscientiousness": 0.22069065583284966,
    "cautious": 0.2314835483726952,
    "disciplined": 0.8491673735434618,
    "dutiful": 0.08137640073217552,
    "neuroticism": 0.6985914549756685,
    "melancholy": 0.7877583820706282,
    "self_conscious": 0.8333965802044734,
    "authority_challenging": 0.8429394169382561,
    "achievement_striving": 0.758549488816465,
    "orderliness": 0.2166168132505915,
    "self_efficacy": 0.7742533148801286,
    "stress_prone": 0.8554957810616546,
    "agreeableness": 0.3458859770525469,
    "cooperative": 0.2310929059333006,
    "trusting": 0.1460891111210322,
    "excitement_seeking": 0.8347247644984152,
    "outgoing": 0.8645475244430555,
    "gregariousness": 0.77031340684852,
    "altruism": 0.8185744899325863,
    "modesty": 0,
    "uncompromising": 0.19517612393410416,
    "sympathy": 0.7518081164337694,
    "fiery": 0.7655698915130139,
    "prone_to_worry": 0.8326711013884549,
    "immoderation": 1
}