{
    "id": "1",
    "extraversion": 0.26371750648981185,
    "active": 0.8638028519611678,
    "assertive": 0.030582127235873533,
    "cheerful": 0.23436814717352394,
    "openness": 0.2849708995649752,
    "adventurous": 0.030961440441899857,
    "artistic": 0.17889359079217193,
    "emotionally_aware": 0.8595592854687482,
    "imaginative": 0.9004776975688396,
    "intellectual": 0.8133541955596647,
    "conscientiousness": 0.6667614949681733,
    "cautious": 0.8289415976198096,
    "disciplined": 1,
    "dutiful": 0.9763284852364189,
    "neuroticism": 0.747685596766355,
    "melancholy": 0.2096653746310586,
    "self_conscious": 0.7789078150373979,
    "authority_challenging": 0.09808802437087348,
    "achievement_striving": 0.795893934544765,
    "orderliness": 0.8468285859914891,
    "self_efficacy": 0.8655453220013513,
    "stress_prone": 0.9454737266337139,
    "agreeableness": 0.33914156680061164,
    "cooperative": 0.8624752557400757,
    "trusting": 0.08544029965743273,
    "excitement_seeking": 0,
    "outgoing": 0.7790856181027227,
    "gregariousness": 0.19496698789753805,
    "altruism": 0.7724002228465086,
    "modesty": 0.01678460936666549,
    "uncompromising": 0.8594881642426182,
    "sympathy": 0.8256937282932091,
    "fiery": 0.7987743442030274,
    "prone_to_worry": 0.8422294133684198,
    "immoderation": 0.07538849969773478
}