{
    "id": "1",
    "extraversion": 0.2889168601749169,
    "active": 1,
    "assertive": 0.9299572473360966,
    "cheerful": 0.6752099654940428,
    "openness": 0.6072505913756808,
    "adventurous": 0.6583476203910674,
    "artistic": 0.8233794136157468,
    "emotionally_aware": 0.7108552702966643,
    "imaginative": 0.9161874172616592,
    "intellectual": 0.7630265413745957,
    "conscientiousness": 0.1744829531890883,
    "cautious": 0.2138284250960307,
    "disciplined": 0.9087436793333188,
    "dutiful": 0.11551899997829813,
    "neuroticism": 0.6592916512945158,
    "melancholy": 0.7407495822391978,
    "self_conscious": 0.8770806658130601,
    "authority_challenging": 0.7481824692376136,
    "achievement_striving": 0.7515245556544196,
    "orderliness": 0.06411814492502005,
    "self_efficacy": 0.17093469910371317,
    "stress_prone": 0.8035656155732546,
    "agreeableness": 0.3118448751057965,
    "cooperative": 0.7376570672106599,
    "trusting": 0,
    "excitement_seeking": 0.699711365264003,
    "outgoing": 0.7734651359621518,
    "gregariousness": 0.16957833286312632,
    "altruism": 0.7688643416740814,
    "modesty": 0.2026519672735953,
    "uncompromising": 0.7103235747303543,
    "sympathy": 0.7255691312745501,
    "fiery": 0.7117775993402634,
    "prone_to_worry": 0.7937672258512554,
    "immoderation": 0.7734325831723777
}