{
    "id": "1",
    "extraversion": 0.6582058777470376,
    "active": 0.797867620191053,
    "assertive": 0.9242444015242469,
    "cheerful": 0.7052252440361226,
    "openness": 0.19958761810304324,
    "adventurous": 0.6188860468758156,
    "artistic": 0.6669755180873832,
    "emotionally_aware": 0.6661011640653547,
    "imaginative": 0.7429007673435297,
    "intellectual": 0.7297332567729812,
    "conscientiousness": 0.5894059612674218,
    "cautious": 0.11879469645560367,
    "disciplined": 0.9109594404134259,
    "dutiful": 0.7955708096257241,
    "neuroticism": 0.18739886203476533,
    "melancholy": 0.08025786918619822,
    "self_conscious": 0.03784517408780077,
    "authority_challenging": 0.7909249882549461,
    "achievement_striving": 0.8243070418123924,
    "orderliness": 0.10256042177794014,
    "self_efficacy": 0.7979459205512346,
    "stress_prone": 0.026074019940491723,
    "agreeableness": 0.1328757112282716,
    "cooperative": 0.7259356893041709,
    "trusting": 1,
    "excitement_seeking": 0.7446103252074959,
    "outgoing": 0.8264211515372971,
    "gregariousness": 0.7068826016599676,
    "altruism": 0.7212115675732108,
    "modesty": 0.7623584068486714,
    "uncompromising": 0.8351777418176124,
    "sympathy": 0,
    "fiery": 0.7265620921856241,
    "prone_to_worry": 0.7272537453672288,
    "immoderation": 0.8397713629482696
}