{
    "id": "1",
    "extraversion": 0.21184764608469364,
    "active": 0.7181736456115447,
    "assertive": 0.043595930920274424,
    "cheerful": 0.20411639460610362,
    "openness": 0.6112609415661225,
    "adventurous": 0.07612964277265201,
    "artistic": 0.22015613910574877,
    "emotionally_aware": 0.6706411166311804,
    "imaginative": 0.7114265436479773,
    "intellectual": 1,
    "conscientiousness": 0.5923823042346817,
    "cautious": 0.6271776673763899,
    "disciplined": 0.7947385852850721,
    "dutiful": 0.10521883132245091,
    "neuroticism": 0.6344830849302106,
    "melancholy": 0.8113934232316062,
    "self_conscious": 0.7965270877691034,
    "authority_challenging": 0.729018216229004,
    "achievement_striving": 0.7257724154246511,
    "orderliness": 0.06724390820913177,
    "self_efficacy": 0.7531204163709486,
    "stress_prone": 0.640037851904424,
    "agreeableness": 0.2591436006624083,
    "cooperative": 0.18646794416844095,
    "trusting": 0.0662124438135794,
    "excitement_seeking": 0,
    "outgoing": 0.19338537970191624,
    "gregariousness": 0.18119706647740716,
    "altruism": 0.10027915779512657,
    "modesty": 0.13059853323870357,
    "uncompromising": 0.7249302105512183,
    "sympathy": 0.6789874615566595,
    "fiery": 0.692245091081145,
    "prone_to_worry": 0.6853655074520937,
    "immoderation": 0.703865625739295
}