{
    "id": "1",
    "extraversion": 0.26484603281636326,
    "active": 0.865363002922005,
    "assertive": 0.8084738143403012,
    "cheerful": 0.11667790514722412,
    "openness": 0.7351090132614071,
    "adventurous": 0.15259608900876603,
    "artistic": 0.7187120701281187,
    "emotionally_aware": 0.8262643290627107,
    "imaginative": 0.7963587322993931,
    "intellectual": 0.9128568217576983,
    "conscientiousness": 0.6544616767812992,
    "cautious": 0.6836592492694987,
    "disciplined": 0.9171049674084064,
    "dutiful": 0.11213755900202296,
    "neuroticism": 0.6584625758597439,
    "melancholy": 0.8204540346145202,
    "self_conscious": 0.8422791638570465,
    "authority_challenging": 1,
    "achievement_striving": 0.8505169701056418,
    "orderliness": 0.1358282760170825,
    "self_efficacy": 0.8214205439424591,
    "stress_prone": 0.8289728028770509,
    "agreeableness": 0.21880197797257814,
    "cooperative": 0.09690941784670716,
    "trusting": 0,
    "excitement_seeking": 0.049505506855473176,
    "outgoing": 0.747797257810744,
    "gregariousness": 0.22449988761519443,
    "altruism": 0.7620701281186785,
    "modesty": 0.04516745336030569,
    "uncompromising": 0.795830523713194,
    "sympathy": 0.7111036187907396,
    "fiery": 0.8295459653854798,
    "prone_to_worry": 0.8191953247920881,
    "immoderation": 0.10284333558102948
}