{
    "id": "1",
    "extraversion": 0.3181839331828862,
    "active": 1,
    "assertive": 0.982725728776493,
    "cheerful": 0.18513133099132215,
    "openness": 0.6884465951655305,
    "adventurous": 0.6830723774515507,
    "artistic": 0.9389991391945653,
    "emotionally_aware": 0.8200102366051696,
    "imaginative": 0.8950864295186469,
    "intellectual": 0.8670986203848032,
    "conscientiousness": 0.6109741060419235,
    "cautious": 0.25817183537677685,
    "disciplined": 0,
    "dutiful": 0.9208059000069795,
    "neuroticism": 0.6512923714026476,
    "melancholy": 0.17598818137403158,
    "self_conscious": 0.7905567317311496,
    "authority_challenging": 0.15394458274201425,
    "achievement_striving": 0.83452760393644,
    "orderliness": 0.09801549449782472,
    "self_efficacy": 0.7349766186631924,
    "stress_prone": 0.8418328176255728,
    "agreeableness": 0.5856385082474467,
    "cooperative": 0.8071679501198147,
    "trusting": 0.10386664495265568,
    "excitement_seeking": 0.7293930158434729,
    "outgoing": 0.7658958192773887,
    "gregariousness": 0.727182839727334,
    "altruism": 0.14691854919386732,
    "modesty": 0.1631109973710536,
    "uncompromising": 0.18072261126491865,
    "sympathy": 0.03727054882162711,
    "fiery": 0.7933717981527579,
    "prone_to_worry": 0.7928483353884094,
    "immoderation": 0.8369704301700672
}