{
    "id": "1",
    "extraversion": 0.5190396622988304,
    "active": 0.5879185843129207,
    "assertive": 0.6269652820527852,
    "cheerful": 0.6132070862525528,
    "openness": 0.4327382522791897,
    "adventurous": 0.619128582456346,
    "artistic": 0.11002648061833707,
    "emotionally_aware": 0.5073432415794564,
    "imaginative": 1,
    "intellectual": 0.608145477286274,
    "conscientiousness": 0.2084933407596322,
    "cautious": 0.49923294149835346,
    "disciplined": 0.06111062253881705,
    "dutiful": 0.6257536227635603,
    "neuroticism": 0.5443379356843432,
    "melancholy": 0.6233596185227528,
    "self_conscious": 0.6386617027721592,
    "authority_challenging": 0.6555174469166202,
    "achievement_striving": 0.5844399495793392,
    "orderliness": 0.08687792532661057,
    "self_efficacy": 0.5861304097167257,
    "stress_prone": 0.7474569812095095,
    "agreeableness": 0.45875961265988524,
    "cooperative": 0.01176482084053977,
    "trusting": 0.8316379874730063,
    "excitement_seeking": 0.6077839337886827,
    "outgoing": 0.6585270522479211,
    "gregariousness": 0.5756456482865769,
    "altruism": 0.582798346671357,
    "modesty": 0,
    "uncompromising": 0.597807287544338,
    "sympathy": 0.6348019816492246,
    "fiery": 0.635231925267982,
    "prone_to_worry": 0.6595139682818867,
    "immoderation": 0.02096952286029762
}