{
    "id": "1",
    "extraversion": 0.7213428081352609,
    "active": 0.9152291105121293,
    "assertive": 0.8872947806910071,
    "cheerful": 0.7380421465327125,
    "openness": 0.6462876745895615,
    "adventurous": 0.8346361185983827,
    "artistic": 0.7981744670423915,
    "emotionally_aware": 0.11536388140161727,
    "imaginative": 0.8449522175937271,
    "intellectual": 0.797427101200686,
    "conscientiousness": 0.22904925263415832,
    "cautious": 0.13687821612349918,
    "disciplined": 0,
    "dutiful": 0.051580494976721424,
    "neuroticism": 0.6181573143837295,
    "melancholy": 0.10807400147022789,
    "self_conscious": 0.7447806910071061,
    "authority_challenging": 0.8782528791962755,
    "achievement_striving": 0.839585885812301,
    "orderliness": 0.14580985052683165,
    "self_efficacy": 0.7822469982847342,
    "stress_prone": 0.8434942416074492,
    "agreeableness": 0.6174834599362902,
    "cooperative": 0.7646900269541779,
    "trusting": 0.9686473903455035,
    "excitement_seeking": 0.8357877971085517,
    "outgoing": 1,
    "gregariousness": 0.8183655966674834,
    "altruism": 0.8188679245283019,
    "modesty": 0.17484685126194563,
    "uncompromising": 0.13233276157804458,
    "sympathy": 0.7528301886792452,
    "fiery": 0.7622764028424406,
    "prone_to_worry": 0.13473413379073756,
    "immoderation": 0.9489463366821856
}