{
    "id": "1",
    "extraversion": 0.645156657650973,
    "active": 0.7132770051939971,
    "assertive": 0.020153665717226384,
    "cheerful": 0.7101773618324996,
    "openness": 0.5466981019172312,
    "adventurous": 0,
    "artistic": 0.043622394025706744,
    "emotionally_aware": 0.7770889681418894,
    "imaginative": 0.7883386390291773,
    "intellectual": 1,
    "conscientiousness": 0.15263649201752078,
    "cautious": 0.6763445750257306,
    "disciplined": 0.9497953517317314,
    "dutiful": 0.8412120921994305,
    "neuroticism": 0.6196653821297782,
    "melancholy": 0.6908494698293401,
    "self_conscious": 0.7875008975801241,
    "authority_challenging": 0.8106225615739966,
    "achievement_striving": 0.6926326623423251,
    "orderliness": 0.06797673472318631,
    "self_efficacy": 0.6972881112520645,
    "stress_prone": 0.7960937313004142,
    "agreeableness": 0.20596471911725991,
    "cooperative": 0.6935422102012972,
    "trusting": 0.03949352545537235,
    "excitement_seeking": 0.6994423035496303,
    "outgoing": 0.7730558414514469,
    "gregariousness": 0.12840182866990596,
    "altruism": 0.6782833480935399,
    "modesty": 0.6947270159649584,
    "uncompromising": 0.11439957873572852,
    "sympathy": 0.7567916896048255,
    "fiery": 0.8324756456593025,
    "prone_to_worry": 0.7491084037435076,
    "immoderation": 0.8555135355082697
}