{
    "id": "1",
    "extraversion": 0.613476087335886,
    "active": 0.7819271790344602,
    "assertive": 0.811008345565969,
    "cheerful": 0.8379646262972581,
    "openness": 0.3097303345411992,
    "adventurous": 0.6883706129320345,
    "artistic": 0.703244813533572,
    "emotionally_aware": 0.15208844452200337,
    "imaginative": 0.747826354743012,
    "intellectual": 0.6694622088547174,
    "conscientiousness": 0.2949895808739748,
    "cautious": 0.16094726793064865,
    "disciplined": 0.12050258168492152,
    "dutiful": 0.12080027099992816,
    "neuroticism": 0.7120215157518708,
    "melancholy": 0,
    "self_conscious": 0.6838642126117619,
    "authority_challenging": 0.806830430007083,
    "achievement_striving": 0.8112444439882156,
    "orderliness": 0.09031277908373282,
    "self_efficacy": 0.7376227968424401,
    "stress_prone": 0.8741082151985793,
    "agreeableness": 0.29339848281100833,
    "cooperative": 0.7396758266011065,
    "trusting": 1,
    "excitement_seeking": 0.9813276943449295,
    "outgoing": 0.8207705020684275,
    "gregariousness": 0.823911637599187,
    "altruism": 0.8416600798628576,
    "modesty": 0.0732726320868021,
    "uncompromising": 0.1836743073590852,
    "sympathy": 0.7423652955849596,
    "fiery": 0.8063890286089698,
    "prone_to_worry": 0.8439800034901506,
    "immoderation": 0.7885584651549523
}