{
    "id": "1",
    "extraversion": 0.36971416524656986,
    "active": 1,
    "assertive": 0.725821752955851,
    "cheerful": 0.23196184185098648,
    "openness": 0.3441963422989758,
    "adventurous": 0.16174171219760722,
    "artistic": 0.24870434461797936,
    "emotionally_aware": 0.9504576518332426,
    "imaginative": 0.7734755187013581,
    "intellectual": 0.7296428383197766,
    "conscientiousness": 0.6306459830291106,
    "cautious": 0.6597477205249381,
    "disciplined": 0,
    "dutiful": 0.8306073329702571,
    "neuroticism": 0.6673811071485041,
    "melancholy": 0.7615730573953374,
    "self_conscious": 0.8534020835895364,
    "authority_challenging": 0.8183359392842713,
    "achievement_striving": 0.8923244496758667,
    "orderliness": 0.7053723581806364,
    "self_efficacy": 0.7065582122590959,
    "stress_prone": 0.8726480560777219,
    "agreeableness": 0.381344319319759,
    "cooperative": 0.2520247360376663,
    "trusting": 0.2163349203281742,
    "excitement_seeking": 0.20246481966233906,
    "outgoing": 0.2902707260940602,
    "gregariousness": 0.2762512956553821,
    "altruism": 0.7086488290788988,
    "modesty": 0.1665026967200155,
    "uncompromising": 0.26253052476239,
    "sympathy": 0.1528609827655874,
    "fiery": 0.7911842729396884,
    "prone_to_worry": 0.8070307970696229,
    "immoderation": 0.8727798176419951
}