{
    "id": "1",
    "extraversion": 0.6452251723632095,
    "active": 0.2116766906263752,
    "assertive": 0.0567174500722982,
    "cheerful": 0.8600243089754604,
    "openness": 0.6705714704834552,
    "adventurous": 0.805727278442549,
    "artistic": 0.16767954064418786,
    "emotionally_aware": 0.7701020557849074,
    "imaginative": 1,
    "intellectual": 0.8368783922546574,
    "conscientiousness": 0.33978080010058886,
    "cautious": 0.7283786332488107,
    "disciplined": 0.15093568599509624,
    "dutiful": 0.10270542132064796,
    "neuroticism": 0.6949433139839476,
    "melancholy": 0.9085374798298371,
    "self_conscious": 0.8884825750749177,
    "authority_challenging": 0.8019132840168486,
    "achievement_striving": 0.2519331922295102,
    "orderliness": 0.19758377166327873,
    "self_efficacy": 0.15434103816090025,
    "stress_prone": 0.8190343469058446,
    "agreeableness": 0.6380582158050252,
    "cooperative": 0,
    "trusting": 0.031507366038684786,
    "excitement_seeking": 0.2732035457574551,
    "outgoing": 0.18159433349399606,
    "gregariousness": 0.7261468178293761,
    "altruism": 0.22319201995012466,
    "modesty": 0.22443890274314215,
    "uncompromising": 0.904115761017624,
    "sympathy": 0.917024665227687,
    "fiery": 0.8607368134286133,
    "prone_to_worry": 0.8919088832540497,
    "immoderation": 0.1252645696682663
}