{
    "id": "1",
    "extraversion": 0.32001068780476943,
    "active": 0.13398721916679657,
    "assertive": 0.1046402885707288,
    "cheerful": 0.18558927656921467,
    "openness": 0.34964707978000936,
    "adventurous": 0.2646678987330498,
    "artistic": 0.21433501814700187,
    "emotionally_aware": 0.6933602012869897,
    "imaginative": 0.9003362205250384,
    "intellectual": 0.8750751486272851,
    "conscientiousness": 0.3097348088441584,
    "cautious": 0.20370287902740977,
    "disciplined": 0.9215336999844135,
    "dutiful": 0.10696711273407405,
    "neuroticism": 0.6699026964440783,
    "melancholy": 0.8810647725501548,
    "self_conscious": 0.9043998129634165,
    "authority_challenging": 0.991193694195186,
    "achievement_striving": 0.15084277793858966,
    "orderliness": 0,
    "self_efficacy": 0.251397207811004,
    "stress_prone": 0.2760682238204449,
    "agreeableness": 0.32716929037429576,
    "cooperative": 0.20561777738193318,
    "trusting": 0.01177885150631246,
    "excitement_seeking": 0.21013782814900578,
    "outgoing": 0.18317338736612412,
    "gregariousness": 0.16950190376522456,
    "altruism": 0.23790385428959496,
    "modesty": 0.03676159515486183,
    "uncompromising": 0.2136892966088486,
    "sympathy": 0.7935472378704549,
    "fiery": 0.17033688851283652,
    "prone_to_worry": 0.8835919930529269,
    "immoderation": 1
}