{
    "id": "1",
    "extraversion": 0.31407993221296426,
    "active": 0.9919888048683416,
    "assertive": 0,
    "cheerful": 0.05444788229705615,
    "openness": 0.3124879639496219,
    "adventurous": 0.21640497618466834,
    "artistic": 0.7568525246819273,
    "emotionally_aware": 0.865003658959315,
    "imaginative": 0.988239976377245,
    "intellectual": 0.8660692506194554,
    "conscientiousness": 0.7329730007317918,
    "cautious": 0.8451682479362185,
    "disciplined": 0.08199920401586831,
    "dutiful": 0.9129167683044254,
    "neuroticism": 0.7952651782619301,
    "melancholy": 0.9840418020053665,
    "self_conscious": 1,
    "authority_challenging": 0.11870434324889909,
    "achievement_striving": 0.9124802608773799,
    "orderliness": 0.8602405926230245,
    "self_efficacy": 0.9268464906086711,
    "stress_prone": 0.9913212052740368,
    "agreeableness": 0.6876275821340078,
    "cooperative": 0.9335995172741395,
    "trusting": 0.1721379877007613,
    "excitement_seeking": 0.04628262572055825,
    "outgoing": 0.9355509622421075,
    "gregariousness": 0.1481044023057863,
    "altruism": 0.878959058171034,
    "modesty": 0.16555186093386914,
    "uncompromising": 0.8692403486924035,
    "sympathy": 0.9050339577101334,
    "fiery": 0.13498350258694844,
    "prone_to_worry": 0.9485691543310524,
    "immoderation": 0.11743333632897253
}