{
    "id": "1",
    "extraversion": 0.21464459786245002,
    "active": 0.07671874804224982,
    "assertive": 0,
    "cheerful": 0.1295811354324592,
    "openness": 0.30889225795942915,
    "adventurous": 0.7452857375549736,
    "artistic": 0.19861923794965605,
    "emotionally_aware": 0.7021212614802471,
    "imaginative": 0.9749157384320457,
    "intellectual": 0.8071318489932465,
    "conscientiousness": 0.22042074400771822,
    "cautious": 0.2316222074651364,
    "disciplined": 0.8867449349087219,
    "dutiful": 0.12319103882923409,
    "neuroticism": 0.6733658267657341,
    "melancholy": 0.8689654308303366,
    "self_conscious": 0.9354600243074263,
    "authority_challenging": 0.10036210547418277,
    "achievement_striving": 0.15950182305697205,
    "orderliness": 0.16602974527320793,
    "self_efficacy": 0.15685807720740244,
    "stress_prone": 0.8161030434401274,
    "agreeableness": 0.34536592700254354,
    "cooperative": 0.16141885203793963,
    "trusting": 0.11331771309719207,
    "excitement_seeking": 0.7296738544812119,
    "outgoing": 0.9037476037137738,
    "gregariousness": 0.03304055831902871,
    "altruism": 0.8214531831451806,
    "modesty": 0.14103319091353322,
    "uncompromising": 0.07526531430504568,
    "sympathy": 1,
    "fiery": 0.15767250128428414,
    "prone_to_worry": 0.8320031073410934,
    "immoderation": 0.8780869804914109
}