{
    "id": "1",
    "extraversion": 0.32653552712700373,
    "active": 1,
    "assertive": 0.8265162607891493,
    "cheerful": 0.318694127620222,
    "openness": 0.6817778976572134,
    "adventurous": 0.25385326757090015,
    "artistic": 0.23787184032059192,
    "emotionally_aware": 0.8366888871763255,
    "imaginative": 0.8324599260172627,
    "intellectual": 0.858642879161529,
    "conscientiousness": 0.6424071362515414,
    "cautious": 0.741185650431566,
    "disciplined": 0.9795487823674477,
    "dutiful": 0.1486590628853268,
    "neuroticism": 0.6643803945745994,
    "melancholy": 0.7776375616522813,
    "self_conscious": 0.7728017108508015,
    "authority_challenging": 0.9359297934648584,
    "achievement_striving": 0.8469867447595563,
    "orderliness": 0.8477766646115907,
    "self_efficacy": 0.754806951294698,
    "stress_prone": 0.8002562422934649,
    "agreeableness": 0.3953837854500617,
    "cooperative": 0.2297703452527744,
    "trusting": 0.1577527743526511,
    "excitement_seeking": 0,
    "outgoing": 0.801412222564735,
    "gregariousness": 0.7760769882860667,
    "altruism": 0.8114499845869297,
    "modesty": 0.14758014796547475,
    "uncompromising": 0.8162569358816277,
    "sympathy": 0.23574290998766956,
    "fiery": 0.8913089549938349,
    "prone_to_worry": 0.2684860511713934,
    "immoderation": 0.08174707151664612
}