{
    "id": "1",
    "extraversion": 0.3741286710090276,
    "active": 0.2698548737287167,
    "assertive": 0.17667504666133393,
    "cheerful": 0.1025311392983659,
    "openness": 0.6386889117434198,
    "adventurous": 0.24282939092675118,
    "artistic": 0.2602464480249876,
    "emotionally_aware": 0.6831124062011961,
    "imaginative": 0.11960537843294099,
    "intellectual": 0.782215365862949,
    "conscientiousness": 0.3664438349902868,
    "cautious": 0.2678074886679618,
    "disciplined": 0.19953910029329977,
    "dutiful": 0.06074543861653903,
    "neuroticism": 0.7695596693711195,
    "melancholy": 0.8625490420142461,
    "self_conscious": 0.7863006132632461,
    "authority_challenging": 0.8669866300994172,
    "achievement_striving": 0.22065097322210794,
    "orderliness": 0.12319544433017178,
    "self_efficacy": 0.09585571172818343,
    "stress_prone": 0.9364167904620424,
    "agreeableness": 0.36694853921456594,
    "cooperative": 0.16121014741172437,
    "trusting": 0,
    "excitement_seeking": 0.2963661295851902,
    "outgoing": 0.09233230487944234,
    "gregariousness": 0.6864834495105322,
    "altruism": 0.23554450919894868,
    "modesty": 0.18859749361977673,
    "uncompromising": 0.2604178570068183,
    "sympathy": 0.2050718013179446,
    "fiery": 1,
    "prone_to_worry": 0.8683007656267855,
    "immoderation": 0.7784729364263133
}