{
    "id": "1",
    "extraversion": 0.7750400615345172,
    "active": 0.9259021857573234,
    "assertive": 1,
    "cheerful": 0.2391000576886097,
    "openness": 0.7265303506185501,
    "adventurous": 0.8299211589000706,
    "artistic": 0.8847125184283061,
    "emotionally_aware": 0.9369143003653612,
    "imaginative": 0.9202230626241908,
    "intellectual": 0.8515223383116468,
    "conscientiousness": 0.3534260624318954,
    "cautious": 0.22049868598166786,
    "disciplined": 0,
    "dutiful": 0.9047240561502469,
    "neuroticism": 0.7408499455163131,
    "melancholy": 0.05759887186718797,
    "self_conscious": 0.9318761617845011,
    "authority_challenging": 0.16701493494006797,
    "achievement_striving": 0.9516056663034421,
    "orderliness": 0.209230177552721,
    "self_efficacy": 0.8795461829369913,
    "stress_prone": 0.9160053842702391,
    "agreeableness": 0.36868149477597595,
    "cooperative": 0.8722261393500418,
    "trusting": 0.9256457919364144,
    "excitement_seeking": 0.8650342926735466,
    "outgoing": 0.9210819819242358,
    "gregariousness": 0.7993718351387733,
    "altruism": 0.16159220562784438,
    "modesty": 0.1487212358182168,
    "uncompromising": 0.18820588423818987,
    "sympathy": 0.12765848343054934,
    "fiery": 0.8605602204986861,
    "prone_to_worry": 0.11160823024165115,
    "immoderation": 0.9311069803217744
}