{
    "id": "1",
    "extraversion": 0.8027989956669598,
    "active": 0.9936752444618661,
    "assertive": 0.10497822885656478,
    "cheerful": 0.24271381805468745,
    "openness": 0.6811772308800628,
    "adventurous": 0.2549501541460521,
    "artistic": 0.18491169708976493,
    "emotionally_aware": 0.7601042472269602,
    "imaginative": 0.8580161244186416,
    "intellectual": 0.8970028922248944,
    "conscientiousness": 0.39278109141761397,
    "cautious": 0.858916634001123,
    "disciplined": 0.06535580722738399,
    "dutiful": 0.2052420251930799,
    "neuroticism": 0.7981163458380567,
    "melancholy": 0.8971935883717728,
    "self_conscious": 0.896494369166552,
    "authority_challenging": 0.1760443262599189,
    "achievement_striving": 0,
    "orderliness": 0.26105243084616125,
    "self_efficacy": 0.1725800129249611,
    "stress_prone": 0.8130012395249547,
    "agreeableness": 0.41192486571813,
    "cooperative": 0.21598457480056366,
    "trusting": 0.2438156180144294,
    "excitement_seeking": 0.06629869373139391,
    "outgoing": 0.8965897172399911,
    "gregariousness": 0.8753906622453411,
    "altruism": 0.9420177771185813,
    "modesty": 0.17540867243699088,
    "uncompromising": 0.8289985274019769,
    "sympathy": 0.2667627210221314,
    "fiery": 1,
    "prone_to_worry": 0.9501223633609136,
    "immoderation": 0.1122458708987086
}