{
    "id": "1",
    "extraversion": 0.6506202850914735,
    "active": 0.8626356695312767,
    "assertive": 0,
    "cheerful": 0.7533011492678696,
    "openness": 0.6420721060019858,
    "adventurous": 0.28719142671277437,
    "artistic": 0.2032503623560562,
    "emotionally_aware": 0.7272343388000594,
    "imaginative": 1,
    "intellectual": 0.8561075541251526,
    "conscientiousness": 0.3239291950559797,
    "cautious": 0.7234567055842778,
    "disciplined": 0.1198685246687438,
    "dutiful": 0.06821424087832831,
    "neuroticism": 0.627098526608918,
    "melancholy": 0.1720820351285651,
    "self_conscious": 0.9484940824688145,
    "authority_challenging": 0.9137649650198012,
    "achievement_striving": 0.14123326599787725,
    "orderliness": 0.20765569897627284,
    "self_efficacy": 0.20500793188847422,
    "stress_prone": 0.802798415904863,
    "agreeableness": 0.3672064915944808,
    "cooperative": 0.8658540760776525,
    "trusting": 0.15489437463621736,
    "excitement_seeking": 0.23747731708152156,
    "outgoing": 0.8086189383823512,
    "gregariousness": 0.7195535316876092,
    "altruism": 0.7539745038289908,
    "modesty": 0.031978635258670916,
    "uncompromising": 0.8571689435181065,
    "sympathy": 0.19832003743394852,
    "fiery": 0.159550792618208,
    "prone_to_worry": 0.742390522819872,
    "immoderation": 0.8080026477670879
}