{
    "id": "1",
    "extraversion": 0.21925213479019373,
    "active": 0.07299605178587823,
    "assertive": 0.8961986961711504,
    "cheerful": 0.1642066844183271,
    "openness": 0.6108598843081443,
    "adventurous": 0.11791846478743916,
    "artistic": 0.7572307409787898,
    "emotionally_aware": 0.8250849325130841,
    "imaginative": 0.8815420989808098,
    "intellectual": 0.7813676430079882,
    "conscientiousness": 0.663977137085667,
    "cautious": 0.7663322927187586,
    "disciplined": 1,
    "dutiful": 0.9254774584519327,
    "neuroticism": 0.6595009640987972,
    "melancholy": 0.7556698191167018,
    "self_conscious": 0.7575406298778807,
    "authority_challenging": 0.7996625654209898,
    "achievement_striving": 0.752283995959967,
    "orderliness": 0.10990726287760537,
    "self_efficacy": 0.7563928932145808,
    "stress_prone": 0.8799123129189239,
    "agreeableness": 0.3199315948948673,
    "cooperative": 0.1631163345881921,
    "trusting": 0.15952391883206316,
    "excitement_seeking": 0,
    "outgoing": 0.878007070057846,
    "gregariousness": 0.2158892663667248,
    "altruism": 0.11081397484161236,
    "modesty": 0.7754797539252593,
    "uncompromising": 0.17691212928105773,
    "sympathy": 0.7450762097144431,
    "fiery": 0.8033927095767147,
    "prone_to_worry": 0.8084312735286014,
    "immoderation": 0.05792626939674962
}