{
    "id": "1",
    "extraversion": 0.5377226040050248,
    "active": 0.7906844996182173,
    "assertive": 0.19808369664277448,
    "cheerful": 0.7684425724771546,
    "openness": 0.564365296353769,
    "adventurous": 0.7209044557747728,
    "artistic": 0.1413417407653719,
    "emotionally_aware": 0.5988489043244086,
    "imaginative": 0.6888018588306772,
    "intellectual": 0.7740502639638086,
    "conscientiousness": 0.5423943118467615,
    "cautious": 0.21968521392152518,
    "disciplined": 0.685657282199069,
    "dutiful": 0.11989622076077412,
    "neuroticism": 0.5990787950442129,
    "melancholy": 0.06443508460799531,
    "self_conscious": 0.6770363802064091,
    "authority_challenging": 0.16269694655861802,
    "achievement_striving": 0.18437235728302015,
    "orderliness": 0.2047094756028474,
    "self_efficacy": 0.6415675262937511,
    "stress_prone": 0.6324457909472319,
    "agreeableness": 0.323825709992857,
    "cooperative": 0.22201696265096846,
    "trusting": 0,
    "excitement_seeking": 0.6012299153509528,
    "outgoing": 0.6646387021026791,
    "gregariousness": 0.6366741381150602,
    "altruism": 0.6466990155750962,
    "modesty": 0.6359269932756965,
    "uncompromising": 0.634284916705666,
    "sympathy": 0.624744451833789,
    "fiery": 0.6983012717883036,
    "prone_to_worry": 0.17916697455602357,
    "immoderation": 1
}