{
    "id": "1",
    "extraversion": 0.3391558556402867,
    "active": 1,
    "assertive": 0.16572861289416466,
    "cheerful": 0.18720154804881348,
    "openness": 0.646861767979942,
    "adventurous": 0.21256541234485699,
    "artistic": 0.1544615640702864,
    "emotionally_aware": 0.7537686873836102,
    "imaginative": 0.15175664006824732,
    "intellectual": 0.8078151496551222,
    "conscientiousness": 0.3266091696923669,
    "cautious": 0.6813703561136485,
    "disciplined": 0.014783450026529064,
    "dutiful": 0.0886278752821964,
    "neuroticism": 0.640838110298478,
    "melancholy": 0.7894736842105264,
    "self_conscious": 0.8048293296990252,
    "authority_challenging": 0.8345418795060394,
    "achievement_striving": 0.9041104441277141,
    "orderliness": 0.21368899616108863,
    "self_efficacy": 0.23290436012942023,
    "stress_prone": 0.799606745664319,
    "agreeableness": 0.3037421583212826,
    "cooperative": 0.10330728977018551,
    "trusting": 0,
    "excitement_seeking": 0.21471894799263427,
    "outgoing": 0.14110340092175486,
    "gregariousness": 0.2230105804142695,
    "altruism": 0.20636489424787507,
    "modesty": 0.1740306488696539,
    "uncompromising": 0.12215852935362718,
    "sympathy": 0.13708762913411224,
    "fiery": 0.8417515423268589,
    "prone_to_worry": 0.7995027101257789,
    "immoderation": 0.8037369565443555
}