{
    "id": "1",
    "extraversion": 0.36781939999539515,
    "active": 0.17615637879032073,
    "assertive": 0.15658600603227957,
    "cheerful": 0.8237860612898026,
    "openness": 0.7190385190983815,
    "adventurous": 0.2885939262772546,
    "artistic": 0.1732668708125158,
    "emotionally_aware": 0.807991619275666,
    "imaginative": 1,
    "intellectual": 0.9701148896000737,
    "conscientiousness": 0.3425966431054728,
    "cautious": 0.7283517141344139,
    "disciplined": 0.9272787972279143,
    "dutiful": 0.9477931526719314,
    "neuroticism": 0.7357078718946423,
    "melancholy": 0.18831303386825687,
    "self_conscious": 0.9025050077130293,
    "authority_challenging": 0.17383095802730644,
    "achievement_striving": 0.11082586973038937,
    "orderliness": 0.9811433702484286,
    "self_efficacy": 0.8109386871733475,
    "stress_prone": 0.8946768586098127,
    "agreeableness": 0.3894849538369443,
    "cooperative": 0.8299449727165981,
    "trusting": 0,
    "excitement_seeking": 0.295950084037483,
    "outgoing": 0.862385743559045,
    "gregariousness": 0.2623350908295536,
    "altruism": 0.2825616466741878,
    "modesty": 0.2382750443211383,
    "uncompromising": 0.20741141528330992,
    "sympathy": 0.8369212350056409,
    "fiery": 0.8965763359657404,
    "prone_to_worry": 0.8379573135634195,
    "immoderation": 0.9979163309004674
}