{
    "id": "1",
    "extraversion": 0.3398557039499017,
    "active": 1,
    "assertive": 0.8014510670206515,
    "cheerful": 0.20310885029284803,
    "openness": 0.5951097420100115,
    "adventurous": 0.1639746265934378,
    "artistic": 0.7185112376628905,
    "emotionally_aware": 0.7668159617372272,
    "imaginative": 0.8795371177269319,
    "intellectual": 0.7668970269339117,
    "conscientiousness": 0.5902052976106034,
    "cautious": 0.7140121192469043,
    "disciplined": 0,
    "dutiful": 0.9227752670084916,
    "neuroticism": 0.6487242364671787,
    "melancholy": 0.20421336359767342,
    "self_conscious": 0.7385748738422877,
    "authority_challenging": 0.15294975984435485,
    "achievement_striving": 0.8313337251484507,
    "orderliness": 0.7426281336765094,
    "self_efficacy": 0.791480047828466,
    "stress_prone": 0.8614798451654744,
    "agreeableness": 0.31769450580629477,
    "cooperative": 0.7430739922582738,
    "trusting": 0.12947125225462577,
    "excitement_seeking": 0.15739821251241315,
    "outgoing": 0.7702814988954867,
    "gregariousness": 0.22586790426200273,
    "altruism": 0.7844476420160915,
    "modesty": 0.20491255091907667,
    "uncompromising": 0.22279755993757983,
    "sympathy": 0.08427740510305416,
    "fiery": 0.7716089414911944,
    "prone_to_worry": 0.7440467746184869,
    "immoderation": 0.9856210607380987
}