{
    "id": "1",
    "extraversion": 0.5592034743018798,
    "active": 0.837302332777121,
    "assertive": 1,
    "cheerful": 0.048224724564330954,
    "openness": 0.567027283878311,
    "adventurous": 0.10924601902909614,
    "artistic": 0.8014874078658017,
    "emotionally_aware": 0.8037417258793498,
    "imaginative": 0.8189252207353055,
    "intellectual": 0.6869813134717602,
    "conscientiousness": 0.5427049606046876,
    "cautious": 0.6523488004597041,
    "disciplined": 0.8974174798050678,
    "dutiful": 0.8435569602068669,
    "neuroticism": 0.5357209949940879,
    "melancholy": 0.7179008321085609,
    "self_conscious": 0.7988131678693379,
    "authority_challenging": 0,
    "achievement_striving": 0.7789331771518239,
    "orderliness": 0.05061164951985237,
    "self_efficacy": 0.7185749173969258,
    "stress_prone": 0.7348413689456642,
    "agreeableness": 0.24160984827555723,
    "cooperative": 0.7054468301415578,
    "trusting": 0.05937475826859536,
    "excitement_seeking": 0.10007403887593512,
    "outgoing": 0.7091377233598178,
    "gregariousness": 0.065132109665941,
    "altruism": 0.6635872387919508,
    "modesty": 0.686892908843778,
    "uncompromising": 0.030223332191440206,
    "sympathy": 0.043992352999679546,
    "fiery": 0.08391809311217444,
    "prone_to_worry": 0.6402594675831279,
    "immoderation": 0.06576199264031472
}