{
    "id": "1",
    "extraversion": 0.3053569199493553,
    "active": 0.9521283235551117,
    "assertive": 0.21640779642277577,
    "cheerful": 0.7731957843679227,
    "openness": 0.286588084241311,
    "adventurous": 0.27100237173885905,
    "artistic": 0.248346024216702,
    "emotionally_aware": 0.8144961392371203,
    "imaginative": 0.9399308094227581,
    "intellectual": 0.9441393084508799,
    "conscientiousness": 0.6181322110669258,
    "cautious": 0.28018617258412537,
    "disciplined": 0.8483424576921018,
    "dutiful": 0.12739625871569446,
    "neuroticism": 0.7441196925655794,
    "melancholy": 0.8662196622501204,
    "self_conscious": 1,
    "authority_challenging": 0.8144069761221178,
    "achievement_striving": 0.884070117873638,
    "orderliness": 0.2576724860459725,
    "self_efficacy": 0.751484565864793,
    "stress_prone": 0.9266009237298712,
    "agreeableness": 0.275380280685486,
    "cooperative": 0.13286195766535291,
    "trusting": 0,
    "excitement_seeking": 0.08247588137739177,
    "outgoing": 0.7840201865292366,
    "gregariousness": 0.2757815147029976,
    "altruism": 0.18467464379335555,
    "modesty": 0.13524261283592198,
    "uncompromising": 0.8595680938709275,
    "sympathy": 0.7661608145942186,
    "fiery": 0.23564028032883352,
    "prone_to_worry": 0.8498671469586462,
    "immoderation": 0.8509014390926761
}