{
    "id": "1",
    "extraversion": 0.5604022752724894,
    "active": 0.7058112588288777,
    "assertive": 0.04705777994611201,
    "cheerful": 0.7752891214920111,
    "openness": 0.6199119607038709,
    "adventurous": 0.15566545067470924,
    "artistic": 0.18380697883286953,
    "emotionally_aware": 0.6542849856409462,
    "imaginative": 0.7960681694701012,
    "intellectual": 1,
    "conscientiousness": 0.5978910485990221,
    "cautious": 0.6835907614179427,
    "disciplined": 0.04405291228225802,
    "dutiful": 0,
    "neuroticism": 0.2195105724771863,
    "melancholy": 0.07199485513433206,
    "self_conscious": 0.707607526583654,
    "authority_challenging": 0.07261578719771142,
    "achievement_striving": 0.7609744198166033,
    "orderliness": 0.15057602536951006,
    "self_efficacy": 0.7689467439874926,
    "stress_prone": 0.6592302660028608,
    "agreeableness": 0.2662800625367293,
    "cooperative": 0.12874361049818717,
    "trusting": 0.056948340669941366,
    "excitement_seeking": 0.7807888054819431,
    "outgoing": 0.7357490547418144,
    "gregariousness": 0.7616840564604656,
    "altruism": 0.7379001408185216,
    "modesty": 0.1555656580216661,
    "uncompromising": 0.0909776353576458,
    "sympathy": 0.08561100823843792,
    "fiery": 0.7198598467628373,
    "prone_to_worry": 0.7060995487154469,
    "immoderation": 0.03188929668355751
}