{
    "id": "1",
    "extraversion": 0.663498200477497,
    "active": 0.3099276627587927,
    "assertive": 0,
    "cheerful": 0.19723479314399744,
    "openness": 0.352946940811745,
    "adventurous": 0.2305883191390799,
    "artistic": 0.21823219185404266,
    "emotionally_aware": 0.6584381570038841,
    "imaginative": 0.8087962797990236,
    "intellectual": 0.8189341838007339,
    "conscientiousness": 0.3515037593984962,
    "cautious": 0.327219114136051,
    "disciplined": 0.22628550048106044,
    "dutiful": 0.12112033638598867,
    "neuroticism": 0.701252538930264,
    "melancholy": 0.7885204717956026,
    "self_conscious": 0.7555054698357268,
    "authority_challenging": 0.26226704201261447,
    "achievement_striving": 0.2451804867619285,
    "orderliness": 0.29325980828849374,
    "self_efficacy": 0.7289313330720165,
    "stress_prone": 0.7871307415458075,
    "agreeableness": 0.6575918469158678,
    "cooperative": 0.833989594840181,
    "trusting": 1,
    "excitement_seeking": 0.1443894095428144,
    "outgoing": 0.8572853935787335,
    "gregariousness": 0.7473987100452552,
    "altruism": 0.26442290560524534,
    "modesty": 0.1618412144104337,
    "uncompromising": 0.027188825143427277,
    "sympathy": 0.755933079143356,
    "fiery": 0.7814203755835084,
    "prone_to_worry": 0.7606456900545201,
    "immoderation": 0.9951181270712325
}