{
    "id": "1",
    "extraversion": 0.27823896299913436,
    "active": 0.8311322220495859,
    "assertive": 0.8573235966528311,
    "cheerful": 0.204337114065656,
    "openness": 0.6299025592080438,
    "adventurous": 0.6710429938072936,
    "artistic": 0.7544891572148359,
    "emotionally_aware": 0.818269593589772,
    "imaginative": 0.7804807670965308,
    "intellectual": 0.7743546489689921,
    "conscientiousness": 0.5893614187734446,
    "cautious": 0.1935609171420327,
    "disciplined": 1,
    "dutiful": 0.7697489623332519,
    "neuroticism": 0.5754888686657936,
    "melancholy": 0.08554369298381904,
    "self_conscious": 0.7819346103478125,
    "authority_challenging": 0.7710252369431557,
    "achievement_striving": 0.709941624309147,
    "orderliness": 0.06916298581670476,
    "self_efficacy": 0.7493174705347035,
    "stress_prone": 0.7848533948904625,
    "agreeableness": 0.29249994450979955,
    "cooperative": 0.7872394735089783,
    "trusting": 0,
    "excitement_seeking": 0.6491354626772913,
    "outgoing": 0.8550041062748319,
    "gregariousness": 0.17282977826115906,
    "altruism": 0.7820122966284154,
    "modesty": 0.12288859787361552,
    "uncompromising": 0.6846491909528777,
    "sympathy": 0.6951368388342619,
    "fiery": 0.10001553725612054,
    "prone_to_worry": 0.14005726588684436,
    "immoderation": 0.08829600692517697
}