{
    "id": "1",
    "extraversion": 0.2762330766395361,
    "active": 0.9225435599079489,
    "assertive": 0.10610785124378605,
    "cheerful": 0.1966546787674713,
    "openness": 0.3125255282479404,
    "adventurous": 0.1250958865898246,
    "artistic": 0.22338337700116562,
    "emotionally_aware": 0.8013927215851921,
    "imaginative": 0.944321023321611,
    "intellectual": 0.8353540083085107,
    "conscientiousness": 0.3032207931937956,
    "cautious": 0.2239014136422957,
    "disciplined": 0.8835911893922036,
    "dutiful": 0.06914792934777197,
    "neuroticism": 0.6376333695294832,
    "melancholy": 0.7856424152462168,
    "self_conscious": 1,
    "authority_challenging": 0.7781906574084221,
    "achievement_striving": 0.7383616094999951,
    "orderliness": 0.19290887536237664,
    "self_efficacy": 0.7822452903495751,
    "stress_prone": 0.7470984966975164,
    "agreeableness": 0.27556560635192623,
    "cooperative": 0.8186274021458673,
    "trusting": 0.12576335687743453,
    "excitement_seeking": 0.17304416262365638,
    "outgoing": 0.7546000657508045,
    "gregariousness": 0.11813227866386398,
    "altruism": 0.06126779505673498,
    "modesty": 0.1427888303330378,
    "uncompromising": 0.18894390260911148,
    "sympathy": 0.7509239980474004,
    "fiery": 0,
    "prone_to_worry": 0.7635461600533977,
    "immoderation": 0.8014026838282908
}