{
    "id": "1",
    "extraversion": 0.20215145382894875,
    "active": 0.8378469969693743,
    "assertive": 0.028321343157853972,
    "cheerful": 0.10563618935117496,
    "openness": 0.34920942301920044,
    "adventurous": 0.24586798865209775,
    "artistic": 0.25242304824794976,
    "emotionally_aware": 0.7642792823323231,
    "imaginative": 0.8998053815393255,
    "intellectual": 0.7823758944219058,
    "conscientiousness": 0.3222049012868057,
    "cautious": 0.6563096079551506,
    "disciplined": 0.006932677504623399,
    "dutiful": 0.14055132214680624,
    "neuroticism": 0.6425991731136049,
    "melancholy": 0.8984401475614598,
    "self_conscious": 1,
    "authority_challenging": 0.17749009963303286,
    "achievement_striving": 0.2202190183870874,
    "orderliness": 0.23809293273559973,
    "self_efficacy": 0.18909942970013266,
    "stress_prone": 0.8003950464276379,
    "agreeableness": 0.2939319706813583,
    "cooperative": 0.08699735667463859,
    "trusting": 0,
    "excitement_seeking": 0.17007329660434356,
    "outgoing": 0.7307584310460018,
    "gregariousness": 0.23625325574414938,
    "altruism": 0.20645048848265377,
    "modesty": 0.033811326600761055,
    "uncompromising": 0.8230327559329584,
    "sympathy": 0.825918144056391,
    "fiery": 0.7477899669826394,
    "prone_to_worry": 0.8848071728037646,
    "immoderation": 0.19922733566359088
}