{
    "id": "1",
    "extraversion": 0.32965352549331767,
    "active": 0.24023838451548027,
    "assertive": 0.9487724663789853,
    "cheerful": 0.20157945452260248,
    "openness": 0.7162951946038795,
    "adventurous": 0.7355984750094264,
    "artistic": 0.8171372910469646,
    "emotionally_aware": 0.7845741338137332,
    "imaginative": 0.22714608906950437,
    "intellectual": 0.8661967405421257,
    "conscientiousness": 0.6568980686245758,
    "cautious": 0.7577087435585906,
    "disciplined": 0.10660270643931456,
    "dutiful": 0.2072981691734048,
    "neuroticism": 0.7066068959738573,
    "melancholy": 0.8424525535213038,
    "self_conscious": 0.8669927521052411,
    "authority_challenging": 0.22758599019648915,
    "achievement_striving": 0.7967133101512421,
    "orderliness": 0.21621140391302526,
    "self_efficacy": 0.24401943944027812,
    "stress_prone": 0.7585361766307762,
    "agreeableness": 0.3899409275629477,
    "cooperative": 0.10541916293099832,
    "trusting": 0.09083958272235951,
    "excitement_seeking": 0.22106079014621471,
    "outgoing": 0,
    "gregariousness": 0.22700992919686622,
    "altruism": 0.1953265742176044,
    "modesty": 0.27612174787381116,
    "uncompromising": 0.8086325359252586,
    "sympathy": 0.8327852025639951,
    "fiery": 0.9866772801541748,
    "prone_to_worry": 0.8515333696426327,
    "immoderation": 1
}