{
    "id": "1",
    "extraversion": 0.2993684907438059,
    "active": 0.7656667770110259,
    "assertive": 1,
    "cheerful": 0.19632807924422602,
    "openness": 0.6499707163046522,
    "adventurous": 0.1856586285044944,
    "artistic": 0.7653484759746377,
    "emotionally_aware": 0.9215578925924983,
    "imaginative": 0.8704642102314686,
    "intellectual": 0.7835552952560413,
    "conscientiousness": 0.6721372004787247,
    "cautious": 0.7745537419469837,
    "disciplined": 0.9093351327951924,
    "dutiful": 0.8720047872475872,
    "neuroticism": 0.6641669425275648,
    "melancholy": 0.8669247027068321,
    "self_conscious": 0.8475210715286089,
    "authority_challenging": 0.9080746606910951,
    "achievement_striving": 0.8157800921799802,
    "orderliness": 0.13614371928395003,
    "self_efficacy": 0.8266532555830002,
    "stress_prone": 0.9736828703114258,
    "agreeableness": 0.28387359629242953,
    "cooperative": 0.8090957704158285,
    "trusting": 0,
    "excitement_seeking": 0.1812151460365155,
    "outgoing": 0.12089073362022872,
    "gregariousness": 0.777965929057065,
    "altruism": 0.8420590257441878,
    "modesty": 0.1725446258053016,
    "uncompromising": 0.8424155229049427,
    "sympathy": 0.160691095210206,
    "fiery": 0.8850678617809579,
    "prone_to_worry": 0.810292582312648,
    "immoderation": 0.10510300221537523
}