{
    "id": "1",
    "extraversion": 0.6256828540335527,
    "active": 1,
    "assertive": 0.8371709640228857,
    "cheerful": 0.20997963559568578,
    "openness": 0.7971963925912359,
    "adventurous": 0.22089452531543277,
    "artistic": 0.14965143466689648,
    "emotionally_aware": 0.7825210917044684,
    "imaginative": 0.12959950004848667,
    "intellectual": 0.8926935965261991,
    "conscientiousness": 0.32222090530013253,
    "cautious": 0.7319225506147032,
    "disciplined": 0.02188365352498141,
    "dutiful": 0.003178571043756541,
    "neuroticism": 0.6961717074852655,
    "melancholy": 0.8031871908974346,
    "self_conscious": 0.8302535314463036,
    "authority_challenging": 0.8409529248241012,
    "achievement_striving": 0.9160641748106326,
    "orderliness": 0.15689211175640289,
    "self_efficacy": 0.14572940124341388,
    "stress_prone": 0.7455203697917229,
    "agreeableness": 0.191209904211876,
    "cooperative": 0.7627493023305929,
    "trusting": 0.12402891960908963,
    "excitement_seeking": 0.1849281858440453,
    "outgoing": 0.7985971188139082,
    "gregariousness": 0.2129965843829801,
    "altruism": 0.16651402342445237,
    "modesty": 0,
    "uncompromising": 0.8193817409949465,
    "sympathy": 0.08020773847363942,
    "fiery": 0.8093396114600954,
    "prone_to_worry": 0.11273691129093084,
    "immoderation": 0.9342843905224709
}