{
    "id": "1",
    "extraversion": 0.26375549579544966,
    "active": 1,
    "assertive": 0.9544329192811712,
    "cheerful": 0.7177615571776155,
    "openness": 0.6174712938062918,
    "adventurous": 0.6361676697827293,
    "artistic": 0.8776518546975711,
    "emotionally_aware": 0.8481132880863961,
    "imaginative": 0.9041917445682331,
    "intellectual": 0.7485700260383319,
    "conscientiousness": 0.23207196824177231,
    "cautious": 0.5860865667819183,
    "disciplined": 0.860310752550476,
    "dutiful": 0.7663059717420071,
    "neuroticism": 0.5922226490801212,
    "melancholy": 0.7221581935373714,
    "self_conscious": 0.772367353907884,
    "authority_challenging": 0.7510351304050881,
    "achievement_striving": 0.7485593545908567,
    "orderliness": 0.06109403679515086,
    "self_efficacy": 0.6575852648653262,
    "stress_prone": 0.7427327442694326,
    "agreeableness": 0.24764161010799504,
    "cooperative": 0.7237482392111666,
    "trusting": 0.06583215947411103,
    "excitement_seeking": 0.6836449395996073,
    "outgoing": 0.7044649336235966,
    "gregariousness": 0.16264353096854056,
    "altruism": 0.08654543902334913,
    "modesty": 0.1403081914030819,
    "uncompromising": 0.13734152900499422,
    "sympathy": 0,
    "fiery": 0.7247833696162548,
    "prone_to_worry": 0.0547658684423955,
    "immoderation": 0.7592948307508429
}