{
    "id": "1",
    "extraversion": 0.34563333366576576,
    "active": 0.13880384158929304,
    "assertive": 0.20921303268143335,
    "cheerful": 0.23116354678820397,
    "openness": 0.7263815061184191,
    "adventurous": 0.33782449561687833,
    "artistic": 0.34895433375552254,
    "emotionally_aware": 0.42100906543267747,
    "imaginative": 0.8640683747045507,
    "intellectual": 0.8969592404583578,
    "conscientiousness": 0.3980911729213831,
    "cautious": 0.3220572249204655,
    "disciplined": 0.1406687875856429,
    "dutiful": 0.16916157213950195,
    "neuroticism": 0.7944470484985688,
    "melancholy": 1,
    "self_conscious": 0.9038904568619042,
    "authority_challenging": 0.8639287530791555,
    "achievement_striving": 0.2107488705607803,
    "orderliness": 0.21501730310857578,
    "self_efficacy": 0.2599555205393384,
    "stress_prone": 0.8827776725075047,
    "agreeableness": 0.3458527390771011,
    "cooperative": 0.23691795234913385,
    "trusting": 0,
    "excitement_seeking": 0.7603195340626901,
    "outgoing": 0.3024902514186555,
    "gregariousness": 0.21422943822241725,
    "altruism": 0.33844281995791403,
    "modesty": 0.11640454368660928,
    "uncompromising": 0.24654187152815868,
    "sympathy": 0.8048887514834797,
    "fiery": 0.3150163058112515,
    "prone_to_worry": 0.9550817285157224,
    "immoderation": 0.942236538979366
}