{
    "id": "1",
    "extraversion": 0.6849382440060359,
    "active": 0.7559604314536412,
    "assertive": 0,
    "cheerful": 0.7797686246017996,
    "openness": 0.22347286648409995,
    "adventurous": 0.70368300452691,
    "artistic": 0.17785726261666576,
    "emotionally_aware": 0.8187000502989997,
    "imaginative": 0.13657855027105575,
    "intellectual": 0.7775666461744817,
    "conscientiousness": 0.25663667355949255,
    "cautious": 0.7065891689487509,
    "disciplined": 0.007969597049125384,
    "dutiful": 0.04884591739786511,
    "neuroticism": 0.5572458503325323,
    "melancholy": 0.7146705415525626,
    "self_conscious": 0.8027496786452804,
    "authority_challenging": 0.8154250265466942,
    "achievement_striving": 0.7050354887386129,
    "orderliness": 0.12063935617280504,
    "self_efficacy": 0.14633655619516017,
    "stress_prone": 0.16824456491365342,
    "agreeableness": 0.6899234337450401,
    "cooperative": 0.8249818364723636,
    "trusting": 0.9605432291957751,
    "excitement_seeking": 0.01265299279047672,
    "outgoing": 1,
    "gregariousness": 0.7902867042977701,
    "altruism": 0.6656904934890739,
    "modesty": 0.15027105572011404,
    "uncompromising": 0.7875034929860839,
    "sympathy": 0.8608059017492875,
    "fiery": 0.7062426647292237,
    "prone_to_worry": 0.7847761694517409,
    "immoderation": 0.8127312356787572
}