{
    "id": "1",
    "extraversion": 0.20689875031879623,
    "active": 0.6604911283564688,
    "assertive": 0.0550970962218093,
    "cheerful": 0.6098936131453346,
    "openness": 0.5332003497650016,
    "adventurous": 0.757159252377309,
    "artistic": 0.6244853718074834,
    "emotionally_aware": 0.5921321091558276,
    "imaginative": 0.8327959339818559,
    "intellectual": 0.7267187670783692,
    "conscientiousness": 0.20525011841002658,
    "cautious": 0.13896782890662002,
    "disciplined": 0,
    "dutiful": 0.09160381826793457,
    "neuroticism": 0.5438663606222902,
    "melancholy": 0.7739825846176267,
    "self_conscious": 0.8210277990308594,
    "authority_challenging": 0.69362771887638,
    "achievement_striving": 0.1625951834444566,
    "orderliness": 0.16075527380041532,
    "self_efficacy": 0.17692279666265892,
    "stress_prone": 0.6362443982948957,
    "agreeableness": 0.5331821328378329,
    "cooperative": 0.19309031952490252,
    "trusting": 0.7026542062884833,
    "excitement_seeking": 0.6169071301052939,
    "outgoing": 0.7108791489051627,
    "gregariousness": 0.1454257295879331,
    "altruism": 0.60002914708347,
    "modesty": 0.15038073377782632,
    "uncompromising": 0.6429846613473239,
    "sympathy": 0.7861879258206727,
    "fiery": 0.16593798957991762,
    "prone_to_worry": 0.16732247604474076,
    "immoderation": 1
}