{
    "id": "1",
    "extraversion": 0.5640783638162958,
    "active": 0.6607319576292929,
    "assertive": 0.086748158193747,
    "cheerful": 0.07035516622072349,
    "openness": 0.3232415790052413,
    "adventurous": 0.2388025510391086,
    "artistic": 0.1256001905948759,
    "emotionally_aware": 0.697705530916688,
    "imaginative": 0.0864457720925118,
    "intellectual": 0.22383902063556058,
    "conscientiousness": 0.3215555474104753,
    "cautious": 0.18249459370303847,
    "disciplined": 0.09871531723050983,
    "dutiful": 0.08171755305501592,
    "neuroticism": 0.2566341677967965,
    "melancholy": 0.7886412784517831,
    "self_conscious": 0.6901000623098632,
    "authority_challenging": 0.8021112047795329,
    "achievement_striving": 0.20538430524502432,
    "orderliness": 0.11695927867170029,
    "self_efficacy": 0.18367664846241244,
    "stress_prone": 0.6469596452003078,
    "agreeableness": 0.3099915698420261,
    "cooperative": 0.14484294249166146,
    "trusting": 1,
    "excitement_seeking": 0.24168896382362642,
    "outgoing": 0.12798262654400172,
    "gregariousness": 0.6513946413517574,
    "altruism": 0.1865447348165524,
    "modesty": 0,
    "uncompromising": 0.13229850089799502,
    "sympathy": 0.6495436718835904,
    "fiery": 0.7001154565113806,
    "prone_to_worry": 0.7509529743796503,
    "immoderation": 0.8378294175860425
}