{
    "id": "1",
    "extraversion": 0.18198762029016788,
    "active": 0.6879469497062027,
    "assertive": 0.7305598336292561,
    "cheerful": 0.08983627784698993,
    "openness": 0.21353528021110252,
    "adventurous": 0.01241894821514406,
    "artistic": 0.6924691733453665,
    "emotionally_aware": 0.7537006699953895,
    "imaginative": 0.7462846156109907,
    "intellectual": 0.7069383270715415,
    "conscientiousness": 0.6433623370380908,
    "cautious": 0.8015911164300921,
    "disciplined": 0.7737809124885964,
    "dutiful": 0.7373186450986355,
    "neuroticism": 0.618848157267439,
    "melancholy": 0.7133243739025515,
    "self_conscious": 0.7625783541460257,
    "authority_challenging": 0.9602711372264349,
    "achievement_striving": 0.73722054914117,
    "orderliness": 0.7850423284056465,
    "self_efficacy": 0.7795391451918267,
    "stress_prone": 0.7659724742743352,
    "agreeableness": 0.28477256452261607,
    "cooperative": 0.20461835767748013,
    "trusting": 0,
    "excitement_seeking": 0.07235557822662128,
    "outgoing": 0.7635789329121747,
    "gregariousness": 0.21385899687073898,
    "altruism": 0.2103177328062311,
    "modesty": 0.19049253980243477,
    "uncompromising": 0.7837572713628471,
    "sympathy": 0.10153912557263516,
    "fiery": 1,
    "prone_to_worry": 0.7575362219322943,
    "immoderation": 0.7523861841653506
}