{
    "id": "1",
    "extraversion": 0.7692245538703051,
    "active": 0.9334672299559065,
    "assertive": 0,
    "cheerful": 0.7657155389339059,
    "openness": 0.3326176789713046,
    "adventurous": 0.813722095251287,
    "artistic": 0.1659048410554748,
    "emotionally_aware": 0.679837015490454,
    "imaginative": 1,
    "intellectual": 0.8014636285984716,
    "conscientiousness": 0.34001662164969876,
    "cautious": 0.25836276750467485,
    "disciplined": 0.06518226100607154,
    "dutiful": 0.09114204584805045,
    "neuroticism": 0.211637463351571,
    "melancholy": 0.09957984163261538,
    "self_conscious": 0.8624673915552785,
    "authority_challenging": 0.8871228386083986,
    "achievement_striving": 0.07170394995036591,
    "orderliness": 0.7534109010319274,
    "self_efficacy": 0.7866426576171018,
    "stress_prone": 0.87422951727959,
    "agreeableness": 0.6815684373340721,
    "cooperative": 0.8870420389223631,
    "trusting": 0.9748366692060855,
    "excitement_seeking": 0.7807327377242191,
    "outgoing": 0.9630976291063555,
    "gregariousness": 0.8742641457164624,
    "altruism": 0.8735254057298519,
    "modesty": 0.2320105270448092,
    "uncompromising": 0.779174458064963,
    "sympathy": 0.8954221206454742,
    "fiery": 0.1780825080222546,
    "prone_to_worry": 0.17014105316619343,
    "immoderation": 0.06498603319712817
}