{
    "id": "1",
    "extraversion": 0.27714035337993437,
    "active": 0.8720475249138967,
    "assertive": 0.09869775214493876,
    "cheerful": 0.10082740630540665,
    "openness": 0.3272738388799446,
    "adventurous": 0.6744482259675151,
    "artistic": 0.2140760969247386,
    "emotionally_aware": 0.7470500723471031,
    "imaginative": 0.7606227964702765,
    "intellectual": 0.8393384825449876,
    "conscientiousness": 0.5996759664961584,
    "cautious": 0.6331798080254335,
    "disciplined": 0.8236462939941716,
    "dutiful": 0.08076382237257738,
    "neuroticism": 0.717571175283784,
    "melancholy": 0.8295155801014897,
    "self_conscious": 1,
    "authority_challenging": 0.8573029815158246,
    "achievement_striving": 0.17806558112046303,
    "orderliness": 0.08642931382339156,
    "self_efficacy": 0.18087794738021967,
    "stress_prone": 0.7825307220444679,
    "agreeableness": 0.2745012125782062,
    "cooperative": 0.18011371741832932,
    "trusting": 0.07851189141820702,
    "excitement_seeking": 0.1785852574945485,
    "outgoing": 0.18447492306751714,
    "gregariousness": 0.1853308606248344,
    "altruism": 0.7313273145978113,
    "modesty": 0,
    "uncompromising": 0.7769671279219058,
    "sympathy": 0.18303817073916323,
    "fiery": 0.7724836454788155,
    "prone_to_worry": 0.8780798467464183,
    "immoderation": 0.7917320507856285
}