{
    "id": "1",
    "extraversion": 0.3300241084425036,
    "active": 0.23362445414847166,
    "assertive": 0,
    "cheerful": 0.2847298034934498,
    "openness": 0.6931290938864629,
    "adventurous": 0.9083538027656478,
    "artistic": 0.7646697598253276,
    "emotionally_aware": 0.7360352983988356,
    "imaginative": 0.989935862445415,
    "intellectual": 0.9037936681222707,
    "conscientiousness": 0.7075714155749636,
    "cautious": 0.29347479985443964,
    "disciplined": 0.008756368267831133,
    "dutiful": 0.13379048398835516,
    "neuroticism": 0.6981327328966521,
    "melancholy": 0.9688182314410481,
    "self_conscious": 0.8995974344978166,
    "authority_challenging": 0.9673171397379913,
    "achievement_striving": 0.18631732168850074,
    "orderliness": 0.24417758369723433,
    "self_efficacy": 0.2414255822416303,
    "stress_prone": 0.9181336426491994,
    "agreeableness": 0.6807337154294032,
    "cooperative": 0.27653065866084425,
    "trusting": 0.0702897561863173,
    "excitement_seeking": 0.8160139192139739,
    "outgoing": 0.8661299126637555,
    "gregariousness": 0.24902201601164486,
    "altruism": 0.8490606804949055,
    "modesty": 0.19393649927219794,
    "uncompromising": 0.8510393922852985,
    "sympathy": 0.9700805131004367,
    "fiery": 0.19300400291120814,
    "prone_to_worry": 0.9000295669577876,
    "immoderation": 1
}