{
    "id": "1",
    "extraversion": 0.334953121426938,
    "active": 0.9614452321061056,
    "assertive": 0.8649096729933684,
    "cheerful": 0.263686256574434,
    "openness": 0.36779099016693345,
    "adventurous": 0.7356963183169448,
    "artistic": 0.7235650583123714,
    "emotionally_aware": 0.7595472215870112,
    "imaginative": 1,
    "intellectual": 0.7522753258632517,
    "conscientiousness": 0.35431054196203976,
    "cautious": 0.7362908758289504,
    "disciplined": 0,
    "dutiful": 0.8411959753029956,
    "neuroticism": 0.6671506974616966,
    "melancholy": 0.16576720786645321,
    "self_conscious": 0.7984450034301395,
    "authority_challenging": 0.12541733363823462,
    "achievement_striving": 0.9001143379830778,
    "orderliness": 0.7739766750514521,
    "self_efficacy": 0.9013148868053966,
    "stress_prone": 0.8194488909215641,
    "agreeableness": 0.32650354447747537,
    "cooperative": 0.9193459867367939,
    "trusting": 0.9404870798079121,
    "excitement_seeking": 0.7821175394466041,
    "outgoing": 0.8921449805625429,
    "gregariousness": 0.7471529842213582,
    "altruism": 0.794568945803796,
    "modesty": 0.05608278069974843,
    "uncompromising": 0.7627143837182713,
    "sympathy": 0.17661788246055338,
    "fiery": 0.8090327006631602,
    "prone_to_worry": 0.8121769951978045,
    "immoderation": 0.8521152526869425
}