{
    "id": "1",
    "extraversion": 0.32220026702269694,
    "active": 1,
    "assertive": 0.03456341789052069,
    "cheerful": 0.15431775700934577,
    "openness": 0.3381041388518024,
    "adventurous": 0.23746862483311082,
    "artistic": 0.22549532710280373,
    "emotionally_aware": 0.7213671562082776,
    "imaginative": 0.8659439252336448,
    "intellectual": 0.7823444592790386,
    "conscientiousness": 0.3474606141522029,
    "cautious": 0.22999198931909212,
    "disciplined": 0,
    "dutiful": 0.12872630173564753,
    "neuroticism": 0.6787716955941254,
    "melancholy": 0.7993377837116156,
    "self_conscious": 0.8821255006675567,
    "authority_challenging": 0.816,
    "achievement_striving": 0.8610413885180239,
    "orderliness": 0.24981575433911885,
    "self_efficacy": 0.7462002670226969,
    "stress_prone": 0.95603738317757,
    "agreeableness": 0.3556421895861148,
    "cooperative": 0.20185847797062748,
    "trusting": 0.056630173564753014,
    "excitement_seeking": 0.7706381842456609,
    "outgoing": 0.8313271028037382,
    "gregariousness": 0.18787716955941255,
    "altruism": 0.7744299065420561,
    "modesty": 0.07531108144192258,
    "uncompromising": 0.22805874499332443,
    "sympathy": 0.7798237650200267,
    "fiery": 0.14411748998664886,
    "prone_to_worry": 0.8734739652870493,
    "immoderation": 0.8947076101468625
}