{
    "id": "1",
    "extraversion": 0.3813123561013047,
    "active": 0.8853607060629317,
    "assertive": 0,
    "cheerful": 0.7886415963161935,
    "openness": 0.3617613200306984,
    "adventurous": 0.27894282425172684,
    "artistic": 0.23652148887183422,
    "emotionally_aware": 0.8077705295471987,
    "imaginative": 0.966836147352264,
    "intellectual": 0.8439370683039141,
    "conscientiousness": 0.7412125863392172,
    "cautious": 0.864668073676132,
    "disciplined": 0.2362240982348427,
    "dutiful": 0.172611281657713,
    "neuroticism": 0.8681600153491942,
    "melancholy": 0.8914907904834996,
    "self_conscious": 0.9402532617037606,
    "authority_challenging": 0.9179393706830392,
    "achievement_striving": 0.8541442824251727,
    "orderliness": 0.8979566385264774,
    "self_efficacy": 0.3173541826554106,
    "stress_prone": 0.9367613200306985,
    "agreeableness": 0.417411742133538,
    "cooperative": 0.8873944742900998,
    "trusting": 0.18743284727551804,
    "excitement_seeking": 0.1863584036838066,
    "outgoing": 0.9132866462010745,
    "gregariousness": 0.3554585571757483,
    "altruism": 0.30832693783576365,
    "modesty": 0.27600729086722947,
    "uncompromising": 0.8219781273983116,
    "sympathy": 0.8103319263238681,
    "fiery": 0.1424405218726017,
    "prone_to_worry": 0.9884785111281659,
    "immoderation": 1
}