{
    "id": "1",
    "extraversion": 0.7115876808869374,
    "active": 0.8970293907157846,
    "assertive": 0.07320386700792077,
    "cheerful": 0.7649955725913077,
    "openness": 0.6519692871265511,
    "adventurous": 0.7462791572154632,
    "artistic": 0.20837932582089008,
    "emotionally_aware": 0.2538300117659902,
    "imaginative": 0.9411093994493032,
    "intellectual": 0.8396065064712946,
    "conscientiousness": 0.2973156560449291,
    "cautious": 0.19228296599992722,
    "disciplined": 0.02839606506471293,
    "dutiful": 0,
    "neuroticism": 0.6965223614463677,
    "melancholy": 0.21899297679552648,
    "self_conscious": 0.8565640882570565,
    "authority_challenging": 0.9148239346926892,
    "achievement_striving": 0.8804478354216956,
    "orderliness": 0.23280891789279606,
    "self_efficacy": 0.7960844725318713,
    "stress_prone": 0.8588808966412343,
    "agreeableness": 0.3787314564355115,
    "cooperative": 0.15475309615361285,
    "trusting": 0.9292463701313667,
    "excitement_seeking": 0.9337950776919252,
    "outgoing": 1,
    "gregariousness": 0.8600574956635655,
    "altruism": 0.7881879162067418,
    "modesty": 0.08732305527589428,
    "uncompromising": 0.1009327882970852,
    "sympathy": 0.7889399691900874,
    "fiery": 0.9350687158088815,
    "prone_to_worry": 0.8459746970560765,
    "immoderation": 0.9413398672990381
}