{
    "id": "1",
    "extraversion": 0.2823195193581204,
    "active": 0.8891490872794977,
    "assertive": 0.07153962800161237,
    "cheerful": 0.6254486822657734,
    "openness": 0.2689214350154519,
    "adventurous": 0.21444612933566232,
    "artistic": 0.6471006008023493,
    "emotionally_aware": 0.6813924026335489,
    "imaginative": 0.9515807052229494,
    "intellectual": 0.6861431560358562,
    "conscientiousness": 0.5528629287674913,
    "cautious": 0.6480891414092942,
    "disciplined": 0.8654912950841699,
    "dutiful": 0.7026508244236712,
    "neuroticism": 0.6680806956254678,
    "melancholy": 0.7268652705530068,
    "self_conscious": 0.7558496650478913,
    "authority_challenging": 0.7074207727892201,
    "achievement_striving": 0.7736913833810009,
    "orderliness": 0.10339366950112289,
    "self_efficacy": 0.7257711576482331,
    "stress_prone": 1,
    "agreeableness": 0.22949498051711228,
    "cooperative": 0.13486381173580056,
    "trusting": 0,
    "excitement_seeking": 0.7112021805478242,
    "outgoing": 0.6820642263470065,
    "gregariousness": 0.24222124114632324,
    "altruism": 0.6966619958922778,
    "modesty": 0.08869032765802252,
    "uncompromising": 0.6481275313357775,
    "sympathy": 0.7063074649212046,
    "fiery": 0.6904140353571223,
    "prone_to_worry": 0.7991822945659058,
    "immoderation": 0.7677121523312282
}