{
    "id": "1",
    "extraversion": 0.3411494467311078,
    "active": 0.15099751641150613,
    "assertive": 0.034467077877406375,
    "cheerful": 0.09251075638678687,
    "openness": 0.35013933747653425,
    "adventurous": 0.3251285519396476,
    "artistic": 0.13375231743292565,
    "emotionally_aware": 0.8697923346897846,
    "imaginative": 0,
    "intellectual": 0.9019857047911105,
    "conscientiousness": 0.3435980551053485,
    "cautious": 0.7771999580238564,
    "disciplined": 0.12632487203106232,
    "dutiful": 0.1130091064911442,
    "neuroticism": 0.6844326807597683,
    "melancholy": 0.9781374252299944,
    "self_conscious": 0.8775112810885813,
    "authority_challenging": 0.9072677028555438,
    "achievement_striving": 0.0512108951412614,
    "orderliness": 0.19200587666009822,
    "self_efficacy": 0.2277089187645022,
    "stress_prone": 0.8055221948859065,
    "agreeableness": 0.751256369296783,
    "cooperative": 0.1839604491447361,
    "trusting": 0.0566561337639775,
    "excitement_seeking": 0.2648811258934506,
    "outgoing": 0.17162412695451423,
    "gregariousness": 0.769317771066777,
    "altruism": 0.8058136958828399,
    "modesty": 0.16585240721523273,
    "uncompromising": 0.8728939052971562,
    "sympathy": 0.857152851462752,
    "fiery": 0.1962034910159393,
    "prone_to_worry": 1,
    "immoderation": 0.9051688956776232
}