{
    "id": "1",
    "extraversion": 0.3672327194451088,
    "active": 0.883197799569481,
    "assertive": 0.12178904568285104,
    "cheerful": 0.8139320736665869,
    "openness": 0.6941042812724229,
    "adventurous": 0.7287491030853863,
    "artistic": 0.2608825639799091,
    "emotionally_aware": 0.8443793350872996,
    "imaginative": 0.9372877302080841,
    "intellectual": 0.9122339153312604,
    "conscientiousness": 0.3163716814159292,
    "cautious": 0.30454436737622576,
    "disciplined": 0.18848361635972258,
    "dutiful": 0.10589571872757715,
    "neuroticism": 0.7095192537670414,
    "melancholy": 0,
    "self_conscious": 0.9242645300167422,
    "authority_challenging": 0.8951088256397991,
    "achievement_striving": 0.8397034202343936,
    "orderliness": 0.9155704376943316,
    "self_efficacy": 0.8602607031810571,
    "stress_prone": 0.8530614685481942,
    "agreeableness": 0.6462688352068884,
    "cooperative": 0.9438531451805787,
    "trusting": 0.9707486247309256,
    "excitement_seeking": 0.8848122458741928,
    "outgoing": 1,
    "gregariousness": 0.2923343697679981,
    "altruism": 0.8837718249222672,
    "modesty": 0.20483138005261903,
    "uncompromising": 0.22669217890456828,
    "sympathy": 0.8387945467591486,
    "fiery": 0.13407079646017703,
    "prone_to_worry": 0.8454317149007413,
    "immoderation": 0.1662999282468309
}