{
    "id": "1",
    "extraversion": 0.3424758992247136,
    "active": 0.9375111992450215,
    "assertive": 0,
    "cheerful": 0.19453835218788448,
    "openness": 0.7049730620826414,
    "adventurous": 0.003368732902485987,
    "artistic": 0.16954761023043566,
    "emotionally_aware": 0.7540824981185268,
    "imaginative": 0.9005268124858143,
    "intellectual": 0.9795964688033831,
    "conscientiousness": 0.3500734670473415,
    "cautious": 0.7981507806620396,
    "disciplined": 0.02717683458565779,
    "dutiful": 1,
    "neuroticism": 0.775071376521604,
    "melancholy": 0.8650476042575049,
    "self_conscious": 0.8948764200642686,
    "authority_challenging": 0.8747834812629164,
    "achievement_striving": 0.19511175353298854,
    "orderliness": 0.19977063946195844,
    "self_efficacy": 0.8452413661287046,
    "stress_prone": 0.999856649663724,
    "agreeableness": 0.21846591248461972,
    "cooperative": 0.19760843855646212,
    "trusting": 0.08811267336431292,
    "excitement_seeking": 0.11520588692047642,
    "outgoing": 0.1591308191277132,
    "gregariousness": 0.16150804553762355,
    "altruism": 0.21317389590376418,
    "modesty": 0.8341436609286712,
    "uncompromising": 0.16743319277036472,
    "sympathy": 0.2283809774103762,
    "fiery": 0.964532737633047,
    "prone_to_worry": 0.9009927010787112,
    "immoderation": 0.936591367920584
}