{
    "id": "1",
    "extraversion": 0.24575545103250515,
    "active": 1,
    "assertive": 0.817969610603067,
    "cheerful": 0.6926177195712613,
    "openness": 0.7103302967250092,
    "adventurous": 0.0014337920302145224,
    "artistic": 0.7213547586158662,
    "emotionally_aware": 0.715846898987603,
    "imaginative": 0.9376300466856675,
    "intellectual": 0.8468203038939695,
    "conscientiousness": 0.2752618418982008,
    "cautious": 0.1455998321414209,
    "disciplined": 0.9997114930670911,
    "dutiful": 0,
    "neuroticism": 0.8103023202951515,
    "melancholy": 0.8169554650207201,
    "self_conscious": 0.9873843786609782,
    "authority_challenging": 0.8111328705565563,
    "achievement_striving": 0.16428284170586285,
    "orderliness": 0.23804444755293666,
    "self_efficacy": 0.21976359916770122,
    "stress_prone": 0.7280953296847408,
    "agreeableness": 0.27284887482296166,
    "cooperative": 0.6626654543547063,
    "trusting": 0.796419016978196,
    "excitement_seeking": 0.2536762777360074,
    "outgoing": 0.6850291129723209,
    "gregariousness": 0.13556328792991904,
    "altruism": 0.08172614572222904,
    "modesty": 0.15638824290535225,
    "uncompromising": 0.18922557745099758,
    "sympathy": 0.6782623140004547,
    "fiery": 0.19269640328023643,
    "prone_to_worry": 0.6700704656327046,
    "immoderation": 0.9764560857477578
}