{
    "id": "1",
    "extraversion": 0.3952160934257924,
    "active": 0.3186057095253889,
    "assertive": 0.25104324953911894,
    "cheerful": 0.23360304837129658,
    "openness": 0.3002630300131901,
    "adventurous": 0.6986570813696074,
    "artistic": 0.2884768171054357,
    "emotionally_aware": 0.7880718588739847,
    "imaginative": 0.20780142391027667,
    "intellectual": 0.33451863964888195,
    "conscientiousness": 0.39768441026511264,
    "cautious": 0.37209105003741044,
    "disciplined": 0.2860085002661154,
    "dutiful": 0.22698487384586902,
    "neuroticism": 0.786004643521054,
    "melancholy": 0.8448971406092115,
    "self_conscious": 0.7661732604151401,
    "authority_challenging": 0.8964309681201454,
    "achievement_striving": 0.33425638098470417,
    "orderliness": 0.25092754718727583,
    "self_efficacy": 0.2881297100499063,
    "stress_prone": 0.7467506922857385,
    "agreeableness": 0.325254738011308,
    "cooperative": 0.11402852448647441,
    "trusting": 0.25146749149587716,
    "excitement_seeking": 0.7476840245906065,
    "outgoing": 0,
    "gregariousness": 0.3908656849964904,
    "altruism": 0.08689246623419701,
    "modesty": 0.18151384957151562,
    "uncompromising": 0.29744760611834037,
    "sympathy": 0.2828922502564736,
    "fiery": 1,
    "prone_to_worry": 0.8197434493185132,
    "immoderation": 0.8501346004026441
}