{
    "id": "1",
    "extraversion": 0.24362058499516628,
    "active": 0.8938487825715506,
    "assertive": 0,
    "cheerful": 0.07984666921468563,
    "openness": 0.6488342813462532,
    "adventurous": 0.144214123518964,
    "artistic": 0.6940129049663887,
    "emotionally_aware": 0.8990534859147012,
    "imaginative": 0.9571370759234695,
    "intellectual": 0.8089098226129183,
    "conscientiousness": 0.6410440882214078,
    "cautious": 0.8062906090514624,
    "disciplined": 1,
    "dutiful": 0.08265698419478859,
    "neuroticism": 0.6399087209694463,
    "melancholy": 0.8992895523730299,
    "self_conscious": 0.9636345241574674,
    "authority_challenging": 0.811899997751748,
    "achievement_striving": 0.7470154454911306,
    "orderliness": 0.16358281436183372,
    "self_efficacy": 0.7540524742013085,
    "stress_prone": 0.8356527799635782,
    "agreeableness": 0.24231659884439846,
    "cooperative": 0.8086175498549878,
    "trusting": 0.029665684929966976,
    "excitement_seeking": 0.03611816812428336,
    "outgoing": 0.15049798781447424,
    "gregariousness": 0.10155354212100096,
    "altruism": 0.09583174082151126,
    "modesty": 0.03490411205287891,
    "uncompromising": 0.1685739337664966,
    "sympathy": 0.7182153375750353,
    "fiery": 0.17301423143505926,
    "prone_to_worry": 0.7936779154207603,
    "immoderation": 0.8022437554801142
}