{
    "id": "1",
    "extraversion": 0.2464199574128831,
    "active": 0.7816451544539867,
    "assertive": 0.1292448355551967,
    "cheerful": 0.6699700275504334,
    "openness": 0.3151042980694513,
    "adventurous": 0.114490720650715,
    "artistic": 0.127266855718481,
    "emotionally_aware": 0.7939267945625739,
    "imaginative": 0.7784359830862542,
    "intellectual": 0.8234148409038158,
    "conscientiousness": 0.26220342917116585,
    "cautious": 0.20923191813585493,
    "disciplined": 0.7498965597279269,
    "dutiful": 0,
    "neuroticism": 0.6196223673189292,
    "melancholy": 0.8235561251778668,
    "self_conscious": 1,
    "authority_challenging": 0.7974084427445479,
    "achievement_striving": 0.10848613900354219,
    "orderliness": 0.21138145744820416,
    "self_efficacy": 0.13966959663339756,
    "stress_prone": 0.7313075859563432,
    "agreeableness": 0.3135804462564713,
    "cooperative": 0.03937794552482062,
    "trusting": 0.036824736858039546,
    "excitement_seeking": 0.19856495544499497,
    "outgoing": 0.8197515415123473,
    "gregariousness": 0.13824666215902554,
    "altruism": 0.11071641218677779,
    "modesty": 0.12565217830075381,
    "uncompromising": 0.7793038721982823,
    "sympathy": 0.7036057765084619,
    "fiery": 0.1726392911566136,
    "prone_to_worry": 0.7724314014390812,
    "immoderation": 0.7668405808802011
}