{
    "id": "1",
    "extraversion": 0.7240232298170516,
    "active": 0.8422262816842526,
    "assertive": 0.25118375730475956,
    "cheerful": 0.3422035608146795,
    "openness": 0.4567258318110351,
    "adventurous": 0.20027992111314083,
    "artistic": 0.24517635938962654,
    "emotionally_aware": 0.7564141014804919,
    "imaginative": 0.1809035635411838,
    "intellectual": 0.8334196726377112,
    "conscientiousness": 0.37417636847797436,
    "cautious": 0.7618943752215285,
    "disciplined": 0,
    "dutiful": 0.21048613572538646,
    "neuroticism": 0.811689432977979,
    "melancholy": 1,
    "self_conscious": 0.8484790649907753,
    "authority_challenging": 0.9324008688460526,
    "achievement_striving": 0.8727631303905263,
    "orderliness": 0.267279221310358,
    "self_efficacy": 0.14425025674582617,
    "stress_prone": 0.9064354590978907,
    "agreeableness": 0.4149466968399814,
    "cooperative": 0.22480028355645226,
    "trusting": 0.07845970680989896,
    "excitement_seeking": 0.7918859230580473,
    "outgoing": 0.22557279312193837,
    "gregariousness": 0.8018558406267325,
    "altruism": 0.36525161090965275,
    "modesty": 0.28720087975206987,
    "uncompromising": 0.3098490425425562,
    "sympathy": 0.33826830620461507,
    "fiery": 0.9474966145904337,
    "prone_to_worry": 0.9316101825849078,
    "immoderation": 0.9304377857149349
}