{
    "id": "1",
    "extraversion": 0.28724576184744693,
    "active": 0.8942348885126175,
    "assertive": 0.1579285583141231,
    "cheerful": 0.16661906607641938,
    "openness": 0.75026010322528,
    "adventurous": 0.16485444419510806,
    "artistic": 0.7941614476019503,
    "emotionally_aware": 0.9237336542973132,
    "imaginative": 0.9074134519268039,
    "intellectual": 0.8981517370815398,
    "conscientiousness": 0.7084599849038129,
    "cautious": 0.775709418796793,
    "disciplined": 1,
    "dutiful": 0.2117954262632857,
    "neuroticism": 0.7189049144209388,
    "melancholy": 0.8934800791529814,
    "self_conscious": 0.9197556049695016,
    "authority_challenging": 0.9771415165548052,
    "achievement_striving": 0.8514657581754013,
    "orderliness": 0.2433648177237398,
    "self_efficacy": 0.8722026153124298,
    "stress_prone": 0.9036496052551052,
    "agreeableness": 0.33010669332299725,
    "cooperative": 0.1404863420306412,
    "trusting": 0.09490197678451213,
    "excitement_seeking": 0,
    "outgoing": 0.26047042983332996,
    "gregariousness": 0.2902955996654359,
    "altruism": 0.7581244007425691,
    "modesty": 0.1437095819988168,
    "uncompromising": 0.9057202309308635,
    "sympathy": 0.7811868867173952,
    "fiery": 0.8861563883392154,
    "prone_to_worry": 0.9972255655970134,
    "immoderation": 0.14265896897121527
}