{
    "id": "1",
    "extraversion": 0.25960652051714445,
    "active": 0.8541202922990444,
    "assertive": 0.8548510399100618,
    "cheerful": 0.11750421585160203,
    "openness": 0.6932546374367623,
    "adventurous": 0.1734345137717819,
    "artistic": 0.7347835862844295,
    "emotionally_aware": 0.8213603147835862,
    "imaginative": 0.8267566048341766,
    "intellectual": 0.7799887577290613,
    "conscientiousness": 0.6370882518268691,
    "cautious": 0.6924114671163576,
    "disciplined": 1,
    "dutiful": 0.8014614952220349,
    "neuroticism": 0.7051377178189995,
    "melancholy": 0.8398201236649804,
    "self_conscious": 0.8107251264755481,
    "authority_challenging": 0.862203485103991,
    "achievement_striving": 0.7803709949409781,
    "orderliness": 0.039808881394041595,
    "self_efficacy": 0.7738055087127599,
    "stress_prone": 0.8958516020236088,
    "agreeableness": 0.2597301854974705,
    "cooperative": 0.1417987633501967,
    "trusting": 0,
    "excitement_seeking": 0.12181000562113548,
    "outgoing": 0.7722091062394604,
    "gregariousness": 0.13092748735244522,
    "altruism": 0.14141652613827996,
    "modesty": 0.09428892636312536,
    "uncompromising": 0.7130073074761102,
    "sympathy": 0.12139404159640244,
    "fiery": 0.791309724564362,
    "prone_to_worry": 0.8177740303541315,
    "immoderation": 0.8899494097807756
}