{
    "id": "1",
    "extraversion": 0.3427624237565409,
    "active": 0.934617509723411,
    "assertive": 0.8679674550122966,
    "cheerful": 0.16326663272049663,
    "openness": 0.6601302232863505,
    "adventurous": 0.17941995384765397,
    "artistic": 0.1810342025719641,
    "emotionally_aware": 0.7836473354062164,
    "imaginative": 1,
    "intellectual": 0.7989556135770235,
    "conscientiousness": 0.30421546428610124,
    "cautious": 0.7267694441134092,
    "disciplined": 0.02913231422597318,
    "dutiful": 0.8883351570371494,
    "neuroticism": 0.7069217685232333,
    "melancholy": 0.7861499626231001,
    "self_conscious": 0.8382609449313674,
    "authority_challenging": 0.8695275343163277,
    "achievement_striving": 0.7866591551737213,
    "orderliness": 0.13789367626187665,
    "self_efficacy": 0.20589796647996278,
    "stress_prone": 0.9490915788219235,
    "agreeableness": 0.29259070669425696,
    "cooperative": 0.7981322383887848,
    "trusting": 0,
    "excitement_seeking": 0.251573621659101,
    "outgoing": 0.8067018406769011,
    "gregariousness": 0.2006977021331918,
    "altruism": 0.16819604996587326,
    "modesty": 0.09923837795087918,
    "uncompromising": 0.21947282320184613,
    "sympathy": 0.07213200004333556,
    "fiery": 0.7747635504804828,
    "prone_to_worry": 0.820244195746617,
    "immoderation": 0.8936870957607012
}