{
    "id": "1",
    "extraversion": 0.1688955095868459,
    "active": 0.7720937581112955,
    "assertive": 0.8343095101059689,
    "cheerful": 0.16918892688266696,
    "openness": 0.2864429924050062,
    "adventurous": 0.06038753653609598,
    "artistic": 0.7599056550541129,
    "emotionally_aware": 1,
    "imaginative": 0.8897653790161493,
    "intellectual": 0.8028348624888558,
    "conscientiousness": 0.6318064348670029,
    "cautious": 0.7095168771371501,
    "disciplined": 0.9978896525262101,
    "dutiful": 0.10239135096094168,
    "neuroticism": 0.752084955592421,
    "melancholy": 0.839997291532654,
    "self_conscious": 0.8472198711220955,
    "authority_challenging": 0.9328525803794112,
    "achievement_striving": 0.8225953888343434,
    "orderliness": 0,
    "self_efficacy": 0.7485978038843937,
    "stress_prone": 0.8340499486519733,
    "agreeableness": 0.24978840098859065,
    "cooperative": 0.14413560393179178,
    "trusting": 0.06143706763268674,
    "excitement_seeking": 0.06068095383191708,
    "outgoing": 0.06173048492850778,
    "gregariousness": 0.16922278272449248,
    "altruism": 0.07750730721919404,
    "modesty": 0.004265836070013887,
    "uncompromising": 0.16686415907731553,
    "sympathy": 0.125582602611414,
    "fiery": 0.7349651849093228,
    "prone_to_worry": 0.8339032400040628,
    "immoderation": 0.8557741138233403
}