{
    "id": "1",
    "extraversion": 0.6610590709233417,
    "active": 0.7908980118524184,
    "assertive": 0.13378178168610205,
    "cheerful": 0.8514743834830817,
    "openness": 0.6735447333205888,
    "adventurous": 0.8012330338367425,
    "artistic": 0.8211264576562799,
    "emotionally_aware": 0.7945541005543874,
    "imaginative": 0.8787994647294972,
    "intellectual": 1,
    "conscientiousness": 0.3441861020837316,
    "cautious": 0.18961479640604093,
    "disciplined": 0.9108679028866373,
    "dutiful": 0.002353756451921205,
    "neuroticism": 0.717250525712101,
    "melancholy": 0.9024565092716499,
    "self_conscious": 0.9786011278914167,
    "authority_challenging": 0.8848809978971517,
    "achievement_striving": 0.8709854712292106,
    "orderliness": 0.09379181800802902,
    "self_efficacy": 0.22819489581342,
    "stress_prone": 0.786298030969222,
    "agreeableness": 0.3144236283693366,
    "cooperative": 0.11168992544446571,
    "trusting": 0,
    "excitement_seeking": 0.8341617281590519,
    "outgoing": 0.24676209137832156,
    "gregariousness": 0.7243715350793347,
    "altruism": 0.9436412731791245,
    "modesty": 0.19560074555534313,
    "uncompromising": 0.9074507742305487,
    "sympathy": 0.9243930414834639,
    "fiery": 0.8094174154081438,
    "prone_to_worry": 0.8688348308162875,
    "immoderation": 0.9489342381953737
}