{
    "id": "1",
    "extraversion": 0.29383110401277696,
    "active": 0.8608305050908364,
    "assertive": 0.8568776202834897,
    "cheerful": 0.17022359752445593,
    "openness": 0.6079057696146936,
    "adventurous": 0.19222399680574961,
    "artistic": 0.7587841884607706,
    "emotionally_aware": 0.8144939109602715,
    "imaginative": 0.8090736673986824,
    "intellectual": 0.9137053304052705,
    "conscientiousness": 0.616230784587742,
    "cautious": 0.7022659213415852,
    "disciplined": 1,
    "dutiful": 0.8388001597125174,
    "neuroticism": 0.6359253343980834,
    "melancholy": 0.18302056298662403,
    "self_conscious": 0.8667398682371731,
    "authority_challenging": 0.7739868237173088,
    "achievement_striving": 0.8360051906568177,
    "orderliness": 0.7305250549011779,
    "self_efficacy": 0.768506687961669,
    "stress_prone": 0.8622679177480536,
    "agreeableness": 0.3126771810740666,
    "cooperative": 0.7586444400079856,
    "trusting": 0.12528448792174082,
    "excitement_seeking": 0.10032940706727889,
    "outgoing": 0.7859652625274506,
    "gregariousness": 0.11954481932521459,
    "altruism": 0.7172190057895788,
    "modesty": 0.7280994210421241,
    "uncompromising": 0.8288780195647835,
    "sympathy": 0.17707127171092032,
    "fiery": 0.17884807346775802,
    "prone_to_worry": 0.7298862048313036,
    "immoderation": 0
}