{
    "id": "1",
    "extraversion": 0.16266791090592078,
    "active": 0.795658259865917,
    "assertive": 0.8615579185187006,
    "cheerful": 0.7568085263132046,
    "openness": 0.6063824562265171,
    "adventurous": 0.1050686378035903,
    "artistic": 0.7716534466245918,
    "emotionally_aware": 1,
    "imaginative": 0.9150438348763539,
    "intellectual": 0.8255445593182879,
    "conscientiousness": 0.6020726406522434,
    "cautious": 0.6956238795707375,
    "disciplined": 0.8335011419169471,
    "dutiful": 0.8504702733233467,
    "neuroticism": 0.5527737531003659,
    "melancholy": 0.0862454261928735,
    "self_conscious": 0.7271923577515288,
    "authority_challenging": 0.799489207043049,
    "achievement_striving": 0.7556788880430245,
    "orderliness": 0.005893764887895714,
    "self_efficacy": 0.7674909751725154,
    "stress_prone": 0.7490852385746912,
    "agreeableness": 0.24546302890400534,
    "cooperative": 0.7570909358807495,
    "trusting": 0,
    "excitement_seeking": 0.04545566169789544,
    "outgoing": 0.8020922865352031,
    "gregariousness": 0.721642395815427,
    "altruism": 0.6722575575256011,
    "modesty": 0.06360354608187424,
    "uncompromising": 0.7679207288622579,
    "sympathy": 0.02052994769283664,
    "fiery": 0.7640775030082758,
    "prone_to_worry": 0.7772770806217922,
    "immoderation": 0.0008103926720856487
}