{
    "id": "1",
    "extraversion": 0.3240786646835234,
    "active": 0.8513128602953329,
    "assertive": 0.1565419425082874,
    "cheerful": 0.2684923250410725,
    "openness": 0.5874673121603624,
    "adventurous": 0.09553112271185125,
    "artistic": 0.20747178395403773,
    "emotionally_aware": 0.7271233728989861,
    "imaginative": 0.8000233310974365,
    "intellectual": 0.7336463588906064,
    "conscientiousness": 0.21653202679187694,
    "cautious": 0.2181846461936287,
    "disciplined": 0.892171444680996,
    "dutiful": 0.097183742113603,
    "neuroticism": 0.7145731867362711,
    "melancholy": 0.7782281975755102,
    "self_conscious": 1,
    "authority_challenging": 0.7953765541913345,
    "achievement_striving": 0.24011587778393462,
    "orderliness": 0.08364198430983698,
    "self_efficacy": 0.18388793296198008,
    "stress_prone": 0.8467827388764132,
    "agreeableness": 0.16132481748276906,
    "cooperative": 0,
    "trusting": 0.06230375144604201,
    "excitement_seeking": 0.7357656002410881,
    "outgoing": 0.7859663448919478,
    "gregariousness": 0.24198236557885427,
    "altruism": 0.15623086120913415,
    "modesty": 0.19727415011616942,
    "uncompromising": 0.23715088415137997,
    "sympathy": 0.7768186104387219,
    "fiery": 0.8795532094840912,
    "prone_to_worry": 0.8089571971574946,
    "immoderation": 0.7870065229859916
}