{
    "id": "1",
    "extraversion": 0.3157523893946109,
    "active": 0.06092530087620611,
    "assertive": 0.9156978396008773,
    "cheerful": 0.8146443467093973,
    "openness": 0.6314252270066937,
    "adventurous": 0.24274658211448635,
    "artistic": 0.14398872637596175,
    "emotionally_aware": 0.696703146841226,
    "imaginative": 0.10662211766845091,
    "intellectual": 0.894059754753219,
    "conscientiousness": 0.36959758162581113,
    "cautious": 0.756116963849397,
    "disciplined": 0.028661370790858384,
    "dutiful": 0.07652881479208573,
    "neuroticism": 0.6436534724353073,
    "melancholy": 0.16921800597774825,
    "self_conscious": 0.9205050401736501,
    "authority_challenging": 0.14037480254111123,
    "achievement_striving": 0.14688668416805883,
    "orderliness": 0.14335231211573649,
    "self_efficacy": 0.17462752718966282,
    "stress_prone": 0.7471276124237154,
    "agreeableness": 0.35007330128532954,
    "cooperative": 0.0829384155557829,
    "trusting": 0.07457411384996535,
    "excitement_seeking": 0.23216619503824168,
    "outgoing": 0,
    "gregariousness": 0.24306478924459898,
    "altruism": 0.21325559987726297,
    "modesty": 0.21719909538258725,
    "uncompromising": 0.05092450535838079,
    "sympathy": 0.07561965156319257,
    "fiery": 1,
    "prone_to_worry": 0.7903355948768652,
    "immoderation": 0.9184821519893627
}