{
    "id": "1",
    "extraversion": 0.5977181994652603,
    "active": 0.7666098963483866,
    "assertive": 0.13273266673991874,
    "cheerful": 0.20485844046441787,
    "openness": 0.31095484012745855,
    "adventurous": 0.24613595575577776,
    "artistic": 0.20319195692781017,
    "emotionally_aware": 0.7045104933523789,
    "imaginative": 0.908398344504267,
    "intellectual": 0.8123191590667693,
    "conscientiousness": 0.2560982309636304,
    "cautious": 0.2524539427901696,
    "disciplined": 0.1312767827711241,
    "dutiful": 0.06973592645496833,
    "neuroticism": 0.6746877632494598,
    "melancholy": 0.8620481265794967,
    "self_conscious": 1,
    "authority_challenging": 0.1240065194300993,
    "achievement_striving": 0.2253873200747171,
    "orderliness": 0.2058473427828444,
    "self_efficacy": 0.15547742006372928,
    "stress_prone": 0.829231220012453,
    "agreeableness": 0.3267772772222833,
    "cooperative": 0,
    "trusting": 0.02071200966926714,
    "excitement_seeking": 0.7162857561440135,
    "outgoing": 0.70342086950152,
    "gregariousness": 0.2621506794125188,
    "altruism": 0.7253690070688202,
    "modesty": 0.0835897154158884,
    "uncompromising": 0.8031351866095301,
    "sympathy": 0.8626432992711424,
    "fiery": 0.7474544921803465,
    "prone_to_worry": 0.8239662308171263,
    "immoderation": 0.7971376771783322
}