{
    "id": "1",
    "extraversion": 0.6056205414506624,
    "active": 0.8827816917010057,
    "assertive": 0.05681465727325092,
    "cheerful": 0.15868004785325004,
    "openness": 0.5951083344410474,
    "adventurous": 0.6509038947228499,
    "artistic": 0.686749523682928,
    "emotionally_aware": 0.7453919092560592,
    "imaginative": 0.9293056847888697,
    "intellectual": 0.7720213567282556,
    "conscientiousness": 0.5747263946120785,
    "cautious": 0.20770747485488947,
    "disciplined": 0.9063427710576454,
    "dutiful": 0.021988125304621423,
    "neuroticism": 0.6197882050600381,
    "melancholy": 0.7641787407505871,
    "self_conscious": 0.982187956932075,
    "authority_challenging": 0.7480725774292171,
    "achievement_striving": 0.6992556161105941,
    "orderliness": 0.05483184899641099,
    "self_efficacy": 0.7196597102219859,
    "stress_prone": 0.7606562098453631,
    "agreeableness": 0.23896716735344942,
    "cooperative": 0.11316407461562324,
    "trusting": 0,
    "excitement_seeking": 0.13181798041561432,
    "outgoing": 0.7356994106960877,
    "gregariousness": 0.6788293677167797,
    "altruism": 0.6914794629801941,
    "modesty": 0.05683681155567374,
    "uncompromising": 0.1142939430191856,
    "sympathy": 0.7597478842660286,
    "fiery": 0.11863618237405293,
    "prone_to_worry": 0.8237294519030529,
    "immoderation": 1
}