{
    "id": "1",
    "extraversion": 0.6745789455630637,
    "active": 0.8238145874066706,
    "assertive": 0.20576498702249055,
    "cheerful": 0.8361860986290719,
    "openness": 0.6662436112921483,
    "adventurous": 0.24483472255571181,
    "artistic": 0.20982403183205847,
    "emotionally_aware": 0.7704867423592769,
    "imaginative": 0.9063561211539122,
    "intellectual": 0.8418115917172618,
    "conscientiousness": 0.6984644233297889,
    "cautious": 0.7603448472998776,
    "disciplined": 0.09310648418115917,
    "dutiful": 0.17719159834894066,
    "neuroticism": 0.8043769080369088,
    "melancholy": 0.9233126379217691,
    "self_conscious": 0.8485690437805143,
    "authority_challenging": 0.9800935295395558,
    "achievement_striving": 0.9377994260167621,
    "orderliness": 0.23861466515738802,
    "self_efficacy": 0.8277707268548691,
    "stress_prone": 1,
    "agreeableness": 0.34157719617192056,
    "cooperative": 0,
    "trusting": 0.007066168147360499,
    "excitement_seeking": 0.9578774054128221,
    "outgoing": 0.8224539498507872,
    "gregariousness": 0.30295338387129966,
    "altruism": 0.20530762986084908,
    "modesty": 0.18593855406533347,
    "uncompromising": 0.8917778616265908,
    "sympathy": 0.8813844201282888,
    "fiery": 0.8833281880652649,
    "prone_to_worry": 0.9819572599732447,
    "immoderation": 0.9476211710630125
}