{
    "id": "1",
    "extraversion": 0.2613976809777499,
    "active": 0.15675336884989033,
    "assertive": 0.024105296145408926,
    "cheerful": 0.7750673769978064,
    "openness": 0.28808523973675965,
    "adventurous": 0.11387026010654965,
    "artistic": 0.2201190849263554,
    "emotionally_aware": 0.6936258226261359,
    "imaginative": 1,
    "intellectual": 0.9057474146035726,
    "conscientiousness": 0.31923534942024445,
    "cautious": 0.7867126292698213,
    "disciplined": 0,
    "dutiful": 0.8533249764963962,
    "neuroticism": 0.6997680977749922,
    "melancholy": 0.8022312754622376,
    "self_conscious": 0.829370103415857,
    "authority_challenging": 0.06505797555625197,
    "achievement_striving": 0.7837167032278284,
    "orderliness": 0.03509871513632087,
    "self_efficacy": 0.8311626449388907,
    "stress_prone": 0.9183829520526481,
    "agreeableness": 0.2736195549984331,
    "cooperative": 0.035499843309307444,
    "trusting": 0.898827953619555,
    "excitement_seeking": 0.11784393607019741,
    "outgoing": 0.7960764650579756,
    "gregariousness": 0.8278157317455344,
    "altruism": 0.16275775618928234,
    "modesty": 0.7786649952992793,
    "uncompromising": 0.837580695706675,
    "sympathy": 0.8610090880601693,
    "fiery": 0.9293513005327484,
    "prone_to_worry": 0.892447508617988,
    "immoderation": 0.8810153556878723
}