{
    "id": "1",
    "extraversion": 0.3833784134276928,
    "active": 0.1497276668272259,
    "assertive": 0.9267108822112712,
    "cheerful": 0.8148504946459669,
    "openness": 0.697370533674213,
    "adventurous": 0.3057912482863389,
    "artistic": 0.8589425321427248,
    "emotionally_aware": 0.8496547976336039,
    "imaginative": 0.9887608531871009,
    "intellectual": 0.9120629392221522,
    "conscientiousness": 0.3509083947781195,
    "cautious": 0.29284770338532984,
    "disciplined": 0.9429767683130165,
    "dutiful": 0,
    "neuroticism": 0.7127595193103364,
    "melancholy": 0.8985265602035398,
    "self_conscious": 1,
    "authority_challenging": 0.982153222917979,
    "achievement_striving": 0.19153482282905382,
    "orderliness": 0.2378746896883916,
    "self_efficacy": 0.8801487025578323,
    "stress_prone": 0.8981930910123878,
    "agreeableness": 0.3858732570059407,
    "cooperative": 0.90712265490879,
    "trusting": 0.10829103214890021,
    "excitement_seeking": 0.2210530216013932,
    "outgoing": 0.8803586646411502,
    "gregariousness": 0.26388528659824373,
    "altruism": 0.19825360949522644,
    "modesty": 0.21039435819531413,
    "uncompromising": 0.967048303629874,
    "sympathy": 0.8632529302061334,
    "fiery": 0.1818024627317302,
    "prone_to_worry": 0.8434053379772006,
    "immoderation": 0.04840243556016649
}