{
    "id": "1",
    "extraversion": 0.27772989213416743,
    "active": 0.77617839728119,
    "assertive": 0.06595084470275328,
    "cheerful": 0.7563414273752648,
    "openness": 0.2951657390533419,
    "adventurous": 0.6967566369502044,
    "artistic": 0.15338866177412208,
    "emotionally_aware": 0.22671526375412507,
    "imaginative": 0.9732798108653894,
    "intellectual": 0.7518716445845441,
    "conscientiousness": 0.20133724080185197,
    "cautious": 0.1702580899374477,
    "disciplined": 0.06867211742107084,
    "dutiful": 0.025550411269270608,
    "neuroticism": 0.6221740629463627,
    "melancholy": 0.9059498596266563,
    "self_conscious": 0.8927005861202778,
    "authority_challenging": 0.9390730433926021,
    "achievement_striving": 0.7745160813672857,
    "orderliness": 0.858764714574201,
    "self_efficacy": 0.730409299118357,
    "stress_prone": 0.9072181451017092,
    "agreeableness": 0.3047086637442743,
    "cooperative": 0.7747007831354974,
    "trusting": 0.9099394178200266,
    "excitement_seeking": 0.8405900605821801,
    "outgoing": 0.9509185834605723,
    "gregariousness": 0.17130473329064674,
    "altruism": 0.7933926020785107,
    "modesty": 0.10021917943161111,
    "uncompromising": 0.867100921046151,
    "sympathy": 0.787075801605674,
    "fiery": 0,
    "prone_to_worry": 0.8496897010294047,
    "immoderation": 1
}