{
    "id": "1",
    "extraversion": 0.6851524969277176,
    "active": 0.17860574237515361,
    "assertive": 0.8293263322533796,
    "cheerful": 0,
    "openness": 0.6334487766729975,
    "adventurous": 0.20523963802927048,
    "artistic": 0.6846274159311809,
    "emotionally_aware": 0.20083789520723944,
    "imaginative": 0.798257177968942,
    "intellectual": 0.8305999329683835,
    "conscientiousness": 0.7070941794212937,
    "cautious": 0.7827728745391577,
    "disciplined": 1,
    "dutiful": 0.13026477488548768,
    "neuroticism": 0.3206010501619931,
    "melancholy": 0.7530890403306894,
    "self_conscious": 0.17804714557032736,
    "authority_challenging": 0.8289688302982907,
    "achievement_striving": 0.7018880572003129,
    "orderliness": 0.8148363311361859,
    "self_efficacy": 0.8442743827505307,
    "stress_prone": 0.18879454809518492,
    "agreeableness": 0.2519718467210368,
    "cooperative": 0.11183108032622056,
    "trusting": 0.0849514020779801,
    "excitement_seeking": 0.7349793319182214,
    "outgoing": 0.7879343090157525,
    "gregariousness": 0.2233940341861245,
    "altruism": 0.8072394145905486,
    "modesty": 0.7867165679812312,
    "uncompromising": 0.15072058987822592,
    "sympathy": 0.7160205563624176,
    "fiery": 0.13292369567646076,
    "prone_to_worry": 0.0532119316277511,
    "immoderation": 0.08224779354262096
}