{
    "id": "1",
    "extraversion": 0.2573546192551377,
    "active": 0.9256333068889444,
    "assertive": 0.05264244650445031,
    "cheerful": 0.07639892628536035,
    "openness": 0.6935674929632568,
    "adventurous": 0.14935283697577623,
    "artistic": 0.1492876316332852,
    "emotionally_aware": 0.7979286436202008,
    "imaginative": 0.7616201354097613,
    "intellectual": 0.8492017779323388,
    "conscientiousness": 0.6855581033939381,
    "cautious": 0.1828357803449363,
    "disciplined": 0.9309258071878024,
    "dutiful": 0,
    "neuroticism": 0.7151395937707163,
    "melancholy": 0.9141897692817632,
    "self_conscious": 1,
    "authority_challenging": 0.7735527130856256,
    "achievement_striving": 0.7322451286175381,
    "orderliness": 0.14677722594737933,
    "self_efficacy": 0.715443885369008,
    "stress_prone": 0.7369073106056491,
    "agreeableness": 0.15505830444374413,
    "cooperative": 0.0913200821587316,
    "trusting": 0.03947096732125588,
    "excitement_seeking": 0.04099242531271399,
    "outgoing": 0.6995229142441072,
    "gregariousness": 0.09127661193040418,
    "altruism": 0.04725213819185588,
    "modesty": 0.05578317050110311,
    "uncompromising": 0.7529912950867774,
    "sympathy": 0.7114663594770533,
    "fiery": 0.05088190225719164,
    "prone_to_worry": 0.7852896747340167,
    "immoderation": 0.8788810763228536
}