{
    "id": "1",
    "extraversion": 0.3453706244365175,
    "active": 0.1670259887891497,
    "assertive": 0,
    "cheerful": 0.26362157500685973,
    "openness": 0.6340598173336991,
    "adventurous": 0.758613931245345,
    "artistic": 0.25365528595507814,
    "emotionally_aware": 0.740553094743444,
    "imaginative": 0.8434106855866096,
    "intellectual": 0.7692270001175963,
    "conscientiousness": 0.37146721022304097,
    "cautious": 0.6921132060679706,
    "disciplined": 0.0704304025714397,
    "dutiful": 0.20315746148720154,
    "neuroticism": 0.7187389753439691,
    "melancholy": 0.9489533926541491,
    "self_conscious": 0.8963290345341225,
    "authority_challenging": 0.15434518443024575,
    "achievement_striving": 0.24711888989063535,
    "orderliness": 0.22474618791893686,
    "self_efficacy": 0.2223452628277997,
    "stress_prone": 0.7143585120144251,
    "agreeableness": 0.6462506369801262,
    "cooperative": 0.19390655011563632,
    "trusting": 0.06452118693896745,
    "excitement_seeking": 0.316892712947356,
    "outgoing": 0.23856375681078743,
    "gregariousness": 0.2671788640194425,
    "altruism": 0.736937007565364,
    "modesty": 0.25823174316961306,
    "uncompromising": 0.7731370781231626,
    "sympathy": 1,
    "fiery": 0.25234212692563984,
    "prone_to_worry": 0.8129532358590411,
    "immoderation": 0.21773940653051618
}