{
    "id": "1",
    "extraversion": 0.2701274756646379,
    "active": 0.9537082928570013,
    "assertive": 0.10033504490394721,
    "cheerful": 0.6683154576634087,
    "openness": 0.2732598481394104,
    "adventurous": 0.1819551555282409,
    "artistic": 0.7064491187724271,
    "emotionally_aware": 0.753464443607383,
    "imaginative": 0.8950159592395076,
    "intellectual": 0.7749152475169009,
    "conscientiousness": 0.6611684938839436,
    "cautious": 0.195238000832656,
    "disciplined": 0.10073154774885514,
    "dutiful": 0.7611863365119644,
    "neuroticism": 0.2796435439424278,
    "melancholy": 0.804791736880712,
    "self_conscious": 1,
    "authority_challenging": 0.1431970024384925,
    "achievement_striving": 0.8164489205210047,
    "orderliness": 0.15993933506472913,
    "self_efficacy": 0.6830455383517378,
    "stress_prone": 0.8804147419757736,
    "agreeableness": 0.2845700917904086,
    "cooperative": 0.09645922959497234,
    "trusting": 0,
    "excitement_seeking": 0.15865070081877838,
    "outgoing": 0.751590967665193,
    "gregariousness": 0.12092345512579056,
    "altruism": 0.7326876945342082,
    "modesty": 0.130092583414286,
    "uncompromising": 0.6923137923514602,
    "sympathy": 0.8383854404155349,
    "fiery": 0.04630161971412147,
    "prone_to_worry": 0.8055450922860372,
    "immoderation": 0.7551594932693643
}