{
    "id": "1",
    "extraversion": 0.6674791389451954,
    "active": 0.1897205675699203,
    "assertive": 0.10754479997015408,
    "cheerful": 0.2477087038165471,
    "openness": 0.3394600375561166,
    "adventurous": 0.171900065909741,
    "artistic": 0.055376618208498644,
    "emotionally_aware": 0.7809060724012287,
    "imaginative": 0.06576051136010351,
    "intellectual": 0.8804670886548195,
    "conscientiousness": 0.290649521843483,
    "cautious": 0.7680101476129482,
    "disciplined": 0.001081914615796,
    "dutiful": 0,
    "neuroticism": 0.7340977205178267,
    "melancholy": 0.8395657418576598,
    "self_conscious": 1,
    "authority_challenging": 0.878290823623046,
    "achievement_striving": 0.8192953875617126,
    "orderliness": 0.20699389402211088,
    "self_efficacy": 0.12399736361036154,
    "stress_prone": 0.9283324835536542,
    "agreeableness": 0.314053697785184,
    "cooperative": 0.014723987414970238,
    "trusting": 0.005658289082611018,
    "excitement_seeking": 0.1466056483404425,
    "outgoing": 0.11438449007001356,
    "gregariousness": 0.2376108340691182,
    "altruism": 0.18681059032743463,
    "modesty": 0.14521283872010748,
    "uncompromising": 0.918446022409312,
    "sympathy": 0.8440426299230224,
    "fiery": 0.942956984567172,
    "prone_to_worry": 0.883240272095308,
    "immoderation": 0.997811299168045
}