{
    "id": "1",
    "extraversion": 0.3453106021548598,
    "active": 0.11975812441562754,
    "assertive": 0.18078627041480616,
    "cheerful": 0.7013430736025307,
    "openness": 0.36740097344436773,
    "adventurous": 0.7126853607598809,
    "artistic": 0.2050349968105279,
    "emotionally_aware": 0.6470434030356783,
    "imaginative": 0.23644911262768817,
    "intellectual": 0.7808439430613691,
    "conscientiousness": 0.6166079745541293,
    "cautious": 0.7240363861970134,
    "disciplined": 0.09685509310637112,
    "dutiful": 0.1868418983038999,
    "neuroticism": 0.5879289403088108,
    "melancholy": 0.7467034839521491,
    "self_conscious": 0.8200526044442892,
    "authority_challenging": 0.086491493284632,
    "achievement_striving": 0.21825601412106016,
    "orderliness": 0.15318204458270346,
    "self_efficacy": 0.2411939985494456,
    "stress_prone": 0.7311668224993229,
    "agreeableness": 0.31939286432072983,
    "cooperative": 0,
    "trusting": 0.15436171235330615,
    "excitement_seeking": 0.22736130165415638,
    "outgoing": 0.15991925829481207,
    "gregariousness": 0.6908571378638402,
    "altruism": 0.2612658272092556,
    "modesty": 0.286152448029081,
    "uncompromising": 0.24879630195999616,
    "sympathy": 0.7599594543818105,
    "fiery": 0.8964076931815204,
    "prone_to_worry": 0.7061666040423282,
    "immoderation": 1
}