{
    "id": "1",
    "extraversion": 0.2642487684729064,
    "active": 0.9430665024630542,
    "assertive": 0.8627093596059113,
    "cheerful": 0.6688669950738917,
    "openness": 0.6483743842364532,
    "adventurous": 0.13677339901477834,
    "artistic": 0.7919704433497537,
    "emotionally_aware": 0.8164901477832511,
    "imaginative": 0.882770935960591,
    "intellectual": 0.8250862068965517,
    "conscientiousness": 0.17002463054187192,
    "cautious": 0.1989408866995074,
    "disciplined": 1,
    "dutiful": 0,
    "neuroticism": 0.6423768472906404,
    "melancholy": 0.09447044334975369,
    "self_conscious": 0.8616009852216748,
    "authority_challenging": 0.8844827586206895,
    "achievement_striving": 0.765615763546798,
    "orderliness": 0.111256157635468,
    "self_efficacy": 0.7410960591133005,
    "stress_prone": 0.7708128078817733,
    "agreeableness": 0.24979064039408866,
    "cooperative": 0.09948275862068967,
    "trusting": 0.0205418719211823,
    "excitement_seeking": 0.7225738916256157,
    "outgoing": 0.8311699507389162,
    "gregariousness": 0.11870689655172413,
    "altruism": 0.77,
    "modesty": 0.8071305418719211,
    "uncompromising": 0.7535098522167487,
    "sympathy": 0.7180665024630541,
    "fiery": 0.7401970443349754,
    "prone_to_worry": 0.7540394088669949,
    "immoderation": 0.00400246305418723
}