{
    "id": "1",
    "extraversion": 0.5213045765386639,
    "active": 1,
    "assertive": 0.7156169148353714,
    "cheerful": 0.12327561219122055,
    "openness": 0.5452232444792753,
    "adventurous": 0.7341356321592288,
    "artistic": 0.16677581079775416,
    "emotionally_aware": 0.6271994331662176,
    "imaginative": 0.856369901984992,
    "intellectual": 0.7417470933665419,
    "conscientiousness": 0.18173034600478805,
    "cautious": 0.17114515453735415,
    "disciplined": 0.8024133377706686,
    "dutiful": 0,
    "neuroticism": 0.5623034063704389,
    "melancholy": 0.679105519114537,
    "self_conscious": 0.740748692954299,
    "authority_challenging": 0.007439693394454039,
    "achievement_striving": 0.7196641939258609,
    "orderliness": 0.09031766309890604,
    "self_efficacy": 0.7010273862306627,
    "stress_prone": 0.7017896059002244,
    "agreeableness": 0.2107161644247389,
    "cooperative": 0.06768725375473704,
    "trusting": 0.7552952796057929,
    "excitement_seeking": 0.63448882972442,
    "outgoing": 0.6973451137424986,
    "gregariousness": 0.153367185906451,
    "altruism": 0.7001256052131533,
    "modesty": 0.029576270276653556,
    "uncompromising": 0.13344211961481067,
    "sympathy": 0.11477310545470162,
    "fiery": 0.7202653812708671,
    "prone_to_worry": 0.6779353508894352,
    "immoderation": 0.7007589990230706
}