{
    "id": "1",
    "extraversion": 0.25209473160653484,
    "active": 0.7857921720166814,
    "assertive": 0.815759268469985,
    "cheerful": 0.5918812411523894,
    "openness": 0.5261124076978996,
    "adventurous": 0.14615296323219956,
    "artistic": 0.12125530856640013,
    "emotionally_aware": 0.6559762023185522,
    "imaginative": 0.6744461873971764,
    "intellectual": 0.6550962237441176,
    "conscientiousness": 0.11087730037877341,
    "cautious": 0.21266786547805794,
    "disciplined": 0.8509966713853924,
    "dutiful": 0.034826108581704096,
    "neuroticism": 0.5642958258407622,
    "melancholy": 0.6306863832880591,
    "self_conscious": 0.7643092168190687,
    "authority_challenging": 0.6976412748211349,
    "achievement_striving": 0.11152771932509468,
    "orderliness": 0,
    "self_efficacy": 0.04501281707923632,
    "stress_prone": 0.6968282511382332,
    "agreeableness": 0.2198224738875923,
    "cooperative": 0.08615181543405899,
    "trusting": 0.00045911925622678623,
    "excitement_seeking": 0.5956976699697746,
    "outgoing": 0.14735815127979493,
    "gregariousness": 0.5681696445651758,
    "altruism": 0.07908329188506717,
    "modesty": 0.06058461185292881,
    "uncompromising": 0.6097486322072159,
    "sympathy": 0.1476164058614225,
    "fiery": 0.7400715460840954,
    "prone_to_worry": 0.6712132226345794,
    "immoderation": 1
}