{
    "id": "1",
    "extraversion": 0.6717092268205851,
    "active": 0.7801814375436149,
    "assertive": 0.08248666422226694,
    "cheerful": 0.17352478503081128,
    "openness": 0.33049073296509635,
    "adventurous": 0.20266833832069742,
    "artistic": 0.754396962636167,
    "emotionally_aware": 0.7503163920659515,
    "imaginative": 0.8480135309354562,
    "intellectual": 0.8339148639218423,
    "conscientiousness": 0.6530450518646433,
    "cautious": 0.8192484653506334,
    "disciplined": 0.9620211243450391,
    "dutiful": 1,
    "neuroticism": 0.7730019988881925,
    "melancholy": 0.14745644434456576,
    "self_conscious": 0.8210581096904681,
    "authority_challenging": 0.05987202384472549,
    "achievement_striving": 0.8437082332903593,
    "orderliness": 0.874614119956947,
    "self_efficacy": 0.908666185671875,
    "stress_prone": 0.8023347960306103,
    "agreeableness": 0.6263616686576697,
    "cooperative": 0.9557997326930584,
    "trusting": 0.9314464144203817,
    "excitement_seeking": 0.8350266715554663,
    "outgoing": 0.9107951790128568,
    "gregariousness": 0.7826297798857441,
    "altruism": 0.9590641891492308,
    "modesty": 0.9096833713792328,
    "uncompromising": 0.8564230546323348,
    "sympathy": 0.8406803316498517,
    "fiery": 0.07405348504382178,
    "prone_to_worry": 0.9824121494553326,
    "immoderation": 0
}