{
    "id": "1",
    "extraversion": 0.31125421294634065,
    "active": 0.9474757067905166,
    "assertive": 0.8596147832431869,
    "cheerful": 0.17831621130169906,
    "openness": 0.7998285866506063,
    "adventurous": 0.21013191878713475,
    "artistic": 0.23249672808978353,
    "emotionally_aware": 0.9284812545604059,
    "imaginative": 0.9251456434370693,
    "intellectual": 0.9061396092238914,
    "conscientiousness": 0.6687552842797744,
    "cautious": 0.7305914918752389,
    "disciplined": 0.948992946572312,
    "dutiful": 0.08512757554348456,
    "neuroticism": 0.6936797118402612,
    "melancholy": 0.8716137177007447,
    "self_conscious": 1,
    "authority_challenging": 0.9067997822587183,
    "achievement_striving": 0.8828482412758711,
    "orderliness": 0.1567737227968173,
    "self_efficacy": 0.8674442037965742,
    "stress_prone": 0.7995274550908607,
    "agreeableness": 0.2611505541978898,
    "cooperative": 0.12587299197368573,
    "trusting": 0,
    "excitement_seeking": 0.10102963829466885,
    "outgoing": 0.7833010968137964,
    "gregariousness": 0.2088115727174807,
    "altruism": 0.777174227771279,
    "modesty": 0.07480802863066219,
    "uncompromising": 0.8671662362029627,
    "sympathy": 0.19381290464553338,
    "fiery": 0.21922377549484023,
    "prone_to_worry": 0.8748682549426112,
    "immoderation": 0.1420298583523471
}