{
    "id": "1",
    "extraversion": 0.2882021208828268,
    "active": 0.009049349870723575,
    "assertive": 0.022192453254393514,
    "cheerful": 0.6408925694158204,
    "openness": 0.6143815340802637,
    "adventurous": 0.2507306928467044,
    "artistic": 0.21354030052085288,
    "emotionally_aware": 0.6293513695806947,
    "imaginative": 0.746365271480496,
    "intellectual": 0.8058792670588677,
    "conscientiousness": 0.6048450556450706,
    "cautious": 0.6605931727058117,
    "disciplined": 0,
    "dutiful": 0.7520515606849777,
    "neuroticism": 0.6139880840858846,
    "melancholy": 0.7218964289729082,
    "self_conscious": 0.7541124892269644,
    "authority_challenging": 0.09621725933975346,
    "achievement_striving": 0.08079776670288905,
    "orderliness": 0.6910012365571252,
    "self_efficacy": 0.6935118222355454,
    "stress_prone": 0.23755011803499834,
    "agreeableness": 0.5833177202383183,
    "cooperative": 0.16887435830179487,
    "trusting": 0.1467287443324465,
    "excitement_seeking": 0.1151778019260314,
    "outgoing": 1,
    "gregariousness": 0.16822797616817178,
    "altruism": 0.778422078165399,
    "modesty": 0.7110390826994417,
    "uncompromising": 0.7499344250009369,
    "sympathy": 0.7623468355379024,
    "fiery": 0.16060254056282083,
    "prone_to_worry": 0.6967812043316971,
    "immoderation": 0.14423689436804438
}