{
    "id": "1",
    "extraversion": 0.714131427028556,
    "active": 0.0812965272509868,
    "assertive": 0.0012600126001260478,
    "cheerful": 0.140774264885506,
    "openness": 0.30899880427375703,
    "adventurous": 0.1901204726332978,
    "artistic": 0.17389459608881805,
    "emotionally_aware": 0.8044151870090129,
    "imaginative": 0.9229849441351555,
    "intellectual": 0.8871774432030035,
    "conscientiousness": 0.3260732607326073,
    "cautious": 0.7283901410442676,
    "disciplined": 0.04755904701904164,
    "dutiful": 0.08591228769430556,
    "neuroticism": 0.7119714054283399,
    "melancholy": 0.19171477429060005,
    "self_conscious": 0.9210563534206769,
    "authority_challenging": 0.06730781593530222,
    "achievement_striving": 0.18551756946140893,
    "orderliness": 0.16623166231662317,
    "self_efficacy": 0.15476297620119062,
    "stress_prone": 0.8518842331280456,
    "agreeableness": 0.3543206860640035,
    "cooperative": 0.8432570039986114,
    "trusting": 0.012175836044074769,
    "excitement_seeking": 0.13965568227110842,
    "outgoing": 0.05983774123455523,
    "gregariousness": 0.17826606837496944,
    "altruism": 0,
    "modesty": 0.08688944032297469,
    "uncompromising": 0.14024711675688187,
    "sympathy": 0.17407459788883603,
    "fiery": 0.8576571480000513,
    "prone_to_worry": 0.8341540558262726,
    "immoderation": 1
}