{
    "id": "1",
    "extraversion": 0.4247674722272444,
    "active": 0.3313746760682215,
    "assertive": 0.27245424777516625,
    "cheerful": 0.27698427047550167,
    "openness": 0.4218244641314611,
    "adventurous": 0.21006850278229777,
    "artistic": 0.300216958958597,
    "emotionally_aware": 0.7659253902247937,
    "imaginative": 0.9102633640691858,
    "intellectual": 0.8722855019184798,
    "conscientiousness": 0.4437915586894072,
    "cautious": 0.3070571927921413,
    "disciplined": 0.16513991843950257,
    "dutiful": 0.03128829426063201,
    "neuroticism": 0.859860583780309,
    "melancholy": 0.9955201992808214,
    "self_conscious": 0.8682878322184053,
    "authority_challenging": 0.2752465899274794,
    "achievement_striving": 0.2754273890596436,
    "orderliness": 0.20017477249442533,
    "self_efficacy": 0.3029389903372908,
    "stress_prone": 0.8889391108700456,
    "agreeableness": 0.32847184555736353,
    "cooperative": 0.126328371401595,
    "trusting": 0.10270395146547737,
    "excitement_seeking": 0.868689608067659,
    "outgoing": 0,
    "gregariousness": 0.3043552502059101,
    "altruism": 0.24333554310050423,
    "modesty": 0.13896422186062393,
    "uncompromising": 0.29109664718053796,
    "sympathy": 0.26650796520621145,
    "fiery": 1,
    "prone_to_worry": 0.9618714719058238,
    "immoderation": 0.9436810703308625
}