{
    "id": "1",
    "extraversion": 0.20183839824253755,
    "active": 1,
    "assertive": 0.6719788796176749,
    "cheerful": 0.08811400381554355,
    "openness": 0.19368700980864473,
    "adventurous": 0.10788545661264526,
    "artistic": 0.6088393424932073,
    "emotionally_aware": 0.66370223344189,
    "imaginative": 0.6321758233287726,
    "intellectual": 0.5889137263214692,
    "conscientiousness": 0.17418534291715648,
    "cautious": 0.48851482858959777,
    "disciplined": 0.8830574451274739,
    "dutiful": 0.0227005569151909,
    "neuroticism": 0.4663056674310601,
    "melancholy": 0.05364885437342224,
    "self_conscious": 0.753579480854836,
    "authority_challenging": 0.6591351434682906,
    "achievement_striving": 0.5939047655753185,
    "orderliness": 0.6161042915229413,
    "self_efficacy": 0.5576474669030506,
    "stress_prone": 0.597932283737691,
    "agreeableness": 0.21098221340065137,
    "cooperative": 0.6212687645732565,
    "trusting": 0.0021197464012487574,
    "excitement_seeking": 0.04716435742778414,
    "outgoing": 0.5513171333320486,
    "gregariousness": 0.10853101574393464,
    "altruism": 0.5762916000231245,
    "modesty": 0.0718401325805022,
    "uncompromising": 0.09511880215057911,
    "sympathy": 0.6081167016745996,
    "fiery": 0.018152737363420907,
    "prone_to_worry": 0.5615208216907869,
    "immoderation": 0
}