{
    "id": "1",
    "extraversion": 0.6259844271412681,
    "active": 1,
    "assertive": 0,
    "cheerful": 0.10923248053392659,
    "openness": 0.7042269187986652,
    "adventurous": 0.05468298109010015,
    "artistic": 0.10995550611790877,
    "emotionally_aware": 0.7798665183537264,
    "imaginative": 0.12394883203559513,
    "intellectual": 0.8358175750834261,
    "conscientiousness": 0.20759733036707453,
    "cautious": 0.2061512791991101,
    "disciplined": 0.9337486095661846,
    "dutiful": 0.02323692992213573,
    "neuroticism": 0.7282202447163515,
    "melancholy": 0.8586985539488321,
    "self_conscious": 0.9378420467185763,
    "authority_challenging": 0.8414349276974417,
    "achievement_striving": 0.8124360400444939,
    "orderliness": 0.13147942157953285,
    "self_efficacy": 0.13479421579532816,
    "stress_prone": 0.8204115684093437,
    "agreeableness": 0.305428253615128,
    "cooperative": 0.19669632925472746,
    "trusting": 0.10968854282536154,
    "excitement_seeking": 0.14862068965517242,
    "outgoing": 0.7920244716351501,
    "gregariousness": 0.735139043381535,
    "altruism": 0.9060734149054505,
    "modesty": 0.16984427141268074,
    "uncompromising": 0.2348832035595106,
    "sympathy": 0.17193548387096771,
    "fiery": 0.868476084538376,
    "prone_to_worry": 0.8753392658509455,
    "immoderation": 0.861523915461624
}