{
    "id": "1",
    "extraversion": 0.7963944611902203,
    "active": 0.8468281190451443,
    "assertive": 0.859878275531534,
    "cheerful": 0.04998325422397762,
    "openness": 0.5899017196179652,
    "adventurous": 0.20101860513460135,
    "artistic": 0.7591610943653351,
    "emotionally_aware": 0.8200579750314705,
    "imaginative": 0.10712677129889472,
    "intellectual": 0.7897307972144267,
    "conscientiousness": 0.6473570545912298,
    "cautious": 0.7231980967559388,
    "disciplined": 0.8847197680998741,
    "dutiful": 1,
    "neuroticism": 0.6352308029888323,
    "melancholy": 0.7503839979674093,
    "self_conscious": 0.746145584312095,
    "authority_challenging": 0.820820196560764,
    "achievement_striving": 0.8621418424973148,
    "orderliness": 0.15750268509856902,
    "self_efficacy": 0.8374158380394737,
    "stress_prone": 0.9920313203755672,
    "agreeableness": 0.3266465717354398,
    "cooperative": 0.8064650244257353,
    "trusting": 0.7880100243679913,
    "excitement_seeking": 0.7585605561907401,
    "outgoing": 0.8602824839182805,
    "gregariousness": 0.18399565764704517,
    "altruism": 0.8219635288547044,
    "modesty": 0.7585374585686402,
    "uncompromising": 0.14859855177909428,
    "sympathy": 0,
    "fiery": 0.1557819122521336,
    "prone_to_worry": 0.7704904780052892,
    "immoderation": 0.03542020349005067
}