{
    "id": "1",
    "extraversion": 0.18039102378888563,
    "active": 0.11677742463642489,
    "assertive": 0.09287296542425114,
    "cheerful": 0.6707502648560146,
    "openness": 0.5679283444091303,
    "adventurous": 0.7350669363382453,
    "artistic": 0.20286044495810457,
    "emotionally_aware": 0.6674853125300972,
    "imaginative": 1,
    "intellectual": 0.7244149089858422,
    "conscientiousness": 0.28979100452663004,
    "cautious": 0.6011268419531927,
    "disciplined": 0.7501781758643937,
    "dutiful": 0.807753057883078,
    "neuroticism": 0.5515939516517384,
    "melancholy": 0.08469613791775013,
    "self_conscious": 0.9451314648945391,
    "authority_challenging": 0.718405085235481,
    "achievement_striving": 0.05988635269190018,
    "orderliness": 0.2159298853895791,
    "self_efficacy": 0.16335355870172397,
    "stress_prone": 0.6318694019069633,
    "agreeableness": 0.27772320138688233,
    "cooperative": 0.6971010305306752,
    "trusting": 0.8609072522392373,
    "excitement_seeking": 0.6271308870268708,
    "outgoing": 0.7028219204468844,
    "gregariousness": 0.08123856303573146,
    "altruism": 0.04464990850428581,
    "modesty": 0.15915438697871523,
    "uncompromising": 0.7140710777232013,
    "sympathy": 0.7159009920061639,
    "fiery": 0,
    "prone_to_worry": 0.6635750746412404,
    "immoderation": 0.7272849850717519
}