{
    "id": "1",
    "extraversion": 0.44842377045766874,
    "active": 0.299015116811727,
    "assertive": 0.2399533585974264,
    "cheerful": 0.8665306292424936,
    "openness": 0.7272102611085661,
    "adventurous": 0.7772873027110315,
    "artistic": 0.7770582601091076,
    "emotionally_aware": 0.7391308874359721,
    "imaginative": 0.9913900803731313,
    "intellectual": 0.97279598550785,
    "conscientiousness": 0.4372735601549161,
    "cautious": 0.40828925998417526,
    "disciplined": 0.2601715737308958,
    "dutiful": 0.9419377004122765,
    "neuroticism": 0.7359867571731978,
    "melancholy": 0.316380710448507,
    "self_conscious": 0.8893411901886479,
    "authority_challenging": 0.9436242868446258,
    "achievement_striving": 0.2789530670886603,
    "orderliness": 0.3418044392620664,
    "self_efficacy": 0.8466143339024694,
    "stress_prone": 0.7822429517344771,
    "agreeableness": 0.44071961021113565,
    "cooperative": 0.8714550451838587,
    "trusting": 1,
    "excitement_seeking": 0.3971702827635031,
    "outgoing": 0.9139320368133927,
    "gregariousness": 0.8507162786823803,
    "altruism": 0.342127181110232,
    "modesty": 0.214987714987715,
    "uncompromising": 0,
    "sympathy": 0.8953379419481114,
    "fiery": 0.33297588806063383,
    "prone_to_worry": 0.906654728688627,
    "immoderation": 0.9658518302586099
}