{
    "id": "1",
    "extraversion": 0.7051482059282371,
    "active": 0.1531144172596172,
    "assertive": 0.8862295955252845,
    "cheerful": 0.8171048793171239,
    "openness": 0.6304427786867571,
    "adventurous": 0.7239196884948568,
    "artistic": 0.0915997615514376,
    "emotionally_aware": 0.24888702865187778,
    "imaginative": 0.8826401836561267,
    "intellectual": 0.9419732886876451,
    "conscientiousness": 0.29402737085093156,
    "cautious": 0.17780906358205545,
    "disciplined": 0.8740408152911482,
    "dutiful": 0.04114506043656377,
    "neuroticism": 0.6739723247466484,
    "melancholy": 0.8320205978970866,
    "self_conscious": 0.06108341894651394,
    "authority_challenging": 1,
    "achievement_striving": 0.0423246198140608,
    "orderliness": 0.14509848686630392,
    "self_efficacy": 0.8234719632687747,
    "stress_prone": 0.7687683117080781,
    "agreeableness": 0.6140050480067983,
    "cooperative": 0.7763149550372259,
    "trusting": 0.9197011782910341,
    "excitement_seeking": 0.1837829610745405,
    "outgoing": 0.9092753954060602,
    "gregariousness": 0.8374998414570729,
    "altruism": 0.7899750136346917,
    "modesty": 0.13336631026216655,
    "uncompromising": 0.14365257537130752,
    "sympathy": 0.8017706074096622,
    "fiery": 0.9761551437667264,
    "prone_to_worry": 0.8025696637621603,
    "immoderation": 0
}