{
    "id": "1",
    "extraversion": 0.3129904272612334,
    "active": 0.7555740632964739,
    "assertive": 0.09129221939031489,
    "cheerful": 0.8724136546990707,
    "openness": 0.28919906078789454,
    "adventurous": 0.18324670372674548,
    "artistic": 0.6657869915109675,
    "emotionally_aware": 0.7558349555479741,
    "imaginative": 0.9098215898372434,
    "intellectual": 0.8285536534949527,
    "conscientiousness": 0.23709085070942623,
    "cautious": 0.7135603764875875,
    "disciplined": 0.13523249513335608,
    "dutiful": 0.06501234221035944,
    "neuroticism": 0.7538481607096269,
    "melancholy": 0.05771739348572118,
    "self_conscious": 0.7109514539725863,
    "authority_challenging": 0.780710028296775,
    "achievement_striving": 0.7054827510084488,
    "orderliness": 0.1395873888699352,
    "self_efficacy": 0.745148407553834,
    "stress_prone": 0.8285536534949527,
    "agreeableness": 0.2941158762969355,
    "cooperative": 0.19289971703225026,
    "trusting": 0.9697766360954464,
    "excitement_seeking": 1,
    "outgoing": 0.8091573180276544,
    "gregariousness": 0.7938248810933392,
    "altruism": 0.7987717995544763,
    "modesty": 0,
    "uncompromising": 0.6834574243914185,
    "sympathy": 0.847307792650866,
    "fiery": 0.7840414216620843,
    "prone_to_worry": 0.8095586907222702,
    "immoderation": 0.8129904272612334
}