{
    "id": "1",
    "extraversion": 0.34692165048845425,
    "active": 0.8675009582612481,
    "assertive": 0.8479006308984866,
    "cheerful": 0.21404966383159468,
    "openness": 0.7192553533135121,
    "adventurous": 0.2847434449750852,
    "artistic": 0.2708098084513463,
    "emotionally_aware": 0.8689409400283854,
    "imaginative": 0.18320919102031516,
    "intellectual": 0.9124408208932031,
    "conscientiousness": 0.7016647846761077,
    "cautious": 0.7641848563644086,
    "disciplined": 0.14208165421790342,
    "dutiful": 0.951392845673321,
    "neuroticism": 0.36255425830579413,
    "melancholy": 0.1653492732753888,
    "self_conscious": 0.19127930466491938,
    "authority_challenging": 0.8594722829408779,
    "achievement_striving": 1,
    "orderliness": 0.8066694982854893,
    "self_efficacy": 0.8754778356763253,
    "stress_prone": 0.8153404676314889,
    "agreeableness": 0.35669073542665936,
    "cooperative": 0.8813309989744016,
    "trusting": 0.8287664846833595,
    "excitement_seeking": 0.19589967781702908,
    "outgoing": 0.7730837364936963,
    "gregariousness": 0.2862973821338665,
    "altruism": 0.22753783836981634,
    "modesty": 0.17625791213003347,
    "uncompromising": 0.1309243854178537,
    "sympathy": 0,
    "fiery": 0.22007894000766612,
    "prone_to_worry": 0.24173046442001886,
    "immoderation": 0.1281998155994572
}