{
    "id": "1",
    "extraversion": 0.7107517669736559,
    "active": 0.8407343947074082,
    "assertive": 0.07917469836510316,
    "cheerful": 0.13696723067037908,
    "openness": 0.3247066942719116,
    "adventurous": 0.9526903215059137,
    "artistic": 0.18195664072725537,
    "emotionally_aware": 0.7502558244687181,
    "imaginative": 0.897503629137812,
    "intellectual": 0.8788462911401442,
    "conscientiousness": 0.32264819970966896,
    "cautious": 0.23684586278289427,
    "disciplined": 0.0020822921872396824,
    "dutiful": 0.0809000261773875,
    "neuroticism": 0.7227457699721568,
    "melancholy": 0.9701220818162348,
    "self_conscious": 0.8262773375217154,
    "authority_challenging": 0,
    "achievement_striving": 0.780871469027391,
    "orderliness": 0.21628471478546438,
    "self_efficacy": 0.18784655291401914,
    "stress_prone": 0.8185193117726851,
    "agreeableness": 0.372992075390876,
    "cooperative": 0.13432569429570929,
    "trusting": 0.07083363080364577,
    "excitement_seeking": 0.7775517003403061,
    "outgoing": 1,
    "gregariousness": 0.7899026677137622,
    "altruism": 0.8729087837033864,
    "modesty": 0.08067394873991572,
    "uncompromising": 0.8182337402727208,
    "sympathy": 0.980664429689917,
    "fiery": 0.8188524785226435,
    "prone_to_worry": 0.8702672473287166,
    "immoderation": 0.9952047785630994
}