{
    "id": "1",
    "extraversion": 0.628177478867913,
    "active": 0.7328618007502273,
    "assertive": 0.10856833304373599,
    "cheerful": 0.7739198871592546,
    "openness": 0.590696771160195,
    "adventurous": 0.8127497776914664,
    "artistic": 0.7537230291198627,
    "emotionally_aware": 0.6511033658023038,
    "imaginative": 0.9013972219099113,
    "intellectual": 0.8099389801404376,
    "conscientiousness": 0.22041763341067283,
    "cautious": 0,
    "disciplined": 0.7612764087206272,
    "dutiful": 0.7667753508386397,
    "neuroticism": 0.6091151609309361,
    "melancholy": 0.01413575641117364,
    "self_conscious": 0.7415292782893997,
    "authority_challenging": 0.8115641321790324,
    "achievement_striving": 0.11142001492277973,
    "orderliness": 0.8165724623608656,
    "self_efficacy": 0.728620051718675,
    "stress_prone": 0.7649048928319552,
    "agreeableness": 0.591330478244427,
    "cooperative": 0.7629731083332482,
    "trusting": 0.9492216646054151,
    "excitement_seeking": 0.7898238907570756,
    "outgoing": 0.7988184429203675,
    "gregariousness": 0.8141602870079827,
    "altruism": 1,
    "modesty": 0.7542034199740384,
    "uncompromising": 0.6944918589081841,
    "sympathy": 0.8344184715393972,
    "fiery": 0.13417214346310702,
    "prone_to_worry": 0.6984167543976205,
    "immoderation": 0.7678281222850252
}