{
    "id": "1",
    "extraversion": 0.2850748679140807,
    "active": 0.982961493205362,
    "assertive": 0.09082204738942848,
    "cheerful": 0.7431765221604412,
    "openness": 0.31299171723230973,
    "adventurous": 0.18879634543063467,
    "artistic": 0,
    "emotionally_aware": 0.8291419606395497,
    "imaginative": 1,
    "intellectual": 0.7890662852132986,
    "conscientiousness": 0.6396534619200331,
    "cautious": 0.7376508317375355,
    "disciplined": 0.9446277368894631,
    "dutiful": 0.8508871097985835,
    "neuroticism": 0.6794292042544355,
    "melancholy": 0.14816694737327826,
    "self_conscious": 0.9468541633020325,
    "authority_challenging": 0.09795122626491012,
    "achievement_striving": 0.18764275661583182,
    "orderliness": 0.7776457559467503,
    "self_efficacy": 0.16559767436494932,
    "stress_prone": 0.9419283390628244,
    "agreeableness": 0.33655953671873196,
    "cooperative": 0.16393650647163321,
    "trusting": 0.13626191080451286,
    "excitement_seeking": 0.05653738781348776,
    "outgoing": 0.7801836513393166,
    "gregariousness": 0.22207738273769698,
    "altruism": 0.16249452045312968,
    "modesty": 0.04214059940474818,
    "uncompromising": 0.7842442839674226,
    "sympathy": 0.821989709987772,
    "fiery": 0.795284128925086,
    "prone_to_worry": 0.7832175899222481,
    "immoderation": 0.8500103822993332
}