{
    "id": "1",
    "extraversion": 0.5973717229082746,
    "active": 1,
    "assertive": 0.7997566060697542,
    "cheerful": 0.6490504806558429,
    "openness": 0.6131357251346686,
    "adventurous": 0,
    "artistic": 0.7226535598720767,
    "emotionally_aware": 0.7204082980349242,
    "imaginative": 0.8281619984717126,
    "intellectual": 0.7411533853454214,
    "conscientiousness": 0.14485712398939632,
    "cautious": 0.16064942783558647,
    "disciplined": 0.9633399684908633,
    "dutiful": 0.101319798869822,
    "neuroticism": 0.6742200545277875,
    "melancholy": 0.726747860869237,
    "self_conscious": 0.9258780577541723,
    "authority_challenging": 0.814180998292469,
    "achievement_striving": 0.7686436920406412,
    "orderliness": 0.1694134960990934,
    "self_efficacy": 0.2031961962622994,
    "stress_prone": 0.854878727559174,
    "agreeableness": 0.1561400364147508,
    "cooperative": 0.14743257139083593,
    "trusting": 0.7869171045556175,
    "excitement_seeking": 0.7852473089876512,
    "outgoing": 0.6970783294497221,
    "gregariousness": 0.6784841652437241,
    "altruism": 0.6885123725247876,
    "modesty": 0.21189422741294894,
    "uncompromising": 0.21784700144338262,
    "sympathy": 0.6924557315497025,
    "fiery": 0.8698880199243404,
    "prone_to_worry": 0.8551617437571344,
    "immoderation": 0.8177658701333007
}