{
    "id": "1",
    "extraversion": 0.6653240166521349,
    "active": 0.9811742456803919,
    "assertive": 0.06014908327295504,
    "cheerful": 0.8337856590242044,
    "openness": 0.6237182399823162,
    "adventurous": 0.2225319595731355,
    "artistic": 0.2182706831550638,
    "emotionally_aware": 0.6767201679949896,
    "imaginative": 0.8887770013876779,
    "intellectual": 0.7630754872223109,
    "conscientiousness": 0.3242131375029166,
    "cautious": 0.22340386339354792,
    "disciplined": 0.021797595510309326,
    "dutiful": 0.0573614471147352,
    "neuroticism": 0.7112279107465215,
    "melancholy": 0.051810735469293025,
    "self_conscious": 0.8418169984403973,
    "authority_challenging": 0,
    "achievement_striving": 0.889759428227579,
    "orderliness": 0.18259630853114908,
    "self_efficacy": 0.8193439844776559,
    "stress_prone": 1,
    "agreeableness": 0.3409757954587319,
    "cooperative": 0.8451326890250641,
    "trusting": 0.9756112536994509,
    "excitement_seeking": 0.8668688828578796,
    "outgoing": 0.8284437130822412,
    "gregariousness": 0.8117056157974235,
    "altruism": 0.79253601208385,
    "modesty": 0.14705701759772077,
    "uncompromising": 0.9032432366052239,
    "sympathy": 0.9717061070108435,
    "fiery": 0.8459186304969851,
    "prone_to_worry": 0.8325821861453254,
    "immoderation": 0.01720475003377095
}