{
    "id": "1",
    "extraversion": 0.2774294131807917,
    "active": 0.9261174096958719,
    "assertive": 0.9075808466979239,
    "cheerful": 0.24165166851994085,
    "openness": 0.648584824550342,
    "adventurous": 0.10664542088429838,
    "artistic": 0.8289294189125676,
    "emotionally_aware": 0.9127967626930175,
    "imaginative": 0.9039583643804524,
    "intellectual": 0.8401178453108342,
    "conscientiousness": 0.613265621954994,
    "cautious": 0.7264681943759816,
    "disciplined": 0.9976499719142984,
    "dutiful": 1,
    "neuroticism": 0.7112675249045659,
    "melancholy": 0.055105292721791065,
    "self_conscious": 0.8030103286600254,
    "authority_challenging": 0,
    "achievement_striving": 0.8056698726399412,
    "orderliness": 0.8742563020875127,
    "self_efficacy": 0.7948253527908016,
    "stress_prone": 0.8454598603739409,
    "agreeableness": 0.6515424208728348,
    "cooperative": 0.9285018284364862,
    "trusting": 0.8355438882074444,
    "excitement_seeking": 0.11018765834030697,
    "outgoing": 0.8233008150585214,
    "gregariousness": 0.07619822773491686,
    "altruism": 0.16711565577247145,
    "modesty": 0.9083603682092785,
    "uncompromising": 0.20230875929980624,
    "sympathy": 0.13937386080955602,
    "fiery": 0.13001960267330026,
    "prone_to_worry": 0.8100145587105797,
    "immoderation": 0.02168903969827931
}