{
    "id": "1",
    "extraversion": 0.2495449013869193,
    "active": 1,
    "assertive": 0.0274869504872824,
    "cheerful": 0.06105864486216298,
    "openness": 0.23556507658731354,
    "adventurous": 0.15658409518349778,
    "artistic": 0.10229409930704322,
    "emotionally_aware": 0.1649317603516077,
    "imaginative": 0.6289110822798177,
    "intellectual": 0.6143680415170623,
    "conscientiousness": 0.25509660159510805,
    "cautious": 0.18767160486377213,
    "disciplined": 0.8068571543513461,
    "dutiful": 0,
    "neuroticism": 0.4911343772943507,
    "melancholy": 0.09959870862625592,
    "self_conscious": 0.6298967102153296,
    "authority_challenging": 0.6995443985155235,
    "achievement_striving": 0.6205734745396211,
    "orderliness": 0.12576813605688483,
    "self_efficacy": 0.11711874805137336,
    "stress_prone": 0.611722937975842,
    "agreeableness": 0.26112100091522594,
    "cooperative": 0.6611250238863913,
    "trusting": 0.04098401874704563,
    "excitement_seeking": 0.11019923764696415,
    "outgoing": 0.6820545313741464,
    "gregariousness": 0.5930462943406853,
    "altruism": 0.07418358828913092,
    "modesty": 0.044514175944643936,
    "uncompromising": 0.08265194259220149,
    "sympathy": 0.10964607911172795,
    "fiery": 0.6992125033943818,
    "prone_to_worry": 0.09871365496987801,
    "immoderation": 0.768236631163946
}