{
    "id": "1",
    "extraversion": 0.2875092961561089,
    "active": 0.9098800102118969,
    "assertive": 0.13070117991808286,
    "cheerful": 0.11169817184846433,
    "openness": 0.68973593366707,
    "adventurous": 0.230555771386709,
    "artistic": 0.17248115794030483,
    "emotionally_aware": 0.7640607829860919,
    "imaginative": 0.8163856545048895,
    "intellectual": 0.8028215915019259,
    "conscientiousness": 0.30432562631117427,
    "cautious": 0.6756390760453319,
    "disciplined": 0.8407388085380338,
    "dutiful": 0.02716142566960073,
    "neuroticism": 0.5961860785206069,
    "melancholy": 0.7714866079852594,
    "self_conscious": 1,
    "authority_challenging": 0.8443351722147606,
    "achievement_striving": 0.181893862871985,
    "orderliness": 0.1705497774472478,
    "self_efficacy": 0.792432096435826,
    "stress_prone": 0.7262434649410041,
    "agreeableness": 0.26388873472377933,
    "cooperative": 0.8985692244508332,
    "trusting": 0.0915074757744947,
    "excitement_seeking": 0.06190407476884482,
    "outgoing": 0.7149437790678315,
    "gregariousness": 0.18864259470979344,
    "altruism": 0.17635501881431,
    "modesty": 0,
    "uncompromising": 0.9103018059517599,
    "sympathy": 0.7357116693121399,
    "fiery": 0.13060128092706264,
    "prone_to_worry": 0.8236782808493633,
    "immoderation": 0.03527544371801848
}