{
    "id": "1",
    "extraversion": 0.3696828011264014,
    "active": 1,
    "assertive": 0.10294883374953512,
    "cheerful": 0.2619839540938314,
    "openness": 0.6242282556718559,
    "adventurous": 0.8007863556665427,
    "artistic": 0.7745071994049201,
    "emotionally_aware": 0.7069443706498061,
    "imaginative": 0.8084586366292971,
    "intellectual": 0.7513840922373944,
    "conscientiousness": 0.3086871048297115,
    "cautious": 0.23996599543063604,
    "disciplined": 0,
    "dutiful": 0.17446469369321502,
    "neuroticism": 0.6906859359226396,
    "melancholy": 0.7645927421497264,
    "self_conscious": 0.900462249614792,
    "authority_challenging": 0.15785558684448225,
    "achievement_striving": 0.1785558684448223,
    "orderliness": 0.1533287285478986,
    "self_efficacy": 0.18855533712342595,
    "stress_prone": 0.8144200626959248,
    "agreeableness": 0.3867169650921843,
    "cooperative": 0.18881037139365603,
    "trusting": 0.16248870942032836,
    "excitement_seeking": 0.8113277721693853,
    "outgoing": 0.8573614579459116,
    "gregariousness": 0.2675096966154827,
    "altruism": 0.7368152595505021,
    "modesty": 0.20551511609372514,
    "uncompromising": 0.15785558684448225,
    "sympathy": 0.8775516710057915,
    "fiery": 0.8462674671909038,
    "prone_to_worry": 0.8069709367196218,
    "immoderation": 0.8931618936294565
}