{
    "id": "1",
    "extraversion": 0.6510308669166388,
    "active": 0.8663687054804087,
    "assertive": 0.7770555561524329,
    "cheerful": 0.7578671422585601,
    "openness": 0.6184341996411573,
    "adventurous": 0.7844150542024346,
    "artistic": 0.7646787068771018,
    "emotionally_aware": 0.19536512779741505,
    "imaginative": 0.8326546837564597,
    "intellectual": 0.7760993585955713,
    "conscientiousness": 0.620325107169333,
    "cautious": 0.24724690310173295,
    "disciplined": 0.1488552488799596,
    "dutiful": 0.7772596882151337,
    "neuroticism": 0.32622452378138533,
    "melancholy": 0.02429171546139214,
    "self_conscious": 0.18225770061347052,
    "authority_challenging": 0,
    "achievement_striving": 0.8006704126690803,
    "orderliness": 0.763185319681554,
    "self_efficacy": 0.7995960333917079,
    "stress_prone": 0.7428365761681188,
    "agreeableness": 0.6242036163606477,
    "cooperative": 0.8082447865745565,
    "trusting": 1,
    "excitement_seeking": 0.7778183654393674,
    "outgoing": 0.8158943670294486,
    "gregariousness": 0.7910117429655017,
    "altruism": 0.8084811500155785,
    "modesty": 0.7059961107470158,
    "uncompromising": 0.18982133072617297,
    "sympathy": 0.7418696348184836,
    "fiery": 0.20746263846062937,
    "prone_to_worry": 0.13276104730491953,
    "immoderation": 0.8180216379986464
}