{
    "id": "1",
    "extraversion": 0.2409199422334437,
    "active": 1,
    "assertive": 0,
    "cheerful": 0.16495888553773003,
    "openness": 0.21583864661210936,
    "adventurous": 0.05830688974250657,
    "artistic": 0.04083938343042961,
    "emotionally_aware": 0.6026191435223845,
    "imaginative": 0.8091640550550648,
    "intellectual": 0.7072178722651761,
    "conscientiousness": 0.23532012299953825,
    "cautious": 0.5802788120523829,
    "disciplined": 0.816483117036222,
    "dutiful": 0.745227873345843,
    "neuroticism": 0.5512972914558548,
    "melancholy": 0.7198125534193283,
    "self_conscious": 0.8612620224189255,
    "authority_challenging": 0.7323384648635903,
    "achievement_striving": 0.6212459106583227,
    "orderliness": 0.11419701539459079,
    "self_efficacy": 0.6296161667763708,
    "stress_prone": 0.7482733890695459,
    "agreeableness": 0.21475797974240832,
    "cooperative": 0.01182839010109147,
    "trusting": 0.0716776861939895,
    "excitement_seeking": 0.08643370108754385,
    "outgoing": 0.6919509966695813,
    "gregariousness": 0.1446423483873503,
    "altruism": 0.16806334672705303,
    "modesty": 0.6093585750916112,
    "uncompromising": 0.6258436569766871,
    "sympathy": 0.6741003448309739,
    "fiery": 0.709339909027498,
    "prone_to_worry": 0.6836495102614232,
    "immoderation": 0.780379019343937
}