{
    "id": "1",
    "extraversion": 0.38940607476120703,
    "active": 0.23284381231477705,
    "assertive": 0.15397327281340545,
    "cheerful": 0.8463902874329341,
    "openness": 0.6852780134186782,
    "adventurous": 0.9185404708656039,
    "artistic": 0.7622536328482191,
    "emotionally_aware": 0.36673313576220956,
    "imaginative": 0.8604479502913991,
    "intellectual": 0.9961660919476913,
    "conscientiousness": 0.2813074948495632,
    "cautious": 0.7799579151472419,
    "disciplined": 0,
    "dutiful": 0.18649538939505778,
    "neuroticism": 0.7319018607674427,
    "melancholy": 0.8000418645132149,
    "self_conscious": 0.9729312871134418,
    "authority_challenging": 0.966034659410151,
    "achievement_striving": 0.11177825028368715,
    "orderliness": 0.1863301347376307,
    "self_efficacy": 0.2739371371283147,
    "stress_prone": 0.7884409875618328,
    "agreeableness": 0.4274256629466008,
    "cooperative": 0.1891064129824059,
    "trusting": 0.18861064901012461,
    "excitement_seeking": 0.9040751798521521,
    "outgoing": 0.06732474743579857,
    "gregariousness": 0.8470292721083189,
    "altruism": 0.8322995736429839,
    "modesty": 0.16500126695237363,
    "uncompromising": 0.8233537881875971,
    "sympathy": 0.8811157994469476,
    "fiery": 0.8501801275765956,
    "prone_to_worry": 0.8577708248410801,
    "immoderation": 1
}