{
    "id": "1",
    "extraversion": 0.28495336554669065,
    "active": 0.8521182155298348,
    "assertive": 0.7210810203393639,
    "cheerful": 0.1462636251264187,
    "openness": 0.5575570288796494,
    "adventurous": 0.17932351949657263,
    "artistic": 0.031879986515338805,
    "emotionally_aware": 0.7686818743679066,
    "imaginative": 0.7796718732441846,
    "intellectual": 0.7041128216653556,
    "conscientiousness": 0.19501067535678165,
    "cautious": 0.616507472749747,
    "disciplined": 0,
    "dutiful": 0.06441173165524214,
    "neuroticism": 0.6738397572760985,
    "melancholy": 0.7634902798067198,
    "self_conscious": 0.8154286998539162,
    "authority_challenging": 0.7510506798516687,
    "achievement_striving": 0.734734239802225,
    "orderliness": 0.14066749072929544,
    "self_efficacy": 0.15236543431846275,
    "stress_prone": 0.9739633666704124,
    "agreeableness": 0.21597932351949659,
    "cooperative": 0.04111697943589168,
    "trusting": 0.010135970333745395,
    "excitement_seeking": 0.6920328126755815,
    "outgoing": 0.7274637599730307,
    "gregariousness": 0.6462411506910889,
    "altruism": 0.77485110686594,
    "modesty": 0.05890549499943816,
    "uncompromising": 0.16510843915046636,
    "sympathy": 0.08751545117428924,
    "fiery": 0.814720755141027,
    "prone_to_worry": 0.7919429149342623,
    "immoderation": 1
}