{
    "id": "1",
    "extraversion": 0.29784117600485605,
    "active": 0.8313319785701091,
    "assertive": 0.065886358238104,
    "cheerful": 0.8895252170700166,
    "openness": 0.3232693779525481,
    "adventurous": 0.17704731994405007,
    "artistic": 0.7852524346150802,
    "emotionally_aware": 0.7442268612599299,
    "imaginative": 1,
    "intellectual": 0.8533028951466047,
    "conscientiousness": 0.2419571930009765,
    "cautious": 0.7686521865350612,
    "disciplined": 0.01604602676097227,
    "dutiful": 0.028595180913673465,
    "neuroticism": 0.8143754453564171,
    "melancholy": 0.7906362988572485,
    "self_conscious": 0.9317120160460268,
    "authority_challenging": 0.05406297009844028,
    "achievement_striving": 0.7864136602359401,
    "orderliness": 0.007508379298514124,
    "self_efficacy": 0.8180174711672957,
    "stress_prone": 0.9821989390620464,
    "agreeableness": 0.20923174368583572,
    "cooperative": 0.058681481090496444,
    "trusting": 0,
    "excitement_seeking": 0.8429178432873242,
    "outgoing": 0.8911878810271568,
    "gregariousness": 0.74024174606107,
    "altruism": 0.9081180227494657,
    "modesty": 0.7884458050724448,
    "uncompromising": 0.808120661898604,
    "sympathy": 0.9888759863819905,
    "fiery": 0.904475996938587,
    "prone_to_worry": 0.9322530416193819,
    "immoderation": 0.06150537066849646
}