{
    "id": "1",
    "extraversion": 0.6844079157357166,
    "active": 0.8271282659249464,
    "assertive": 0.9049746933564361,
    "cheerful": 0.7916191692125302,
    "openness": 0.6474852947881994,
    "adventurous": 0.742294013040901,
    "artistic": 0.772981168209384,
    "emotionally_aware": 0.20654552915963703,
    "imaginative": 0.8889129542656513,
    "intellectual": 0.7879713647348503,
    "conscientiousness": 0.32626191236149743,
    "cautious": 0.23970635173954674,
    "disciplined": 0.7976494459896949,
    "dutiful": 0.05656376818202544,
    "neuroticism": 0.6392093383794628,
    "melancholy": 0.03729880078427799,
    "self_conscious": 0.2042542519720943,
    "authority_challenging": 0.8996967762527929,
    "achievement_striving": 0.7773699329715927,
    "orderliness": 0.1737950845834663,
    "self_efficacy": 0.8733071907345766,
    "stress_prone": 0.7295380967580137,
    "agreeableness": 0.6132301308649857,
    "cooperative": 0.8485363184533309,
    "trusting": 1,
    "excitement_seeking": 0.7903652364233278,
    "outgoing": 0.8735921754593954,
    "gregariousness": 0.8039077105467146,
    "altruism": 0.9580502485066801,
    "modesty": 0.7727987779854999,
    "uncompromising": 0.759210706306142,
    "sympathy": 0.7952669736902103,
    "fiery": 0.1689503442615476,
    "prone_to_worry": 0.16101636952259357,
    "immoderation": 0
}