{
    "id": "1",
    "extraversion": 0.31167244833146035,
    "active": 0.6941808765329555,
    "assertive": 0.13502711682220156,
    "cheerful": 0.7056725460497386,
    "openness": 0.6397908828846436,
    "adventurous": 0.7192651585479063,
    "artistic": 0.26916499731274734,
    "emotionally_aware": 0.685532808911907,
    "imaginative": 0.8444813602384326,
    "intellectual": 0.734069477695803,
    "conscientiousness": 0.646748424292764,
    "cautious": 0.28001172619338444,
    "disciplined": 0.17169101480431911,
    "dutiful": 0.8508330483216886,
    "neuroticism": 0.6150388430155861,
    "melancholy": 0.7902672594908878,
    "self_conscious": 1,
    "authority_challenging": 0.7617335222553379,
    "achievement_striving": 0.17052816729369227,
    "orderliness": 0.11233693262324719,
    "self_efficacy": 0.1654077295158059,
    "stress_prone": 0.681115942737089,
    "agreeableness": 0.3335808863047833,
    "cooperative": 0.07880001954365563,
    "trusting": 0,
    "excitement_seeking": 0.6873894561977818,
    "outgoing": 0.25465383299946254,
    "gregariousness": 0.2232862656959984,
    "altruism": 0.25462451751600135,
    "modesty": 0.11191674402697022,
    "uncompromising": 0.790374749596912,
    "sympathy": 0.7480920506180682,
    "fiery": 0.7349196267161773,
    "prone_to_worry": 0.796179215322226,
    "immoderation": 0.7880001954365564
}