{
    "id": "1",
    "extraversion": 0.8127780569411591,
    "active": 0.14006103464758005,
    "assertive": 0.032564067996029046,
    "cheerful": 0.7806919711249738,
    "openness": 0.6973269765788731,
    "adventurous": 0.20093635483436076,
    "artistic": 0.765384285416641,
    "emotionally_aware": 0.818575122865932,
    "imaginative": 0.8488350716360472,
    "intellectual": 1,
    "conscientiousness": 0.3072812618729547,
    "cautious": 0.24222666160087258,
    "disciplined": 0.08576716139864937,
    "dutiful": 0,
    "neuroticism": 0.7545377667201844,
    "melancholy": 0.9604990624195702,
    "self_conscious": 0.9732452538820732,
    "authority_challenging": 0.12127265819371758,
    "achievement_striving": 0.8106822889218437,
    "orderliness": 0.046511342884806274,
    "self_efficacy": 0.19854644393514145,
    "stress_prone": 0.8392631720858406,
    "agreeableness": 0.3132621670976676,
    "cooperative": 0.14074736803402252,
    "trusting": 0.07981076808059509,
    "excitement_seeking": 0.8451215177772602,
    "outgoing": 0.12341745002635024,
    "gregariousness": 0.2455725368597796,
    "altruism": 0.7830451141642052,
    "modesty": 0.2072236588923069,
    "uncompromising": 0.20574068853945798,
    "sympathy": 0.8334293383010797,
    "fiery": 0.8718149841285403,
    "prone_to_worry": 0.9474097042638462,
    "immoderation": 0.9118184157954726
}