{
    "id": "1",
    "extraversion": 0.5882106413994169,
    "active": 0.8849034256559767,
    "assertive": 0.18737244897959182,
    "cheerful": 0.23208819241982506,
    "openness": 0.3530794460641399,
    "adventurous": 0.19193695335276967,
    "artistic": 0.22583819241982506,
    "emotionally_aware": 0.5980047376093294,
    "imaginative": 0.711798469387755,
    "intellectual": 0.6716927842565596,
    "conscientiousness": 0.3091563411078717,
    "cautious": 0.2672740524781341,
    "disciplined": 0,
    "dutiful": 0.1715925655976676,
    "neuroticism": 0.587563775510204,
    "melancholy": 0.2096847667638484,
    "self_conscious": 0.7350400874635568,
    "authority_challenging": 0.7388666180758017,
    "achievement_striving": 0.21034985422740524,
    "orderliness": 0.18549562682215742,
    "self_efficacy": 0.18834730320699708,
    "stress_prone": 0.6956814868804664,
    "agreeableness": 0.31374817784256565,
    "cooperative": 0.1739249271137026,
    "trusting": 0.1684948979591837,
    "excitement_seeking": 0.7070517492711369,
    "outgoing": 0.654719387755102,
    "gregariousness": 0.6790451895043731,
    "altruism": 0.715014577259475,
    "modesty": 0.1660076530612245,
    "uncompromising": 0.19272048104956271,
    "sympathy": 0.21633564139941694,
    "fiery": 0.7645954810495627,
    "prone_to_worry": 0.6938502186588921,
    "immoderation": 1
}