{
    "id": "1",
    "extraversion": 0.5060674425307348,
    "active": 0.7181248074419344,
    "assertive": 0.6641986106003837,
    "cheerful": 0.6159274093362088,
    "openness": 0.23182500323000624,
    "adventurous": 0.13178425545871056,
    "artistic": 0.14857034953636986,
    "emotionally_aware": 0.5861914747711665,
    "imaginative": 0.8654031544738072,
    "intellectual": 0.6889653047635139,
    "conscientiousness": 0.19056043093252764,
    "cautious": 0.5405937248432204,
    "disciplined": 0.7211461056062971,
    "dutiful": 0.7482085888351107,
    "neuroticism": 0.603703077947505,
    "melancholy": 0.6115445393017224,
    "self_conscious": 0.6173386736103519,
    "authority_challenging": 0.6964986732128127,
    "achievement_striving": 0.7013884057682943,
    "orderliness": 0.08786610878661087,
    "self_efficacy": 0.6473926395611167,
    "stress_prone": 1,
    "agreeableness": 0.1260795674773154,
    "cooperative": 0.6261640445641479,
    "trusting": 0.7343642850753834,
    "excitement_seeking": 0.6425824148520658,
    "outgoing": 0.6654309822200579,
    "gregariousness": 0.13749888192090956,
    "altruism": 0.5993400848746261,
    "modesty": 0.06619028215347002,
    "uncompromising": 0.1032906309941462,
    "sympathy": 0.05537721503890915,
    "fiery": 0.6290163885548455,
    "prone_to_worry": 0.7337282223039386,
    "immoderation": 0
}