{
    "id": "1",
    "extraversion": 0.5332318247693126,
    "active": 1,
    "assertive": 0.8913246867604704,
    "cheerful": 0.631478050301774,
    "openness": 0.5690044211260112,
    "adventurous": 0.7475647117095633,
    "artistic": 0.7436572434921392,
    "emotionally_aware": 0.6449248775476509,
    "imaginative": 0.7469868466914935,
    "intellectual": 0.6804406450074297,
    "conscientiousness": 0.2733209810863862,
    "cautious": 0.20873768597163872,
    "disciplined": 0.7816312303938654,
    "dutiful": 0.14431032268716404,
    "neuroticism": 0.30154464236576106,
    "melancholy": 0.13192750087138372,
    "self_conscious": 0.7083432701656547,
    "authority_challenging": 0.1558584505879547,
    "achievement_striving": 0.7476380913943975,
    "orderliness": 0.8058832162315863,
    "self_efficacy": 0.6880079250059621,
    "stress_prone": 0.7083340977050504,
    "agreeableness": 0.5460365797728899,
    "cooperative": 0.729063858670727,
    "trusting": 0.8109831043275669,
    "excitement_seeking": 0.654500926418521,
    "outgoing": 0.7266606739924052,
    "gregariousness": 0.6302948028838217,
    "altruism": 0.6345049623011869,
    "modesty": 0.7018950303608447,
    "uncompromising": 0.658830327823742,
    "sympathy": 0.1250298104969639,
    "fiery": 0.6893012419511658,
    "prone_to_worry": 0,
    "immoderation": 0.7587734585679954
}