{
    "id": "1",
    "extraversion": 0.29789570185911646,
    "active": 0.9173311444652908,
    "assertive": 0.01535050315538117,
    "cheerful": 0.07891651031894932,
    "openness": 0.2896341463414634,
    "adventurous": 0.22259295582466312,
    "artistic": 0.707007931093297,
    "emotionally_aware": 0.7438811188811189,
    "imaginative": 0.8395872420262663,
    "intellectual": 0.8139071294559098,
    "conscientiousness": 0.6151500938086304,
    "cautious": 0.6716697936210131,
    "disciplined": 1,
    "dutiful": 0.8397151628858945,
    "neuroticism": 0.6223989425208938,
    "melancholy": 0.8160178236397748,
    "self_conscious": 0.8168066689408152,
    "authority_challenging": 0.179771448064131,
    "achievement_striving": 0.7624616237421115,
    "orderliness": 0.7472283813747228,
    "self_efficacy": 0.8450451987037353,
    "stress_prone": 0.8734223093979191,
    "agreeableness": 0.24581059184717718,
    "cooperative": 0.8297906361930752,
    "trusting": 0.08019571891523107,
    "excitement_seeking": 0.12342230939791915,
    "outgoing": 0.7693053897322191,
    "gregariousness": 0.7009743305475012,
    "altruism": 0.836687702541361,
    "modesty": 0,
    "uncompromising": 0.7848584342486781,
    "sympathy": 0.7731643356643356,
    "fiery": 0.7360672863721645,
    "prone_to_worry": 0.7811593893910967,
    "immoderation": 0.8341612655637046
}