{
    "id": "1",
    "extraversion": 0.749754149832348,
    "active": 0.1833627563654459,
    "assertive": 0.04204926481913724,
    "cheerful": 0.1915380149524295,
    "openness": 0.33651260056160476,
    "adventurous": 0.7333680880558288,
    "artistic": 0.22676271608156304,
    "emotionally_aware": 0.7621710643238825,
    "imaginative": 0.9495503607777159,
    "intellectual": 0.9292069999170625,
    "conscientiousness": 0.6659399770144904,
    "cautious": 0.729552967381903,
    "disciplined": 0.11804362507553227,
    "dutiful": 1,
    "neuroticism": 0.663463703036694,
    "melancholy": 0.04603026030497268,
    "self_conscious": 0.7882963471996777,
    "authority_challenging": 0.10756981552351279,
    "achievement_striving": 0.8121467755121384,
    "orderliness": 0.8160211371903177,
    "self_efficacy": 0.8659731519768723,
    "stress_prone": 0.8933187995402898,
    "agreeableness": 0.3240245968649661,
    "cooperative": 0.8034501960877241,
    "trusting": 0.7999431286359165,
    "excitement_seeking": 0.7736638191490622,
    "outgoing": 0.8231774505041409,
    "gregariousness": 0.7567919811376643,
    "altruism": 0.780997855475646,
    "modesty": 0.8558547884503739,
    "uncompromising": 0.2030189215767586,
    "sympathy": 0,
    "fiery": 0.15277070176893637,
    "prone_to_worry": 0.1239795737017334,
    "immoderation": 0.055650999395741765
}