{
    "id": "1",
    "extraversion": 0.6933845403802722,
    "active": 0.7376600634781658,
    "assertive": 0.921179619329997,
    "cheerful": 0.7315709353577364,
    "openness": 0.5898295641099626,
    "adventurous": 0.19109116777935867,
    "artistic": 0.7207159700319381,
    "emotionally_aware": 0.6606505019550878,
    "imaginative": 0.8138139632065429,
    "intellectual": 1,
    "conscientiousness": 0.29828768145502305,
    "cautious": 0.6995234162794632,
    "disciplined": 0.8331360004775787,
    "dutiful": 0.09331688340115618,
    "neuroticism": 0.6725203219676242,
    "melancholy": 0.736127831892306,
    "self_conscious": 0.7814082601211857,
    "authority_challenging": 0.7807714885530362,
    "achievement_striving": 0.1099823892863184,
    "orderliness": 0.015372063637358612,
    "self_efficacy": 0.2157859651566558,
    "stress_prone": 0.7538380411314636,
    "agreeableness": 0.26625011193250225,
    "cooperative": 0.1862755827952282,
    "trusting": 0,
    "excitement_seeking": 0.22630264558687457,
    "outgoing": 0.09501825743480558,
    "gregariousness": 0.6616753061975783,
    "altruism": 0.08613330414796984,
    "modesty": 0.20879142746276386,
    "uncompromising": 0.15572049707980543,
    "sympathy": 0.7446745002835624,
    "fiery": 0.886913349318953,
    "prone_to_worry": 0.7767618175848449,
    "immoderation": 0.7961336026346425
}