{
    "id": "1",
    "extraversion": 0.3253948307580951,
    "active": 1,
    "assertive": 0.16531118997114794,
    "cheerful": 0.1298543323313864,
    "openness": 0.37961054758577706,
    "adventurous": 0.20588501402390597,
    "artistic": 0.26889708765192566,
    "emotionally_aware": 0.7858413840941763,
    "imaginative": 0.8597106752586129,
    "intellectual": 0.8347893398208559,
    "conscientiousness": 0.7220552310677268,
    "cautious": 0.8586651654217726,
    "disciplined": 0.2019643521357554,
    "dutiful": 0.24029636182682734,
    "neuroticism": 0.4242658811938918,
    "melancholy": 0.8690599459149718,
    "self_conscious": 0.93177043016698,
    "authority_challenging": 0.1808732017733455,
    "achievement_striving": 0.9071004192092327,
    "orderliness": 0.8386396308546037,
    "self_efficacy": 0.8774541835472942,
    "stress_prone": 0.8598514169674183,
    "agreeableness": 0.3613342313994752,
    "cooperative": 0.15326772088908547,
    "trusting": 0.16227519025263137,
    "excitement_seeking": 0,
    "outgoing": 0.12021352527821616,
    "gregariousness": 0.31726197058498284,
    "altruism": 0.218360761211585,
    "modesty": 0.16070692549737114,
    "uncompromising": 0.9442260713962582,
    "sympathy": 0.32876257879022447,
    "fiery": 0.8564434570184873,
    "prone_to_worry": 0.9150020608607361,
    "immoderation": 0.2019040342605531
}