{
    "id": "1",
    "extraversion": 0.7371087863367332,
    "active": 0.9723065498940747,
    "assertive": 0.15050123397470896,
    "cheerful": 0.8396160482232947,
    "openness": 0.3643610631838731,
    "adventurous": 0.8179395898399109,
    "artistic": 0.8009151069080743,
    "emotionally_aware": 0.8833184091554371,
    "imaginative": 0.8478716666302661,
    "intellectual": 0.8916286282132483,
    "conscientiousness": 0.715017363006967,
    "cautious": 0.7842400681416123,
    "disciplined": 0.8649725904732783,
    "dutiful": 0.9074409766964423,
    "neuroticism": 0.7036713477624653,
    "melancholy": 0.9647279795575163,
    "self_conscious": 1,
    "authority_challenging": 0.9200209666499225,
    "achievement_striving": 0.9285495883110926,
    "orderliness": 0.21502828313713496,
    "self_efficacy": 0.8596544870814861,
    "stress_prone": 0.7968855788761001,
    "agreeableness": 0.3146198702688536,
    "cooperative": 0.13548605499377547,
    "trusting": 0,
    "excitement_seeking": 0.27921680826435447,
    "outgoing": 0.9409657763120537,
    "gregariousness": 0.3034158167165352,
    "altruism": 0.9904994867538821,
    "modesty": 0.21438399545722583,
    "uncompromising": 0.9704282875051871,
    "sympathy": 0.8583549915914997,
    "fiery": 0.8131019721755083,
    "prone_to_worry": 0.8913883853495533,
    "immoderation": 0.161093760237622
}