{
    "id": "1",
    "extraversion": 0.8087709174841315,
    "active": 0.821029685195871,
    "assertive": 0.9051356030005772,
    "cheerful": 0.7966403795601718,
    "openness": 0.6367378341988844,
    "adventurous": 0.1475027248829903,
    "artistic": 0.11157273834711802,
    "emotionally_aware": 0.7350003205744695,
    "imaginative": 1,
    "intellectual": 0.7827146246072962,
    "conscientiousness": 0.21224594473296146,
    "cautious": 0.06482015772263895,
    "disciplined": 0.9885362569724948,
    "dutiful": 0,
    "neuroticism": 0.7110213502596653,
    "melancholy": 0.06231967686093477,
    "self_conscious": 0.9044816310829006,
    "authority_challenging": 0.9100211579149837,
    "achievement_striving": 0.9002628710649484,
    "orderliness": 0.1467077001987562,
    "self_efficacy": 0.11259857664935566,
    "stress_prone": 0.9706353785984485,
    "agreeableness": 0.26255049047893825,
    "cooperative": 0.8202603064691929,
    "trusting": 0.9942168365711355,
    "excitement_seeking": 0.9320766814130923,
    "outgoing": 0.9479258831826635,
    "gregariousness": 0.7316791690709753,
    "altruism": 0.13156376226197342,
    "modesty": 0.15659421683657113,
    "uncompromising": 0.140334679746105,
    "sympathy": 0.1709046611527858,
    "fiery": 0.1014169391549657,
    "prone_to_worry": 0.12072834519458873,
    "immoderation": 0.9899596076168494
}