{
    "id": "1",
    "extraversion": 0.24835622905703392,
    "active": 1,
    "assertive": 0.9071312598597467,
    "cheerful": 0.7028660916826918,
    "openness": 0.6741130545927709,
    "adventurous": 0.14048340108011007,
    "artistic": 0.8300265997259422,
    "emotionally_aware": 0.8315005239339958,
    "imaginative": 0.8417258731273677,
    "intellectual": 0.8248448349320038,
    "conscientiousness": 0.6373685846873092,
    "cautious": 0.19106894050182513,
    "disciplined": 0.9077876167336457,
    "dutiful": 0.016742857800859018,
    "neuroticism": 0.6275117165459507,
    "melancholy": 0.8611632486210747,
    "self_conscious": 0.965857927524383,
    "authority_challenging": 0.7750998929101942,
    "achievement_striving": 0.7605218612899141,
    "orderliness": 0.09623112973987538,
    "self_efficacy": 0.7064818120055731,
    "stress_prone": 0.7103854081503401,
    "agreeableness": 0.5873242518107389,
    "cooperative": 0,
    "trusting": 0.03808021371901015,
    "excitement_seeking": 0.13374710684799002,
    "outgoing": 0.7273585666087077,
    "gregariousness": 0.12023997328512374,
    "altruism": 0.11250187119284226,
    "modesty": 0.0370668908259733,
    "uncompromising": 0.7132526513363195,
    "sympathy": 0.7149338461361308,
    "fiery": 0.09456144997293964,
    "prone_to_worry": 0.7088308787121587,
    "immoderation": 0.7837016224681321
}