{
    "id": "1",
    "extraversion": 0.2911429347771393,
    "active": 0.8429861020258235,
    "assertive": 0,
    "cheerful": 0.2249841496673946,
    "openness": 0.7698229794599818,
    "adventurous": 0.2776575724335041,
    "artistic": 0.21015025108939583,
    "emotionally_aware": 0.9320398120100235,
    "imaginative": 0.8379945052180301,
    "intellectual": 1,
    "conscientiousness": 0.6575623698008394,
    "cautious": 0.7009268670685439,
    "disciplined": 0.2206970120865076,
    "dutiful": 0.8131572856179616,
    "neuroticism": 0.7302726257208126,
    "melancholy": 0.21799993961778055,
    "self_conscious": 0.8291082552557691,
    "authority_challenging": 0.8881620658770014,
    "achievement_striving": 0.7452776072539173,
    "orderliness": 0.8259683798444152,
    "self_efficacy": 0.8019563839101513,
    "stress_prone": 0.8418489035595318,
    "agreeableness": 0.34781164773013173,
    "cooperative": 0.8465486529733212,
    "trusting": 0.05910412913743995,
    "excitement_seeking": 0.17106282769933678,
    "outgoing": 0.8024696327754688,
    "gregariousness": 0.7418861392615255,
    "altruism": 0.22219650386949388,
    "modesty": 0.06766834059597247,
    "uncompromising": 0.8141535922388721,
    "sympathy": 0.7464449968299335,
    "fiery": 0.8650859943441989,
    "prone_to_worry": 0.8517213964394619,
    "immoderation": 0.8206044260166856
}