{
    "id": "1",
    "extraversion": 0.32002596202503797,
    "active": 0.1945721766297771,
    "assertive": 0,
    "cheerful": 0.25414182306219885,
    "openness": 0.350630349167235,
    "adventurous": 0.760808343050758,
    "artistic": 0.20590306043871423,
    "emotionally_aware": 0.7443950628148996,
    "imaginative": 1,
    "intellectual": 0.8848760203295858,
    "conscientiousness": 0.3902224373501133,
    "cautious": 0.7562759895271832,
    "disciplined": 0.037578931156630184,
    "dutiful": 0.8862951310202197,
    "neuroticism": 0.7440100327825572,
    "melancholy": 0.8956128578029087,
    "self_conscious": 0.9319926954302435,
    "authority_challenging": 0.17460561923830056,
    "achievement_striving": 0.7997623814657544,
    "orderliness": 0.8229741919869751,
    "self_efficacy": 0.8419726738685618,
    "stress_prone": 0.8982640645970387,
    "agreeableness": 0.42146487426019236,
    "cooperative": 0.13080020241578844,
    "trusting": 0.107709401333304,
    "excitement_seeking": 0.7786957382675849,
    "outgoing": 0.8278805746848255,
    "gregariousness": 0.2509075707905217,
    "altruism": 0.7975182064201009,
    "modesty": 0.2512045939583288,
    "uncompromising": 0.8611471694792193,
    "sympathy": 0.8775054454247432,
    "fiery": 0.8567798288266485,
    "prone_to_worry": 0.9220369188796727,
    "immoderation": 0.936899078128094
}