{
    "id": "1",
    "extraversion": 0.37166497144198424,
    "active": 0.9740630623581881,
    "assertive": 0.8381875440106409,
    "cheerful": 0.7324055238244269,
    "openness": 0.6836906345356389,
    "adventurous": 0.29581018699632267,
    "artistic": 0.29900829356075426,
    "emotionally_aware": 0.8140794929974181,
    "imaginative": 0.8685548861591426,
    "intellectual": 0.8805746811673578,
    "conscientiousness": 0.6628002503716455,
    "cautious": 0.7769051717393006,
    "disciplined": 1,
    "dutiful": 0.8537184101400518,
    "neuroticism": 0.663690243329943,
    "melancholy": 0.24275291448243488,
    "self_conscious": 0.8134144433142947,
    "authority_challenging": 0.858187935216337,
    "achievement_striving": 0.8528186370393555,
    "orderliness": 0.8046807761521009,
    "self_efficacy": 0.8708238791956812,
    "stress_prone": 0.7655406462718098,
    "agreeableness": 0.629714028636257,
    "cooperative": 0.8077908614349426,
    "trusting": 0.8184609967921134,
    "excitement_seeking": 0.1513574837649636,
    "outgoing": 0.7544695250762852,
    "gregariousness": 0.3007393787653549,
    "altruism": 0.8437035443236054,
    "modesty": 0.7740787105860262,
    "uncompromising": 0.2557800641577342,
    "sympathy": 0.2652472419998435,
    "fiery": 0.8192434081840233,
    "prone_to_worry": 0.7591639934277444,
    "immoderation": 0
}