{
    "id": "1",
    "extraversion": 0.6541489932231485,
    "active": 0.9879454926624737,
    "assertive": 0.07255862707815322,
    "cheerful": 0.8834405928526156,
    "openness": 0.32488664618984936,
    "adventurous": 0.8945687679781581,
    "artistic": 0.20245234264540976,
    "emotionally_aware": 0.8208156598898151,
    "imaginative": 0.927368241431427,
    "intellectual": 0.8349666032860416,
    "conscientiousness": 0.20434157281458729,
    "cautious": 0.13322119838135635,
    "disciplined": 0.018928867436985016,
    "dutiful": 0.07789722587879676,
    "neuroticism": 0.7693067134708205,
    "melancholy": 0.810370045341524,
    "self_conscious": 0.8048608063965675,
    "authority_challenging": 0.8433889132660524,
    "achievement_striving": 0.8882063283116376,
    "orderliness": 0.14370337867485738,
    "self_efficacy": 0.17385792989127785,
    "stress_prone": 0.9900784944663839,
    "agreeableness": 0.29788893764321583,
    "cooperative": 0.049229681634245015,
    "trusting": 0,
    "excitement_seeking": 0.9156915801277362,
    "outgoing": 0.9043927648578811,
    "gregariousness": 0.7645044122665885,
    "altruism": 0.8513724343035444,
    "modesty": 0.104870557261957,
    "uncompromising": 0.8842937935741796,
    "sympathy": 0.9217736824143141,
    "fiery": 0.8433157817756325,
    "prone_to_worry": 1,
    "immoderation": 0.8971527473063233
}