{
    "id": "1",
    "extraversion": 0.579474655795708,
    "active": 0.6891104530420736,
    "assertive": 0.12772094454272748,
    "cheerful": 0.7437889393123606,
    "openness": 0.27794015844935005,
    "adventurous": 0.5831666794861933,
    "artistic": 0.17617875548034764,
    "emotionally_aware": 0.5801957541727559,
    "imaginative": 0.9790593031305282,
    "intellectual": 0.6452580570725327,
    "conscientiousness": 0.24890393046688714,
    "cautious": 0.20284016614106604,
    "disciplined": 0.6978117067917852,
    "dutiful": 0.09165641104530417,
    "neuroticism": 0.5754076609491577,
    "melancholy": 0.032362895161910585,
    "self_conscious": 0,
    "authority_challenging": 0.6938504730405353,
    "achievement_striving": 0.6442292900546112,
    "orderliness": 0.6338839320052302,
    "self_efficacy": 0.6709772325205753,
    "stress_prone": 0.8269748480886084,
    "agreeableness": 0.2223675101915237,
    "cooperative": 0.6422582878240134,
    "trusting": 1,
    "excitement_seeking": 0.7841608337820167,
    "outgoing": 0.713695100376894,
    "gregariousness": 0.6142989000846087,
    "altruism": 0.7017537112529805,
    "modesty": 0.16106453349742325,
    "uncompromising": 0.7430774555803399,
    "sympathy": 0.7155891854472732,
    "fiery": 0.09948273209753096,
    "prone_to_worry": 0.6711214521959848,
    "immoderation": 0.06999461579878467
}