{
    "id": "1",
    "extraversion": 0.789138657400289,
    "active": 0.9059011654724929,
    "assertive": 0.19504494808163433,
    "cheerful": 0.8067591254343615,
    "openness": 0.5044230552395009,
    "adventurous": 0.39761370275838737,
    "artistic": 0.3741299957973287,
    "emotionally_aware": 0.4376108326414301,
    "imaginative": 0.9284315835870312,
    "intellectual": 0.893774921328044,
    "conscientiousness": 0.45092612523960346,
    "cautious": 0.36416658978853383,
    "disciplined": 0.2572239818772615,
    "dutiful": 0,
    "neuroticism": 0.7925725473313037,
    "melancholy": 0.9721496150968151,
    "self_conscious": 0.8863741197453795,
    "authority_challenging": 0.9173201307953298,
    "achievement_striving": 0.33512715643162455,
    "orderliness": 0.314810828541263,
    "self_efficacy": 0.8332462047828448,
    "stress_prone": 0.9242289123281773,
    "agreeableness": 0.442582285228123,
    "cooperative": 0.1615055813524401,
    "trusting": 0.3176194429923019,
    "excitement_seeking": 0.9129124511823855,
    "outgoing": 0.9285648390171899,
    "gregariousness": 0.9225273429892267,
    "altruism": 0.37287944483737706,
    "modesty": 0.3510255542913373,
    "uncompromising": 0.23849646873110078,
    "sympathy": 0.8480990600366964,
    "fiery": 1,
    "prone_to_worry": 0.9687874780897321,
    "immoderation": 0.9635495146427216
}