{
    "id": "1",
    "extraversion": 0.20251563955809934,
    "active": 1,
    "assertive": 0.13720978874712403,
    "cheerful": 0.12987963720028142,
    "openness": 0.25136430187674697,
    "adventurous": 0.12740773136087927,
    "artistic": 0.14181133654047273,
    "emotionally_aware": 0.7639329923370919,
    "imaginative": 0.8674202810366793,
    "intellectual": 0.7064326595805367,
    "conscientiousness": 0.26072902207602067,
    "cautious": 0.6264569983457247,
    "disciplined": 0.8465897206746402,
    "dutiful": 0.05403015725124075,
    "neuroticism": 0.7607100074157176,
    "melancholy": 0.7905154874408169,
    "self_conscious": 0.7951645718849234,
    "authority_challenging": 0.7947082200376491,
    "achievement_striving": 0.7899450476317241,
    "orderliness": 0.16194786180144896,
    "self_efficacy": 0.71739461124527,
    "stress_prone": 0.9852161016143447,
    "agreeableness": 0.2194577018881558,
    "cooperative": 0.11171112928067545,
    "trusting": 0.05823239717822444,
    "excitement_seeking": 0.007472761499115851,
    "outgoing": 0.6876461752010801,
    "gregariousness": 0.614781996919625,
    "altruism": 0.7128881367534369,
    "modesty": 0,
    "uncompromising": 0.2025916981993117,
    "sympathy": 0.6540852997661197,
    "fiery": 0.7645699834572455,
    "prone_to_worry": 0.8488619725808599,
    "immoderation": 0.7524956741647811
}