{
    "id": "1",
    "extraversion": 0.3896070027439508,
    "active": 0.82583849241445,
    "assertive": 0.19324443839716984,
    "cheerful": 0.2759938317799397,
    "openness": 0.6950812980474863,
    "adventurous": 0.8118692881601923,
    "artistic": 0.8349094042678641,
    "emotionally_aware": 0.8438782683629272,
    "imaginative": 0.91497154001406,
    "intellectual": 0.8688572918792662,
    "conscientiousness": 0.7375218268816472,
    "cautious": 0.7666961471301903,
    "disciplined": 0.8864548608748896,
    "dutiful": 0,
    "neuroticism": 0.7229403360772843,
    "melancholy": 0.9397351293738803,
    "self_conscious": 0.8483683697303672,
    "authority_challenging": 0.16365058847540645,
    "achievement_striving": 0.8564868358391727,
    "orderliness": 0.2302310814794657,
    "self_efficacy": 0.9202553461686735,
    "stress_prone": 0.8538676100414996,
    "agreeableness": 0.3987459464362655,
    "cooperative": 0.29536022858697875,
    "trusting": 0.16638320067124746,
    "excitement_seeking": 0.8012449826518812,
    "outgoing": 1,
    "gregariousness": 0.7842823774859967,
    "altruism": 0.9480690296392046,
    "modesty": 0.26547157402997934,
    "uncompromising": 0.8017552214436356,
    "sympathy": 0.22948273125155902,
    "fiery": 0.8116765312833073,
    "prone_to_worry": 0.8903099984125904,
    "immoderation": 0.22363199310610696
}