{
    "id": "1",
    "extraversion": 0.3083821338937746,
    "active": 0.8495786488196045,
    "assertive": 0.10480728029545591,
    "cheerful": 0.8415291068987328,
    "openness": 0.28865106409026914,
    "adventurous": 0.1375155583668306,
    "artistic": 0.18336428003019853,
    "emotionally_aware": 0.8636883021485849,
    "imaginative": 0.8999979595584484,
    "intellectual": 0.8742067783468341,
    "conscientiousness": 0.6562570140178334,
    "cautious": 0.7566161317309065,
    "disciplined": 0.9267379460915341,
    "dutiful": 0.889397865698137,
    "neuroticism": 0.34297782040033464,
    "melancholy": 0.8879899610275663,
    "self_conscious": 1,
    "authority_challenging": 0.09208512722153074,
    "achievement_striving": 0.17565141096533288,
    "orderliness": 0.2317023403864596,
    "self_efficacy": 0.74522026566549,
    "stress_prone": 0.21659287069721886,
    "agreeableness": 0.28367238670448286,
    "cooperative": 0.8710236895264135,
    "trusting": 0.884490603766655,
    "excitement_seeking": 0.021496051745597725,
    "outgoing": 0.17748780836172948,
    "gregariousness": 0.1800791691322002,
    "altruism": 0,
    "modesty": 0.08665755269440308,
    "uncompromising": 0.9080270970638046,
    "sympathy": 0.8027913240425227,
    "fiery": 0.13098614540186496,
    "prone_to_worry": 0.8275214756473301,
    "immoderation": 0.8620967577383746
}