{
    "id": "1",
    "extraversion": 0.23462923416460413,
    "active": 1,
    "assertive": 0.7795777227767006,
    "cheerful": 0.13317905233342567,
    "openness": 0.5143633228195895,
    "adventurous": 0.08636757597147889,
    "artistic": 0.6700322560468919,
    "emotionally_aware": 0.6673874389056176,
    "imaginative": 0.7789790648426959,
    "intellectual": 0.7761019326822556,
    "conscientiousness": 0.5478434911586264,
    "cautious": 0.618940822216464,
    "disciplined": 0.8360213372409911,
    "dutiful": 0.8740763244189891,
    "neuroticism": 0.5351555170349455,
    "melancholy": 0.12759455668039707,
    "self_conscious": 0.7110269217366442,
    "authority_challenging": 0.11438834136011511,
    "achievement_striving": 0.781230733489997,
    "orderliness": 0.7213560048964858,
    "self_efficacy": 0.712536969361223,
    "stress_prone": 0.7692128988446795,
    "agreeableness": 0.28288821179981594,
    "cooperative": 0.692030701323302,
    "trusting": 0.05712268913569876,
    "excitement_seeking": 0.12289464513880823,
    "outgoing": 0.6116675750779597,
    "gregariousness": 0.1763985810913445,
    "altruism": 0.6240696230242054,
    "modesty": 0.15160342039189756,
    "uncompromising": 0.5961114039868831,
    "sympathy": 0,
    "fiery": 0.1407650312284997,
    "prone_to_worry": 0.623051011017093,
    "immoderation": 0.6984461699295013
}