{
    "id": "1",
    "extraversion": 0.4552527872275927,
    "active": 0.9389167705210684,
    "assertive": 0.2600121257031224,
    "cheerful": 0.30606453568661796,
    "openness": 0.6880747078042373,
    "adventurous": 0.25229041058978074,
    "artistic": 0.16492640371854894,
    "emotionally_aware": 0.7519788473845532,
    "imaginative": 1,
    "intellectual": 0.7914042237865877,
    "conscientiousness": 0.44943413385428954,
    "cautious": 0.7992943514432955,
    "disciplined": 0,
    "dutiful": 0.903735390211863,
    "neuroticism": 0.7200730910438209,
    "melancholy": 0.8385344740476272,
    "self_conscious": 0.8009700562497896,
    "authority_challenging": 0.855855704132844,
    "achievement_striving": 0.3049193303917276,
    "orderliness": 0.8902876486240695,
    "self_efficacy": 0.33764188756778607,
    "stress_prone": 0.9179409882448046,
    "agreeableness": 0.4426050052207888,
    "cooperative": 0.8763599312876823,
    "trusting": 0.2668244130822864,
    "excitement_seeking": 0.2521641011822561,
    "outgoing": 0.7602815857725084,
    "gregariousness": 0.31463673414395904,
    "altruism": 0.8239752096736166,
    "modesty": 0.20642325440398804,
    "uncompromising": 0.3644868469803631,
    "sympathy": 0.26761595203610766,
    "fiery": 0.8559230691501902,
    "prone_to_worry": 0.781164741149921,
    "immoderation": 0.24805483512412005
}