{
    "id": "1",
    "extraversion": 0.28488628406939653,
    "active": 0.7491895957055056,
    "assertive": 0,
    "cheerful": 0.10878867249293324,
    "openness": 0.6299110500246363,
    "adventurous": 0.7353284406524726,
    "artistic": 0.7132465444360881,
    "emotionally_aware": 0.7235937864681932,
    "imaginative": 1,
    "intellectual": 0.8966831773034932,
    "conscientiousness": 0.22000207463499388,
    "cautious": 0.17612354451388706,
    "disciplined": 0.8633204533077462,
    "dutiful": 0.003345348927673,
    "neuroticism": 0.6594097663442338,
    "melancholy": 0.9257540001555975,
    "self_conscious": 0.9003137885428282,
    "authority_challenging": 0.9714737688337958,
    "achievement_striving": 0.7863385285651305,
    "orderliness": 0.13137626098908223,
    "self_efficacy": 0.12962578771297423,
    "stress_prone": 0.76428256528617,
    "agreeableness": 0.2729052669795908,
    "cooperative": 0.10410777728793337,
    "trusting": 0.9667150748165244,
    "excitement_seeking": 0.8027670444231219,
    "outgoing": 0.8222167474909883,
    "gregariousness": 0.12847177199761414,
    "altruism": 0.0899613599232385,
    "modesty": 0.08072923420035785,
    "uncompromising": 0.1437722050776691,
    "sympathy": 0.9277897357433676,
    "fiery": 0.07996421254635512,
    "prone_to_worry": 0.8467233733565,
    "immoderation": 0.9500531625217187
}