{
    "id": "1",
    "extraversion": 0.27877859129349,
    "active": 0.9706453260684489,
    "assertive": 0,
    "cheerful": 0.09047051478517508,
    "openness": 0.6403201089732674,
    "adventurous": 0.1910437595777286,
    "artistic": 0.1390544298768375,
    "emotionally_aware": 0.9170100459730972,
    "imaginative": 0.9405187581588058,
    "intellectual": 0.859628809807594,
    "conscientiousness": 0.6242919575458311,
    "cautious": 0.736023610874624,
    "disciplined": 0.9707361371246949,
    "dutiful": 0.10194676201827572,
    "neuroticism": 0.6475168851807708,
    "melancholy": 0.8613201657301777,
    "self_conscious": 1,
    "authority_challenging": 0.7684885634826041,
    "achievement_striving": 0.7547306884613201,
    "orderliness": 0.20190703218116807,
    "self_efficacy": 0.7640047675804529,
    "stress_prone": 0.8787785912934899,
    "agreeableness": 0.28054940689028884,
    "cooperative": 0.0800385946989046,
    "trusting": 0.08548725807367046,
    "excitement_seeking": 0.10837164424768715,
    "outgoing": 0.7574323173846416,
    "gregariousness": 0.11383165900448378,
    "altruism": 0.7650036891991598,
    "modesty": 0.03260116919234913,
    "uncompromising": 0.7242976332368466,
    "sympathy": 0.7391111867869912,
    "fiery": 0.1275441284976446,
    "prone_to_worry": 0.774550201487031,
    "immoderation": 0.07824507633804414
}