{
    "id": "1",
    "extraversion": 0.6388626746628512,
    "active": 0.9404040711538655,
    "assertive": 0.8607060590378194,
    "cheerful": 0.17248622484702725,
    "openness": 0.6155032624027114,
    "adventurous": 0,
    "artistic": 0.746324089013364,
    "emotionally_aware": 0.7456239154921002,
    "imaginative": 0.8038905293920666,
    "intellectual": 0.9716987833216637,
    "conscientiousness": 0.6215206957086465,
    "cautious": 0.6742975433042101,
    "disciplined": 1,
    "dutiful": 0.8938070159416318,
    "neuroticism": 0.6459252945295137,
    "melancholy": 0.1994276842521842,
    "self_conscious": 0.7523618172039738,
    "authority_challenging": 0.10194120571909848,
    "achievement_striving": 0.7154251270967152,
    "orderliness": 0.7300272966198869,
    "self_efficacy": 0.762600586522167,
    "stress_prone": 0.7599926938415172,
    "agreeableness": 0.33536282180076504,
    "cooperative": 0.75819659654784,
    "trusting": 0.8247536708372654,
    "excitement_seeking": 0.27310826306229513,
    "outgoing": 0.12335230905050382,
    "gregariousness": 0.148142510680183,
    "altruism": 0.7327468111662455,
    "modesty": 0.22129542248876166,
    "uncompromising": 0.09732411945569118,
    "sympathy": 0.18190305133591075,
    "fiery": 0.1917765127299664,
    "prone_to_worry": 0.7746861903457234,
    "immoderation": 0.7877256537489725
}