{
    "id": "1",
    "extraversion": 0.6868667729243527,
    "active": 0.9162496238254997,
    "assertive": 0.18693922134664903,
    "cheerful": 0.8479809182001584,
    "openness": 0.694579743421126,
    "adventurous": 0.7713973628774284,
    "artistic": 0.7798905471527772,
    "emotionally_aware": 0.7593151952206334,
    "imaginative": 0.9458197260335047,
    "intellectual": 0.8261683701334167,
    "conscientiousness": 0.39676099822780014,
    "cautious": 0.31691169094617644,
    "disciplined": 0.03671463123753054,
    "dutiful": 0,
    "neuroticism": 0.7356189881741885,
    "melancholy": 0.1480288456179851,
    "self_conscious": 0.8607875700799162,
    "authority_challenging": 0.9786444342892812,
    "achievement_striving": 0.8297907912482306,
    "orderliness": 0.30210992097549016,
    "self_efficacy": 0.8257671173330065,
    "stress_prone": 0.8467548679766829,
    "agreeableness": 0.4263756840802952,
    "cooperative": 0.8991517961635775,
    "trusting": 0.9706639619255677,
    "excitement_seeking": 0.8620247662145144,
    "outgoing": 0.8656806250626958,
    "gregariousness": 0.82235646852952,
    "altruism": 0.8696262776000625,
    "modesty": 0.2545057345712725,
    "uncompromising": 0.8312843433386463,
    "sympathy": 0.8169061179906152,
    "fiery": 0.24293627882611266,
    "prone_to_worry": 0.861333719724919,
    "immoderation": 1
}