{
    "id": "1",
    "extraversion": 0.18511326860841426,
    "active": 0.9907518048294748,
    "assertive": 0.058264874284291786,
    "cheerful": 0.16542195668409262,
    "openness": 0.3218944485934777,
    "adventurous": 0.9037216828478964,
    "artistic": 0.2674383868558626,
    "emotionally_aware": 0.742083644510829,
    "imaginative": 0.9372168284789645,
    "intellectual": 0.8337689818272344,
    "conscientiousness": 0.2591735125715708,
    "cautious": 0.2730520288772716,
    "disciplined": 0.13007219317898927,
    "dutiful": 0.13491411501120237,
    "neuroticism": 0.7094597958675628,
    "melancholy": 0.8462658700522778,
    "self_conscious": 1,
    "authority_challenging": 0.8468633308439133,
    "achievement_striving": 0.8288025889967637,
    "orderliness": 0.14148618371919341,
    "self_efficacy": 0.2109783420463032,
    "stress_prone": 0.8031117749564352,
    "agreeableness": 0.33342046303211353,
    "cooperative": 0.8215085884988796,
    "trusting": 0.12247946228528751,
    "excitement_seeking": 0.7810928553647001,
    "outgoing": 0.9020039830719442,
    "gregariousness": 0.033719193427931296,
    "altruism": 0.8489668907144635,
    "modesty": 0,
    "uncompromising": 0.04935275080906151,
    "sympathy": 0.8548294747323874,
    "fiery": 0.1643764002987304,
    "prone_to_worry": 0.9153846153846154,
    "immoderation": 0.863915857605178
}