{
    "id": "1",
    "extraversion": 0.3388220681845165,
    "active": 0.7361662876608491,
    "assertive": 0.20870891439948128,
    "cheerful": 0.692585184982237,
    "openness": 0.3050494534096824,
    "adventurous": 0.2059051846169302,
    "artistic": 0.19510123565029183,
    "emotionally_aware": 0.6602829301259395,
    "imaginative": 0.20460834543412149,
    "intellectual": 0.7614637843959194,
    "conscientiousness": 0.641907997479383,
    "cautious": 0.0785044339114314,
    "disciplined": 0.12511758313013144,
    "dutiful": 0,
    "neuroticism": 0.7513082550206854,
    "melancholy": 0.7399289478250546,
    "self_conscious": 0.8636766304099656,
    "authority_challenging": 0.15950208681516392,
    "achievement_striving": 0.7416093591605251,
    "orderliness": 0.004922509292492037,
    "self_efficacy": 0.1782423262737792,
    "stress_prone": 0.6676438623889239,
    "agreeableness": 0.3114879859722184,
    "cooperative": 0.16713699918719235,
    "trusting": 0.7372896061079298,
    "excitement_seeking": 0.6765299505922536,
    "outgoing": 0.15087171338027527,
    "gregariousness": 0.2363809054129337,
    "altruism": 0.6735983634254821,
    "modesty": 0.05961807172799255,
    "uncompromising": 0.18299131483054334,
    "sympathy": 0.09557339470487777,
    "fiery": 0.7977661488442606,
    "prone_to_worry": 0.7242116222362257,
    "immoderation": 1
}