{
    "id": "1",
    "extraversion": 0.2821768065508665,
    "active": 0.3178998692579158,
    "assertive": 0.14480914604775527,
    "cheerful": 0.3628830104102156,
    "openness": 0.46268935484188073,
    "adventurous": 0.26682198433061033,
    "artistic": 0.3032626539660071,
    "emotionally_aware": 0.8920935444867145,
    "imaginative": 0.973635318057153,
    "intellectual": 0.9981125954761274,
    "conscientiousness": 0.8637824766286238,
    "cautious": 0.9973065164607233,
    "disciplined": 0.9284457420350547,
    "dutiful": 0.9138085267431458,
    "neuroticism": 0.8935090978796191,
    "melancholy": 0.24401584633381498,
    "self_conscious": 0.9724950111573133,
    "authority_challenging": 0.9423456899348257,
    "achievement_striving": 0.26729383546157853,
    "orderliness": 0.8840819054921506,
    "self_efficacy": 1,
    "stress_prone": 0.9484600941736215,
    "agreeableness": 0.49177701101969,
    "cooperative": 0.9336950858670756,
    "trusting": 0.1599378729344225,
    "excitement_seeking": 0.1311352934815732,
    "outgoing": 0.33556479597353706,
    "gregariousness": 0,
    "altruism": 0.38035133248793335,
    "modesty": 0.9003607695105529,
    "uncompromising": 0.9322893627060663,
    "sympathy": 0.944154452603537,
    "fiery": 0.18158404356758778,
    "prone_to_worry": 0.9808507082682081,
    "immoderation": 0.19513993335102772
}