{
    "id": "1",
    "extraversion": 0.3354073738320645,
    "active": 0.7446354805146641,
    "assertive": 0.14649799635325986,
    "cheerful": 0.7541025825924819,
    "openness": 0.6616875959329577,
    "adventurous": 0.7319130963295664,
    "artistic": 0.7863566594212602,
    "emotionally_aware": 0.6798594871900528,
    "imaginative": 0.8681816777064684,
    "intellectual": 0.7776621717676387,
    "conscientiousness": 0.635233278048479,
    "cautious": 0.23413307510842354,
    "disciplined": 0.18167770646832793,
    "dutiful": 0,
    "neuroticism": 0.6236646647368476,
    "melancholy": 0.8184356103138875,
    "self_conscious": 0.8483100347161414,
    "authority_challenging": 1,
    "achievement_striving": 0.19278275112544166,
    "orderliness": 0.1672555705499984,
    "self_efficacy": 0.825883613363139,
    "stress_prone": 0.7756739773160405,
    "agreeableness": 0.6037106095412731,
    "cooperative": 0.7295025393260741,
    "trusting": 0.12949017749528705,
    "excitement_seeking": 0.7322530466762127,
    "outgoing": 0.8344338796575772,
    "gregariousness": 0.7730161836968055,
    "altruism": 0.8882490496842582,
    "modesty": 0.7794958433343978,
    "uncompromising": 0.2325878462600311,
    "sympathy": 0.8586939725773387,
    "fiery": 0.22031872920379503,
    "prone_to_worry": 0.7368475271187662,
    "immoderation": 0.798481555118313
}