{
    "id": "1",
    "extraversion": 0.2983795707134979,
    "active": 0.16580009453514163,
    "assertive": 0.0859784993152262,
    "cheerful": 0.7842174793052878,
    "openness": 0.7096559163242797,
    "adventurous": 0.1219503326909792,
    "artistic": 0.05535153740804038,
    "emotionally_aware": 0.7548631058429989,
    "imaginative": 1,
    "intellectual": 0.8452532451005345,
    "conscientiousness": 0.32657043474045255,
    "cautious": 0.8850549637009296,
    "disciplined": 0,
    "dutiful": 0.08033063059787417,
    "neuroticism": 0.7046019222145462,
    "melancholy": 0.13982717036929307,
    "self_conscious": 0.8943993988534582,
    "authority_challenging": 0.15507399192815327,
    "achievement_striving": 0.15831000254517688,
    "orderliness": 0.18954295894993275,
    "self_efficacy": 0.21979420426862525,
    "stress_prone": 0.9946308887515299,
    "agreeableness": 0.34081130543334665,
    "cooperative": 0.8899998788011004,
    "trusting": 0.013671235865178358,
    "excitement_seeking": 0.7971494018834309,
    "outgoing": 0.2045231429298622,
    "gregariousness": 0.12382891563344608,
    "altruism": 0.08340908264552963,
    "modesty": 0.14753542037838296,
    "uncompromising": 0.827727884230811,
    "sympathy": 0.8226496503411749,
    "fiery": 0.10236459052951802,
    "prone_to_worry": 0.1692785029511932,
    "immoderation": 0.04106218715534065
}