{
    "id": "1",
    "extraversion": 0.6823375628225642,
    "active": 0.8227896599130061,
    "assertive": 0.0749701381532983,
    "cheerful": 0.2415203623988641,
    "openness": 0.7295868923395912,
    "adventurous": 0.3241306258592324,
    "artistic": 0.7985170494241735,
    "emotionally_aware": 0.9175925717247752,
    "imaginative": 0.9049491785175001,
    "intellectual": 0.8365937211241578,
    "conscientiousness": 0.7867976831714407,
    "cautious": 0.7598769466543464,
    "disciplined": 0.9038448536206081,
    "dutiful": 0.19956728493836062,
    "neuroticism": 0.7008631763989993,
    "melancholy": 1,
    "self_conscious": 0.9355547542313674,
    "authority_challenging": 0.9649545874557707,
    "achievement_striving": 0.9337968492934575,
    "orderliness": 0,
    "self_efficacy": 0.8649681098014469,
    "stress_prone": 0.8592774559960334,
    "agreeableness": 0.37667620743278263,
    "cooperative": 0.23288859840887063,
    "trusting": 0.03873025174100202,
    "excitement_seeking": 0.27208086362714384,
    "outgoing": 0.8692501859322531,
    "gregariousness": 0.7712244484009827,
    "altruism": 0.9574158797412725,
    "modesty": 0.05865317437064748,
    "uncompromising": 0.7985395866669671,
    "sympathy": 0.25726262649027515,
    "fiery": 0.19387663113294717,
    "prone_to_worry": 0.8793130648396476,
    "immoderation": 0.9356449032025422
}