{
    "id": "1",
    "extraversion": 0.2002500674201378,
    "active": 1,
    "assertive": 0.7724263894677488,
    "cheerful": 0.7210645026845474,
    "openness": 0.21076760891416807,
    "adventurous": 0.12119689131873791,
    "artistic": 0.7185638284831695,
    "emotionally_aware": 0.7804800313810097,
    "imaginative": 0.8992375395327172,
    "intellectual": 0.8277231606560593,
    "conscientiousness": 0.23901051754149405,
    "cautious": 0.7219348353722818,
    "disciplined": 0.9466522837039398,
    "dutiful": 0.8738385348991151,
    "neuroticism": 0.655507612346466,
    "melancholy": 0.12373434014072422,
    "self_conscious": 0.7452867194586776,
    "authority_challenging": 0,
    "achievement_striving": 0.8552060604574763,
    "orderliness": 0.06880531515849864,
    "self_efficacy": 0.8071171149084313,
    "stress_prone": 0.8413665449018118,
    "agreeableness": 0.23221947093579157,
    "cooperative": 0.7557061952977518,
    "trusting": 0.8041261124322735,
    "excitement_seeking": 0.034825565716247016,
    "outgoing": 0.8238495672852976,
    "gregariousness": 0.16663806418397117,
    "altruism": 0.7664321263085636,
    "modesty": 0.03128294393096177,
    "uncompromising": 0.7437544435999903,
    "sympathy": 0.024381573463433795,
    "fiery": 0.12581823530853908,
    "prone_to_worry": 0.7749515800828656,
    "immoderation": 0.028745495108975495
}