{
    "id": "1",
    "extraversion": 0.2822671765677285,
    "active": 0.2119203859023945,
    "assertive": 0.09862674373125895,
    "cheerful": 0.22403415757681108,
    "openness": 0.6722437095302247,
    "adventurous": 0.6735800269436357,
    "artistic": 0.7405697275216201,
    "emotionally_aware": 0.7293468341228109,
    "imaginative": 0.767404719481987,
    "intellectual": 0.8825127113119813,
    "conscientiousness": 0.7272934683412281,
    "cautious": 0.19362478814480033,
    "disciplined": 0.08815349180826561,
    "dutiful": 0.07613749945678151,
    "neuroticism": 0.6995893268436835,
    "melancholy": 0.9958389465907609,
    "self_conscious": 1,
    "authority_challenging": 0.8077767154838991,
    "achievement_striving": 0.1526987093129373,
    "orderliness": 0,
    "self_efficacy": 0.20157750640997785,
    "stress_prone": 0.7783342749119987,
    "agreeableness": 0.28928555908043985,
    "cooperative": 0.16926687236539048,
    "trusting": 0.11120768328190866,
    "excitement_seeking": 0.7227521620094738,
    "outgoing": 0.781854330537569,
    "gregariousness": 0.18380339837469037,
    "altruism": 0.8739298596323498,
    "modesty": 0.18169571074703403,
    "uncompromising": 0.7948046586415194,
    "sympathy": 0.8325583416626832,
    "fiery": 0.1890291599669723,
    "prone_to_worry": 0.8145452175046718,
    "immoderation": 0.8522989005258355
}