{
    "id": "1",
    "extraversion": 0.705592213429204,
    "active": 0.20280816362321066,
    "assertive": 0.1623079115242125,
    "cheerful": 0.7839401977333011,
    "openness": 0.6799219589188241,
    "adventurous": 0.2780871166451104,
    "artistic": 0.21810947673016637,
    "emotionally_aware": 0.7874038187517811,
    "imaginative": 1,
    "intellectual": 0.8861170177784597,
    "conscientiousness": 0.37808273231470724,
    "cautious": 0.7390994585351951,
    "disciplined": 0,
    "dutiful": 0.12986386654098256,
    "neuroticism": 0.7418835083411887,
    "melancholy": 0.947300348554267,
    "self_conscious": 0.9533178420325755,
    "authority_challenging": 0.903402240392836,
    "achievement_striving": 0.23818970997654382,
    "orderliness": 0.24778043273341083,
    "self_efficacy": 0.20120788302606485,
    "stress_prone": 0.8806475656005436,
    "agreeableness": 0.3705964881513471,
    "cooperative": 0.09791305872810577,
    "trusting": 0.09759519477387817,
    "excitement_seeking": 0.2942104917026547,
    "outgoing": 0.7972356796808208,
    "gregariousness": 0.8152771992897385,
    "altruism": 0.7908564789442533,
    "modesty": 0.11488041738825439,
    "uncompromising": 0.2483723173378346,
    "sympathy": 0.8680645373435343,
    "fiery": 0.9153933840454217,
    "prone_to_worry": 0.9320976828813818,
    "immoderation": 0.9686739592695707
}