{
    "id": "1",
    "extraversion": 0.6459031033712882,
    "active": 0.8808216119669569,
    "assertive": 0.08593436034829208,
    "cheerful": 0.749430676490288,
    "openness": 0.5543313239562402,
    "adventurous": 0.1016186648805537,
    "artistic": 0.19761107390042423,
    "emotionally_aware": 0.7077584282205849,
    "imaginative": 0.7785219915159634,
    "intellectual": 0.7130832775173029,
    "conscientiousness": 0.25889707524000893,
    "cautious": 0.6928332217012727,
    "disciplined": 0.02524000893056488,
    "dutiful": 0.047588747488278633,
    "neuroticism": 0.6215784773386916,
    "melancholy": 0.7668899307881224,
    "self_conscious": 0.7666331770484482,
    "authority_challenging": 0.8164322393391382,
    "achievement_striving": 0.0995757981692342,
    "orderliness": 0.052109845947756195,
    "self_efficacy": 0.1551462379995535,
    "stress_prone": 0.7895177494976557,
    "agreeableness": 0.2257870060281313,
    "cooperative": 0.06193346729180624,
    "trusting": 0.04924090198705072,
    "excitement_seeking": 0,
    "outgoing": 0.10425318151373077,
    "gregariousness": 0.7958026345166331,
    "altruism": 0.11667782987273945,
    "modesty": 0.15398526456798395,
    "uncompromising": 0.7195021210091539,
    "sympathy": 0.07202500558160306,
    "fiery": 1,
    "prone_to_worry": 0.7667671355213218,
    "immoderation": 0.9348961821835231
}