{
    "id": "1",
    "extraversion": 0.2859534903070139,
    "active": 0.7584137615442218,
    "assertive": 0.10140194691738079,
    "cheerful": 0.6933085115234213,
    "openness": 0.5852400366087029,
    "adventurous": 0.19082286379898494,
    "artistic": 0.16624719194608537,
    "emotionally_aware": 0.6628983276478909,
    "imaginative": 0.7425326566270072,
    "intellectual": 0.8250894417172809,
    "conscientiousness": 0.575089441717281,
    "cautious": 0.713744903902155,
    "disciplined": 0.7809509942590898,
    "dutiful": 0.8123179965055329,
    "neuroticism": 0.6130917713620101,
    "melancholy": 0.1220047424910558,
    "self_conscious": 0.7422102504368084,
    "authority_challenging": 0.12995049504950495,
    "achievement_striving": 0.0015288293535235579,
    "orderliness": 0.09421540893585158,
    "self_efficacy": 0.7175409767867543,
    "stress_prone": 0.7166777602129962,
    "agreeableness": 0.5949330227140361,
    "cooperative": 0.1522589233713287,
    "trusting": 0,
    "excitement_seeking": 0.18841001747233546,
    "outgoing": 0.7250187203594309,
    "gregariousness": 0.1918316831683168,
    "altruism": 0.6915300773774856,
    "modesty": 0.8300815375655213,
    "uncompromising": 0.1546405690989267,
    "sympathy": 0.711176054580248,
    "fiery": 0.6906668608037274,
    "prone_to_worry": 0.7598489891005907,
    "immoderation": 1
}