{
    "id": "1",
    "extraversion": 0.6618705764421179,
    "active": 0.7936837415579024,
    "assertive": 0.9583135043185064,
    "cheerful": 0.23034396168528062,
    "openness": 0.6960541104282055,
    "adventurous": 0.8542440842032787,
    "artistic": 0.7871426980285742,
    "emotionally_aware": 0.6824758761049402,
    "imaginative": 0.8310770445823757,
    "intellectual": 0.7487267241117446,
    "conscientiousness": 0.30359149866850277,
    "cautious": 0.19883354765545105,
    "disciplined": 0.1474164903150029,
    "dutiful": 0,
    "neuroticism": 0.620194206215004,
    "melancholy": 0.7237978554287624,
    "self_conscious": 0.7375077206589646,
    "authority_challenging": 0.8813600510322902,
    "achievement_striving": 0.795000050627272,
    "orderliness": 0.17783335527181784,
    "self_efficacy": 0.7126193537935015,
    "stress_prone": 0.7497392695497211,
    "agreeableness": 0.30791506768866256,
    "cooperative": 0.24131995423294622,
    "trusting": 0.7966403742367939,
    "excitement_seeking": 0.7506404349895203,
    "outgoing": 0.916181488644303,
    "gregariousness": 0.23377649072002107,
    "altruism": 0.768420732880388,
    "modesty": 0.1429410394791466,
    "uncompromising": 0.716699911908547,
    "sympathy": 0.7337410516296919,
    "fiery": 0.7654539747471168,
    "prone_to_worry": 0.17396543169874745,
    "immoderation": 1
}