{
    "id": "1",
    "extraversion": 0.37634910448631936,
    "active": 0.2785601773525465,
    "assertive": 0.17914940785251732,
    "cheerful": 0.13867335628026364,
    "openness": 0.8404060439880987,
    "adventurous": 0.2906598214806604,
    "artistic": 0.18910215273321276,
    "emotionally_aware": 1,
    "imaginative": 0.950189603873753,
    "intellectual": 0.9027594656087742,
    "conscientiousness": 0.7106236508955137,
    "cautious": 0.8513855667697334,
    "disciplined": 0.2119946327518814,
    "dutiful": 0.15650195437839096,
    "neuroticism": 0.7512280497053847,
    "melancholy": 0.9617408552593197,
    "self_conscious": 0.931870952686541,
    "authority_challenging": 0.9103319526282014,
    "achievement_striving": 0.24887696167084766,
    "orderliness": 0.29526865410419456,
    "self_efficacy": 0.23971763607724167,
    "stress_prone": 0.9295373665480426,
    "agreeableness": 0.3771191879120238,
    "cooperative": 0.9331077533399452,
    "trusting": 0.15549851233883671,
    "excitement_seeking": 0.1603873752989907,
    "outgoing": 0.2198004783851584,
    "gregariousness": 0.2773117087684499,
    "altruism": 0.16020068840791082,
    "modesty": 0,
    "uncompromising": 0.8886996091243218,
    "sympathy": 0.21446823405868967,
    "fiery": 0.8880228691441573,
    "prone_to_worry": 0.8785718452832391,
    "immoderation": 0.21707018260311534
}