{
    "id": "1",
    "extraversion": 0.33301182361037357,
    "active": 0.8014803897131337,
    "assertive": 0.09873960963662172,
    "cheerful": 0.28341985196102865,
    "openness": 0.3588373630422767,
    "adventurous": 0.20946539074268739,
    "artistic": 0.11158193621102597,
    "emotionally_aware": 0.7561691935885904,
    "imaginative": 1,
    "intellectual": 0.83074138697127,
    "conscientiousness": 0.7104678508339384,
    "cautious": 0.9113066660886715,
    "disciplined": 0.18574230815081333,
    "dutiful": 0.19106347468923732,
    "neuroticism": 0.8197522568898811,
    "melancholy": 0.9164435967184333,
    "self_conscious": 0.8895885036792994,
    "authority_challenging": 0.8940210028935874,
    "achievement_striving": 0.8325945834642852,
    "orderliness": 0.18296793211448634,
    "self_efficacy": 0.8733865811234054,
    "stress_prone": 0.9598799215371777,
    "agreeableness": 0.3543073271704615,
    "cooperative": 0.2320505456634118,
    "trusting": 0.04291612931193303,
    "excitement_seeking": 0,
    "outgoing": 0.8064655966534089,
    "gregariousness": 0.8336349744779079,
    "altruism": 0.9188169887182599,
    "modesty": 0.18735708170320675,
    "uncompromising": 0.8560142186771861,
    "sympathy": 0.7928754890379633,
    "fiery": 0.20496786709004797,
    "prone_to_worry": 0.909258396280602,
    "immoderation": 0.011856122592741051
}