{
    "id": "1",
    "extraversion": 0.27947173138385806,
    "active": 0.8491054700415119,
    "assertive": 0,
    "cheerful": 0.11551743139487895,
    "openness": 0.7177271224422321,
    "adventurous": 0.27497152933397007,
    "artistic": 0.21110539656882554,
    "emotionally_aware": 0.8615866426655889,
    "imaginative": 0.8519892729877668,
    "intellectual": 0.8122681018331436,
    "conscientiousness": 0.6801642114543918,
    "cautious": 0.7602494397707652,
    "disciplined": 0.8432184710333933,
    "dutiful": 0.24742845597149257,
    "neuroticism": 0.4044946915983983,
    "melancholy": 0.8561955842915395,
    "self_conscious": 1,
    "authority_challenging": 0.2056592336798795,
    "achievement_striving": 0.29493773189816685,
    "orderliness": 0.30396568825539105,
    "self_efficacy": 0.8083373131038536,
    "stress_prone": 0.20449285478123505,
    "agreeableness": 0.6903309944528121,
    "cooperative": 0.2429833584365012,
    "trusting": 0.19887219426178318,
    "excitement_seeking": 0.1175103780169722,
    "outgoing": 0.27038867051173726,
    "gregariousness": 0.0804342235773851,
    "altruism": 0.22955622497336614,
    "modesty": 0.26439146247382533,
    "uncompromising": 0.8988556629073141,
    "sympathy": 0.8011002534807685,
    "fiery": 0.15651519047793983,
    "prone_to_worry": 0.8613111200911061,
    "immoderation": 0.023309209801256343
}