{
    "id": "1",
    "extraversion": 0.7580236171535115,
    "active": 1,
    "assertive": 0,
    "cheerful": 0.7936109384711001,
    "openness": 0.7487507768800498,
    "adventurous": 0.97775015537601,
    "artistic": 0.19466749533871971,
    "emotionally_aware": 0.7627719080174021,
    "imaginative": 0.8826600372902423,
    "intellectual": 0.8672467371037912,
    "conscientiousness": 0.2436544437538844,
    "cautious": 0.17494095711622124,
    "disciplined": 0.0731883157240522,
    "dutiful": 0.051845866998135516,
    "neuroticism": 0.6615537600994407,
    "melancholy": 0.8178247358607831,
    "self_conscious": 0.9122809198259788,
    "authority_challenging": 0.9675450590428838,
    "achievement_striving": 0.8728402734617774,
    "orderliness": 0.206177750155376,
    "self_efficacy": 0.18149160969546305,
    "stress_prone": 0.759502796768179,
    "agreeableness": 0.6551274083281542,
    "cooperative": 0.1629707893101305,
    "trusting": 0.9567308887507768,
    "excitement_seeking": 0.8125170913610938,
    "outgoing": 0.9255065257924177,
    "gregariousness": 0.8551771286513362,
    "altruism": 0.8427843380981977,
    "modesty": 0.15742697327532626,
    "uncompromising": 0.8261280298321939,
    "sympathy": 0.849422001243008,
    "fiery": 0.18780609073958981,
    "prone_to_worry": 0.10002486016159104,
    "immoderation": 0.9872467371037913
}