{
    "id": "1",
    "extraversion": 0.3010816014496857,
    "active": 0.8728240557222946,
    "assertive": 0.09197576306699135,
    "cheerful": 0.050150065122600423,
    "openness": 0.3690695962398777,
    "adventurous": 0.21425901806444309,
    "artistic": 0,
    "emotionally_aware": 0.7582196047341299,
    "imaginative": 0.11903278781357951,
    "intellectual": 0.799059969420692,
    "conscientiousness": 0.3544255054080072,
    "cautious": 0.7845178096154936,
    "disciplined": 0.06436378050852262,
    "dutiful": 0.0834022311569172,
    "neuroticism": 0.6665043320686335,
    "melancholy": 0.857126677614814,
    "self_conscious": 0.8726428450082111,
    "authority_challenging": 1,
    "achievement_striving": 0.24444192762897107,
    "orderliness": 0.23141740755422166,
    "self_efficacy": 0.1744832663231214,
    "stress_prone": 0.7799195877456255,
    "agreeableness": 0.3486041112180758,
    "cooperative": 0.1274704116880911,
    "trusting": 0.0576023557392831,
    "excitement_seeking": 0.04629933744832666,
    "outgoing": 0.11793419785944843,
    "gregariousness": 0.18238858372501277,
    "altruism": 0.16654397191233933,
    "modesty": 0.10816014496857129,
    "uncompromising": 0.9077977235404043,
    "sympathy": 0.09304037601223172,
    "fiery": 0.9149781980859618,
    "prone_to_worry": 0.9507220114389263,
    "immoderation": 0.015153745965230198
}