{
    "id": "1",
    "extraversion": 0.7212424992613874,
    "active": 0.7291278258300476,
    "assertive": 0.7938404800472711,
    "cheerful": 0.7840194789979318,
    "openness": 0.2905854905916032,
    "adventurous": 0.25980826634880855,
    "artistic": 0.6950090161679758,
    "emotionally_aware": 0.6449871124830628,
    "imaginative": 0.9343908228654095,
    "intellectual": 0.7876565094695233,
    "conscientiousness": 0.25879967806677057,
    "cautious": 0.25293152806218605,
    "disciplined": 0,
    "dutiful": 0.8135639842293468,
    "neuroticism": 0.7065415609686523,
    "melancholy": 0.6837515408987642,
    "self_conscious": 0.7167700724349766,
    "authority_challenging": 0.7191132573326404,
    "achievement_striving": 0.8157441649602167,
    "orderliness": 0.7381949326079649,
    "self_efficacy": 0.7646321709098688,
    "stress_prone": 1,
    "agreeableness": 0.2731236692237945,
    "cooperative": 0.7261020609839339,
    "trusting": 0.9255682223376834,
    "excitement_seeking": 0.8882300803814298,
    "outgoing": 0.7829803274346201,
    "gregariousness": 0.6748780015689151,
    "altruism": 0.7479548070947563,
    "modesty": 0.6985237935144717,
    "uncompromising": 0.17370131523987078,
    "sympathy": 0.7145185773811342,
    "fiery": 0.7110241755554876,
    "prone_to_worry": 0.7936672881200525,
    "immoderation": 0.8683843230742586
}