{
    "id": "1",
    "extraversion": 0.3513226868218945,
    "active": 0.9289772034621481,
    "assertive": 0.01381201999268561,
    "cheerful": 0.7977081555528466,
    "openness": 0.3878581006948677,
    "adventurous": 0.7581250761916373,
    "artistic": 0.18335974643423142,
    "emotionally_aware": 0.8028404242350359,
    "imaginative": 1,
    "intellectual": 0.9086187980007314,
    "conscientiousness": 0.30643666951115445,
    "cautious": 0.17069364866512254,
    "disciplined": 0.09223454833597465,
    "dutiful": 0.11247104717786176,
    "neuroticism": 0.7310130440082896,
    "melancholy": 0.8459100329147872,
    "self_conscious": 0.9663293916859685,
    "authority_challenging": 0.05911251980982571,
    "achievement_striving": 0.25210288918688284,
    "orderliness": 0.090418139704986,
    "self_efficacy": 0.20905766183103747,
    "stress_prone": 0.9977447275387054,
    "agreeableness": 0.3465317566743874,
    "cooperative": 0.06569547726441545,
    "trusting": 0,
    "excitement_seeking": 0.27349750091429964,
    "outgoing": 0.7999756186760941,
    "gregariousness": 0.8007680117030356,
    "altruism": 0.1798975984395953,
    "modesty": 0.13946117274167988,
    "uncompromising": 0.20354748262830671,
    "sympathy": 0.9014506887724003,
    "fiery": 0.9414482506400097,
    "prone_to_worry": 0.9916250152383276,
    "immoderation": 0.8857369255150553
}