{
    "id": "1",
    "extraversion": 0.33544869082875,
    "active": 0.23340619564706433,
    "assertive": 0.12809664833356835,
    "cheerful": 0.7971959761199643,
    "openness": 0.7505053354016828,
    "adventurous": 0.2716236543975932,
    "artistic": 0.7546890424481737,
    "emotionally_aware": 0.7609528510318244,
    "imaginative": 0.8938913176326798,
    "intellectual": 0.9165491468058101,
    "conscientiousness": 0.7092441122549711,
    "cautious": 0.7674399473511023,
    "disciplined": 0.8809053730080383,
    "dutiful": 0.9738753349316034,
    "neuroticism": 0.8648639120011281,
    "melancholy": 0.9875428947492125,
    "self_conscious": 1,
    "authority_challenging": 0.13439571287547591,
    "achievement_striving": 0.1783011328914586,
    "orderliness": 0.21296949184412164,
    "self_efficacy": 0.8717975837916607,
    "stress_prone": 0.8626075306726837,
    "agreeableness": 0.3185140788793306,
    "cooperative": 0.8303248248954073,
    "trusting": 0,
    "excitement_seeking": 0.15718281389554833,
    "outgoing": 0.8448620316833544,
    "gregariousness": 0.1328914586565129,
    "altruism": 0.15083674140929812,
    "modesty": 0.1967399990598411,
    "uncompromising": 0.20739905043952425,
    "sympathy": 0.7961970573026841,
    "fiery": 0.7803553800592299,
    "prone_to_worry": 0.962558172331124,
    "immoderation": 0.9001316222441593
}