{
    "id": "1",
    "extraversion": 0.31798291727998235,
    "active": 1,
    "assertive": 0,
    "cheerful": 0.6958354611633472,
    "openness": 0.3886168604243644,
    "adventurous": 0.25541970821192184,
    "artistic": 0.14856759490121857,
    "emotionally_aware": 0.7624039973164309,
    "imaginative": 0.8058918361420689,
    "intellectual": 0.7874272782801126,
    "conscientiousness": 0.680785444641373,
    "cautious": 0.752891345489501,
    "disciplined": 0.09057045871008439,
    "dutiful": 0.8733415442538577,
    "neuroticism": 0.6631119388787087,
    "melancholy": 0.12621786976678978,
    "self_conscious": 0.8437521904132497,
    "authority_challenging": 0.22729229875734724,
    "achievement_striving": 0.8073037139395396,
    "orderliness": 0.26688495699280035,
    "self_efficacy": 0.21360409344428086,
    "stress_prone": 0.8177576176314498,
    "agreeableness": 0.39458479778104877,
    "cooperative": 0.9351637678111889,
    "trusting": 0.09328406781018751,
    "excitement_seeking": 0.246427748906045,
    "outgoing": 0.7950273864239439,
    "gregariousness": 0.7707250643355663,
    "altruism": 0.25637097339461484,
    "modesty": 0.2258804209598766,
    "uncompromising": 0.8115794006028018,
    "sympathy": 0.7806082089178606,
    "fiery": 0.8605545375349215,
    "prone_to_worry": 0.7822604063404328,
    "immoderation": 0.8233350355973444
}