{
    "id": "1",
    "extraversion": 0.28975761414013473,
    "active": 0.11827969370717945,
    "assertive": 0.9026196096493754,
    "cheerful": 0.16398180666705048,
    "openness": 0.6624330704128044,
    "adventurous": 0.18496171339743223,
    "artistic": 0.17198457021129598,
    "emotionally_aware": 0.8093615061316138,
    "imaginative": 0.8018308480626404,
    "intellectual": 0.8019575105072255,
    "conscientiousness": 0.6104438942944327,
    "cautious": 1,
    "disciplined": 0,
    "dutiful": 0.8851056479935517,
    "neuroticism": 0.7044850020150843,
    "melancholy": 0.7809430594737752,
    "self_conscious": 0.8150958604410157,
    "authority_challenging": 0.8089354597271001,
    "achievement_striving": 0.7437733893718694,
    "orderliness": 0.7922620761126145,
    "self_efficacy": 0.7718233634636422,
    "stress_prone": 0.9004893776268065,
    "agreeableness": 0.3601473890264264,
    "cooperative": 0.7547930220507801,
    "trusting": 0.06310092693879903,
    "excitement_seeking": 0.10196326789107032,
    "outgoing": 0.09305083769934941,
    "gregariousness": 0.19730554436064254,
    "altruism": 0.15763716967010194,
    "modesty": 0.0437215729172664,
    "uncompromising": 0.1718579077667108,
    "sympathy": 0.20110541769819795,
    "fiery": 0.793114168921642,
    "prone_to_worry": 0.8150267718348784,
    "immoderation": 0.82522885600783
}