{
    "id": "1",
    "extraversion": 0.6835500603993462,
    "active": 0.9144461024657144,
    "assertive": 0.03541533432814609,
    "cheerful": 0.7709088325161657,
    "openness": 0.6592055709514674,
    "adventurous": 0.7996731329496198,
    "artistic": 0.7555034463156399,
    "emotionally_aware": 0.7447594684857529,
    "imaginative": 0.8835926952320045,
    "intellectual": 0.9629787536417252,
    "conscientiousness": 0.6936687273502451,
    "cautious": 0.7246358274710438,
    "disciplined": 0.9599374689121011,
    "dutiful": 0.9784125630640235,
    "neuroticism": 0.2611951964755205,
    "melancholy": 0.9107937184679884,
    "self_conscious": 0.8313792368364954,
    "authority_challenging": 0.02181482271015416,
    "achievement_striving": 0.9004050309102536,
    "orderliness": 0.8356285084914375,
    "self_efficacy": 1,
    "stress_prone": 0.8291764371491509,
    "agreeableness": 0.614979037873943,
    "cooperative": 0.8333972855823206,
    "trusting": 0.901485113337597,
    "excitement_seeking": 0.7968165991615149,
    "outgoing": 0.8658423932352733,
    "gregariousness": 0.9466780359553756,
    "altruism": 0.9236552263199034,
    "modesty": 0.057642293753996994,
    "uncompromising": 0.8166560079585021,
    "sympathy": 0.8876998507780858,
    "fiery": 0.015007461095715218,
    "prone_to_worry": 0.8604988275421018,
    "immoderation": 0
}