{
    "id": "1",
    "extraversion": 0.6062674966630838,
    "active": 0.06999846442788131,
    "assertive": 0.9729975548967034,
    "cheerful": 0.7802832539954405,
    "openness": 0.6472790843265336,
    "adventurous": 0.817609468573926,
    "artistic": 0.8783236277300701,
    "emotionally_aware": 0.7941388393437201,
    "imaginative": 0.8795993337979425,
    "intellectual": 0.8222988695826788,
    "conscientiousness": 0.14156793725416084,
    "cautious": 0.20545954948676456,
    "disciplined": 1,
    "dutiful": 0.04202742768045926,
    "neuroticism": 0.6400973316481414,
    "melancholy": 0.79674931194557,
    "self_conscious": 0.9431483953271359,
    "authority_challenging": 0.8578532701780084,
    "achievement_striving": 0.14448552427975767,
    "orderliness": 0.10365111801462337,
    "self_efficacy": 0.1908007417994543,
    "stress_prone": 0.7474692590273924,
    "agreeableness": 0.6959921567701014,
    "cooperative": 0.7892604448434307,
    "trusting": 0.9079365454352167,
    "excitement_seeking": 0.8051831465053924,
    "outgoing": 0.7468904664595614,
    "gregariousness": 0.7023943112959049,
    "altruism": 0.9878571681687712,
    "modesty": 0.9170436693086381,
    "uncompromising": 0.7433940868661337,
    "sympathy": 0.8930769321631487,
    "fiery": 0.7799879516649146,
    "prone_to_worry": 0.17133441217118087,
    "immoderation": 0
}