{
    "id": "1",
    "extraversion": 0.1854889461824235,
    "active": 1,
    "assertive": 0.06737855011266976,
    "cheerful": 0.07396617876936194,
    "openness": 0.2509592155748188,
    "adventurous": 0.12888000162406868,
    "artistic": 0.11021336202521369,
    "emotionally_aware": 0.7801721512819992,
    "imaginative": 0.731358736474553,
    "intellectual": 0.6749528005034613,
    "conscientiousness": 0.25789195882985855,
    "cautious": 0.17463813719320326,
    "disciplined": 0.8646947765890497,
    "dutiful": 0.0379118536714103,
    "neuroticism": 0.6115836699892405,
    "melancholy": 0.12227207210865021,
    "self_conscious": 0.7464625753669382,
    "authority_challenging": 0.7655859842871354,
    "achievement_striving": 0.7551919446192574,
    "orderliness": 0,
    "self_efficacy": 0.6658884670821577,
    "stress_prone": 0.7750461844536024,
    "agreeableness": 0.2211372541058487,
    "cooperative": 0.7561866866968473,
    "trusting": 0.001766174709190162,
    "excitement_seeking": 0.002243244889258805,
    "outgoing": 0.6601636249213342,
    "gregariousness": 0.21286465417487158,
    "altruism": 0.07747822732901603,
    "modesty": 0.04814348646947764,
    "uncompromising": 0.13449318906189733,
    "sympathy": 0.6422176658072637,
    "fiery": 0.7927282324042307,
    "prone_to_worry": 0.703617613025031,
    "immoderation": 0.7366978623195761
}