{
    "id": "1",
    "extraversion": 0.3390556597873671,
    "active": 0.8977902855951636,
    "assertive": 0.18164477798624143,
    "cheerful": 0.20764019178653323,
    "openness": 0.635887012716281,
    "adventurous": 0.22868459453825304,
    "artistic": 0.2523556389410048,
    "emotionally_aware": 0.7542109651865748,
    "imaginative": 0.8123827392120075,
    "intellectual": 0.7609547633937876,
    "conscientiousness": 0.35677506775067747,
    "cautious": 0.7156347717323327,
    "disciplined": 0.797759016051699,
    "dutiful": 0.13369814467375443,
    "neuroticism": 0.7304148426099646,
    "melancholy": 0.8358036272670419,
    "self_conscious": 0.8782051282051282,
    "authority_challenging": 0.9001146549927037,
    "achievement_striving": 0.8392328538670002,
    "orderliness": 0.18087346258077966,
    "self_efficacy": 0.7893683552220138,
    "stress_prone": 1,
    "agreeableness": 0.2998540754638316,
    "cooperative": 0.10338753387533875,
    "trusting": 0,
    "excitement_seeking": 0.194204711277882,
    "outgoing": 0.19833229101521785,
    "gregariousness": 0.7436627058578278,
    "altruism": 0.88831561392537,
    "modesty": 0.17957056493641857,
    "uncompromising": 0.8371690639983322,
    "sympathy": 0.7692307692307692,
    "fiery": 0.8345319991661456,
    "prone_to_worry": 0.9165937043985825,
    "immoderation": 0.16831352928913906
}