{
    "id": "1",
    "extraversion": 0.6329490433751914,
    "active": 1,
    "assertive": 0.1541222645897863,
    "cheerful": 0.784566527636449,
    "openness": 0.6234554786478659,
    "adventurous": 0.7843987968108779,
    "artistic": 0.21763633720605172,
    "emotionally_aware": 0.7017410459694282,
    "imaginative": 0.8544543716244171,
    "intellectual": 0.8103299824441735,
    "conscientiousness": 0.6421854208366413,
    "cautious": 0.7199566136264522,
    "disciplined": 0.18100392490131836,
    "dutiful": 0.12287960281340503,
    "neuroticism": 0.6184906462109606,
    "melancholy": 0.08714175491171768,
    "self_conscious": 0.763074617853269,
    "authority_challenging": 0.10959532142817205,
    "achievement_striving": 0.19920831050330426,
    "orderliness": 0.9032975880307281,
    "self_efficacy": 0.8083619407574724,
    "stress_prone": 0.2269174428876539,
    "agreeableness": 0.6346151695758646,
    "cooperative": 0.7491417772758278,
    "trusting": 0.9591743170559885,
    "excitement_seeking": 0.7681848170056692,
    "outgoing": 0.8004562278455535,
    "gregariousness": 0.7640810028066958,
    "altruism": 0.8152836328260407,
    "modesty": 0.9014860951145601,
    "uncompromising": 0.24764897292824475,
    "sympathy": 0.20893669838642942,
    "fiery": 0.802782095293473,
    "prone_to_worry": 0.1590647329166154,
    "immoderation": 0
}