{
    "id": "1",
    "extraversion": 0.7021145591443247,
    "active": 1,
    "assertive": 0.8655003166561114,
    "cheerful": 0.7769245654774469,
    "openness": 0.7356713109563014,
    "adventurous": 0.3623161635352895,
    "artistic": 0.3060393357258462,
    "emotionally_aware": 0.8358753782281331,
    "imaginative": 0.29779748082471325,
    "intellectual": 0.8823622545915136,
    "conscientiousness": 0.3301227922032228,
    "cautious": 0.35902645837731334,
    "disciplined": 0,
    "dutiful": 0.2315459855041869,
    "neuroticism": 0.7811554429667158,
    "melancholy": 0.9620012666244457,
    "self_conscious": 0.9015727253535992,
    "authority_challenging": 0.8566163535289564,
    "achievement_striving": 0.9991643797058617,
    "orderliness": 0.3733727394272043,
    "self_efficacy": 0.3151344029273098,
    "stress_prone": 0.9494933502216593,
    "agreeableness": 0.40238195763844903,
    "cooperative": 0.20117338681303215,
    "trusting": 0.1407448455421856,
    "excitement_seeking": 0.9010449651678277,
    "outgoing": 0.9065336710998521,
    "gregariousness": 0.4074396594187601,
    "altruism": 0.7944286116388712,
    "modesty": 0.3260678347758778,
    "uncompromising": 0.34144324818802335,
    "sympathy": 0.8343448736893955,
    "fiery": 0.9975635071423544,
    "prone_to_worry": 0.9657219759341353,
    "immoderation": 0.895459503201745
}