{
    "id": "1",
    "extraversion": 0.28528323370338743,
    "active": 0.07106177056646737,
    "assertive": 0,
    "cheerful": 0.7405636208368915,
    "openness": 0.32992883575291776,
    "adventurous": 0.7436265300313122,
    "artistic": 0.2228522630230572,
    "emotionally_aware": 0.6951892968972387,
    "imaginative": 1,
    "intellectual": 0.8596413321947054,
    "conscientiousness": 0.34892115001423285,
    "cautious": 0.2983660688869912,
    "disciplined": 0.8384400797039567,
    "dutiful": 0.8390321662396811,
    "neuroticism": 0.6979561628237974,
    "melancholy": 0.8949843438656419,
    "self_conscious": 0.8756162823797324,
    "authority_challenging": 0.8698662112154854,
    "achievement_striving": 0.24913179618559636,
    "orderliness": 0.8776088812980359,
    "self_efficacy": 0.8704469114716766,
    "stress_prone": 0.8419925989183034,
    "agreeableness": 0.6350811272416739,
    "cooperative": 0.18748647879305436,
    "trusting": 0.9200113862795333,
    "excitement_seeking": 0.7993851409052092,
    "outgoing": 0.8423228010247652,
    "gregariousness": 0.16261884429262738,
    "altruism": 0.8501907201821806,
    "modesty": 0.17780814118986618,
    "uncompromising": 0.7857443780244806,
    "sympathy": 0.8896441787645887,
    "fiery": 0.10655280387133503,
    "prone_to_worry": 0.8565784230002847,
    "immoderation": 0.13629376601195556
}