{
    "id": "1",
    "extraversion": 0.2747842287792231,
    "active": 0.9364414864364359,
    "assertive": 0.038283257949023035,
    "cheerful": 0.6890425257298062,
    "openness": 0.28865643834386473,
    "adventurous": 0.14955274469971602,
    "artistic": 0.17018148351833354,
    "emotionally_aware": 0.7631847719951964,
    "imaginative": 0.9625585023400937,
    "intellectual": 0.7667426121505292,
    "conscientiousness": 0.6427681567694362,
    "cautious": 0.7541386547548233,
    "disciplined": 0.9978675406009045,
    "dutiful": 1,
    "neuroticism": 0.6552037621073188,
    "melancholy": 0.015118014792534128,
    "self_conscious": 0.7421183178262382,
    "authority_challenging": 0.15678065971559724,
    "achievement_striving": 0.1330317960919876,
    "orderliness": 0.851782848292349,
    "self_efficacy": 0.8125455953489938,
    "stress_prone": 0.843264234166489,
    "agreeableness": 0.33649086970673076,
    "cooperative": 0.8065073682083975,
    "trusting": 0.08300878797741841,
    "excitement_seeking": 0.06855295794565598,
    "outgoing": 0.8805261562980505,
    "gregariousness": 0.1498108845217118,
    "altruism": 0.2006532059843545,
    "modesty": 0.7800760951301362,
    "uncompromising": 0.7509062952446155,
    "sympathy": 0,
    "fiery": 0.11736383124389724,
    "prone_to_worry": 0.17662375559770593,
    "immoderation": 0.002996666629255105
}