{
    "id": "1",
    "extraversion": 0.4075826703367143,
    "active": 0.9809396327438634,
    "assertive": 0.8540684740394404,
    "cheerful": 0.31240337845480937,
    "openness": 0.6867576637381697,
    "adventurous": 0.7840956223370159,
    "artistic": 0.7493401455450398,
    "emotionally_aware": 0.7969156517476715,
    "imaginative": 0.825025451528977,
    "intellectual": 0.8982315900607065,
    "conscientiousness": 0.3806229026054825,
    "cautious": 0.8264394253610345,
    "disciplined": 0.8415312393951963,
    "dutiful": 0.8900776742958411,
    "neuroticism": 0.6655763357339467,
    "melancholy": 0,
    "self_conscious": 0.9071396252026696,
    "authority_challenging": 0.16935635911164737,
    "achievement_striving": 0.8181158327363222,
    "orderliness": 0.8763527016326684,
    "self_efficacy": 0.7697107952188832,
    "stress_prone": 0.3078598092077976,
    "agreeableness": 0.3589891029750009,
    "cooperative": 0.9107311187360959,
    "trusting": 0.8867406960521851,
    "excitement_seeking": 0.7685230571999547,
    "outgoing": 0.8645318803966668,
    "gregariousness": 0.3124976433769465,
    "altruism": 0.8247332302703518,
    "modesty": 0.24575807850382717,
    "uncompromising": 1,
    "sympathy": 0.8011104407827759,
    "fiery": 0.16572715960936618,
    "prone_to_worry": 0.19432713698578485,
    "immoderation": 0.892113796614004
}