{
    "id": "1",
    "extraversion": 0.34593085458676803,
    "active": 0.20328914520944358,
    "assertive": 0.16119664564249397,
    "cheerful": 0.8459767069828105,
    "openness": 0.6676108863777626,
    "adventurous": 0.7440723041338483,
    "artistic": 0.27851764298305504,
    "emotionally_aware": 0.6820900541058273,
    "imaginative": 0.9839720402278356,
    "intellectual": 0.9506730112796895,
    "conscientiousness": 0.3324808184143223,
    "cautious": 0.275949908804679,
    "disciplined": 0,
    "dutiful": 0.19232532784463174,
    "neuroticism": 0.6593268868260972,
    "melancholy": 0.8187098154695795,
    "self_conscious": 0.7955696396001671,
    "authority_challenging": 0.196421475224422,
    "achievement_striving": 0.1769291121957184,
    "orderliness": 0.13673184499852256,
    "self_efficacy": 0.758419009384457,
    "stress_prone": 0.77447753742065,
    "agreeableness": 0.3399700431012523,
    "cooperative": 0.2184306253247878,
    "trusting": 0.09537298376825182,
    "excitement_seeking": 0.834350577230719,
    "outgoing": 1,
    "gregariousness": 0.7470170469019065,
    "altruism": 0.21809437442047666,
    "modesty": 0.2655566990350618,
    "uncompromising": 0.7436035907520812,
    "sympathy": 0.7558512752060811,
    "fiery": 0.7890585993621423,
    "prone_to_worry": 0.7858081739538012,
    "immoderation": 0.9325052730255449
}