{
    "id": "1",
    "extraversion": 0.2827591239100561,
    "active": 0,
    "assertive": 0.007235890014471794,
    "cheerful": 0.25325615050651235,
    "openness": 0.6440671782461176,
    "adventurous": 0.14541098639166233,
    "artistic": 0.11292852886451252,
    "emotionally_aware": 0.7031460920113342,
    "imaginative": 1,
    "intellectual": 0.935387758576658,
    "conscientiousness": 0.346775468508677,
    "cautious": 0.76397621277165,
    "disciplined": 0.9502365345559353,
    "dutiful": 0.8746184436147831,
    "neuroticism": 0.7145410986391664,
    "melancholy": 0.8148220214279634,
    "self_conscious": 0.9790949664960051,
    "authority_challenging": 0.8897104427878243,
    "achievement_striving": 0.18801152877938443,
    "orderliness": 0.8759440100207957,
    "self_efficacy": 0.207080227170463,
    "stress_prone": 0.8696810127813789,
    "agreeableness": 0.3497063079935303,
    "cooperative": 0.8226416471074682,
    "trusting": 0.11650390981283976,
    "excitement_seeking": 0.21845091147891865,
    "outgoing": 0.18290384171034554,
    "gregariousness": 0.10926801979836803,
    "altruism": 0.19650001824173954,
    "modesty": 0.23274027411253942,
    "uncompromising": 0.20805311994551803,
    "sympathy": 0.8394240474771675,
    "fiery": 0.11936178233956392,
    "prone_to_worry": 0.8319935789076847,
    "immoderation": 0.10191051818701437
}