{
    "id": "1",
    "extraversion": 0.2953191783504799,
    "active": 0.16521699058766603,
    "assertive": 0.8935150516699116,
    "cheerful": 0.8595523093051923,
    "openness": 0.7158673287174111,
    "adventurous": 0.22755498208545982,
    "artistic": 0.7954862271171992,
    "emotionally_aware": 0.8354972868976164,
    "imaginative": 0.9110609324777365,
    "intellectual": 1,
    "conscientiousness": 0.6368590223614935,
    "cautious": 0.7656709024089584,
    "disciplined": 0.8622596513865047,
    "dutiful": 0,
    "neuroticism": 0.684323913318971,
    "melancholy": 0.8042764484280135,
    "self_conscious": 0.8649669934678171,
    "authority_challenging": 0.960104146265596,
    "achievement_striving": 0.8406009147360053,
    "orderliness": 0.14020575799817972,
    "self_efficacy": 0.8131473139710371,
    "stress_prone": 0.7801753436020323,
    "agreeableness": 0.36446584716765934,
    "cooperative": 0.760866810290204,
    "trusting": 0.14986002465409382,
    "excitement_seeking": 0.14479095862950883,
    "outgoing": 0.7696339903918158,
    "gregariousness": 0.7647031716224467,
    "altruism": 0.8983652262070714,
    "modesty": 0.7764772295250055,
    "uncompromising": 0.7865116761327635,
    "sympathy": 0.023997419384569257,
    "fiery": 0.815866176656951,
    "prone_to_worry": 0.8668563726224353,
    "immoderation": 0.020207140470731907
}