{
    "id": "1",
    "extraversion": 0.15656299906763782,
    "active": 0.7637708050624498,
    "assertive": 0.027370830910114757,
    "cheerful": 0.6075862896600109,
    "openness": 0.2955218920490737,
    "adventurous": 0.006978869533911224,
    "artistic": 0.13767574104332253,
    "emotionally_aware": 0.6075124391887526,
    "imaginative": 1,
    "intellectual": 0.6697591551506088,
    "conscientiousness": 0.24647594782464208,
    "cautious": 0.24460199211646225,
    "disciplined": 0.06443453617288393,
    "dutiful": 0.7595244029650965,
    "neuroticism": 0.5916530504860283,
    "melancholy": 0.13353088334394936,
    "self_conscious": 0.8310393530698718,
    "authority_challenging": 0.6962068551699947,
    "achievement_striving": 0.6615709841498427,
    "orderliness": 0.6568445539893102,
    "self_efficacy": 0.17088999049175183,
    "stress_prone": 0.8048408983909829,
    "agreeableness": 0.26342463097842644,
    "cooperative": 0.7054658580040065,
    "trusting": 0,
    "excitement_seeking": 0.6179068930183611,
    "outgoing": 0.7369353900689579,
    "gregariousness": 0.025764583160246282,
    "altruism": 0.16626510472919956,
    "modesty": 0.20944916779750203,
    "uncompromising": 0.14698090042187084,
    "sympathy": 0.6311999778448587,
    "fiery": 0.06922558549576745,
    "prone_to_worry": 0.7336213501712409,
    "immoderation": 0.6914711937005549
}