{
    "id": "1",
    "extraversion": 0.3188215279925765,
    "active": 0.8840307542751092,
    "assertive": 0.9556913083823073,
    "cheerful": 0.17369979232026864,
    "openness": 0.3359771994167292,
    "adventurous": 0.20605585259157788,
    "artistic": 0.21049666386814544,
    "emotionally_aware": 0.75035349741505,
    "imaginative": 0.9265719588175512,
    "intellectual": 0.7671556714241526,
    "conscientiousness": 0.7285360788299234,
    "cautious": 0.8934094825681587,
    "disciplined": 0.9142105960850161,
    "dutiful": 0.20815474349343818,
    "neuroticism": 0.7263930007511818,
    "melancholy": 0.9337965622376386,
    "self_conscious": 1,
    "authority_challenging": 0.9871636251159912,
    "achievement_striving": 0.8544695329415403,
    "orderliness": 0.8603132870840882,
    "self_efficacy": 0.8865162829746808,
    "stress_prone": 0.8339445892801909,
    "agreeableness": 0.37956784941010113,
    "cooperative": 0.8098183907030179,
    "trusting": 0.18631523131987093,
    "excitement_seeking": 0,
    "outgoing": 0.14261411338429586,
    "gregariousness": 0.7981640228005832,
    "altruism": 0.8584463788608544,
    "modesty": 0.2313309177676638,
    "uncompromising": 0.8109341169192699,
    "sympathy": 0.21196588749944764,
    "fiery": 0.8341213379877159,
    "prone_to_worry": 0.8622685696610842,
    "immoderation": 0.10990455569793642
}