{
    "id": "1",
    "extraversion": 0.29436507761266534,
    "active": 0.9618339994259092,
    "assertive": 1,
    "cheerful": 0.7094327540903972,
    "openness": 0.6185718386363134,
    "adventurous": 0.1964605091744132,
    "artistic": 0.8295943827419462,
    "emotionally_aware": 0.7985934774448541,
    "imaginative": 0.8901609662390425,
    "intellectual": 0.775497361390183,
    "conscientiousness": 0.5776237055355605,
    "cautious": 0.661120801960741,
    "disciplined": 0.8986067256949811,
    "dutiful": 0.9561703724966326,
    "neuroticism": 0.6377707611119697,
    "melancholy": 0.0717503146459405,
    "self_conscious": 0.7359844553865177,
    "authority_challenging": 0.12915939852944422,
    "achievement_striving": 0.756419881207357,
    "orderliness": 0.07301993861644111,
    "self_efficacy": 0.7361942193468612,
    "stress_prone": 0.765207887124909,
    "agreeableness": 0.3183333701340282,
    "cooperative": 0.7587272847711365,
    "trusting": 0.09067323191061845,
    "excitement_seeking": 0.1803970058954713,
    "outgoing": 0.7233323765152686,
    "gregariousness": 0.7002583408774757,
    "altruism": 0.1893285345227318,
    "modesty": 0.7555587449491047,
    "uncompromising": 0.6633840446907637,
    "sympathy": 0.7381924970743448,
    "fiery": 0.7620172668859988,
    "prone_to_worry": 0.7346596303738214,
    "immoderation": 0
}