{
    "id": "1",
    "extraversion": 0.6973473313030933,
    "active": 0.9274823689693862,
    "assertive": 0.9102420259656996,
    "cheerful": 0.22654872575733292,
    "openness": 0.662075252444302,
    "adventurous": 0.22841200512902707,
    "artistic": 0.7477460330181118,
    "emotionally_aware": 0.6979383715338996,
    "imaginative": 0.8415611476198108,
    "intellectual": 0.8927111716621253,
    "conscientiousness": 0.35594646577977235,
    "cautious": 0.21891529091200512,
    "disciplined": 0.8127203878826735,
    "dutiful": 0,
    "neuroticism": 0.787906715819843,
    "melancholy": 0.8705020836672543,
    "self_conscious": 0.7894293957364963,
    "authority_challenging": 1,
    "achievement_striving": 0.8434745151466582,
    "orderliness": 0.1329439814072768,
    "self_efficacy": 0.2541072287225517,
    "stress_prone": 0.8084528770636319,
    "agreeableness": 0.24331824010258055,
    "cooperative": 0.014465459208206452,
    "trusting": 0.15780774162526046,
    "excitement_seeking": 0.75277488379548,
    "outgoing": 0.08273561468184003,
    "gregariousness": 0.7029772399422984,
    "altruism": 0.24035302131751882,
    "modesty": 0.044528369931078685,
    "uncompromising": 0.2648160762942779,
    "sympathy": 0.22983450873537423,
    "fiery": 0.9852340118608751,
    "prone_to_worry": 0.8792875460811027,
    "immoderation": 0.9378706523481327
}