{
    "id": "1",
    "extraversion": 0.2265167722924151,
    "active": 0.9291971097565899,
    "assertive": 0,
    "cheerful": 0.12527751988051505,
    "openness": 0.6824567068986396,
    "adventurous": 0.15374601380535258,
    "artistic": 0.6892181003511888,
    "emotionally_aware": 0.8082791749081661,
    "imaginative": 0.7716566423121948,
    "intellectual": 0.8333064223146166,
    "conscientiousness": 0.6469846203528034,
    "cautious": 0.691973115892302,
    "disciplined": 1,
    "dutiful": 0.9163100956686715,
    "neuroticism": 0.5860109796956363,
    "melancholy": 0.17449440923586157,
    "self_conscious": 0.7054959027974004,
    "authority_challenging": 0.865932668631171,
    "achievement_striving": 0.7882876518790618,
    "orderliness": 0.888628749041295,
    "self_efficacy": 0.8073406531304242,
    "stress_prone": 0.7125903201065675,
    "agreeableness": 0.2543797682961288,
    "cooperative": 0.9093468695757477,
    "trusting": 0.035895935090622846,
    "excitement_seeking": 0.06423323779921687,
    "outgoing": 0.8024966697614337,
    "gregariousness": 0.20432527348322768,
    "altruism": 0.708240826706495,
    "modesty": 0.032162031243692685,
    "uncompromising": 0.7946050135227869,
    "sympathy": 0.19048964598554877,
    "fiery": 0.7100068623097727,
    "prone_to_worry": 0.7513320954264724,
    "immoderation": 0.07518265853953897
}