{
    "id": "1",
    "extraversion": 0.33629536074336364,
    "active": 0.961805633866348,
    "assertive": 0.14214348541915695,
    "cheerful": 0.1996887615868648,
    "openness": 0.32039513746363246,
    "adventurous": 0.8494891630393107,
    "artistic": 0.7711269988046641,
    "emotionally_aware": 0.8290895148740386,
    "imaginative": 0.9380793432418413,
    "intellectual": 0.9652901508829698,
    "conscientiousness": 0.7219716276866867,
    "cautious": 0.7349173413924536,
    "disciplined": 0.13106971289384065,
    "dutiful": 0.16626446243713205,
    "neuroticism": 0.7057218250298835,
    "melancholy": 0.9213333634046775,
    "self_conscious": 0.8743769593360247,
    "authority_challenging": 0,
    "achievement_striving": 0.7833058932316922,
    "orderliness": 0.2041318027019103,
    "self_efficacy": 0.7717359435260154,
    "stress_prone": 0.8570896953021042,
    "agreeableness": 0.3553192449085455,
    "cooperative": 0.22612147319515546,
    "trusting": 0.12441642797537154,
    "excitement_seeking": 0.7635151897877714,
    "outgoing": 1,
    "gregariousness": 0.24402895870452646,
    "altruism": 0.9393085094386431,
    "modesty": 0.17667290647060147,
    "uncompromising": 0.7619702744761947,
    "sympathy": 0.9256410834705339,
    "fiery": 0.7577302149349331,
    "prone_to_worry": 0.807043460610298,
    "immoderation": 0.9358803761925167
}