{
    "id": "1",
    "extraversion": 0.308509860831254,
    "active": 0.8526669659542926,
    "assertive": 0.14081830805048914,
    "cheerful": 0.8402848104569706,
    "openness": 0.370608563106188,
    "adventurous": 0.7790108891974568,
    "artistic": 0.20838770971884366,
    "emotionally_aware": 0.2591587233642713,
    "imaginative": 0.947495902195588,
    "intellectual": 0.785619577586837,
    "conscientiousness": 0.29946859045968494,
    "cautious": 0.240209640541641,
    "disciplined": 0.08973408642452213,
    "dutiful": 0.7866531639226167,
    "neuroticism": 0.6485075639727301,
    "melancholy": 0.07131745716880865,
    "self_conscious": 0.827610327511145,
    "authority_challenging": 0,
    "achievement_striving": 0.7254627647912469,
    "orderliness": 0.7670985456709437,
    "self_efficacy": 0.743555745800403,
    "stress_prone": 0.854358289049205,
    "agreeableness": 0.3592182328805738,
    "cooperative": 0.23576208721798234,
    "trusting": 0.9248509652025935,
    "excitement_seeking": 0.816178236221459,
    "outgoing": 0.9445308666464822,
    "gregariousness": 0.25103619640228436,
    "altruism": 0.7522942484574506,
    "modesty": 0.2183164027019409,
    "uncompromising": 0.244041218170239,
    "sympathy": 1,
    "fiery": 0.7679233266863641,
    "prone_to_worry": 0.18293434116701293,
    "immoderation": 0.8479584059801845
}