{
    "id": "1",
    "extraversion": 0.34046501928891665,
    "active": 0.21417996037952244,
    "assertive": 0.056469606923157105,
    "cheerful": 0.8756542592013344,
    "openness": 0.658961526431029,
    "adventurous": 0.26696903346887707,
    "artistic": 0.1617766656240225,
    "emotionally_aware": 0.860296110937337,
    "imaginative": 0.9112292774476072,
    "intellectual": 0.78714419768533,
    "conscientiousness": 0.2796684391617141,
    "cautious": 0.2290584923365655,
    "disciplined": 0.025649045980606827,
    "dutiful": 0.18895839849859242,
    "neuroticism": 0.7584923365655301,
    "melancholy": 0.9228130539047023,
    "self_conscious": 0.9027630069857157,
    "authority_challenging": 0.8780419142946512,
    "achievement_striving": 0.26904389531852774,
    "orderliness": 0.21009279532895422,
    "self_efficacy": 0.11927849025127724,
    "stress_prone": 0.8192784902512772,
    "agreeableness": 0.2934417683244709,
    "cooperative": 0,
    "trusting": 0.028933375039099152,
    "excitement_seeking": 0.8726201647377749,
    "outgoing": 0.8104681472213533,
    "gregariousness": 0.21458659159628818,
    "altruism": 0.859941611927849,
    "modesty": 0.2501824627254718,
    "uncompromising": 0.8426858513189447,
    "sympathy": 1,
    "fiery": 0.8335314357209883,
    "prone_to_worry": 0.9360650609946825,
    "immoderation": 0.8890939422375143
}