{
    "id": "1",
    "extraversion": 0.636065953504043,
    "active": 0.19743935309973043,
    "assertive": 0.16795822102425875,
    "cheerful": 0.2375652796495957,
    "openness": 0.6419305929919138,
    "adventurous": 0.21968707884097036,
    "artistic": 0.11348130053908355,
    "emotionally_aware": 0.7986649258760108,
    "imaginative": 0.8635760613207547,
    "intellectual": 1,
    "conscientiousness": 0.3052034198113207,
    "cautious": 0.7148542789757413,
    "disciplined": 0.18082462938005392,
    "dutiful": 0.0914862702156334,
    "neuroticism": 0.7168442553908356,
    "melancholy": 0.944870283018868,
    "self_conscious": 0.7687310478436659,
    "authority_challenging": 0.8286619777628033,
    "achievement_striving": 0.7422401448787063,
    "orderliness": 0.19516509433962262,
    "self_efficacy": 0.7569912398921834,
    "stress_prone": 0.9723719676549866,
    "agreeableness": 0.2684257075471698,
    "cooperative": 0.06539546832884097,
    "trusting": 0,
    "excitement_seeking": 0.21891846361185985,
    "outgoing": 0.14645805256064692,
    "gregariousness": 0.1997978436657682,
    "altruism": 0.2132538746630728,
    "modesty": 0.14456283692722371,
    "uncompromising": 0.7549486185983828,
    "sympathy": 0.7668147742587601,
    "fiery": 0.8393278301886793,
    "prone_to_worry": 0.8674717823450135,
    "immoderation": 0.893478352425876
}