{
    "id": "1",
    "extraversion": 0.21448352425917114,
    "active": 0.9064036404006391,
    "assertive": 0.9843355414851956,
    "cheerful": 0.7628371701496908,
    "openness": 0.5963717990947797,
    "adventurous": 0.045175615171589266,
    "artistic": 0.7888348034012859,
    "emotionally_aware": 0.7740365260037331,
    "imaginative": 0.8908367797582013,
    "intellectual": 0.8089399651087607,
    "conscientiousness": 0.5557832839244105,
    "cautious": 0.8207249081970013,
    "disciplined": 1,
    "dutiful": 0.845600165916383,
    "neuroticism": 0.5596749990850199,
    "melancholy": 0.050092107992045755,
    "self_conscious": 0.6966658126852835,
    "authority_challenging": 0.8103185350559358,
    "achievement_striving": 0.7912015518061706,
    "orderliness": 0.03636740719052325,
    "self_efficacy": 0.7300686845026778,
    "stress_prone": 0.7650331222779342,
    "agreeableness": 0.21725286388756723,
    "cooperative": 0.750332442752748,
    "trusting": 0.00974758750259244,
    "excitement_seeking": 0.6375581012333931,
    "outgoing": 0.6996913467286413,
    "gregariousness": 0.11575107662652953,
    "altruism": 0.025558442825946354,
    "modesty": 0.6710341714550623,
    "uncompromising": 0.06911149336944451,
    "sympathy": 0,
    "fiery": 0.03165830984884526,
    "prone_to_worry": 0.08592272688455391,
    "immoderation": 0.7558589222754943
}