{
    "id": "1",
    "extraversion": 0.3107906790590118,
    "active": 0.1286076399697603,
    "assertive": 0,
    "cheerful": 0.7140236581135767,
    "openness": 0.3076332992395606,
    "adventurous": 0.24226219593542933,
    "artistic": 0.1551340774669809,
    "emotionally_aware": 0.6166118201627606,
    "imaginative": 0.8205074042780273,
    "intellectual": 0.7742473429092365,
    "conscientiousness": 0.2660314848579179,
    "cautious": 0.7008049095032686,
    "disciplined": 0.09365411126428601,
    "dutiful": 0.07691110419353406,
    "neuroticism": 0.6047716458398186,
    "melancholy": 0.7210499399653132,
    "self_conscious": 0.7939142615733534,
    "authority_challenging": 0.07380931204696047,
    "achievement_striving": 0.15808022412949702,
    "orderliness": 0.18150486948014405,
    "self_efficacy": 0.7290656823942723,
    "stress_prone": 0.747431849513052,
    "agreeableness": 0.5682505447591941,
    "cooperative": 0.03958954062347131,
    "trusting": 0.14263796860408232,
    "excitement_seeking": 0.7239738515586783,
    "outgoing": 0.7228176279628229,
    "gregariousness": 0.7397718681905101,
    "altruism": 0.7156690532307556,
    "modesty": 0.7360474941077066,
    "uncompromising": 0.15056477075643704,
    "sympathy": 0.734468804197981,
    "fiery": 0.7897007159692266,
    "prone_to_worry": 0.7745030462044736,
    "immoderation": 1
}