{
    "id": "1",
    "extraversion": 0.330955499928665,
    "active": 0.8946187468385625,
    "assertive": 0.9116224173486726,
    "cheerful": 0.10003761300112843,
    "openness": 0.7026238310787151,
    "adventurous": 0.2638616879158507,
    "artistic": 0.7952166638564999,
    "emotionally_aware": 0.8730107261903218,
    "imaginative": 0.9080816072424482,
    "intellectual": 1,
    "conscientiousness": 0.6696411200892336,
    "cautious": 0.7745424832362746,
    "disciplined": 0.8979001569370049,
    "dutiful": 0.05897459176923777,
    "neuroticism": 0.6606269698188091,
    "melancholy": 0.8833218764996564,
    "self_conscious": 0.8872258466167754,
    "authority_challenging": 0.9009870170296106,
    "achievement_striving": 0.9926589797797694,
    "orderliness": 0.8643727059311812,
    "self_efficacy": 0.903645867109376,
    "stress_prone": 0.8315845449475363,
    "agreeableness": 0.315002399450072,
    "cooperative": 0.7914553637436609,
    "trusting": 0,
    "excitement_seeking": 0.14715762441472874,
    "outgoing": 0.8369411551082347,
    "gregariousness": 0.24239633727189017,
    "altruism": 0.8117923243537698,
    "modesty": 0.1951466258543988,
    "uncompromising": 0.8522976355689291,
    "sympathy": 0.006951920208557647,
    "fiery": 0.17768900533067017,
    "prone_to_worry": 0.16493949494818486,
    "immoderation": 0.08329334249880027
}