{
    "id": "1",
    "extraversion": 0.6519067655112535,
    "active": 0.8915381019167836,
    "assertive": 0.024978294263006812,
    "cheerful": 0.7580311226875042,
    "openness": 0.635116543110933,
    "adventurous": 0.15616108996193148,
    "artistic": 0.8444533493621853,
    "emotionally_aware": 0.8499699459026248,
    "imaginative": 0.8948908034462031,
    "intellectual": 0.7979696787550925,
    "conscientiousness": 0.2630067454751887,
    "cautious": 0.16430908969478397,
    "disciplined": 0.9958057837440726,
    "dutiful": 0,
    "neuroticism": 0.8366259266680024,
    "melancholy": 0.8340880251118681,
    "self_conscious": 0.9518199425632805,
    "authority_challenging": 0.9710011353770119,
    "achievement_striving": 0.09603953783476928,
    "orderliness": 0.0265010351966874,
    "self_efficacy": 0.8118079209243305,
    "stress_prone": 0.8582381620249783,
    "agreeableness": 0.2038068523342016,
    "cooperative": 0.03733386762839782,
    "trusting": 0.07171575502571297,
    "excitement_seeking": 0.838375743004074,
    "outgoing": 0.9744072664128764,
    "gregariousness": 0.18801843317972353,
    "altruism": 0.08819875776397519,
    "modesty": 0.8945969411607559,
    "uncompromising": 0.16076938489280707,
    "sympathy": 0.8939424297068056,
    "fiery": 0.9180257797368596,
    "prone_to_worry": 1,
    "immoderation": 0.9438188739731517
}