{
    "id": "1",
    "extraversion": 0.4105988017170104,
    "active": 1,
    "assertive": 0.21536248626731455,
    "cheerful": 0.3137961106769506,
    "openness": 0.7169990825999797,
    "adventurous": 0.2996273770287565,
    "artistic": 0.24448144246995804,
    "emotionally_aware": 0.9062213312493629,
    "imaginative": 0.17122535195315602,
    "intellectual": 0.2985400881157057,
    "conscientiousness": 0.4420622246384199,
    "cautious": 0.8865935011835594,
    "disciplined": 0,
    "dutiful": 0.22876105693543095,
    "neuroticism": 0.7331611792554337,
    "melancholy": 0.8616651376666328,
    "self_conscious": 0.8915542568493539,
    "authority_challenging": 0.08752675750059463,
    "achievement_striving": 0.846227900286546,
    "orderliness": 0.29343209540960213,
    "self_efficacy": 0.21865833078499997,
    "stress_prone": 0.8177658478022041,
    "agreeableness": 0.4552229508568063,
    "cooperative": 0.20938239724553478,
    "trusting": 0.11842388411312339,
    "excitement_seeking": 0.21362961956213972,
    "outgoing": 0.1058634319821504,
    "gregariousness": 0.2630219836227108,
    "altruism": 0.3273645702377312,
    "modesty": 0.15895937390280093,
    "uncompromising": 0.9287032947119251,
    "sympathy": 0.17781704098852688,
    "fiery": 0.9096417609550022,
    "prone_to_worry": 0.9125751758350039,
    "immoderation": 0.1378818252862628
}