{
    "id": "1",
    "extraversion": 0.23851443620756924,
    "active": 1,
    "assertive": 0,
    "cheerful": 0.7411114904408895,
    "openness": 0.6202936012485368,
    "adventurous": 0.7523897776043699,
    "artistic": 0.1363758291065158,
    "emotionally_aware": 0.7216031018337885,
    "imaginative": 0.923502731174405,
    "intellectual": 0.750195083886071,
    "conscientiousness": 0.24687865782286383,
    "cautious": 0.6846834763948498,
    "disciplined": 0.8072205423332033,
    "dutiful": 0.8583934841982052,
    "neuroticism": 0.621659188451034,
    "melancholy": 0.06409724931720641,
    "self_conscious": 0.8806574326960593,
    "authority_challenging": 0.04635680842762387,
    "achievement_striving": 0.8057817986734297,
    "orderliness": 0.7368196449473273,
    "self_efficacy": 0.8073546625048772,
    "stress_prone": 0.7676307062036676,
    "agreeableness": 0.2701667967225907,
    "cooperative": 0.8627341006632852,
    "trusting": 0.8860832032774093,
    "excitement_seeking": 0.7108491026141242,
    "outgoing": 0.8620756925477956,
    "gregariousness": 0.10499170893484201,
    "altruism": 0.7678501755754974,
    "modesty": 0.14594713226687472,
    "uncompromising": 0.7664845883730004,
    "sympathy": 0.818120854467421,
    "fiery": 0.11051502145922747,
    "prone_to_worry": 0.7752023995317988,
    "immoderation": 0.037358564182598517
}