{
    "id": "1",
    "extraversion": 0.22631415908116093,
    "active": 1,
    "assertive": 0.8221417337844922,
    "cheerful": 0.012736500976981403,
    "openness": 0.7351069913739694,
    "adventurous": 0.14094743363675358,
    "artistic": 0.22096459038269076,
    "emotionally_aware": 0.8265977219654006,
    "imaginative": 0.8057355954820568,
    "intellectual": 0.8814516513367964,
    "conscientiousness": 0.6657889720249726,
    "cautious": 0.7915574512700757,
    "disciplined": 0.8708120859743602,
    "dutiful": 0.09780536624886813,
    "neuroticism": 0.6970881189534385,
    "melancholy": 0.8466377543725873,
    "self_conscious": 0.8698589334222941,
    "authority_challenging": 0.990218271934423,
    "achievement_striving": 0.8997402659295619,
    "orderliness": 0.15476814564170996,
    "self_efficacy": 0.8872063098698947,
    "stress_prone": 0.8351046084925892,
    "agreeableness": 0.26766906543392266,
    "cooperative": 0.1726040127722442,
    "trusting": 0.06250297860172521,
    "excitement_seeking": 0,
    "outgoing": 0.7536696373254539,
    "gregariousness": 0.1749392365248058,
    "altruism": 0.8856812657865891,
    "modesty": 0.04579898012676932,
    "uncompromising": 0.1605823762093123,
    "sympathy": 0.0953629128341991,
    "fiery": 0.08658199494829148,
    "prone_to_worry": 0.865593575751799,
    "immoderation": 0.1123290282609732
}