{
    "id": "1",
    "extraversion": 0.6340342309094726,
    "active": 1,
    "assertive": 0.9012518922024685,
    "cheerful": 0.7161199076273714,
    "openness": 0.7276333381213883,
    "adventurous": 0.781112228323923,
    "artistic": 0.8073876004110361,
    "emotionally_aware": 0.7077002972277162,
    "imaginative": 0.8624244500182314,
    "intellectual": 0.8191220180546501,
    "conscientiousness": 0.3308288123045645,
    "cautious": 0.2532070760085301,
    "disciplined": 0.8665900577881396,
    "dutiful": 0,
    "neuroticism": 0.6567738086030298,
    "melancholy": 0.1208026253273372,
    "self_conscious": 0.7705932400030939,
    "authority_challenging": 0.8876722318597174,
    "achievement_striving": 0.8640266068528115,
    "orderliness": 0.7638310332254179,
    "self_efficacy": 0.7558644464824371,
    "stress_prone": 0.26686408185364024,
    "agreeableness": 0.373390937316995,
    "cooperative": 0.8087024739511397,
    "trusting": 0.9275935604344607,
    "excitement_seeking": 0.7563616675690308,
    "outgoing": 0.8910643846060352,
    "gregariousness": 0.24524048926554923,
    "altruism": 0.7965039832933716,
    "modesty": 0.7800846380782958,
    "uncompromising": 0.7743942189761666,
    "sympathy": 0.11022839021910878,
    "fiery": 0.1929328309558799,
    "prone_to_worry": 0.11396307304730231,
    "immoderation": 0.8586676684750782
}