{
    "id": "1",
    "extraversion": 0.3201227019041366,
    "active": 0.8629862934996716,
    "assertive": 0.9688628529218647,
    "cheerful": 0.7628549737360473,
    "openness": 0.7148719632304661,
    "adventurous": 0.3267912836506894,
    "artistic": 0.7460911851608667,
    "emotionally_aware": 0.7705597504924491,
    "imaginative": 0.8409594550229809,
    "intellectual": 0.9109487852921865,
    "conscientiousness": 0.6655449770190414,
    "cautious": 0.31594714379514116,
    "disciplined": 0.9971068614576494,
    "dutiful": 0.08518343729481286,
    "neuroticism": 0.7547603414313854,
    "melancholy": 0.8122024786605384,
    "self_conscious": 1,
    "authority_challenging": 0.12951411687458964,
    "achievement_striving": 0.2342724064346684,
    "orderliness": 0.25327273473407746,
    "self_efficacy": 0.7625369336835194,
    "stress_prone": 0.7455371799080762,
    "agreeableness": 0.3150750984898227,
    "cooperative": 0.8653869829284306,
    "trusting": 0.05015799409061062,
    "excitement_seeking": 0.25565290544977015,
    "outgoing": 0.7967826657912015,
    "gregariousness": 0.21393836178594877,
    "altruism": 0.19457895600787917,
    "modesty": 0.2265881483913329,
    "uncompromising": 0.9139855548260013,
    "sympathy": 0.7823887885751806,
    "fiery": 0.15051501969796455,
    "prone_to_worry": 0,
    "immoderation": 0.8899889198949441
}