{
    "id": "1",
    "extraversion": 0.8457509935216942,
    "active": 0.8062714355707987,
    "assertive": 0.1033371441014753,
    "cheerful": 0.2528281343567968,
    "openness": 0.686471773095977,
    "adventurous": 0.7896020469268877,
    "artistic": 0.7695356306821275,
    "emotionally_aware": 0.3399749578093528,
    "imaginative": 0.9083020305950242,
    "intellectual": 0.9002776416789156,
    "conscientiousness": 0.3698078284065545,
    "cautious": 0.2900974467853449,
    "disciplined": 0.2183025749904731,
    "dutiful": 0.9829930861777996,
    "neuroticism": 0.7691436659589527,
    "melancholy": 0.8219173607708641,
    "self_conscious": 0.7945995971473678,
    "authority_challenging": 0.15664434645326364,
    "achievement_striving": 0.0600794817355327,
    "orderliness": 0.2689531275518537,
    "self_efficacy": 0.8423539659208449,
    "stress_prone": 0.8239860634765094,
    "agreeableness": 0.7780281996842506,
    "cooperative": 0.9949588981436116,
    "trusting": 0.8682998530132289,
    "excitement_seeking": 0.8346344384560945,
    "outgoing": 1,
    "gregariousness": 0.9579291197125592,
    "altruism": 0.9742718710871576,
    "modesty": 0.2572812891284229,
    "uncompromising": 0.863345854428657,
    "sympathy": 0.8589471392019162,
    "fiery": 0.8309869889487724,
    "prone_to_worry": 0.9190483967554032,
    "immoderation": 0
}