{
    "id": "1",
    "extraversion": 0.6946212439833638,
    "active": 0.22741249591102392,
    "assertive": 0.2598999953268845,
    "cheerful": 0.7513435207252677,
    "openness": 0.36542829104163754,
    "adventurous": 0.7480910322912286,
    "artistic": 0.28137763446890046,
    "emotionally_aware": 0.8013832422075798,
    "imaginative": 0.20277583064629193,
    "intellectual": 0.7816907332118325,
    "conscientiousness": 0.3257255011916445,
    "cautious": 0.35915696995186697,
    "disciplined": 0.03591756624141322,
    "dutiful": 0.2306275994205337,
    "neuroticism": 0.7566054488527503,
    "melancholy": 0.9286882564605823,
    "self_conscious": 0.9851675311930466,
    "authority_challenging": 1,
    "achievement_striving": 0.8221599140146737,
    "orderliness": 0.24800224309547178,
    "self_efficacy": 0.17866255432496853,
    "stress_prone": 0.7818776578344783,
    "agreeableness": 0.4261601009392963,
    "cooperative": 0.1155287630263097,
    "trusting": 0,
    "excitement_seeking": 0.7856909201364551,
    "outgoing": 0.15486704986214317,
    "gregariousness": 0.7926912472545448,
    "altruism": 0.32691247254544614,
    "modesty": 0.23582410393009023,
    "uncompromising": 0.2999766344221693,
    "sympathy": 0.801990747231179,
    "fiery": 0.9029861208467687,
    "prone_to_worry": 0.8339922426281603,
    "immoderation": 0.9136875554932474
}