{
    "id": "1",
    "extraversion": 0.364811782086373,
    "active": 0.8446615284187863,
    "assertive": 0.1137553109861542,
    "cheerful": 0.2585004409120581,
    "openness": 0.6507518409509958,
    "adventurous": 0.2971403703661288,
    "artistic": 0.18785144126707815,
    "emotionally_aware": 0.7754211569074314,
    "imaginative": 1,
    "intellectual": 0.8979030909653112,
    "conscientiousness": 0.38501357092958005,
    "cautious": 0.7863237096164638,
    "disciplined": 0,
    "dutiful": 0.13596124554793346,
    "neuroticism": 0.7429998053115587,
    "melancholy": 0.873589940333719,
    "self_conscious": 0.8452684982649824,
    "authority_challenging": 0.09275186385551823,
    "achievement_striving": 0.25584351630229385,
    "orderliness": 0.2700214157285356,
    "self_efficacy": 0.1849540191710853,
    "stress_prone": 0.9515340303943014,
    "agreeableness": 0.35038193291265357,
    "cooperative": 0.11256427581625991,
    "trusting": 0.035364582736861355,
    "excitement_seeking": 0.2621880690342308,
    "outgoing": 0.8704176639677506,
    "gregariousness": 0.28520711414468786,
    "altruism": 0.7871711769488885,
    "modesty": 0.20938169241516738,
    "uncompromising": 0.7909504231610532,
    "sympathy": 0.2393293555812595,
    "fiery": 0.9003080658275977,
    "prone_to_worry": 0.8607863122573554,
    "immoderation": 0.11512958233603221
}