{
    "id": "1",
    "extraversion": 0.34125937370463877,
    "active": 1,
    "assertive": 0.12635188604589812,
    "cheerful": 0.2573262488852043,
    "openness": 0.7600582834030473,
    "adventurous": 0.2754267626333044,
    "artistic": 0.19648038587632355,
    "emotionally_aware": 0.8309153257715642,
    "imaginative": 0.9208149627564031,
    "intellectual": 0.9845373126829208,
    "conscientiousness": 0.7430129002273554,
    "cautious": 0.28742259235532774,
    "disciplined": 0.9872881888181281,
    "dutiful": 0.16816771551669996,
    "neuroticism": 0.7527477358656467,
    "melancholy": 0.9366544824207709,
    "self_conscious": 0.9015839519664367,
    "authority_challenging": 0.9243195035861878,
    "achievement_striving": 0.8971624524249161,
    "orderliness": 0.23212872592983377,
    "self_efficacy": 0.8791247440680308,
    "stress_prone": 0.9545791410734696,
    "agreeableness": 0.35958598686111215,
    "cooperative": 0.056587657484518446,
    "trusting": 0,
    "excitement_seeking": 0.1453065531145193,
    "outgoing": 0.916795417718657,
    "gregariousness": 0.796410043838163,
    "altruism": 0.25148534750222956,
    "modesty": 0.15278039466907833,
    "uncompromising": 0.9560362261496527,
    "sympathy": 0.8536383163130722,
    "fiery": 0.96490434738918,
    "prone_to_worry": 0.9427842886033336,
    "immoderation": 0.10401828892992174
}