{
    "id": "1",
    "extraversion": 0.27069721092980337,
    "active": 0.8688242421497243,
    "assertive": 0.8880635042860865,
    "cheerful": 0.22665866446228586,
    "openness": 0.6377605906532744,
    "adventurous": 0.21585568854816614,
    "artistic": 0.764837106070729,
    "emotionally_aware": 0.8318064976389723,
    "imaginative": 0.8336296413729065,
    "intellectual": 0.8063617524827594,
    "conscientiousness": 0.2703914663284603,
    "cautious": 0.2392508124879684,
    "disciplined": 1,
    "dutiful": 0.07255206151128427,
    "neuroticism": 0.7189640919951534,
    "melancholy": 0.8320669467438201,
    "self_conscious": 0.920144039678855,
    "authority_challenging": 0.776602611285373,
    "achievement_striving": 0.7607605113861556,
    "orderliness": 0.17248525065395376,
    "self_efficacy": 0.8092153687619609,
    "stress_prone": 0.7573180536525156,
    "agreeableness": 0.2801866174455605,
    "cooperative": 0.7526299697652562,
    "trusting": 0,
    "excitement_seeking": 0.12627252035466374,
    "outgoing": 0.828024323681618,
    "gregariousness": 0.15470676827956384,
    "altruism": 0.8186934514035942,
    "modesty": 0.09502995164705749,
    "uncompromising": 0.756072427498896,
    "sympathy": 0.19138479656660137,
    "fiery": 0.1489655640987895,
    "prone_to_worry": 0.7497197341154356,
    "immoderation": 0.8754940040086514
}