{
    "id": "1",
    "extraversion": 0.34465085225041237,
    "active": 0.9110831827821851,
    "assertive": 0.09040923729479224,
    "cheerful": 0.7067001806613776,
    "openness": 0.3570124106511664,
    "adventurous": 0.10558872044615501,
    "artistic": 0,
    "emotionally_aware": 0.7913459272641583,
    "imaginative": 0.9390267850129604,
    "intellectual": 0.7526608279004006,
    "conscientiousness": 0.33161181368313564,
    "cautious": 0.6665422983269186,
    "disciplined": 0.9236312936925614,
    "dutiful": 0.08590252140444579,
    "neuroticism": 0.6684176419762783,
    "melancholy": 0.8411750844395569,
    "self_conscious": 1,
    "authority_challenging": 0.8577880763490692,
    "achievement_striving": 0.2118156468462807,
    "orderliness": 0.7001512057183253,
    "self_efficacy": 0.2215360144529102,
    "stress_prone": 0.8784168564920273,
    "agreeableness": 0.29103173356374196,
    "cooperative": 0.10049289136752808,
    "trusting": 0.0398731442934569,
    "excitement_seeking": 0.23544890424946974,
    "outgoing": 0.7464849579765925,
    "gregariousness": 0.7291257560285915,
    "altruism": 0.14372398083418422,
    "modesty": 0.2229106118922315,
    "uncompromising": 0.7479577409472938,
    "sympathy": 0.7403483622653365,
    "fiery": 0.8298248370120178,
    "prone_to_worry": 0.754104155211688,
    "immoderation": 0.0817885476396198
}