{
    "id": "1",
    "extraversion": 0.22023890851599562,
    "active": 0.8238537661273009,
    "assertive": 0.883102687720805,
    "cheerful": 0.19782171647180533,
    "openness": 0.5823004703999376,
    "adventurous": 0.12588565963343945,
    "artistic": 0.7304374133859037,
    "emotionally_aware": 0.8516288329787443,
    "imaginative": 0.8158803895926455,
    "intellectual": 0.71730134874007,
    "conscientiousness": 0.5503191302480823,
    "cautious": 0.7449593035738685,
    "disciplined": 1,
    "dutiful": 0.8647551382897742,
    "neuroticism": 0.5648800577752622,
    "melancholy": 0.1382702554993852,
    "self_conscious": 0.665654948958679,
    "authority_challenging": 0.14022212246013316,
    "achievement_striving": 0.750980813147776,
    "orderliness": 0.7205902445689303,
    "self_efficacy": 0.7932582515175768,
    "stress_prone": 0.7489411121737943,
    "agreeableness": 0.2703140553939844,
    "cooperative": 0.724201198446314,
    "trusting": 0.10506899849706249,
    "excitement_seeking": 0.023920129603966226,
    "outgoing": 0.6872913942185701,
    "gregariousness": 0.6092752717974744,
    "altruism": 0.16616243436847347,
    "modesty": 0.08861476001795723,
    "uncompromising": 0.6786836609216716,
    "sympathy": 0.12335799191927081,
    "fiery": 0.7130365194308357,
    "prone_to_worry": 0.18567134464114932,
    "immoderation": 0
}