{
    "id": "1",
    "extraversion": 0.2855028021571323,
    "active": 0.13200539283070742,
    "assertive": 0.8528074442212119,
    "cheerful": 0.1228455112614994,
    "openness": 0.6206381516337105,
    "adventurous": 0.797729195305065,
    "artistic": 0.785463148990166,
    "emotionally_aware": 0.8144363963201862,
    "imaginative": 0.8604737231680238,
    "intellectual": 0.8531511050015861,
    "conscientiousness": 0.7015834831341864,
    "cautious": 0.725758697261288,
    "disciplined": 0.9345590567833352,
    "dutiful": 0.05792005921539597,
    "neuroticism": 0.6288067040287618,
    "melancholy": 0.8532171936131967,
    "self_conscious": 0.8992016495717458,
    "authority_challenging": 0.8293724225441472,
    "achievement_striving": 0.1405308237284551,
    "orderliness": 0.03000422967114307,
    "self_efficacy": 0.8182034471819816,
    "stress_prone": 0.8272047160833246,
    "agreeableness": 0.6131965739663742,
    "cooperative": 0.0733451411652744,
    "trusting": 0,
    "excitement_seeking": 0.7159643650206198,
    "outgoing": 0.8705059744104897,
    "gregariousness": 0.7931426456593001,
    "altruism": 0.7236835148567199,
    "modesty": 0.09244474992069368,
    "uncompromising": 0.8644522575869727,
    "sympathy": 0.8821243523316064,
    "fiery": 0.7733689330654542,
    "prone_to_worry": 0.9472084170455749,
    "immoderation": 1
}