{
    "id": "1",
    "extraversion": 0.24281031724353222,
    "active": 0.9939907129199673,
    "assertive": 0.8441487493659031,
    "cheerful": 0.19963319936004995,
    "openness": 0.7416884535841105,
    "adventurous": 0.13783314473016742,
    "artistic": 0.3452803683614938,
    "emotionally_aware": 1,
    "imaginative": 0.8014398876185272,
    "intellectual": 0.9063292621063722,
    "conscientiousness": 0.7037401958871502,
    "cautious": 0.7863581379014322,
    "disciplined": 0.8904475748234284,
    "dutiful": 0.2174854645491084,
    "neuroticism": 0.6827759784602178,
    "melancholy": 0.8043859991415304,
    "self_conscious": 0.8604986927849534,
    "authority_challenging": 0.9254789870058923,
    "achievement_striving": 0.9153041713817458,
    "orderliness": 0.7918503921645139,
    "self_efficacy": 0.8868088344324345,
    "stress_prone": 0.8210871346626605,
    "agreeableness": 0.3532309673391345,
    "cooperative": 0.8936083037421471,
    "trusting": 0.8347543606352675,
    "excitement_seeking": 0,
    "outgoing": 0.8321204198696688,
    "gregariousness": 0.3220724236157178,
    "altruism": 0.25970655948803995,
    "modesty": 0.13384321223709367,
    "uncompromising": 0.8165021266632849,
    "sympathy": 0.2927673937643891,
    "fiery": 0.8105806376087721,
    "prone_to_worry": 0.817575213641862,
    "immoderation": 0.1759472431419987
}