{
    "id": "1",
    "extraversion": 0.2987683750496623,
    "active": 1,
    "assertive": 0.8912424087632669,
    "cheerful": 0.6634882796980532,
    "openness": 0.6117373290198082,
    "adventurous": 0.14782904818661666,
    "artistic": 0.7495544582552925,
    "emotionally_aware": 0.8319881945626879,
    "imaginative": 0.8231114138146319,
    "intellectual": 0.7619274646688233,
    "conscientiousness": 0.30938191724842495,
    "cautious": 0.7117770588569159,
    "disciplined": 0.993983767523696,
    "dutiful": 0.9056813667063965,
    "neuroticism": 0.6434190362676656,
    "melancholy": 0.10464839094159713,
    "self_conscious": 0.8322265735853339,
    "authority_challenging": 0.7486463476928316,
    "achievement_striving": 0.839775242635791,
    "orderliness": 0.7711901924059253,
    "self_efficacy": 0.7188830240081729,
    "stress_prone": 0.8283898064589365,
    "agreeableness": 0.3127986832396844,
    "cooperative": 0.845553096089449,
    "trusting": 0.07310290027810881,
    "excitement_seeking": 0.21475679663999092,
    "outgoing": 0.7741302003518928,
    "gregariousness": 0.19559566377206425,
    "altruism": 0.7589079970486408,
    "modesty": 0.7522447357965832,
    "uncompromising": 0.7271581815085987,
    "sympathy": 0.7376809126511152,
    "fiery": 0.7891026732504682,
    "prone_to_worry": 0.7517452749872297,
    "immoderation": 0
}