{
    "id": "1",
    "extraversion": 0.6969678156352438,
    "active": 0.8709024535611403,
    "assertive": 0.8950531439356311,
    "cheerful": 0.07272524088606339,
    "openness": 0.6895798152379059,
    "adventurous": 0.1419489420880103,
    "artistic": 0.020500149001688645,
    "emotionally_aware": 0.7278111651932054,
    "imaginative": 0.8897884176020661,
    "intellectual": 0.858113141948942,
    "conscientiousness": 0.31183570080460915,
    "cautious": 0.24168073904837586,
    "disciplined": 0,
    "dutiful": 0.007524585278633169,
    "neuroticism": 0.6705572663156848,
    "melancholy": 0.8563872057216647,
    "self_conscious": 0.898641601271481,
    "authority_challenging": 0.06457981523790603,
    "achievement_striving": 0.8571322141650937,
    "orderliness": 0.08671898281513858,
    "self_efficacy": 0.10135839872851889,
    "stress_prone": 0.769531638025231,
    "agreeableness": 0.3470373497566306,
    "cooperative": 0.16582646269991058,
    "trusting": 0.09611850600973475,
    "excitement_seeking": 0.7772921426442833,
    "outgoing": 0.03867835502135692,
    "gregariousness": 0.8572687990463891,
    "altruism": 0.840121188040131,
    "modesty": 0.030458428528856652,
    "uncompromising": 0.09419390086420977,
    "sympathy": 0.11597298102711827,
    "fiery": 0.9197129234131318,
    "prone_to_worry": 0.8153372404887255,
    "immoderation": 1
}