{
    "id": "1",
    "extraversion": 0.3481122334455668,
    "active": 1,
    "assertive": 0.08636588103254769,
    "cheerful": 0.6890864197530864,
    "openness": 0.642415263748597,
    "adventurous": 0.29420426487093154,
    "artistic": 0.2825409652076319,
    "emotionally_aware": 0.8498136924803591,
    "imaginative": 0.8709584736251402,
    "intellectual": 0.7650011223344556,
    "conscientiousness": 0.6280224466891133,
    "cautious": 0.7034074074074074,
    "disciplined": 0,
    "dutiful": 0.8632817059483726,
    "neuroticism": 0.7074478114478114,
    "melancholy": 0.18561616161616162,
    "self_conscious": 0.8274029180695848,
    "authority_challenging": 0.23824915824915827,
    "achievement_striving": 0.8320718294051627,
    "orderliness": 0.7174859708193042,
    "self_efficacy": 0.7204219977553311,
    "stress_prone": 0.9098361391694726,
    "agreeableness": 0.39525925925925925,
    "cooperative": 0.8226262626262626,
    "trusting": 0.7584107744107744,
    "excitement_seeking": 0.25124130190796856,
    "outgoing": 0.7643726150392818,
    "gregariousness": 0.6894904601571269,
    "altruism": 0.764749719416386,
    "modesty": 0.20934680134680136,
    "uncompromising": 0.7259528619528619,
    "sympathy": 0.7617328843995511,
    "fiery": 0.7967227833894501,
    "prone_to_worry": 0.802962962962963,
    "immoderation": 0.8858540965207632
}