{
    "id": "1",
    "extraversion": 0.18731901138123777,
    "active": 0.7921745572092397,
    "assertive": 0.09118459155498684,
    "cheerful": 0.19275147596920106,
    "openness": 0.6071789346083911,
    "adventurous": 0.14738366219947469,
    "artistic": 0.7646755112577727,
    "emotionally_aware": 0.7318899140233909,
    "imaginative": 0.7983927088243876,
    "intellectual": 0.8939771477316093,
    "conscientiousness": 0.2352459200395088,
    "cautious": 0.6794396929086133,
    "disciplined": 0.7837003614160325,
    "dutiful": 0.007800749769905955,
    "neuroticism": 0.6491795182616112,
    "melancholy": 0.866500549980919,
    "self_conscious": 1,
    "authority_challenging": 0.8979729274698632,
    "achievement_striving": 0.16829416122297797,
    "orderliness": 0.13170359395694434,
    "self_efficacy": 0.1757020674792915,
    "stress_prone": 0.7501178530540776,
    "agreeableness": 0.2776842436078748,
    "cooperative": 0.8174849035849775,
    "trusting": 0.11691022964509391,
    "excitement_seeking": 0.11462051316586973,
    "outgoing": 0.15017846319617478,
    "gregariousness": 0.14071654656879248,
    "altruism": 0,
    "modesty": 0.05312366713807886,
    "uncompromising": 0.8378005252878981,
    "sympathy": 0.12338653556917409,
    "fiery": 0.14828159023054302,
    "prone_to_worry": 0.7984376052259411,
    "immoderation": 0.8169124744651716
}