{
    "id": "1",
    "extraversion": 0.27661179085667786,
    "active": 0.08282972621634763,
    "assertive": 0.07699482996437537,
    "cheerful": 0.14305419110277556,
    "openness": 0.5851269685332381,
    "adventurous": 0.041657983785339345,
    "artistic": 0.6454506663491213,
    "emotionally_aware": 0.7162632848084308,
    "imaginative": 0.9260913141416848,
    "intellectual": 0.7732726027805067,
    "conscientiousness": 0.5906740892897899,
    "cautious": 0.7446339793397041,
    "disciplined": 0.8771099401625436,
    "dutiful": 0.08182747362884897,
    "neuroticism": 0.6047453186865529,
    "melancholy": 0.11415756204538911,
    "self_conscious": 1,
    "authority_challenging": 0.09901461701050875,
    "achievement_striving": 0.08267095352921913,
    "orderliness": 0.7442866640866105,
    "self_efficacy": 0.19691782521111806,
    "stress_prone": 0.7055362051343118,
    "agreeableness": 0.2421581177497941,
    "cooperative": 0.8098895537495162,
    "trusting": 0.1318210234884344,
    "excitement_seeking": 0.25181348178579577,
    "outgoing": 0.12723646214759907,
    "gregariousness": 0.14611056532999908,
    "altruism": 0.07938634356424837,
    "modesty": 0.2042213688190289,
    "uncompromising": 0.7228027348595357,
    "sympathy": 0.69410457166106,
    "fiery": 0,
    "prone_to_worry": 0.09196907901918171,
    "immoderation": 0.7451996070375995
}