{
    "id": "1",
    "extraversion": 0.3541156884434463,
    "active": 0.1634096470351624,
    "assertive": 0.18932055106760967,
    "cheerful": 0.8106347556955944,
    "openness": 0.36029452843048526,
    "adventurous": 0.1862255444194907,
    "artistic": 0.2286059062112426,
    "emotionally_aware": 0.7712153208415737,
    "imaginative": 0.22032648409479433,
    "intellectual": 0.8649258650934648,
    "conscientiousness": 0.3193778701438005,
    "cautious": 0.28466239846255265,
    "disciplined": 0.08441435099833519,
    "dutiful": 0,
    "neuroticism": 0.7587235611571078,
    "melancholy": 0.9841562475558386,
    "self_conscious": 1,
    "authority_challenging": 0.8828813729762345,
    "achievement_striving": 0.19278427691929523,
    "orderliness": 0.23196907228013725,
    "self_efficacy": 0.116861640912189,
    "stress_prone": 0.9286584207644778,
    "agreeableness": 0.371266718063889,
    "cooperative": 0.07149800556430798,
    "trusting": 0.09375523748868701,
    "excitement_seeking": 0.7653828534397032,
    "outgoing": 0.15774477927127675,
    "gregariousness": 0.2478463446518956,
    "altruism": 0.14948770377322654,
    "modesty": 0.004268204114012436,
    "uncompromising": 0.20790176426552254,
    "sympathy": 0.20593526184650107,
    "fiery": 0.9301556441971419,
    "prone_to_worry": 0.9441781472418687,
    "immoderation": 0.9302450306707337
}