{
    "id": "1",
    "extraversion": 0.35591802977393866,
    "active": 0.8841940819702261,
    "assertive": 0.20158059180297744,
    "cheerful": 0.17750413526925202,
    "openness": 0.632438889909943,
    "adventurous": 0.27080499908105127,
    "artistic": 0.2595478772284507,
    "emotionally_aware": 0.8242234883293512,
    "imaginative": 0.7970961220363904,
    "intellectual": 0.8222477485756295,
    "conscientiousness": 0.6699503767689763,
    "cautious": 0.6763462598786987,
    "disciplined": 0.09675611100900573,
    "dutiful": 0.8300771916927036,
    "neuroticism": 0.6644642528946886,
    "melancholy": 0.7825491637566624,
    "self_conscious": 1,
    "authority_challenging": 0.8404245543098694,
    "achievement_striving": 0.8026925197573976,
    "orderliness": 0.2571494210623047,
    "self_efficacy": 0.25705752619003863,
    "stress_prone": 0.8064602095203088,
    "agreeableness": 0.3328983642712737,
    "cooperative": 0.17132879985296826,
    "trusting": 0,
    "excitement_seeking": 0.19273111560374934,
    "outgoing": 0.7591894872266127,
    "gregariousness": 0.28388163940452127,
    "altruism": 0.7900937327697114,
    "modesty": 0.24109538687741225,
    "uncompromising": 0.7131317772468296,
    "sympathy": 0.237281749678368,
    "fiery": 0.7820804999081051,
    "prone_to_worry": 0.7715309685719537,
    "immoderation": 0.1732310237088771
}