{
    "id": "1",
    "extraversion": 0.22637146928644905,
    "active": 0.8093202344214491,
    "assertive": 0.15159064956635804,
    "cheerful": 0.6909487273859745,
    "openness": 0.3779809933656088,
    "adventurous": 0,
    "artistic": 0.16464237516869093,
    "emotionally_aware": 0.6556817002161133,
    "imaginative": 1,
    "intellectual": 0.7913422609778886,
    "conscientiousness": 0.31668601304228833,
    "cautious": 0.2887706086086653,
    "disciplined": 0.08755886488680009,
    "dutiful": 0.08088672461142093,
    "neuroticism": 0.6696960259713297,
    "melancholy": 0.8056019553995263,
    "self_conscious": 0.9740947311797514,
    "authority_challenging": 0.7636722252106869,
    "achievement_striving": 0.19173673829544274,
    "orderliness": 0.1951718996253409,
    "self_efficacy": 0.1735322706982626,
    "stress_prone": 0.868133216311354,
    "agreeableness": 0.30864547058879044,
    "cooperative": 0.18120476015212855,
    "trusting": 0.018412087237998146,
    "excitement_seeking": 0.7540934099638553,
    "outgoing": 0.7410511216179233,
    "gregariousness": 0.22350254334060005,
    "altruism": 0.09310797165048176,
    "modesty": 0.19898455121127187,
    "uncompromising": 0.16027292545511168,
    "sympathy": 0.7399280881062258,
    "fiery": 0.17289997451940772,
    "prone_to_worry": 0.8253730075592425,
    "immoderation": 0.7936732633088909
}