{
    "id": "1",
    "extraversion": 0.1742500071495982,
    "active": 0.18627086491072536,
    "assertive": 0.07909362160513245,
    "cheerful": 0.2592539632605981,
    "openness": 0.3725607954166309,
    "adventurous": 0.7882193687381437,
    "artistic": 0.31059761108092393,
    "emotionally_aware": 0.7367994585370968,
    "imaginative": 0.16743405687267043,
    "intellectual": 0.21961659088092586,
    "conscientiousness": 0.6473627515466964,
    "cautious": 0.2566610423160885,
    "disciplined": 0.8551777390110675,
    "dutiful": 1,
    "neuroticism": 0.3941811803509976,
    "melancholy": 0.805244945234078,
    "self_conscious": 0.9478460643845149,
    "authority_challenging": 0.8222323905396517,
    "achievement_striving": 0,
    "orderliness": 0.2532483007788296,
    "self_efficacy": 0.20288653111028496,
    "stress_prone": 0.7615561338786094,
    "agreeableness": 0.7159798286002993,
    "cooperative": 0.2496735016825388,
    "trusting": 0.20134221790068732,
    "excitement_seeking": 0.24311493694054398,
    "outgoing": 0.25456382684626455,
    "gregariousness": 0.09795902803595773,
    "altruism": 0.23236194125890128,
    "modesty": 0.15079932507793062,
    "uncompromising": 0.8138625942555362,
    "sympathy": 0.8724225698515743,
    "fiery": 0.15656666761994642,
    "prone_to_worry": 0.8126614617591824,
    "immoderation": 0.8599346050085318
}