{
    "id": "1",
    "extraversion": 0.2852039526473724,
    "active": 0.9424360003077701,
    "assertive": 0.07474416610791733,
    "cheerful": 0.1623267419237829,
    "openness": 0.6887235235279245,
    "adventurous": 0.22774987084647766,
    "artistic": 0.1057080360970355,
    "emotionally_aware": 0.9340162898314959,
    "imaginative": 0.04678105455224946,
    "intellectual": 0.7831869593413721,
    "conscientiousness": 0.7133671147652704,
    "cautious": 0.7011222616705322,
    "disciplined": 0.03960341624806264,
    "dutiful": 0.028380799542741524,
    "neuroticism": 0.7394286468008398,
    "melancholy": 0.906987480352177,
    "self_conscious": 1,
    "authority_challenging": 0.9625729580003738,
    "achievement_striving": 0.9029425019510425,
    "orderliness": 0.04077953768534901,
    "self_efficacy": 0.12550424832650006,
    "stress_prone": 0.8419710476274224,
    "agreeableness": 0.30751728458841243,
    "cooperative": 0.9736856568143596,
    "trusting": 0.13178055992173845,
    "excitement_seeking": 0.046165514360772486,
    "outgoing": 0,
    "gregariousness": 0.08338371236686194,
    "altruism": 0.22271563142332676,
    "modesty": 0.09235301229981202,
    "uncompromising": 0.886311924992031,
    "sympathy": 0.0982665948536443,
    "fiery": 0.9451070050672148,
    "prone_to_worry": 0.8741000472646933,
    "immoderation": 0.8546775558657683
}