{
    "id": "1",
    "extraversion": 0.32875171147457466,
    "active": 0.21478077204750737,
    "assertive": 0,
    "cheerful": 0.13580351741193208,
    "openness": 0.2727108695882909,
    "adventurous": 0.8136429731364828,
    "artistic": 0.3060381884373309,
    "emotionally_aware": 0.7872676905441693,
    "imaginative": 0.9192714690554783,
    "intellectual": 0.8411539318806585,
    "conscientiousness": 0.41219737414691615,
    "cautious": 0.763641381067111,
    "disciplined": 0.16138276531836082,
    "dutiful": 0.23404481144591743,
    "neuroticism": 0.6932613010390906,
    "melancholy": 0.8567880531114341,
    "self_conscious": 1,
    "authority_challenging": 0.17685767961195967,
    "achievement_striving": 0.26201216341000033,
    "orderliness": 0.29890571765180385,
    "self_efficacy": 0.2853943555833873,
    "stress_prone": 0.8013521975864228,
    "agreeableness": 0.3508284067631107,
    "cooperative": 0.18785357207298048,
    "trusting": 0.14086629801415887,
    "excitement_seeking": 0.2985023934109556,
    "outgoing": 0.2862859144315782,
    "gregariousness": 0.2103017502149294,
    "altruism": 0.25525117547788617,
    "modesty": 0.2719360624940298,
    "uncompromising": 0.9359139008883747,
    "sympathy": 0.8696519736353312,
    "fiery": 0.26789220628973537,
    "prone_to_worry": 0.9172442340554252,
    "immoderation": 0.8451128777184584
}