{
    "id": "1",
    "extraversion": 0.66753810985236,
    "active": 0.787809899089405,
    "assertive": 0.062024021520857855,
    "cheerful": 0.8399828237285138,
    "openness": 0.3122418823172811,
    "adventurous": 0.8131070106972809,
    "artistic": 0.8073479079048738,
    "emotionally_aware": 0.7553644274365678,
    "imaginative": 1,
    "intellectual": 0.8155445256949444,
    "conscientiousness": 0.6483411005443362,
    "cautious": 0.24037939352606125,
    "disciplined": 0.8944290784172572,
    "dutiful": 0.8388461587036967,
    "neuroticism": 0.7083949026888443,
    "melancholy": 0.19397820129074633,
    "self_conscious": 0.14342186690915526,
    "authority_challenging": 0,
    "achievement_striving": 0.8248399196756716,
    "orderliness": 0.18487225148082198,
    "self_efficacy": 0.8206595183066219,
    "stress_prone": 0.9119842382449892,
    "agreeableness": 0.35738011341391035,
    "cooperative": 0.9042549160762324,
    "trusting": 0.9996590004925549,
    "excitement_seeking": 0.13648821025777036,
    "outgoing": 0.9432677856502356,
    "gregariousness": 0.800679473092613,
    "altruism": 0.23295318203058896,
    "modesty": 0.1732277497821392,
    "uncompromising": 0.05616388183735588,
    "sympathy": 0.8626656057793103,
    "fiery": 0.8275805453466197,
    "prone_to_worry": 0.8800060622134657,
    "immoderation": 0.9391505323381201
}