{
    "id": "1",
    "extraversion": 0.6998252766453115,
    "active": 0.9355335533553354,
    "assertive": 0.12523134666407817,
    "cheerful": 0.19131560214845014,
    "openness": 0.33523587652882936,
    "adventurous": 0.7712935999482301,
    "artistic": 0.20006471235358828,
    "emotionally_aware": 0.744269721089756,
    "imaginative": 0.9800038827412152,
    "intellectual": 0.912897172070148,
    "conscientiousness": 0.34406264155827343,
    "cautious": 0.2769947582993593,
    "disciplined": 0.06142496602601436,
    "dutiful": 0.14917491749174913,
    "neuroticism": 0.7529282339998705,
    "melancholy": 0.15464958260531933,
    "self_conscious": 0.8692551608101985,
    "authority_challenging": 0,
    "achievement_striving": 0.8879182035850643,
    "orderliness": 0.1935805345240406,
    "self_efficacy": 0.880812787161069,
    "stress_prone": 0.9425742574257425,
    "agreeableness": 0.392118035332945,
    "cooperative": 0.18700575939946934,
    "trusting": 1,
    "excitement_seeking": 0.8966026014366142,
    "outgoing": 0.9850255613796672,
    "gregariousness": 0.7846502297288552,
    "altruism": 0.8908302594965377,
    "modesty": 0.04960849026079075,
    "uncompromising": 0.15888177052999414,
    "sympathy": 0.8652559373584415,
    "fiery": 0.875480489225393,
    "prone_to_worry": 0.909778036627192,
    "immoderation": 0.9577298906361222
}