{
    "id": "1",
    "extraversion": 0.270637933017556,
    "active": 0.9091251293955269,
    "assertive": 0.7779415916434017,
    "cheerful": 0.14962828194108976,
    "openness": 0.6845572320336272,
    "adventurous": 0.20921818961280675,
    "artistic": 0.7528885264071438,
    "emotionally_aware": 0.8931166807825424,
    "imaginative": 0.8156048391312986,
    "intellectual": 0.9739745077741878,
    "conscientiousness": 0.6642826521116304,
    "cautious": 0.7155494212490981,
    "disciplined": 1,
    "dutiful": 0.10677875717557012,
    "neuroticism": 0.66336250614302,
    "melancholy": 0.8810188525361524,
    "self_conscious": 0.9465060593703275,
    "authority_challenging": 0.9420517163859176,
    "achievement_striving": 0.9051726842121773,
    "orderliness": 0.1214174430398277,
    "self_efficacy": 0.7320388552547654,
    "stress_prone": 0.9667074458630028,
    "agreeableness": 0.20145968610475024,
    "cooperative": 0.10519987034306805,
    "trusting": 0,
    "excitement_seeking": 0.09157543628511977,
    "outgoing": 0.7590995116952645,
    "gregariousness": 0.22010309817330112,
    "altruism": 0.7661992743394292,
    "modesty": 0.04937419617930298,
    "uncompromising": 0.7826468835283416,
    "sympathy": 0.7078013739452305,
    "fiery": 0.7693884166169996,
    "prone_to_worry": 0.8511663895772558,
    "immoderation": 0.8793144912533852
}