{
    "id": "1",
    "extraversion": 0.6245432584337862,
    "active": 0.9118079075470095,
    "assertive": 0.080240843924882,
    "cheerful": 0.09506294232613478,
    "openness": 0.6049261322942083,
    "adventurous": 0.1299270427425131,
    "artistic": 0.7990822681088169,
    "emotionally_aware": 0.7520545783410418,
    "imaginative": 0.8384864707381915,
    "intellectual": 0.8073612780266336,
    "conscientiousness": 0.6373745098753293,
    "cautious": 0.6596137271325734,
    "disciplined": 0.8318462677689161,
    "dutiful": 0.07192541607487529,
    "neuroticism": 0.5907109994294524,
    "melancholy": 0.8314578098255582,
    "self_conscious": 1,
    "authority_challenging": 0.8330844774633697,
    "achievement_striving": 0.0388579336465276,
    "orderliness": 0,
    "self_efficacy": 0.7836289255496074,
    "stress_prone": 0.7139856998919601,
    "agreeableness": 0.581764327421489,
    "cooperative": 0.07519089066122832,
    "trusting": 0.05037813952923757,
    "excitement_seeking": 0.0641926751399056,
    "outgoing": 0.8246597958167935,
    "gregariousness": 0.6899984218896051,
    "altruism": 0.7813103172001895,
    "modesty": 0.05293953409325423,
    "uncompromising": 0.7746943928523738,
    "sympathy": 0.8039986889544412,
    "fiery": 0.7252509802493414,
    "prone_to_worry": 0.8046784903553177,
    "immoderation": 0.8459642861478325
}