{
    "id": "1",
    "extraversion": 0.3111356778455377,
    "active": 1,
    "assertive": 0.8253033337259984,
    "cheerful": 0.22689090859664546,
    "openness": 0.6022816858015351,
    "adventurous": 0.0361553866089147,
    "artistic": 0.7513886749367961,
    "emotionally_aware": 0.7540799405565575,
    "imaginative": 0.8100981360493671,
    "intellectual": 0.7997499025888707,
    "conscientiousness": 0.5666790507172178,
    "cautious": 0.6105820201708999,
    "disciplined": 0.9292387433511241,
    "dutiful": 0.7307465770182227,
    "neuroticism": 0.5692978243337532,
    "melancholy": 0.6672707666935492,
    "self_conscious": 0.8120191741348534,
    "authority_challenging": 0.7001821361581051,
    "achievement_striving": 0.766122674592459,
    "orderliness": 0.12322734398361682,
    "self_efficacy": 0.1305399748090289,
    "stress_prone": 0.7683880496932682,
    "agreeableness": 0.28377900812816587,
    "cooperative": 0.14183966581186513,
    "trusting": 0,
    "excitement_seeking": 0.17494132678488905,
    "outgoing": 0.6772656016383193,
    "gregariousness": 0.21969607727647547,
    "altruism": 0.19209474704821627,
    "modesty": 0.16128564567721126,
    "uncompromising": 0.6363076198156891,
    "sympathy": 0.20990965684097976,
    "fiery": 0.7441847821162229,
    "prone_to_worry": 0.6637095970350771,
    "immoderation": 0.6790779017189666
}