{
    "id": "1",
    "extraversion": 0.5906173296901773,
    "active": 0.16770249617931737,
    "assertive": 0.07234752002963925,
    "cheerful": 0.5784374565831519,
    "openness": 0.49939332190987823,
    "adventurous": 0.07797897466771637,
    "artistic": 0,
    "emotionally_aware": 0.5554114759412773,
    "imaginative": 0.8676330292224332,
    "intellectual": 0.7016347890520076,
    "conscientiousness": 0.2327976659102487,
    "cautious": 0.5700736349742973,
    "disciplined": 0.029296531283286242,
    "dutiful": 0.07821053119066365,
    "neuroticism": 0.5507247719168249,
    "melancholy": 0.6203954985411939,
    "self_conscious": 0.762172926411337,
    "authority_challenging": 0.10204232853239475,
    "achievement_striving": 0.6092066873523827,
    "orderliness": 0.61786690131061,
    "self_efficacy": 0.6830361691288843,
    "stress_prone": 0.797554763117677,
    "agreeableness": 0.1981568100773399,
    "cooperative": 0.10558051220302879,
    "trusting": 0.0049645718519891,
    "excitement_seeking": 0.6089658685685175,
    "outgoing": 0.6576760987357014,
    "gregariousness": 0.17257444542212755,
    "altruism": 0.1632195618950586,
    "modesty": 0.12134488028527765,
    "uncompromising": 0.09735562450794243,
    "sympathy": 0.612633723892002,
    "fiery": 0.6917149076089473,
    "prone_to_worry": 0.6302875932015005,
    "immoderation": 1
}