{
    "id": "1",
    "extraversion": 0.7685532832720883,
    "active": 0.9060053522926985,
    "assertive": 0.9009326569739576,
    "cheerful": 0.8187410129413645,
    "openness": 0.3458120306758268,
    "adventurous": 0.8720442562709698,
    "artistic": 0.20071097619428022,
    "emotionally_aware": 0.8043417478830485,
    "imaginative": 0.8931438728231348,
    "intellectual": 0.8758987058635566,
    "conscientiousness": 0.36434534270650265,
    "cautious": 0.31677384566224637,
    "disciplined": 0.1799708419875379,
    "dutiful": 0.07657972519571815,
    "neuroticism": 0.787026681578527,
    "melancholy": 0.8681898066783832,
    "self_conscious": 0.9352532353411088,
    "authority_challenging": 0.9907433296053684,
    "achievement_striving": 0.8189007828726633,
    "orderliness": 0.09010025563189007,
    "self_efficacy": 0.22793177823933536,
    "stress_prone": 0.9129253874420834,
    "agreeableness": 0.4349037386163924,
    "cooperative": 0.8799528678702668,
    "trusting": 0.22625419396069657,
    "excitement_seeking": 0.27252756031314906,
    "outgoing": 0.09688049209138835,
    "gregariousness": 0.3277480428183416,
    "altruism": 0.24801286147946958,
    "modesty": 0,
    "uncompromising": 0.18513340789263458,
    "sympathy": 0.07615034350535224,
    "fiery": 0.8631570538424669,
    "prone_to_worry": 0.16486259785908292,
    "immoderation": 1
}