{
    "id": "1",
    "extraversion": 0.3504223183351826,
    "active": 0.9755213876497361,
    "assertive": 0.10588528339485065,
    "cheerful": 0.24748080885849505,
    "openness": 0.7302370870224859,
    "adventurous": 0.7946378025859921,
    "artistic": 0.24953012839383165,
    "emotionally_aware": 0.7993478408550531,
    "imaginative": 1,
    "intellectual": 0.8566721768075904,
    "conscientiousness": 0.33518262720499986,
    "cautious": 0.7815266864427889,
    "disciplined": 0.16436448449989813,
    "dutiful": 0.8523244491746111,
    "neuroticism": 0.7551912320826069,
    "melancholy": 0.8271665043816941,
    "self_conscious": 0.8824868096284052,
    "authority_challenging": 0.8895971558615068,
    "achievement_striving": 0.9098752292746994,
    "orderliness": 0.8254228844455516,
    "self_efficacy": 0.909127963587781,
    "stress_prone": 0.8864609044179252,
    "agreeableness": 0.37042865877131403,
    "cooperative": 0.14472045469984826,
    "trusting": 0.061581485926496225,
    "excitement_seeking": 0.10704014854736081,
    "outgoing": 0.8799393129684563,
    "gregariousness": 0.7606372138312085,
    "altruism": 0.8629786463168859,
    "modesty": 0.12883539774914518,
    "uncompromising": 0.848701342813795,
    "sympathy": 0.8333257851950817,
    "fiery": 0.17789452231607072,
    "prone_to_worry": 0.9018930730735264,
    "immoderation": 0
}