{
    "id": "1",
    "extraversion": 0.22582898714813965,
    "active": 0.9116268985702757,
    "assertive": 0.8080652349348975,
    "cheerful": 0.1082832468111246,
    "openness": 0.6222010768100406,
    "adventurous": 0.035038483311853344,
    "artistic": 0.6849788612794044,
    "emotionally_aware": 0.8313358948725051,
    "imaginative": 0.881538850679932,
    "intellectual": 0.8476807631620153,
    "conscientiousness": 0.26190332799344757,
    "cautious": 0.6962046661768426,
    "disciplined": 0.9628898016212375,
    "dutiful": 0.020355805017886575,
    "neuroticism": 0.5900774484179083,
    "melancholy": 0.7643303662840417,
    "self_conscious": 1,
    "authority_challenging": 0.04944412993989614,
    "achievement_striving": 0.7298579911590763,
    "orderliness": 0.7213061440805559,
    "self_efficacy": 0.7699794032978812,
    "stress_prone": 0.6841477662816328,
    "agreeableness": 0.24031894776146365,
    "cooperative": 0.8694217265095213,
    "trusting": 0.06475314069595169,
    "excitement_seeking": 0.013670910470592452,
    "outgoing": 0.7630174770846633,
    "gregariousness": 0.09911711212555553,
    "altruism": 0.08262770557556338,
    "modesty": 0,
    "uncompromising": 0.7173915661925008,
    "sympathy": 0.7084542837526949,
    "fiery": 0.042903773653084065,
    "prone_to_worry": 0.7060934921648218,
    "immoderation": 0.7910819893282584
}