{
    "id": "1",
    "extraversion": 0.25355694497739056,
    "active": 0.8601223393449655,
    "assertive": 0.6271960514336877,
    "cheerful": 0.20534350570691226,
    "openness": 0.524050290048078,
    "adventurous": 0.09796176331173961,
    "artistic": 0.5975592322566569,
    "emotionally_aware": 0.7165955653868438,
    "imaginative": 0.8549684370509146,
    "intellectual": 0.8078986374135688,
    "conscientiousness": 0.5318827167460444,
    "cautious": 0.19163487799923257,
    "disciplined": 0.7687139320888728,
    "dutiful": 0,
    "neuroticism": 0.6473827957474664,
    "melancholy": 0.7833555289709502,
    "self_conscious": 1,
    "authority_challenging": 0.6394901774898615,
    "achievement_striving": 0.17241872258462557,
    "orderliness": 0.17189957038274306,
    "self_efficacy": 0.17979218864034788,
    "stress_prone": 0.597927905559443,
    "agreeableness": 0.2556410777298753,
    "cooperative": 0.17783596295209503,
    "trusting": 0.06540565349223902,
    "excitement_seeking": 0.17449533139215553,
    "outgoing": 0.5877028643658443,
    "gregariousness": 0.18596182350329926,
    "altruism": 0.1399754719394473,
    "modesty": 0.15258560368372345,
    "uncompromising": 0.5921796116139615,
    "sympathy": 0.5864839852831637,
    "fiery": 0.14716083937129917,
    "prone_to_worry": 0.6302507730853442,
    "immoderation": 0.7435011925452754
}