{
    "id": "1",
    "extraversion": 0.35496018735363005,
    "active": 0.23203747072599537,
    "assertive": 0.13970960187353632,
    "cheerful": 0.7450491803278688,
    "openness": 0.7195222482435598,
    "adventurous": 0.25519437939110073,
    "artistic": 0.08951756440281035,
    "emotionally_aware": 0.7247494145199065,
    "imaginative": 0,
    "intellectual": 0.800384074941452,
    "conscientiousness": 0.24304449648711948,
    "cautious": 0.7145292740046839,
    "disciplined": 0.18449648711943797,
    "dutiful": 0.15117564402810307,
    "neuroticism": 0.6478969555035129,
    "melancholy": 0.7575737704918034,
    "self_conscious": 0.7808899297423888,
    "authority_challenging": 0.09289929742388763,
    "achievement_striving": 0.19251522248243563,
    "orderliness": 0.18062763466042156,
    "self_efficacy": 0.12574238875878224,
    "stress_prone": 0.7243185011709602,
    "agreeableness": 0.3144543325526932,
    "cooperative": 0.8052833723653396,
    "trusting": 0.139728337236534,
    "excitement_seeking": 0.2125714285714286,
    "outgoing": 0.07876346604215462,
    "gregariousness": 0.10735362997658084,
    "altruism": 0.17340515222482436,
    "modesty": 0.16455269320843097,
    "uncompromising": 1,
    "sympathy": 0.018416861826697904,
    "fiery": 0.7666042154566746,
    "prone_to_worry": 0.7927025761124122,
    "immoderation": 0.0658735362997658
}