{
    "id": "1",
    "extraversion": 0.2567958908843894,
    "active": 1,
    "assertive": 0.8565265579006328,
    "cheerful": 0.15013526236131142,
    "openness": 0.6274266782662583,
    "adventurous": 0.15300735302880436,
    "artistic": 0.7565992539714698,
    "emotionally_aware": 0.7795521445340898,
    "imaginative": 0.9228587431921917,
    "intellectual": 0.9081646029721967,
    "conscientiousness": 0.2326512614555899,
    "cautious": 0.6817103836207411,
    "disciplined": 0.9609943869099404,
    "dutiful": 0.018221687263886767,
    "neuroticism": 0.6055344352945383,
    "melancholy": 0.8103347594475099,
    "self_conscious": 0.9313558413080526,
    "authority_challenging": 0.07044368437987875,
    "achievement_striving": 0.7581961840521505,
    "orderliness": 0.12898189748662278,
    "self_efficacy": 0.14460559402223788,
    "stress_prone": 0.8305585680065785,
    "agreeableness": 0.2936563740153258,
    "cooperative": 0.7639403653871364,
    "trusting": 0,
    "excitement_seeking": 0.10641036336118034,
    "outgoing": 0.7571951234045595,
    "gregariousness": 0.19905614281798575,
    "altruism": 0.07698633075520497,
    "modesty": 0.05110176258178311,
    "uncompromising": 0.12035370809548214,
    "sympathy": 0.1250968287828771,
    "fiery": 0.14105421220102254,
    "prone_to_worry": 0.12744455434925103,
    "immoderation": 0.0745313486908749
}