{
    "id": "1",
    "extraversion": 0.8219384883066374,
    "active": 0.9328847039557852,
    "assertive": 0.9521518857786193,
    "cheerful": 0.15728468348600377,
    "openness": 0.691699503607799,
    "adventurous": 0.24814492605291438,
    "artistic": 0.20011770124353923,
    "emotionally_aware": 0.7839414564249526,
    "imaginative": 0.1608668952458932,
    "intellectual": 0.9256563123688655,
    "conscientiousness": 0.29124660969244154,
    "cautious": 0.2869735428074305,
    "disciplined": 0.1548155160943657,
    "dutiful": 0.0940842331508111,
    "neuroticism": 0.7936134281766541,
    "melancholy": 0.9041374545826723,
    "self_conscious": 0.9135791412926667,
    "authority_challenging": 0.9643058185353871,
    "achievement_striving": 0.12595312420039914,
    "orderliness": 0.2329461133002405,
    "self_efficacy": 0.2138708356788291,
    "stress_prone": 0.9783276188526686,
    "agreeableness": 0.3569546082595568,
    "cooperative": 0.11158589632055674,
    "trusting": 0,
    "excitement_seeking": 0.12741159613121125,
    "outgoing": 0.12059260017399308,
    "gregariousness": 0.8594109820377667,
    "altruism": 0.8937874213192775,
    "modesty": 0.07781075687017039,
    "uncompromising": 0.845888132644184,
    "sympathy": 0.8778337853743412,
    "fiery": 0.966621462565887,
    "prone_to_worry": 0.9879356225372294,
    "immoderation": 1
}