{
    "id": "1",
    "extraversion": 0.29568777911857835,
    "active": 0.9728848871149066,
    "assertive": 0.8914157822539889,
    "cheerful": 0.19701517167404103,
    "openness": 0.6662437987974049,
    "adventurous": 0.210660395845581,
    "artistic": 0.8694988500056726,
    "emotionally_aware": 0.8533473601699723,
    "imaginative": 0.8384954154934662,
    "intellectual": 0.7947028063987128,
    "conscientiousness": 0.6518662912425095,
    "cautious": 0.7833885124333466,
    "disciplined": 1,
    "dutiful": 0.17363367265901378,
    "neuroticism": 0.6952257186175314,
    "melancholy": 0.851748713347154,
    "self_conscious": 0.917076642222841,
    "authority_challenging": 0.8476231731592355,
    "achievement_striving": 0.8309044215476964,
    "orderliness": 0.20028466227296632,
    "self_efficacy": 0.7642872613632847,
    "stress_prone": 0.852346916674402,
    "agreeableness": 0.3586950916385614,
    "cooperative": 0.17256103221015504,
    "trusting": 0.10234433821178458,
    "excitement_seeking": 0,
    "outgoing": 0.10106542075352994,
    "gregariousness": 0.1672597130686799,
    "altruism": 0.7894221149581773,
    "modesty": 0.18554616995162804,
    "uncompromising": 0.7802324741895892,
    "sympathy": 0.7885866930701239,
    "fiery": 0.8401456315686334,
    "prone_to_worry": 0.8063265158781727,
    "immoderation": 0.1302020483307033
}