{
    "id": "1",
    "extraversion": 0.31753750361605115,
    "active": 0.929690190514237,
    "assertive": 0.06040527323571143,
    "cheerful": 0.019602441006708667,
    "openness": 0.7064179741848388,
    "adventurous": 0.222762525312358,
    "artistic": 0.9152948631410743,
    "emotionally_aware": 0.9052112462634139,
    "imaginative": 0.9687297673329385,
    "intellectual": 0.9893240395079417,
    "conscientiousness": 0.7527998567354981,
    "cautious": 0.8102985136307909,
    "disciplined": 1,
    "dutiful": 0.909068367473448,
    "neuroticism": 0.7618778670119708,
    "melancholy": 0.20831209620762337,
    "self_conscious": 0.8892868458391305,
    "authority_challenging": 0.9979061342002673,
    "achievement_striving": 0.932927417244087,
    "orderliness": 0.8817792349124571,
    "self_efficacy": 0.9728348463350461,
    "stress_prone": 0.8945490612042485,
    "agreeableness": 0.6981527144490516,
    "cooperative": 0.8723843896794458,
    "trusting": 0.11386772829336164,
    "excitement_seeking": 0.8892041932417726,
    "outgoing": 0.9172234237460912,
    "gregariousness": 0.783188461697409,
    "altruism": 0.9208325871640517,
    "modesty": 0.016916231592577817,
    "uncompromising": 0.20501976774620145,
    "sympathy": 0.16861129861005883,
    "fiery": 0.17632554103012688,
    "prone_to_worry": 0.9648313198242255,
    "immoderation": 0
}