{
    "id": "1",
    "extraversion": 0.35073800385709647,
    "active": 1,
    "assertive": 0.15737717439040688,
    "cheerful": 0.27579194592427103,
    "openness": 0.3667010368333619,
    "adventurous": 0.2585686735025109,
    "artistic": 0.17876305588970992,
    "emotionally_aware": 0.37689751961963674,
    "imaginative": 0.9185617994691718,
    "intellectual": 0.9004219892688701,
    "conscientiousness": 0.29978423173130164,
    "cautious": 0.35872906761375567,
    "disciplined": 0,
    "dutiful": 0.23094842565541993,
    "neuroticism": 0.7735196960149701,
    "melancholy": 0.9175784308109449,
    "self_conscious": 0.8941685283840293,
    "authority_challenging": 0.19728475683107058,
    "achievement_striving": 0.7817780832903706,
    "orderliness": 0.3033262683546237,
    "self_efficacy": 0.23694411029004597,
    "stress_prone": 0.8660995589161941,
    "agreeableness": 0.3564950067785606,
    "cooperative": 0.16542552175822495,
    "trusting": 0.022741593630062392,
    "excitement_seeking": 0.7838402932920892,
    "outgoing": 0.2935212235779343,
    "gregariousness": 0.19880277252678005,
    "altruism": 0.7595424948922113,
    "modesty": 0.18584712913635404,
    "uncompromising": 0.2860075232475988,
    "sympathy": 0.8330278207404862,
    "fiery": 0.8037654427068415,
    "prone_to_worry": 0.8690592121594011,
    "immoderation": 0.8004811823337342
}