{
    "id": "1",
    "extraversion": 0.2969990037722332,
    "active": 0.9126117957845012,
    "assertive": 0.04423699027278731,
    "cheerful": 0.8088138173433179,
    "openness": 0.3623694549850565,
    "adventurous": 0,
    "artistic": 0.04968825906399363,
    "emotionally_aware": 0.6720619676058073,
    "imaginative": 1,
    "intellectual": 0.8754043677311751,
    "conscientiousness": 0.21154728723821037,
    "cautious": 0.28080190738439836,
    "disciplined": 0.9311707355295118,
    "dutiful": 0.8360701612993496,
    "neuroticism": 0.7140266630847241,
    "melancholy": 0.1067306938894299,
    "self_conscious": 0.9357712929693185,
    "authority_challenging": 0.9623448291301476,
    "achievement_striving": 0.21237561144878384,
    "orderliness": 0.7898742962042603,
    "self_efficacy": 0.15543391875706591,
    "stress_prone": 0.9867356190604116,
    "agreeableness": 0.18564536530217043,
    "cooperative": 0.12550231147229032,
    "trusting": 0.9592106294144643,
    "excitement_seeking": 0.7576032327031353,
    "outgoing": 0.7843110917089223,
    "gregariousness": 0.21211815932928127,
    "altruism": 0.19073843984015582,
    "modesty": 0.744260496770655,
    "uncompromising": 0.7287350146076094,
    "sympathy": 0.7814903119648074,
    "fiery": 0.14491196256870056,
    "prone_to_worry": 0.01497699721280097,
    "immoderation": 0.9011831603926704
}