{
    "id": "1",
    "extraversion": 0.7031955590071044,
    "active": 0.288702888754662,
    "assertive": 0.8766263027200123,
    "cheerful": 0.8105099663473984,
    "openness": 0.3598143833712045,
    "adventurous": 0.328405288539899,
    "artistic": 0.202567568863194,
    "emotionally_aware": 0.7568096183162194,
    "imaginative": 0.2686167917853136,
    "intellectual": 0.8459458682083586,
    "conscientiousness": 0.40969885235999653,
    "cautious": 0.8174801775630147,
    "disciplined": 0.14206958706052672,
    "dutiful": 0.11550224830059153,
    "neuroticism": 0.6761488384579247,
    "melancholy": 0.26531864507531083,
    "self_conscious": 0.8683809359450052,
    "authority_challenging": 0.19587539908533952,
    "achievement_striving": 0.7914785093143882,
    "orderliness": 0.7698871535268118,
    "self_efficacy": 0.7839042770443236,
    "stress_prone": 0.20892417138857727,
    "agreeableness": 0.6793702840816482,
    "cooperative": 0.890643426237524,
    "trusting": 0.18375662745323632,
    "excitement_seeking": 0.24158924650770364,
    "outgoing": 0.26133018858879586,
    "gregariousness": 0.8212577060622621,
    "altruism": 0.3112625957565124,
    "modesty": 0.7817949971716475,
    "uncompromising": 1,
    "sympathy": 0.280102779455614,
    "fiery": 0.27304627951793364,
    "prone_to_worry": 0.7829167505584798,
    "immoderation": 0
}