{
    "id": "1",
    "extraversion": 0.4217310931273877,
    "active": 1,
    "assertive": 0.2847882348108286,
    "cheerful": 0.33340179928521546,
    "openness": 0.40932506264634605,
    "adventurous": 0.2572074107546317,
    "artistic": 0.3032000985909707,
    "emotionally_aware": 0.7537526188226595,
    "imaginative": 0.8752166947377069,
    "intellectual": 0.8146654068931521,
    "conscientiousness": 0.41602103274041824,
    "cautious": 0.3325144805488231,
    "disciplined": 0,
    "dutiful": 0.23560777225485768,
    "neuroticism": 0.705229429404757,
    "melancholy": 0.7736351312492298,
    "self_conscious": 0.8184611592654973,
    "authority_challenging": 0.29295485355132894,
    "achievement_striving": 0.8974243108901944,
    "orderliness": 0.7723288008873187,
    "self_efficacy": 0.8153308959454464,
    "stress_prone": 0.8799819249887031,
    "agreeableness": 0.4342192827506881,
    "cooperative": 0.7854742636486876,
    "trusting": 0.19626997494146162,
    "excitement_seeking": 0.2934231606622027,
    "outgoing": 0.7952758493201332,
    "gregariousness": 0.7192375631598407,
    "altruism": 0.8276465513700036,
    "modesty": 0.24572977858111164,
    "uncompromising": 0.7528653000862672,
    "sympathy": 0.3345273795341577,
    "fiery": 0.8095140286735407,
    "prone_to_worry": 0.7751879390379165,
    "immoderation": 0.8399457749661094
}