{
    "id": "1",
    "extraversion": 0.30064645662342254,
    "active": 1,
    "assertive": 0.10759200423616629,
    "cheerful": 0.1804673020916071,
    "openness": 0.6097983408348778,
    "adventurous": 0.1661923042979437,
    "artistic": 0.2148971847145001,
    "emotionally_aware": 0.7142352837348867,
    "imaginative": 0.801231135822081,
    "intellectual": 0.7832494925425822,
    "conscientiousness": 0.3051363516018004,
    "cautious": 0.7026299532256642,
    "disciplined": 0,
    "dutiful": 0.10962183390698087,
    "neuroticism": 0.6612059835848557,
    "melancholy": 0.788268908304651,
    "self_conscious": 0.8929595799135116,
    "authority_challenging": 0.7931890389197777,
    "achievement_striving": 0.2033690759862325,
    "orderliness": 0.1207417703644868,
    "self_efficacy": 0.19180787220898424,
    "stress_prone": 0.8106301297325921,
    "agreeableness": 0.23071661812726152,
    "cooperative": 0.03941620333598098,
    "trusting": 0.13931912452563766,
    "excitement_seeking": 0.036261141999823505,
    "outgoing": 0.7259729944400318,
    "gregariousness": 0.24062306945547615,
    "altruism": 0.11872297237666578,
    "modesty": 0.1852550525108111,
    "uncompromising": 0.13347233253905222,
    "sympathy": 0.7694157620686612,
    "fiery": 0.9289449298384963,
    "prone_to_worry": 0.7984621833906982,
    "immoderation": 0.7828413202718207
}