{
    "id": "1",
    "extraversion": 0.7188474619777963,
    "active": 0.9416158634409292,
    "assertive": 0.023076429442341007,
    "cheerful": 0.1925944939998716,
    "openness": 0.16802926265802473,
    "adventurous": 0.7779374959892191,
    "artistic": 0.7256882500160432,
    "emotionally_aware": 0.7428993133542963,
    "imaginative": 0.9732144003080279,
    "intellectual": 0.8241416928704357,
    "conscientiousness": 0.2312520053904896,
    "cautious": 0.18282744015914773,
    "disciplined": 0.9709555284605018,
    "dutiful": 0.8298402104857857,
    "neuroticism": 0.6112686902393634,
    "melancholy": 0.9158570236796508,
    "self_conscious": 1,
    "authority_challenging": 0,
    "achievement_striving": 0.7824167361868704,
    "orderliness": 0.12939742026567408,
    "self_efficacy": 0.7629211320028236,
    "stress_prone": 0.7599435282038117,
    "agreeableness": 0.633190014759674,
    "cooperative": 0.8026695758198036,
    "trusting": 0.08836552653532692,
    "excitement_seeking": 0.1590579477635885,
    "outgoing": 0.9044728229480845,
    "gregariousness": 0.7694025540653276,
    "altruism": 0.9482898029904382,
    "modesty": 0.17954180838092793,
    "uncompromising": 0.8345248026695758,
    "sympathy": 0.8641981646666239,
    "fiery": 0.06658538150548672,
    "prone_to_worry": 0.8025155618301997,
    "immoderation": 0.9776423025091446
}