{
    "id": "1",
    "extraversion": 0.1899797362779361,
    "active": 0.8193200395485204,
    "assertive": 0.15085215314283482,
    "cheerful": 0.1175100094955606,
    "openness": 0.3598915352461504,
    "adventurous": 0.0895030004013588,
    "artistic": 0.7166113574735935,
    "emotionally_aware": 1,
    "imaginative": 0.8121445283055809,
    "intellectual": 0.7913032412166064,
    "conscientiousness": 0.6742729043689367,
    "cautious": 0.8042739811850851,
    "disciplined": 0.1296290857830901,
    "dutiful": 0.8898025510753477,
    "neuroticism": 0.6529225769189353,
    "melancholy": 0.7748083756717864,
    "self_conscious": 0.7787044922811861,
    "authority_challenging": 0.9724432958405529,
    "achievement_striving": 0.8136227032001018,
    "orderliness": 0.2637807993891516,
    "self_efficacy": 0.829647685334743,
    "stress_prone": 0.8045676583164468,
    "agreeableness": 0.3033880551721438,
    "cooperative": 0.8732391608665433,
    "trusting": 0.15794935048407785,
    "excitement_seeking": 0,
    "outgoing": 0.267304924965493,
    "gregariousness": 0.7558759899366637,
    "altruism": 0.2882147367184517,
    "modesty": 0.0134797803295058,
    "uncompromising": 0.8382230575705071,
    "sympathy": 0.15431754329290384,
    "fiery": 0.8751872191712432,
    "prone_to_worry": 0.8564310397149374,
    "immoderation": 0.8651630397540944
}