{
    "id": "1",
    "extraversion": 0.29866784892435655,
    "active": 1,
    "assertive": 0.12109696624232058,
    "cheerful": 0.0668714505879621,
    "openness": 0.34529313657187494,
    "adventurous": 0.21573036079971286,
    "artistic": 0.20143770979796058,
    "emotionally_aware": 0.8366689889585576,
    "imaginative": 0.8228302404627693,
    "intellectual": 0.7693858593535583,
    "conscientiousness": 0.6491650305064707,
    "cautious": 0.7490235818185657,
    "disciplined": 0,
    "dutiful": 0.8636392425106086,
    "neuroticism": 0.7156353579496274,
    "melancholy": 0.7944455000316676,
    "self_conscious": 0.8294171047353642,
    "authority_challenging": 0.1940169316190597,
    "achievement_striving": 0.8501488377984672,
    "orderliness": 0.18410496759347225,
    "self_efficacy": 0.7733020879515274,
    "stress_prone": 0.9839022948466231,
    "agreeableness": 0.36825215867587135,
    "cooperative": 0.17130069457639283,
    "trusting": 0.17017121624759848,
    "excitement_seeking": 0.13603352545020791,
    "outgoing": 0.7926298900078114,
    "gregariousness": 0.7370848903244874,
    "altruism": 0.7299702324403065,
    "modesty": 0.21442143264297925,
    "uncompromising": 0.7926932252412017,
    "sympathy": 0.21415753583718622,
    "fiery": 0.9331496611565012,
    "prone_to_worry": 0.8365317626195453,
    "immoderation": 0.9206198408174466
}