{
    "id": "1",
    "extraversion": 0.20736998128293066,
    "active": 0.11607828711767951,
    "assertive": 0.025435739865193797,
    "cheerful": 0.23903753151067303,
    "openness": 0.32081922340390995,
    "adventurous": 0.657098962446851,
    "artistic": 0.10733644202577108,
    "emotionally_aware": 0.6638609094548247,
    "imaginative": 0.8135758257689686,
    "intellectual": 0.7795388893096322,
    "conscientiousness": 0.3025565569247746,
    "cautious": 0.6874249423882114,
    "disciplined": 0.05364117322485362,
    "dutiful": 0.10377695312077378,
    "neuroticism": 0.6249770093801728,
    "melancholy": 0.8369667528589512,
    "self_conscious": 0.9023358469744344,
    "authority_challenging": 0.09677698557811938,
    "achievement_striving": 0.7168312975364874,
    "orderliness": 0.08167350074110939,
    "self_efficacy": 0.19644267491804518,
    "stress_prone": 0.7284185699293512,
    "agreeableness": 0.3365069404624089,
    "cooperative": 0.0796070497354726,
    "trusting": 0,
    "excitement_seeking": 0.6768330285949214,
    "outgoing": 0.18005171537071696,
    "gregariousness": 0.7175886356013804,
    "altruism": 0.689675318352465,
    "modesty": 0.7311990825390299,
    "uncompromising": 0.15116467775265338,
    "sympathy": 1,
    "fiery": 0.7293490138376483,
    "prone_to_worry": 0.7592314100552856,
    "immoderation": 0.07830875590994169
}