{
    "id": "1",
    "extraversion": 0.18775748662832278,
    "active": 0.8406378113762503,
    "assertive": 0.865547911399418,
    "cheerful": 0.09770641739778603,
    "openness": 0.5709781721848969,
    "adventurous": 0.04438087371697371,
    "artistic": 0.7642555677548678,
    "emotionally_aware": 0.7559152673831805,
    "imaginative": 0.7975764779354736,
    "intellectual": 0.8077601055632221,
    "conscientiousness": 0.14049578452209477,
    "cautious": 0.14540125104505577,
    "disciplined": 1,
    "dutiful": 0,
    "neuroticism": 0.553280215961401,
    "melancholy": 0.6788279259042881,
    "self_conscious": 0.8080119262266185,
    "authority_challenging": 0.6986109572207057,
    "achievement_striving": 0.6355852815858658,
    "orderliness": 0.003102430573043129,
    "self_efficacy": 0.5721365472365202,
    "stress_prone": 0.6434924504165115,
    "agreeableness": 0.2134834856008945,
    "cooperative": 0.07938394592906715,
    "trusting": 0.008501465596260971,
    "excitement_seeking": 0.04053305398027741,
    "outgoing": 0.6351320043917524,
    "gregariousness": 0.06547337248305247,
    "altruism": 0.04398803348207545,
    "modesty": 0.08054232098069043,
    "uncompromising": 0.5702025645416361,
    "sympathy": 0.5790162877605085,
    "fiery": 0.6071295466220777,
    "prone_to_worry": 0.6207177896189451,
    "immoderation": 0.7853480665209466
}