{
    "id": "1",
    "extraversion": 0.36748206528347355,
    "active": 0.963268374103264,
    "assertive": 0,
    "cheerful": 0.8240131760752539,
    "openness": 0.7859108846319652,
    "adventurous": 0.9819271115434356,
    "artistic": 0.18866548023036023,
    "emotionally_aware": 0.8723180828368355,
    "imaginative": 0.9659544364243313,
    "intellectual": 0.843954149026717,
    "conscientiousness": 0.391612411155449,
    "cautious": 0.8248753689190533,
    "disciplined": 0.1791703051941592,
    "dutiful": 0.16233543723125557,
    "neuroticism": 0.7050858324029756,
    "melancholy": 0.9640089756485789,
    "self_conscious": 0.9598085489736589,
    "authority_challenging": 0.14439519382758356,
    "achievement_striving": 0.8412349254424264,
    "orderliness": 0.24444272497153657,
    "self_efficacy": 0.23116716592790737,
    "stress_prone": 0.9177047984347882,
    "agreeableness": 0.7400488575944819,
    "cooperative": 0.08809842262924601,
    "trusting": 0.144903666530337,
    "excitement_seeking": 0.1466280522179358,
    "outgoing": 0.03490775641946787,
    "gregariousness": 0.8484198658074215,
    "altruism": 0.8348126941315618,
    "modesty": 0.1364696519172737,
    "uncompromising": 0.8779333900759393,
    "sympathy": 0.9218831176008931,
    "fiery": 1,
    "prone_to_worry": 0.9842152387058264,
    "immoderation": 0.9199376568251405
}