{
    "id": "1",
    "extraversion": 0.5328036538370047,
    "active": 0.7973262286502687,
    "assertive": 0.1106998429991912,
    "cheerful": 0.16186307626433227,
    "openness": 0.274066320947714,
    "adventurous": 0.14106284789951948,
    "artistic": 0.18922879299681242,
    "emotionally_aware": 0.6708026071649459,
    "imaginative": 0.7643560588039393,
    "intellectual": 0.6508302012464914,
    "conscientiousness": 0.524458822969694,
    "cautious": 0.5876968457110233,
    "disciplined": 0.005966030734097719,
    "dutiful": 0.7731576192968267,
    "neuroticism": 0.6121128502783195,
    "melancholy": 0.7378847709215471,
    "self_conscious": 0.6482420667015557,
    "authority_challenging": 0.7552880726961321,
    "achievement_striving": 0.8340834483086731,
    "orderliness": 0.10482896427042204,
    "self_efficacy": 0.6439031352585756,
    "stress_prone": 1,
    "agreeableness": 0.19644131500071366,
    "cooperative": 0.6277177791521955,
    "trusting": 0,
    "excitement_seeking": 0.6721823112422094,
    "outgoing": 0.6534754269946239,
    "gregariousness": 0.5931871164184785,
    "altruism": 0.7141443455920834,
    "modesty": 0.14371758884818497,
    "uncompromising": 0.13806555973167134,
    "sympathy": 0.05443646224844192,
    "fiery": 0.7419667919501404,
    "prone_to_worry": 0.8049479042770826,
    "immoderation": 0.08539892478233978
}