{
    "id": "1",
    "extraversion": 0.4427547411395527,
    "active": 0.8868003736238363,
    "assertive": 0.20393984236432516,
    "cheerful": 0.19791568275558072,
    "openness": 0.4570280112926755,
    "adventurous": 0.3779897778197579,
    "artistic": 0.3248218464993755,
    "emotionally_aware": 0.8160427358500467,
    "imaginative": 0.9725239549552386,
    "intellectual": 1,
    "conscientiousness": 0.7167595478731777,
    "cautious": 0.8278706589842889,
    "disciplined": 0,
    "dutiful": 0.20766558567635354,
    "neuroticism": 0.4486424650777158,
    "melancholy": 0.8890777998173861,
    "self_conscious": 0.9830924718994994,
    "authority_challenging": 0.29397688989641385,
    "achievement_striving": 0.3051331297293326,
    "orderliness": 0.8575821500162673,
    "self_efficacy": 0.35557234763808865,
    "stress_prone": 0.8512011586536947,
    "agreeableness": 0.731116778438966,
    "cooperative": 0.3584899719782123,
    "trusting": 0.283817679963897,
    "excitement_seeking": 0.31293095305563423,
    "outgoing": 0.9201641426067609,
    "gregariousness": 0.3292822434222264,
    "altruism": 0.3708006674852807,
    "modesty": 0.2702790634215967,
    "uncompromising": 0.1858358783833422,
    "sympathy": 0.9114217646379733,
    "fiery": 0.2716329250758267,
    "prone_to_worry": 0.9231132521016341,
    "immoderation": 0.9945950484346631
}