{
    "id": "1",
    "extraversion": 0.41330013915463554,
    "active": 0.19527309097234297,
    "assertive": 0.15192859627761343,
    "cheerful": 0.3611062793529309,
    "openness": 0.4305531396764654,
    "adventurous": 0.297682205600974,
    "artistic": 0.33147069055487904,
    "emotionally_aware": 0.8155657505653157,
    "imaginative": 1,
    "intellectual": 0.8824143329274656,
    "conscientiousness": 0.39536223691076705,
    "cautious": 0.8364715602713515,
    "disciplined": 0.17725908853713687,
    "dutiful": 0.17825926248043134,
    "neuroticism": 0.7953013567576969,
    "melancholy": 0.853941989911289,
    "self_conscious": 0.9632327361280223,
    "authority_challenging": 0,
    "achievement_striving": 0.175900156548965,
    "orderliness": 0.8930248738911114,
    "self_efficacy": 0.2803531048878065,
    "stress_prone": 0.8841972516959471,
    "agreeableness": 0.7818207514350322,
    "cooperative": 0.29097451730735774,
    "trusting": 0.22289746042790043,
    "excitement_seeking": 0.2796682031657679,
    "outgoing": 0.8365041746390677,
    "gregariousness": 0.31878370151330665,
    "altruism": 0.28651722038615407,
    "modesty": 0.9195729692120368,
    "uncompromising": 0.3092929205079144,
    "sympathy": 0.8294268568446685,
    "fiery": 0.8464298138806748,
    "prone_to_worry": 0.9066794225082623,
    "immoderation": 0.15258088363193598
}