{
    "id": "1",
    "extraversion": 0.17961438959213877,
    "active": 0.12232643805427511,
    "assertive": 0.16265477115693772,
    "cheerful": 0.7778215460613869,
    "openness": 0.6922995028159568,
    "adventurous": 0.07257609470983403,
    "artistic": 0.11926029234847599,
    "emotionally_aware": 0.8243566949504414,
    "imaginative": 1,
    "intellectual": 0.8650257109093039,
    "conscientiousness": 0.3923921259674862,
    "cautious": 0.7318825921706822,
    "disciplined": 0.9636427514399175,
    "dutiful": 0.17872009709461403,
    "neuroticism": 0.38763321231994385,
    "melancholy": 0.17944404816403883,
    "self_conscious": 0.9965931714380012,
    "authority_challenging": 0.8915350956573582,
    "achievement_striving": 0.1662532338255491,
    "orderliness": 0.879398268905237,
    "self_efficacy": 0.1885786072458985,
    "stress_prone": 0.1902074971521043,
    "agreeableness": 0.4311873862172493,
    "cooperative": 0.9937505988565832,
    "trusting": 0.20320667738398157,
    "excitement_seeking": 0.2649447987309564,
    "outgoing": 0.8289878525269087,
    "gregariousness": 0,
    "altruism": 0.061099340991600096,
    "modesty": 0.2711622608566045,
    "uncompromising": 0.8082594299949963,
    "sympathy": 0.8432113617732544,
    "fiery": 0.11698197574763922,
    "prone_to_worry": 0.8180434157714871,
    "immoderation": 0.19364626473187202
}