{
    "id": "1",
    "extraversion": 0.7205135425466453,
    "active": 0.809184109800486,
    "assertive": 0.8240876902057716,
    "cheerful": 0.7498826695034573,
    "openness": 0.7715444865096002,
    "adventurous": 0.8484507159767634,
    "artistic": 0.750831742853269,
    "emotionally_aware": 0.7458465004223898,
    "imaginative": 0.8373225702157838,
    "intellectual": 0.8069105055119259,
    "conscientiousness": 0.6718396378920142,
    "cautious": 0.7768217515096524,
    "disciplined": 0.8717603746232386,
    "dutiful": 0.056756672194236746,
    "neuroticism": 0.6891315457380348,
    "melancholy": 0.24739526297675293,
    "self_conscious": 0.8776634022715184,
    "authority_challenging": 0,
    "achievement_striving": 0.8398151914312234,
    "orderliness": 0.2126967241325365,
    "self_efficacy": 0.8577328619254716,
    "stress_prone": 0.2979360261985962,
    "agreeableness": 0.40664142757318816,
    "cooperative": 0.7917149025374675,
    "trusting": 0.13891930790651108,
    "excitement_seeking": 0.3215585661691854,
    "outgoing": 0.8025718844842151,
    "gregariousness": 0.8043970255415454,
    "altruism": 1,
    "modesty": 0.8051687994743594,
    "uncompromising": 0.825777249355986,
    "sympathy": 0.17586016290687612,
    "fiery": 0.8022277150276901,
    "prone_to_worry": 0.8194570466088879,
    "immoderation": 0.02538510476309672
}