{
    "id": "1",
    "extraversion": 0.14824567177934303,
    "active": 0.9705527395607048,
    "assertive": 0.9508700326947973,
    "cheerful": 0.24003247536918793,
    "openness": 0.3577118030412744,
    "adventurous": 0.09585719614684134,
    "artistic": 0.8738397735501283,
    "emotionally_aware": 0.8790841068176333,
    "imaginative": 0.9077523972527592,
    "intellectual": 0.9177144361793166,
    "conscientiousness": 0.346301538191473,
    "cautious": 0.8355495578522372,
    "disciplined": 0.10297764026945778,
    "dutiful": 0.10935202861343343,
    "neuroticism": 0.8312707085335616,
    "melancholy": 0.9429596471595022,
    "self_conscious": 1,
    "authority_challenging": 0.925866192701819,
    "achievement_striving": 0.8431198297237399,
    "orderliness": 0.17066025936409718,
    "self_efficacy": 0.8161850218331029,
    "stress_prone": 0.834847387707634,
    "agreeableness": 0.33917012266034713,
    "cooperative": 0.18361749281372744,
    "trusting": 0.05971737651679726,
    "excitement_seeking": 0,
    "outgoing": 0.2525947381124789,
    "gregariousness": 0.283435367432471,
    "altruism": 0.06346959822702039,
    "modesty": 0.0592565773594014,
    "uncompromising": 0.8370745836350472,
    "sympathy": 0.28567353476839363,
    "fiery": 0.8509424439909596,
    "prone_to_worry": 0.9232220832510477,
    "immoderation": 0.9537335703157571
}