{
    "id": "1",
    "extraversion": 0.6947573982274297,
    "active": 0.8564543588202893,
    "assertive": 0.8651920284412398,
    "cheerful": 0.8196509939412148,
    "openness": 0.3629512793550648,
    "adventurous": 0.7753993290270893,
    "artistic": 0.770967903460017,
    "emotionally_aware": 0.7934129487757248,
    "imaginative": 0.9143633268238945,
    "intellectual": 0.9290471183215662,
    "conscientiousness": 0.30162485604125977,
    "cautious": 0.2587627059235892,
    "disciplined": 0.061589304491512654,
    "dutiful": 0,
    "neuroticism": 0.7535551549747134,
    "melancholy": 0.14394622202193177,
    "self_conscious": 0.8209528816784337,
    "authority_challenging": 0.1407791297381203,
    "achievement_striving": 0.8531370487206448,
    "orderliness": 0.16606579540333483,
    "self_efficacy": 0.8798507836362727,
    "stress_prone": 0.8924190075609634,
    "agreeableness": 0.3465149466726754,
    "cooperative": 0.7987957538430724,
    "trusting": 0.0968404186069801,
    "excitement_seeking": 0.88353112012418,
    "outgoing": 0.8744554604176056,
    "gregariousness": 0.8464273196134394,
    "altruism": 0.8399554353813029,
    "modesty": 0.8190376045265635,
    "uncompromising": 0.12940013018877367,
    "sympathy": 0.7979695558559912,
    "fiery": 1,
    "prone_to_worry": 0.8583320815182014,
    "immoderation": 0.11159931901256816
}