{
    "id": "1",
    "extraversion": 0.21726096399547265,
    "active": 0.7424620937891936,
    "assertive": 0.053287924055021335,
    "cheerful": 0.1391848762631155,
    "openness": 0.5791824290565,
    "adventurous": 0.10473024645409955,
    "artistic": 0.04162290585392213,
    "emotionally_aware": 0.67837587054277,
    "imaginative": 0.8966667006556475,
    "intellectual": 0.6812717317045814,
    "conscientiousness": 0.20530024166165328,
    "cautious": 0.5763579447543107,
    "disciplined": 0.8118505980361167,
    "dutiful": 0,
    "neuroticism": 0.5807221298854912,
    "melancholy": 0.8187843501136931,
    "self_conscious": 1,
    "authority_challenging": 0.6989833895850965,
    "achievement_striving": 0.12229915061537049,
    "orderliness": 0.17183469119311517,
    "self_efficacy": 0.11236757043366537,
    "stress_prone": 0.6756839432655932,
    "agreeableness": 0.2582414781127958,
    "cooperative": 0.07579202822444964,
    "trusting": 0.030233198397079677,
    "excitement_seeking": 0.04119464469618949,
    "outgoing": 0.12502166797524242,
    "gregariousness": 0.05847804141897193,
    "altruism": 0.09677682495335012,
    "modesty": 0.015315434736058548,
    "uncompromising": 0.6496823729746817,
    "sympathy": 0.1097266266276473,
    "fiery": 0.05713207778038357,
    "prone_to_worry": 0.6320115018710935,
    "immoderation": 0.027408714094890395
}