{
    "id": "1",
    "extraversion": 0.2511995719993981,
    "active": 0.9062745556985939,
    "assertive": 0.1471670038285991,
    "cheerful": 0.24505542273418818,
    "openness": 0.31465567685954554,
    "adventurous": 0.17138414725895706,
    "artistic": 0.2364703325364051,
    "emotionally_aware": 0.7135906909869091,
    "imaginative": 0.7877133733469311,
    "intellectual": 0.7021550499055389,
    "conscientiousness": 0.5655375921622389,
    "cautious": 0.6511711500844297,
    "disciplined": 0,
    "dutiful": 0.824068346346112,
    "neuroticism": 0.6962951197900121,
    "melancholy": 0.7266480530988245,
    "self_conscious": 0.7084162305853242,
    "authority_challenging": 0.7164496012572517,
    "achievement_striving": 0.8196044338187349,
    "orderliness": 0.697047464597997,
    "self_efficacy": 0.6680153143965357,
    "stress_prone": 1,
    "agreeableness": 0.27275843044154274,
    "cooperative": 0.7097955293999632,
    "trusting": 0.1363081604333506,
    "excitement_seeking": 0.023030110511092872,
    "outgoing": 0.662046712253189,
    "gregariousness": 0.27748148395833677,
    "altruism": 0.20631802450972192,
    "modesty": 0.016518148228645946,
    "uncompromising": 0.6573570962834167,
    "sympathy": 0.21513717753665587,
    "fiery": 0.8308812465517528,
    "prone_to_worry": 0.7837593834116329,
    "immoderation": 0.7842275090699345
}