{
    "id": "1",
    "extraversion": 0.1959791899729557,
    "active": 0.9722931216126685,
    "assertive": 0.14958021526865137,
    "cheerful": 0.1769612581594639,
    "openness": 0.3222621672404992,
    "adventurous": 0.0858793756991887,
    "artistic": 0.7270910492989107,
    "emotionally_aware": 0.9984468507999262,
    "imaginative": 0.9913110534261602,
    "intellectual": 0.7710897025121918,
    "conscientiousness": 0.6473265197510617,
    "cautious": 0.7829501145854829,
    "disciplined": 0.95716349339097,
    "dutiful": 0.8791693367075409,
    "neuroticism": 0.7336729263285942,
    "melancholy": 0.8788978071271084,
    "self_conscious": 0.7952884187203354,
    "authority_challenging": 0.8015010155206309,
    "achievement_striving": 0.8009688175429831,
    "orderliness": 0.7448816674088476,
    "self_efficacy": 0.8074963886565804,
    "stress_prone": 1,
    "agreeableness": 0.2989432068729568,
    "cooperative": 0.20041055272561395,
    "trusting": 0.01963701925687789,
    "excitement_seeking": 0,
    "outgoing": 0.8027717739570549,
    "gregariousness": 0.2057216713188735,
    "altruism": 0.764464380749639,
    "modesty": 0.06518882167023277,
    "uncompromising": 0.7568181077646599,
    "sympathy": 0.1711396639549913,
    "fiery": 0.8431427919757578,
    "prone_to_worry": 0.8002845630002934,
    "immoderation": 0.8487797460655363
}