{
    "id": "1",
    "extraversion": 0.6403620588077767,
    "active": 0.8247335439987146,
    "assertive": 0.07472551014942959,
    "cheerful": 0.8786567403995502,
    "openness": 0.5840287076214451,
    "adventurous": 0.699405495152911,
    "artistic": 0.6902790423651651,
    "emotionally_aware": 0.6850731080284933,
    "imaginative": 0.9749451020298859,
    "intellectual": 0.7935300733758234,
    "conscientiousness": 0.23271383428846873,
    "cautious": 0.22787210111938297,
    "disciplined": 0.11067430774998657,
    "dutiful": 0.029896631139199818,
    "neuroticism": 0.646564190455787,
    "melancholy": 0,
    "self_conscious": 0.15055433560066409,
    "authority_challenging": 0.8455679931444486,
    "achievement_striving": 0.7564886722725082,
    "orderliness": 0.15457126024315782,
    "self_efficacy": 0.7857854426650956,
    "stress_prone": 0.8070697873707889,
    "agreeableness": 0.610765358041883,
    "cooperative": 0.7134593755021156,
    "trusting": 1,
    "excitement_seeking": 0.9555246103583097,
    "outgoing": 0.7902308392694553,
    "gregariousness": 0.7803652723474908,
    "altruism": 0.8878795993787157,
    "modesty": 0.13748594076375123,
    "uncompromising": 0.7485405173798939,
    "sympathy": 0.8352846660596647,
    "fiery": 0.6818595683144983,
    "prone_to_worry": 0.7642761501794226,
    "immoderation": 0.844518236837877
}