{
    "id": "1",
    "extraversion": 0.3773868765189214,
    "active": 1,
    "assertive": 0.806948982044457,
    "cheerful": 0.27488805604764405,
    "openness": 0.3497725512538612,
    "adventurous": 0.19870385372063418,
    "artistic": 0.1694159329849643,
    "emotionally_aware": 0.792536476369366,
    "imaginative": 0.24611645731886442,
    "intellectual": 0.858234000694364,
    "conscientiousness": 0.39667773494876835,
    "cautious": 0.2587574443841079,
    "disciplined": 0.7903376567882989,
    "dutiful": 0,
    "neuroticism": 0.7450971664604346,
    "melancholy": 0.9658960412345436,
    "self_conscious": 0.9802729384953663,
    "authority_challenging": 0.8410796471206144,
    "achievement_striving": 0.25627375748889464,
    "orderliness": 0.20473057783554252,
    "self_efficacy": 0.2692263181789857,
    "stress_prone": 0.3068020973356004,
    "agreeableness": 0.36549366615331197,
    "cooperative": 0.15024080190148933,
    "trusting": 0.15731797423731225,
    "excitement_seeking": 0.1583506182510927,
    "outgoing": 0.07800023145469276,
    "gregariousness": 0.3405499719583737,
    "altruism": 0.2141579055130727,
    "modesty": 0.1511933269831661,
    "uncompromising": 0.7490497004442148,
    "sympathy": 0.10697657856551501,
    "fiery": 0.8524476333757666,
    "prone_to_worry": 0.7882812708643051,
    "immoderation": 0.9315962361906116
}