{
    "id": "1",
    "extraversion": 0.34228856888221776,
    "active": 0.1689103616492331,
    "assertive": 0.11048829682442896,
    "cheerful": 0.7887447816501713,
    "openness": 0.6872039026220742,
    "adventurous": 0.2520756133026878,
    "artistic": 0.7412167550072705,
    "emotionally_aware": 0.734638116234345,
    "imaginative": 1,
    "intellectual": 0.9037712838313241,
    "conscientiousness": 0.3204066794877809,
    "cautious": 0.7234274590740655,
    "disciplined": 0,
    "dutiful": 0.1401683943899808,
    "neuroticism": 0.7104695342183031,
    "melancholy": 0.8334584173741734,
    "self_conscious": 0.9732163797551481,
    "authority_challenging": 0.9278929593320513,
    "achievement_striving": 0.060345231952718244,
    "orderliness": 0.058726957174351536,
    "self_efficacy": 0.7895070125240395,
    "stress_prone": 0.8999601294619822,
    "agreeableness": 0.2767601669871946,
    "cooperative": 0.1289342839720437,
    "trusting": 0.12623715934143256,
    "excitement_seeking": 0.8021131385149398,
    "outgoing": 0.898693653548478,
    "gregariousness": 0.22007364322904457,
    "altruism": 0.1908508841878137,
    "modesty": 0.19127304282564853,
    "uncompromising": 0.20104132463999255,
    "sympathy": 0.8601834044748816,
    "fiery": 0.8604882968244288,
    "prone_to_worry": 0.8909188986350205,
    "immoderation": 0.9318682865049956
}