{
    "id": "1",
    "extraversion": 0.2257765753908773,
    "active": 0.8323767045662268,
    "assertive": 0.0384723186975225,
    "cheerful": 0.7610012308217259,
    "openness": 0.26287183611791515,
    "adventurous": 0.7305597192264104,
    "artistic": 0.13840041921056803,
    "emotionally_aware": 0.6879196675562705,
    "imaginative": 1,
    "intellectual": 0.7374206363713913,
    "conscientiousness": 0.19715083050000612,
    "cautious": 0.12181479179614668,
    "disciplined": 0,
    "dutiful": 0.7719080174021131,
    "neuroticism": 0.66670322572783,
    "melancholy": 0.041884497739431405,
    "self_conscious": 0.8743830658428692,
    "authority_challenging": 0.7424536004582071,
    "achievement_striving": 0.8312068146090009,
    "orderliness": 0.7116708709587005,
    "self_efficacy": 0.7946599397994127,
    "stress_prone": 0.8904446800472832,
    "agreeableness": 0.268051036449384,
    "cooperative": 0.7982671005008593,
    "trusting": 0.9148295738432104,
    "excitement_seeking": 0.7931366455842748,
    "outgoing": 0.7836678487429777,
    "gregariousness": 0.05414396958286108,
    "altruism": 0.7315711865852619,
    "modesty": 0.06429520223253997,
    "uncompromising": 0.8280627353489562,
    "sympathy": 0.8538978052376949,
    "fiery": 0.0384723186975225,
    "prone_to_worry": 0.8295494705029309,
    "immoderation": 0.8550067634263153
}