{
    "id": "1",
    "extraversion": 0.25734981565820864,
    "active": 0.8042940793754066,
    "assertive": 0,
    "cheerful": 0.11204510952071134,
    "openness": 0.3205898937323791,
    "adventurous": 0.21682064628063327,
    "artistic": 0.2546692691390154,
    "emotionally_aware": 0.7812882238126221,
    "imaginative": 0.7751290392539579,
    "intellectual": 0.758672739102147,
    "conscientiousness": 0.5945434829754934,
    "cautious": 0.6465929299501193,
    "disciplined": 0.0830101930166992,
    "dutiful": 0.12669702884406855,
    "neuroticism": 0.6386987638256344,
    "melancholy": 0.843079592279332,
    "self_conscious": 1,
    "authority_challenging": 0.7229668184775536,
    "achievement_striving": 0.7064064194317936,
    "orderliness": 0.2313597918022121,
    "self_efficacy": 0.2038516590761223,
    "stress_prone": 0.6969854695293863,
    "agreeableness": 0.26523530687486446,
    "cooperative": 0.7938061158100196,
    "trusting": 0.037059206245933625,
    "excitement_seeking": 0.024697462589459984,
    "outgoing": 0.16283669486011712,
    "gregariousness": 0.2503231403166341,
    "altruism": 0.23509000216872694,
    "modesty": 0.14673606592929947,
    "uncompromising": 0.8122402949468662,
    "sympathy": 0.19689438299718068,
    "fiery": 0.24333116460637605,
    "prone_to_worry": 0.8314638906961613,
    "immoderation": 0.7086618954673607
}