{
    "id": "1",
    "extraversion": 0.20804828046898394,
    "active": 0.03688987169741783,
    "assertive": 0.00180821412940826,
    "cheerful": 0,
    "openness": 0.5749314721396817,
    "adventurous": 0.6848179116854398,
    "artistic": 0.6012599912468616,
    "emotionally_aware": 0.8301430447101098,
    "imaginative": 0.017011033561375632,
    "intellectual": 0.7442125630571488,
    "conscientiousness": 0.5588763734365282,
    "cautious": 0.019176283601686127,
    "disciplined": 0.7554879874691912,
    "dutiful": 0.7143712712781886,
    "neuroticism": 0.019107179876995364,
    "melancholy": 0.7831179600580471,
    "self_conscious": 0.6579711146430793,
    "authority_challenging": 0.6908184184460875,
    "achievement_striving": 0.07773017298965747,
    "orderliness": 0.003915877732476463,
    "self_efficacy": 0.6894593785271692,
    "stress_prone": 0.6236841499090134,
    "agreeableness": 0.2123902978370534,
    "cooperative": 0.08575772234123419,
    "trusting": 0.8473383548706608,
    "excitement_seeking": 0.5868979337986318,
    "outgoing": 0.7293898141109805,
    "gregariousness": 0.09109022642987123,
    "altruism": 0.6658374219703774,
    "modesty": 0.050134752263146995,
    "uncompromising": 0.6940893280814503,
    "sympathy": 0.8520374081496325,
    "fiery": 0.031661023195816936,
    "prone_to_worry": 0.695909059498307,
    "immoderation": 1
}