{
    "id": "1",
    "extraversion": 0.6459517118299862,
    "active": 1,
    "assertive": 0.11169459886356643,
    "cheerful": 0.6998707665798273,
    "openness": 0.3373402531333976,
    "adventurous": 0.6827114402346715,
    "artistic": 0.2210506882192455,
    "emotionally_aware": 0.6465978789308499,
    "imaginative": 0.7842109581735011,
    "intellectual": 0.7520461958194015,
    "conscientiousness": 0.365863915157234,
    "cautious": 0.2597181480645757,
    "disciplined": 0,
    "dutiful": 0.7924367679337012,
    "neuroticism": 0.6447516872140967,
    "melancholy": 0.09939691070586064,
    "self_conscious": 0.8140577242610105,
    "authority_challenging": 0.805452419536811,
    "achievement_striving": 0.7448152782621182,
    "orderliness": 0.8071139920818888,
    "self_efficacy": 0.7356356027815956,
    "stress_prone": 0.807165275185132,
    "agreeableness": 0.36230486779215987,
    "cooperative": 0.7773082524769739,
    "trusting": 0.7961804344704506,
    "excitement_seeking": 0.7793185501241051,
    "outgoing": 0.8467763441301361,
    "gregariousness": 0.7436152536462286,
    "altruism": 0.6969168598330222,
    "modesty": 0.7001374387166917,
    "uncompromising": 0.11161254589837738,
    "sympathy": 0.745564011569468,
    "fiery": 0.8212168454737533,
    "prone_to_worry": 0.7525487702311842,
    "immoderation": 0.794570145028616
}