{
    "id": "1",
    "extraversion": 0.8364303629093649,
    "active": 0.37531350913884154,
    "assertive": 0,
    "cheerful": 0.3920286545349648,
    "openness": 0.7687604669984055,
    "adventurous": 0.25279453833024834,
    "artistic": 0.2845981874564293,
    "emotionally_aware": 0.8376964189844307,
    "imaginative": 0.3485340192472576,
    "intellectual": 0.42003413543594803,
    "conscientiousness": 0.7605150764842104,
    "cautious": 0.8910871254917987,
    "disciplined": 0.3566191494987861,
    "dutiful": 0.310640480139747,
    "neuroticism": 0.8374640416035642,
    "melancholy": 0.9539251744833609,
    "self_conscious": 0.908900053687188,
    "authority_challenging": 0.3725970976866432,
    "achievement_striving": 0.26571151550117394,
    "orderliness": 0.882240758992604,
    "self_efficacy": 0.3875654062197008,
    "stress_prone": 0.31270783752814574,
    "agreeableness": 0.7337596256320265,
    "cooperative": 0.8409657283428288,
    "trusting": 0.34109794305952873,
    "excitement_seeking": 0.24991786661538343,
    "outgoing": 1,
    "gregariousness": 0.9136838225277851,
    "altruism": 0.874948917041275,
    "modesty": 0.8328164939862337,
    "uncompromising": 0.9037156341899244,
    "sympathy": 0.8656458087934806,
    "fiery": 0.24056668028878903,
    "prone_to_worry": 0.8491950928307572,
    "immoderation": 0.16328116861783537
}