{
    "id": "1",
    "extraversion": 0.382124039251704,
    "active": 0.2954391646928023,
    "assertive": 0.1147822303862329,
    "cheerful": 0.9222216851162566,
    "openness": 0.4462464349591531,
    "adventurous": 0.8554406148789095,
    "artistic": 0.20308647943152708,
    "emotionally_aware": 0.8520931019480833,
    "imaginative": 0.9754676850195775,
    "intellectual": 0.9867066273505101,
    "conscientiousness": 0.3610842558128293,
    "cautious": 0.9158408662445015,
    "disciplined": 0,
    "dutiful": 0.21411997873060376,
    "neuroticism": 0.4727002465316382,
    "melancholy": 0.3003818823415672,
    "self_conscious": 0.9599627785565814,
    "authority_challenging": 0.11484265480736695,
    "achievement_striving": 0.26427224827186163,
    "orderliness": 0.2997655532459999,
    "self_efficacy": 0.9342703146903854,
    "stress_prone": 0.3388359839512738,
    "agreeableness": 0.763232948228356,
    "cooperative": 0.27582539759269104,
    "trusting": 0.9811113259534974,
    "excitement_seeking": 0.8438753806738533,
    "outgoing": 0.941702518489873,
    "gregariousness": 0.9586817808285397,
    "altruism": 0.9943080195291729,
    "modesty": 0.32430995311064925,
    "uncompromising": 1,
    "sympathy": 0.9977280417653599,
    "fiery": 0.32185672161260703,
    "prone_to_worry": 0.9735582733117418,
    "immoderation": 0.9951539614250496
}