{
    "id": "1",
    "extraversion": 0.20538059323871713,
    "active": 1,
    "assertive": 0.7908363653887858,
    "cheerful": 0.6975374087371389,
    "openness": 0.2668851352979446,
    "adventurous": 0.12671983807619094,
    "artistic": 0.6768150165056264,
    "emotionally_aware": 0.6615503240885761,
    "imaginative": 0.7678248716898388,
    "intellectual": 0.9168092335124454,
    "conscientiousness": 0.5990337582226934,
    "cautious": 0.6422134406399846,
    "disciplined": 0.8834124478928218,
    "dutiful": 0.8416062263559915,
    "neuroticism": 0.6059492542348377,
    "melancholy": 0.7503192694151948,
    "self_conscious": 0.7068865810462398,
    "authority_challenging": 0.9351099973494614,
    "achievement_striving": 0.7346690441194189,
    "orderliness": 0.7667044167610418,
    "self_efficacy": 0.789860485289511,
    "stress_prone": 0.75928290884557,
    "agreeableness": 0.23580154695067587,
    "cooperative": 0.743307390183369,
    "trusting": 0.8824245198910868,
    "excitement_seeking": 0.7105129996867545,
    "outgoing": 0.7340546010939496,
    "gregariousness": 0.13169562179224595,
    "altruism": 0.718295944676032,
    "modesty": 0.7127539095443483,
    "uncompromising": 0.06698633767861013,
    "sympathy": 0.7611864774342786,
    "fiery": 0.7714271945254331,
    "prone_to_worry": 0.7438495457940772,
    "immoderation": 0
}