{
    "id": "1",
    "extraversion": 0.3541506333589866,
    "active": 0.861721821245086,
    "assertive": 0.22055244711608463,
    "cheerful": 0.7422988123219002,
    "openness": 0.6424277721155647,
    "adventurous": 0.24028121555005513,
    "artistic": 0.15506375189799695,
    "emotionally_aware": 0.852777835555463,
    "imaginative": 0.8424090521455165,
    "intellectual": 0.24559560704702874,
    "conscientiousness": 0.35599143041371134,
    "cautious": 0.2723027643155771,
    "disciplined": 0,
    "dutiful": 0.1430309711504462,
    "neuroticism": 0.6795141127774196,
    "melancholy": 0.8590802254716392,
    "self_conscious": 0.9936248102003037,
    "authority_challenging": 0.18479730432431307,
    "achievement_striving": 0.8909561744701208,
    "orderliness": 0.1562805499511201,
    "self_efficacy": 0.20880046591925452,
    "stress_prone": 0.7619963808057907,
    "agreeableness": 0.36944900888158577,
    "cooperative": 0.052967115252615625,
    "trusting": 0.006655989350417057,
    "excitement_seeking": 0.7370676206918069,
    "outgoing": 0.1118622210204464,
    "gregariousness": 0.2645547767123573,
    "altruism": 0.28383634586184664,
    "modesty": 0.07942467292052331,
    "uncompromising": 0.24900680158911748,
    "sympathy": 0.2849595440647295,
    "fiery": 0.8750753998793602,
    "prone_to_worry": 0.8410154543752729,
    "immoderation": 1
}