{
    "id": "1",
    "extraversion": 0.22801284034653466,
    "active": 1,
    "assertive": 0.7258566676980197,
    "cheerful": 0.10657100866336632,
    "openness": 0.18839921101485146,
    "adventurous": 0.003403465346534622,
    "artistic": 0.12879989170792078,
    "emotionally_aware": 0.6959313118811881,
    "imaginative": 0.9369875464108911,
    "intellectual": 0.7722772277227722,
    "conscientiousness": 0.20982557240099006,
    "cautious": 0.17308361695544555,
    "disciplined": 0.9817450495049505,
    "dutiful": 0.6982808632425742,
    "neuroticism": 0.6033415841584158,
    "melancholy": 0.728003171410891,
    "self_conscious": 0.9025661355198019,
    "authority_challenging": 0.7260597153465347,
    "achievement_striving": 0.6958056157178217,
    "orderliness": 0.1506033415841584,
    "self_efficacy": 0.1513865253712871,
    "stress_prone": 0.7714070235148515,
    "agreeableness": 0.21726098391089108,
    "cooperative": 0.6454788056930694,
    "trusting": 0.01707534034653466,
    "excitement_seeking": 0.1614808941831683,
    "outgoing": 0.6108253403465346,
    "gregariousness": 0.08995977722772278,
    "altruism": 0.07469252784653464,
    "modesty": 0,
    "uncompromising": 0.04350054146039601,
    "sympathy": 0.11970142326732669,
    "fiery": 0.015305925123762385,
    "prone_to_worry": 0.7499709931930693,
    "immoderation": 0.7815207301980198
}