{
    "id": "1",
    "extraversion": 0.25559824954637633,
    "active": 0.754883125200128,
    "assertive": 0,
    "cheerful": 0.1861778204717686,
    "openness": 0.3020813320525136,
    "adventurous": 0.23830718326395559,
    "artistic": 0.19051126054007894,
    "emotionally_aware": 0.6398868609243249,
    "imaginative": 0.750357562173124,
    "intellectual": 0.2072686519372398,
    "conscientiousness": 0.6054328103319457,
    "cautious": 0.6627388195111538,
    "disciplined": 0.08174831892411141,
    "dutiful": 0.010203863806169295,
    "neuroticism": 0.5694097555769024,
    "melancholy": 0.736716832105881,
    "self_conscious": 0.720162237165119,
    "authority_challenging": 1,
    "achievement_striving": 0.17085067776710425,
    "orderliness": 0.7100010673497705,
    "self_efficacy": 0.15828797096808622,
    "stress_prone": 0.650624399615754,
    "agreeableness": 0.5633792293734656,
    "cooperative": 0.7523535062439961,
    "trusting": 0.8020172910662823,
    "excitement_seeking": 0.7010353292774042,
    "outgoing": 0.12269185612125093,
    "gregariousness": 0.7034582132564842,
    "altruism": 0.2354253388835521,
    "modesty": 0.19055395453089977,
    "uncompromising": 0.7129576262141103,
    "sympathy": 0.06253602305475502,
    "fiery": 0.7535169174938626,
    "prone_to_worry": 0.813747465044295,
    "immoderation": 0.7983456078556943
}