{
    "id": "1",
    "extraversion": 0.7203756710230108,
    "active": 0.8078556803944138,
    "assertive": 0,
    "cheerful": 0.7433254219677908,
    "openness": 0.6758716932699066,
    "adventurous": 0.33015860080879283,
    "artistic": 0.2404783490032698,
    "emotionally_aware": 0.7656334355359525,
    "imaginative": 0.8090067331493007,
    "intellectual": 0.7578103513257478,
    "conscientiousness": 0.30159619439549357,
    "cautious": 0.14783388169622397,
    "disciplined": 0.22491367104338347,
    "dutiful": 0.150859215043139,
    "neuroticism": 0.7883692740218597,
    "melancholy": 0.8307748724164976,
    "self_conscious": 0.7841317700746655,
    "authority_challenging": 0.8526856199896099,
    "achievement_striving": 0.20183149810025366,
    "orderliness": 0.2268185105581078,
    "self_efficacy": 0.7456173411699993,
    "stress_prone": 0.7909667824510292,
    "agreeableness": 0.36353913070051236,
    "cooperative": 0.7586354422385428,
    "trusting": 0.8105346792841063,
    "excitement_seeking": 0.883193611147895,
    "outgoing": 0.9468682197390268,
    "gregariousness": 0.8396369599983702,
    "altruism": 0.8134174043251061,
    "modesty": 0.2697028654083181,
    "uncompromising": 0.2346314084607471,
    "sympathy": 0.8046266208961913,
    "fiery": 0.8512900958531542,
    "prone_to_worry": 0.9648572388994713,
    "immoderation": 1
}