{
    "id": "1",
    "extraversion": 0.45231509320505114,
    "active": 1,
    "assertive": 0.3081103427540589,
    "cheerful": 0.41013229104028864,
    "openness": 0.5228878532772099,
    "adventurous": 0.4169573060733614,
    "artistic": 0.39220535177390253,
    "emotionally_aware": 0.9142739025856885,
    "imaginative": 0.8873496692723993,
    "intellectual": 0.8853126879134096,
    "conscientiousness": 0.5363048707155743,
    "cautious": 0.8194678292242934,
    "disciplined": 0,
    "dutiful": 0.926473241130487,
    "neuroticism": 0.8059305472038485,
    "melancholy": 0.8618009621166566,
    "self_conscious": 0.8947158749248345,
    "authority_challenging": 0.42297053517739025,
    "achievement_striving": 0.9132215874924834,
    "orderliness": 0.8178066746843053,
    "self_efficacy": 0.4034726398075767,
    "stress_prone": 0.9839747444377631,
    "agreeableness": 0.5344031870114251,
    "cooperative": 0.36184606133493685,
    "trusting": 0.3147023451593506,
    "excitement_seeking": 0.230840348767288,
    "outgoing": 0.388319302465424,
    "gregariousness": 0.4563965724594107,
    "altruism": 0.39539987973541796,
    "modesty": 0.2772173782321107,
    "uncompromising": 0.8207230907997595,
    "sympathy": 0.446031268791341,
    "fiery": 0.9983087793144918,
    "prone_to_worry": 0.8863123872519543,
    "immoderation": 0.9438364401683703
}