{
    "id": "1",
    "extraversion": 0.3474378401044496,
    "active": 0.8096653991670716,
    "assertive": 0.10578380078337195,
    "cheerful": 0.30021633263763803,
    "openness": 0.7417255148621473,
    "adventurous": 0.12924683839856668,
    "artistic": 0.12016467964662493,
    "emotionally_aware": 0.9189848567153652,
    "imaginative": 0.18410193365163774,
    "intellectual": 0.9668353489435914,
    "conscientiousness": 0.3402712258531797,
    "cautious": 0.28727449466792465,
    "disciplined": 0.16363133868923388,
    "dutiful": 0.22156464724437963,
    "neuroticism": 0.7961422267966567,
    "melancholy": 0.9047183387178239,
    "self_conscious": 0.9187561349839417,
    "authority_challenging": 0.8059010206707263,
    "achievement_striving": 0.28025083149879443,
    "orderliness": 0.2087943505732338,
    "self_efficacy": 0.21480782609524354,
    "stress_prone": 0.9112369080633939,
    "agreeableness": 0.23638390942619436,
    "cooperative": 0,
    "trusting": 0.08956361799658823,
    "excitement_seeking": 0.2706731089954351,
    "outgoing": 0.2195538020222813,
    "gregariousness": 0.23409669211195927,
    "altruism": 0.7654458644251936,
    "modesty": 0.18828563532225936,
    "uncompromising": 0.7762434361628117,
    "sympathy": 0.8850292096711172,
    "fiery": 0.9126950091012187,
    "prone_to_worry": 1,
    "immoderation": 0.9161258350725714
}