{
    "id": "1",
    "extraversion": 0.2579400324645494,
    "active": 0.8488560840403052,
    "assertive": 0.9693577532081715,
    "cheerful": 0.8787173440323421,
    "openness": 0.657789960491256,
    "adventurous": 0.7854889589905363,
    "artistic": 0.9361734709503539,
    "emotionally_aware": 0.884413953630823,
    "imaginative": 0.943110471348504,
    "intellectual": 0.9974426510673488,
    "conscientiousness": 0.654451624758813,
    "cautious": 0.1645278858227926,
    "disciplined": 0.0040121282655967835,
    "dutiful": 0,
    "neuroticism": 0.6497197635600748,
    "melancholy": 0.8393311077761785,
    "self_conscious": 0.9428501424152401,
    "authority_challenging": 0.026094147193041563,
    "achievement_striving": 0.8612906189703227,
    "orderliness": 0.05581758598511529,
    "self_efficacy": 1,
    "stress_prone": 0.788735413923004,
    "agreeableness": 0.29584086245444247,
    "cooperative": 0.9186701785550213,
    "trusting": 0.9920829377354448,
    "excitement_seeking": 0.8049370616520168,
    "outgoing": 0.9864475820036142,
    "gregariousness": 0.8945208416281278,
    "altruism": 0.9431257848151665,
    "modesty": 0.028728063459005852,
    "uncompromising": 0.999157759333558,
    "sympathy": 0.9448562065480385,
    "fiery": 0.9595724480107807,
    "prone_to_worry": 0.8432972956417875,
    "immoderation": 0.9049646258920094
}