{
    "id": "1",
    "extraversion": 0.59679298438857,
    "active": 0.7561799656845093,
    "assertive": 0.07093986316168531,
    "cheerful": 0.06859920777817795,
    "openness": 0.30336376538371923,
    "adventurous": 0.03946281429388466,
    "artistic": 0.17136562943506534,
    "emotionally_aware": 0.8671863415874093,
    "imaginative": 0.7929420237666547,
    "intellectual": 0.879461543349785,
    "conscientiousness": 0.6568133194941642,
    "cautious": 0.7213137325509966,
    "disciplined": 0.8675464424156412,
    "dutiful": 1,
    "neuroticism": 0.6030312016776462,
    "melancholy": 0.698457921159101,
    "self_conscious": 0.8519244211908746,
    "authority_challenging": 0.012073968946599187,
    "achievement_striving": 0.7452710288292487,
    "orderliness": 0.7453875320383826,
    "self_efficacy": 0.7871804105149441,
    "stress_prone": 0.798152894575187,
    "agreeableness": 0.23571776568027286,
    "cooperative": 0.8710944946938084,
    "trusting": 0.11336821368806797,
    "excitement_seeking": 0,
    "outgoing": 0.008621237475905057,
    "gregariousness": 0.0947700650299731,
    "altruism": 0.20090448855091192,
    "modesty": 0.729701963608634,
    "uncompromising": 0.1472282827426974,
    "sympathy": 0.10560486347942132,
    "fiery": 0.09135969836260036,
    "prone_to_worry": 0.683397233578343,
    "immoderation": 0.7984812218009278
}