{
    "id": "1",
    "extraversion": 0.2999012104218016,
    "active": 0.16046820272818896,
    "assertive": 0.0996477502918783,
    "cheerful": 0.15986947801183482,
    "openness": 0.5699659724786206,
    "adventurous": 0.20692924071727223,
    "artistic": 0.15701555686387994,
    "emotionally_aware": 0.7812559248800057,
    "imaginative": 0.1184177701495814,
    "intellectual": 0.7151168012134154,
    "conscientiousness": 0.2732280243082235,
    "cautious": 0.053336393481883584,
    "disciplined": 0.1080997475377446,
    "dutiful": 0,
    "neuroticism": 0.5855926875754643,
    "melancholy": 0.8117609491782504,
    "self_conscious": 0.6831249438695578,
    "authority_challenging": 0.908504884595811,
    "achievement_striving": 0.17317114546016987,
    "orderliness": 0.09644457305938353,
    "self_efficacy": 0.11023519902607448,
    "stress_prone": 0.7470887010667279,
    "agreeableness": 0.2473032440900881,
    "cooperative": 0.049165277957949546,
    "trusting": 0.7005777693512818,
    "excitement_seeking": 0.7107161745482123,
    "outgoing": 0.10605410475686786,
    "gregariousness": 0.2301398022212687,
    "altruism": 0.16635566243900496,
    "modesty": 0.06749623302365965,
    "uncompromising": 0.12062307285481923,
    "sympathy": 0.7576761498009241,
    "fiery": 0.8106533084529951,
    "prone_to_worry": 0.7931905042259987,
    "immoderation": 1
}