{
    "id": "1",
    "extraversion": 0.27616727812193026,
    "active": 1,
    "assertive": 0.06351115655259515,
    "cheerful": 0.10266434113189392,
    "openness": 0.35042400914175736,
    "adventurous": 0.2119544515947956,
    "artistic": 0.20865660271446043,
    "emotionally_aware": 0.896884585313045,
    "imaginative": 0.13938172851386302,
    "intellectual": 0.7659028487800966,
    "conscientiousness": 0.34641446643010365,
    "cautious": 0.2969768047954131,
    "disciplined": 0,
    "dutiful": 0.04444578095868165,
    "neuroticism": 0.7117239028888755,
    "melancholy": 0.8342455043002346,
    "self_conscious": 0.9262845572462461,
    "authority_challenging": 0.8243920530863456,
    "achievement_striving": 0.23241314328100882,
    "orderliness": 0.1668170245183537,
    "self_efficacy": 0.12528818588240012,
    "stress_prone": 0.7721878069806138,
    "agreeableness": 0.26396824442172373,
    "cooperative": 0.002896894609169828,
    "trusting": 0.10812734307652215,
    "excitement_seeking": 0.06466390008219564,
    "outgoing": 0.05035985645837093,
    "gregariousness": 0.19660792686594092,
    "altruism": 0.14245905254505722,
    "modesty": 0.05063050059140755,
    "uncompromising": 0.14837312804474648,
    "sympathy": 0.13714640845211604,
    "fiery": 0.9520859645957379,
    "prone_to_worry": 0.8295643631843789,
    "immoderation": 0.8257853691786452
}