{
    "id": "1",
    "extraversion": 0.5553696586027582,
    "active": 1,
    "assertive": 0.7709134071896903,
    "cheerful": 0.6372145602532218,
    "openness": 0.5719873389102419,
    "adventurous": 0.6837553696586027,
    "artistic": 0.6657698394754691,
    "emotionally_aware": 0.6274926520461225,
    "imaginative": 0.823671716029844,
    "intellectual": 0.712875876102193,
    "conscientiousness": 0.5354397467782048,
    "cautious": 0.19732082297083425,
    "disciplined": 0.8323083879719646,
    "dutiful": 0.024406511417589868,
    "neuroticism": 0.5453990504182681,
    "melancholy": 0.04045896450373048,
    "self_conscious": 0.7064209812344562,
    "authority_challenging": 0.8344449468686411,
    "achievement_striving": 0.7713768935111914,
    "orderliness": 0.03008139271987335,
    "self_efficacy": 0.776396111236717,
    "stress_prone": 0.7085801492199864,
    "agreeableness": 0.2051435677142211,
    "cooperative": 0.7015035044087722,
    "trusting": 0.8134637124123897,
    "excitement_seeking": 0.6587044992086818,
    "outgoing": 0.7145941668550757,
    "gregariousness": 0.6582410128871806,
    "altruism": 0.7575514356771421,
    "modesty": 0.05341397241691161,
    "uncompromising": 0.7058331449242594,
    "sympathy": 0.7021591679855301,
    "fiery": 0.71972643002487,
    "prone_to_worry": 0.681392719873389,
    "immoderation": 0
}