{
    "id": "1",
    "extraversion": 0.2457933457220681,
    "active": 0.08012371763867322,
    "assertive": 0.015935646462846564,
    "cheerful": 0.07559249548150598,
    "openness": 0.2873253061120587,
    "adventurous": 0.24033296845963903,
    "artistic": 0.08153654252475626,
    "emotionally_aware": 0.7076598019499529,
    "imaginative": 0,
    "intellectual": 0.8289972761754449,
    "conscientiousness": 0.32054578316320037,
    "cautious": 0.789820023928926,
    "disciplined": 0.07095944810732381,
    "dutiful": 0.07773082503882088,
    "neuroticism": 0.6812616144388158,
    "melancholy": 0.9657103581702009,
    "self_conscious": 0.8476185627370618,
    "authority_challenging": 0.8798080594659268,
    "achievement_striving": 0.2317032813176183,
    "orderliness": 0.10149428505969507,
    "self_efficacy": 0.1472265356515541,
    "stress_prone": 0.7926584018532189,
    "agreeableness": 0.35525545401318637,
    "cooperative": 0.027696459028078303,
    "trusting": 0.129127103327139,
    "excitement_seeking": 0.17091362675966704,
    "outgoing": 0.19331517450296568,
    "gregariousness": 0.03151490466614058,
    "altruism": 0.14482091489957485,
    "modesty": 0.043288445383499276,
    "uncompromising": 0.8352340707176131,
    "sympathy": 0.19905557111218597,
    "fiery": 0.10466359493928674,
    "prone_to_worry": 1,
    "immoderation": 0.8916961535524273
}