{
    "id": "1",
    "extraversion": 0.22252374491180463,
    "active": 0.18590993894165533,
    "assertive": 0.24884455563093624,
    "cheerful": 0.3277963873812755,
    "openness": 0.3358420963364993,
    "adventurous": 0.08065849728629579,
    "artistic": 0.8136554443690638,
    "emotionally_aware": 0.7531483208955223,
    "imaginative": 0.8992961329715061,
    "intellectual": 0.8301602781546811,
    "conscientiousness": 0.7746247455902306,
    "cautious": 0.8930842944369064,
    "disciplined": 0.8827170963364993,
    "dutiful": 0.1958637211668928,
    "neuroticism": 0.7369190976933515,
    "melancholy": 0.9052111601085481,
    "self_conscious": 0.8941231343283582,
    "authority_challenging": 0.22108208955223876,
    "achievement_striving": 0.31980368046132973,
    "orderliness": 0.88482657734057,
    "self_efficacy": 0.9625699626865672,
    "stress_prone": 0.7951895352781547,
    "agreeableness": 0.423083446404342,
    "cooperative": 0.8511384837177747,
    "trusting": 0.2463216587516961,
    "excitement_seeking": 0,
    "outgoing": 0.3169945725915875,
    "gregariousness": 0.30329884667571233,
    "altruism": 0.35217732360922666,
    "modesty": 0.21190213704206246,
    "uncompromising": 1,
    "sympathy": 0.8277221845318861,
    "fiery": 0.30452849389416553,
    "prone_to_worry": 0.8953633819538671,
    "immoderation": 0.17974050203527814
}