{
    "id": "1",
    "extraversion": 0.26349802623201324,
    "active": 0,
    "assertive": 0.9416783394880937,
    "cheerful": 0.11167706608939258,
    "openness": 0.691996689163377,
    "adventurous": 0.19385372893586314,
    "artistic": 0.20016766416231588,
    "emotionally_aware": 0.9558767350057302,
    "imaginative": 0.8141686828812768,
    "intellectual": 0.8562438982978903,
    "conscientiousness": 0.6633452183878772,
    "cautious": 0.7815166178530497,
    "disciplined": 1,
    "dutiful": 0.8711851097245213,
    "neuroticism": 0.8081518740184218,
    "melancholy": 0.7993654229806019,
    "self_conscious": 0.8500148563181799,
    "authority_challenging": 0.9041130778046607,
    "achievement_striving": 0.8454412326499426,
    "orderliness": 0.8302241181713994,
    "self_efficacy": 0.7592958105182732,
    "stress_prone": 0.8518400611231376,
    "agreeableness": 0.3853728935863152,
    "cooperative": 0.26854917441317544,
    "trusting": 0.1738719809839127,
    "excitement_seeking": 0.0632560804787979,
    "outgoing": 0.1726410289061505,
    "gregariousness": 0.15524852497983788,
    "altruism": 0.1726091939386222,
    "modesty": 0.19749352688993588,
    "uncompromising": 0.2031070928307653,
    "sympathy": 0.1033575279086549,
    "fiery": 0.19893671208455369,
    "prone_to_worry": 0.9509423150388386,
    "immoderation": 0.8592788318689247
}