{
    "id": "1",
    "extraversion": 0.1696460969060693,
    "active": 0.9490069909770436,
    "assertive": 0.07502600449938318,
    "cheerful": 0.16411862889765116,
    "openness": 0.6688478192505866,
    "adventurous": 0.2151963037325528,
    "artistic": 0.2022787198529234,
    "emotionally_aware": 0.7220421393841167,
    "imaginative": 0.8551247006458792,
    "intellectual": 0.8153075787996806,
    "conscientiousness": 0.26826967270616126,
    "cautious": 0.21799027552674233,
    "disciplined": 0.09226154478821452,
    "dutiful": 0.09416047799898404,
    "neuroticism": 0.6726577807881178,
    "melancholy": 0.8078327971165242,
    "self_conscious": 0.8843827862309199,
    "authority_challenging": 0.913072401364329,
    "achievement_striving": 0.8486175282420958,
    "orderliness": 0.1912842594160478,
    "self_efficacy": 0.1830232951934009,
    "stress_prone": 0.7874283364377463,
    "agreeableness": 0.36157139746970174,
    "cooperative": 0.15938943854471563,
    "trusting": 0.03165291855148894,
    "excitement_seeking": 0.7471878855318222,
    "outgoing": 1,
    "gregariousness": 0,
    "altruism": 0.8271245071240233,
    "modesty": 0.15384987542030532,
    "uncompromising": 0.21610343743196497,
    "sympathy": 0.7816952514574614,
    "fiery": 0.1904738866445729,
    "prone_to_worry": 0.9071457945281696,
    "immoderation": 0.9602554488497543
}