{
    "id": "1",
    "extraversion": 0.25824964131994266,
    "active": 1,
    "assertive": 0,
    "cheerful": 0.1015408502191388,
    "openness": 0.2795935614472986,
    "adventurous": 0.13775279573907748,
    "artistic": 0.7257522454354277,
    "emotionally_aware": 0.7393231265108784,
    "imaginative": 0.9062321888327667,
    "intellectual": 0.7237770484070675,
    "conscientiousness": 0.6263831292623966,
    "cautious": 0.7604017216642756,
    "disciplined": 0.07580432774513084,
    "dutiful": 0.7739627758888388,
    "neuroticism": 0.7258799944969636,
    "melancholy": 0.8819303865883139,
    "self_conscious": 0.946935005208231,
    "authority_challenging": 0.12628486075352294,
    "achievement_striving": 0.7479707552917593,
    "orderliness": 0.14965311216367608,
    "self_efficacy": 0.7651382637919854,
    "stress_prone": 0.8033647137438337,
    "agreeableness": 0.3204634342878481,
    "cooperative": 0.15838918260254323,
    "trusting": 0.08182818733908533,
    "excitement_seeking": 0.07466441304219655,
    "outgoing": 0.7341738566458992,
    "gregariousness": 0.24237927713684876,
    "altruism": 0.7464574202551051,
    "modesty": 0.1101000373420334,
    "uncompromising": 0.788712879070773,
    "sympathy": 0.8082093512313044,
    "fiery": 0.22534934454904584,
    "prone_to_worry": 0.7980385605628821,
    "immoderation": 0.8250329199504728
}