{
    "id": "1",
    "extraversion": 0.3764393387805733,
    "active": 0.9523771000188765,
    "assertive": 0,
    "cheerful": 0.2366313405064315,
    "openness": 0.37476741363967314,
    "adventurous": 0.7993554998247175,
    "artistic": 0.2611708869293207,
    "emotionally_aware": 0.7964431140954076,
    "imaginative": 0.9838065960143461,
    "intellectual": 0.9429657794676806,
    "conscientiousness": 0.3745381980961626,
    "cautious": 0.27313054499366285,
    "disciplined": 0.050697084917617194,
    "dutiful": 0.1593182860070652,
    "neuroticism": 0.7280829490602162,
    "melancholy": 0.20025348542458807,
    "self_conscious": 0.9686648868753878,
    "authority_challenging": 0.9752447213008657,
    "achievement_striving": 0.25116630261845047,
    "orderliness": 0.9103093061510665,
    "self_efficacy": 0.17463527762047296,
    "stress_prone": 0.2890003505649489,
    "agreeableness": 0.676010570881536,
    "cooperative": 0.2194132082086131,
    "trusting": 0.960601893050724,
    "excitement_seeking": 0.8505379823638864,
    "outgoing": 1,
    "gregariousness": 0.2908340749130329,
    "altruism": 0.24791683520750746,
    "modesty": 0.2280020494566243,
    "uncompromising": 0.024323814146644016,
    "sympathy": 0.940983739179678,
    "fiery": 0.08491761723700884,
    "prone_to_worry": 0.9048890327104063,
    "immoderation": 0.9675188091578352
}