{
    "id": "1",
    "extraversion": 0.31384893198599895,
    "active": 1,
    "assertive": 0.9094136126949572,
    "cheerful": 0.12657852098304284,
    "openness": 0.7396940050215828,
    "adventurous": 0.21815438275346005,
    "artistic": 0.25239019925542044,
    "emotionally_aware": 0.8390372413451905,
    "imaginative": 0.9224375703454503,
    "intellectual": 0.9212130956945491,
    "conscientiousness": 0.6653721042411349,
    "cautious": 0.7689082386117672,
    "disciplined": 0,
    "dutiful": 0.17793224573598346,
    "neuroticism": 0.6606844689614229,
    "melancholy": 0.8822278017587908,
    "self_conscious": 0.8682762117970093,
    "authority_challenging": 0.9064575577296508,
    "achievement_striving": 0.9066430841919086,
    "orderliness": 0.8336569739397163,
    "self_efficacy": 0.8384188198043313,
    "stress_prone": 0.7886606226268073,
    "agreeableness": 0.3618631804183003,
    "cooperative": 0.9114544037797924,
    "trusting": 0.13725247677827115,
    "excitement_seeking": 0.08944849166986184,
    "outgoing": 0.8785914830985393,
    "gregariousness": 0.802698791604309,
    "altruism": 0.7926185204883055,
    "modesty": 0.14057958466809312,
    "uncompromising": 0.920322568675712,
    "sympathy": 0.8260503889871491,
    "fiery": 0.19960173652768676,
    "prone_to_worry": 0.8789377991614203,
    "immoderation": 0.08926296520760411
}