{
    "id": "1",
    "extraversion": 0.33622222448005035,
    "active": 0.8308931855359012,
    "assertive": 0.7955355963545107,
    "cheerful": 0.8210987269235849,
    "openness": 0.3121628074738628,
    "adventurous": 0.8653058736270994,
    "artistic": 0.7129024719831746,
    "emotionally_aware": 0.8136309602430325,
    "imaginative": 0.902614226349532,
    "intellectual": 0.8958881562236468,
    "conscientiousness": 0.6514635806671205,
    "cautious": 0.745689523790171,
    "disciplined": 0.8428416122247848,
    "dutiful": 0.8270526198144742,
    "neuroticism": 0.6852056937910854,
    "melancholy": 0.8623695680887598,
    "self_conscious": 1,
    "authority_challenging": 0.15562419353199966,
    "achievement_striving": 0.7842171037257551,
    "orderliness": 0.771669223657072,
    "self_efficacy": 0.8133159932129685,
    "stress_prone": 0.19241437468884304,
    "agreeableness": 0.34751023642847706,
    "cooperative": 0.89104172805137,
    "trusting": 0.9056318137020819,
    "excitement_seeking": 0.21422838157747678,
    "outgoing": 0.8974223504668624,
    "gregariousness": 0.7444702965770196,
    "altruism": 0.7938286782560986,
    "modesty": 0.7253589100108714,
    "uncompromising": 0.8438677951291872,
    "sympathy": 0.984271968950347,
    "fiery": 0,
    "prone_to_worry": 0.209808682929803,
    "immoderation": 0.10903955376284001
}