{
    "id": "1",
    "extraversion": 0.3156035174651918,
    "active": 0.8691244722057437,
    "assertive": 0.1622378476462993,
    "cheerful": 0.7009543915971665,
    "openness": 0.30691454094985515,
    "adventurous": 0.15699480057228601,
    "artistic": 0.16432285305509994,
    "emotionally_aware": 0.6700718847053075,
    "imaginative": 1,
    "intellectual": 0.683367065638413,
    "conscientiousness": 0.26852078026311194,
    "cautious": 0.24305579788533346,
    "disciplined": 0.8497051331262868,
    "dutiful": 0.154203161531214,
    "neuroticism": 0.6760302892835957,
    "melancholy": 0.7500872387200335,
    "self_conscious": 0.8631835153714624,
    "authority_challenging": 0.6953274941550057,
    "achievement_striving": 0.6700893324493143,
    "orderliness": 0.1958596503472101,
    "self_efficacy": 0.6705953170255086,
    "stress_prone": 0.926684579683847,
    "agreeableness": 0.20214956206162543,
    "cooperative": 0.10317723418362004,
    "trusting": 0,
    "excitement_seeking": 0.6942021146665736,
    "outgoing": 0.6598998499494015,
    "gregariousness": 0.2220923334612835,
    "altruism": 0.17503576787521372,
    "modesty": 0.16973165369717697,
    "uncompromising": 0.690869595561294,
    "sympathy": 0.682843633318212,
    "fiery": 0.1796419722929825,
    "prone_to_worry": 0.7756656314338556,
    "immoderation": 0.14670063160833302
}