{
    "id": "1",
    "extraversion": 0.38661023854462,
    "active": 0.8179943627308328,
    "assertive": 0.2544836244813795,
    "cheerful": 0.7751245104804981,
    "openness": 0.6674510064770394,
    "adventurous": 0.1996906985058742,
    "artistic": 0.3592719774509233,
    "emotionally_aware": 0.7513615085930938,
    "imaginative": 0.9207872221898877,
    "intellectual": 0.7419826890937964,
    "conscientiousness": 0.38419901721944605,
    "cautious": 0.30884419352961223,
    "disciplined": 0.2036151690765022,
    "dutiful": 0.24691737825410945,
    "neuroticism": 0.8589601815899094,
    "melancholy": 0.9779248530402173,
    "self_conscious": 0.9609631582010624,
    "authority_challenging": 0.868671583340955,
    "achievement_striving": 0.8072103832178995,
    "orderliness": 0.23743878407928756,
    "self_efficacy": 0.2538184599778832,
    "stress_prone": 1,
    "agreeableness": 0.29051059690199627,
    "cooperative": 0.16831987760973133,
    "trusting": 0,
    "excitement_seeking": 0.7841125458339915,
    "outgoing": 0.7717488006252546,
    "gregariousness": 0.27546956456668686,
    "altruism": 0.340639056796734,
    "modesty": 0.19073592137755566,
    "uncompromising": 0.2944932693666802,
    "sympathy": 0.7783755019913361,
    "fiery": 0.7957362955325888,
    "prone_to_worry": 0.9855493011615434,
    "immoderation": 0.8325697799136947
}