{
    "id": "1",
    "extraversion": 0.36481428725797416,
    "active": 1,
    "assertive": 0.7828717938642592,
    "cheerful": 0.19587021228523435,
    "openness": 0.6613063253337524,
    "adventurous": 0.20845408017918013,
    "artistic": 0.16196940970755525,
    "emotionally_aware": 0.7482735247600616,
    "imaginative": 0.824798373233003,
    "intellectual": 0.7977347073096457,
    "conscientiousness": 0.33982337396976336,
    "cautious": 0.6694696307356798,
    "disciplined": 0,
    "dutiful": 0.8213012171282061,
    "neuroticism": 0.6497342750768687,
    "melancholy": 0.766211185005452,
    "self_conscious": 0.7325363222884761,
    "authority_challenging": 0.8922365099167952,
    "achievement_striving": 0.8426869161173709,
    "orderliness": 0.7452577187932847,
    "self_efficacy": 0.7193433991178522,
    "stress_prone": 0.8558405453991768,
    "agreeableness": 0.3403931353576235,
    "cooperative": 0.2170299714136959,
    "trusting": 0.07158364195408508,
    "excitement_seeking": 0.2101633643427606,
    "outgoing": 0.21616550585970118,
    "gregariousness": 0.22472175014980797,
    "altruism": 0.8349754904368497,
    "modesty": 0.20744226254211814,
    "uncompromising": 0.2350462194367221,
    "sympathy": 0.1589830741573917,
    "fiery": 0.8057408371563012,
    "prone_to_worry": 0.7684902305568926,
    "immoderation": 0.16176311679126107
}