{
    "id": "1",
    "extraversion": 0.23185631668974502,
    "active": 0.07116966685672398,
    "assertive": 0.04628573755803535,
    "cheerful": 0.6703795715565691,
    "openness": 0.2909912845157612,
    "adventurous": 0.1667752708316364,
    "artistic": 0.07486560234584995,
    "emotionally_aware": 0.6444978414922212,
    "imaginative": 1,
    "intellectual": 0.7013826667752708,
    "conscientiousness": 0.546550460210149,
    "cautious": 0.6971674676223834,
    "disciplined": 0.005762808503706115,
    "dutiful": 0.8465117699763786,
    "neuroticism": 0.6010018734218457,
    "melancholy": 0.7976500773804676,
    "self_conscious": 0.6777714425348212,
    "authority_challenging": 0.09806956096766313,
    "achievement_striving": 0.15215443512258697,
    "orderliness": 0.16018774945019137,
    "self_efficacy": 0.6657367435041134,
    "stress_prone": 0.8220249246558605,
    "agreeableness": 0.28199071434389505,
    "cooperative": 0.08550541663272786,
    "trusting": 0,
    "excitement_seeking": 0.033405962368656845,
    "outgoing": 0.8341818033721592,
    "gregariousness": 0.0967663109880264,
    "altruism": 0.16424004235562434,
    "modesty": 0.05601938584344711,
    "uncompromising": 0.6837277022073796,
    "sympathy": 0.6887981591594037,
    "fiery": 0.12955119328826256,
    "prone_to_worry": 0.15218498004398467,
    "immoderation": 0.027123890201189212
}