{
    "id": "1",
    "extraversion": 0.20002986077414056,
    "active": 0.06698766998867778,
    "assertive": 0.03740061961106338,
    "cheerful": 0.1478979259203961,
    "openness": 0.27439563037338405,
    "adventurous": 0.0731713386336207,
    "artistic": 0.14550906398915056,
    "emotionally_aware": 0.733529916763092,
    "imaginative": 1,
    "intellectual": 0.7971582496609558,
    "conscientiousness": 0.6450922573501051,
    "cautious": 0.7866198847871797,
    "disciplined": 0.8908091025593171,
    "dutiful": 0.9790974581016011,
    "neuroticism": 0.6725268435917533,
    "melancholy": 0.14282159431649932,
    "self_conscious": 0.786321277045774,
    "authority_challenging": 0.06128923892351905,
    "achievement_striving": 0.11960484242220644,
    "orderliness": 0.02945018849613672,
    "self_efficacy": 0.8009032884177522,
    "stress_prone": 0.7929030893459246,
    "agreeableness": 0.28495887922561053,
    "cooperative": 0.8324934990606297,
    "trusting": 0.02312965796971619,
    "excitement_seeking": 0,
    "outgoing": 0.886081146653727,
    "gregariousness": 0.09367573687681181,
    "altruism": 0.15561195924004326,
    "modesty": 0.09908800218979008,
    "uncompromising": 0.7440309556691923,
    "sympathy": 0.8284249685839771,
    "fiery": 0.7970960397148295,
    "prone_to_worry": 0.8487800629564654,
    "immoderation": 0.8922896992771204
}