{
    "id": "1",
    "extraversion": 0.6503323421374847,
    "active": 0.8645006122092006,
    "assertive": 0.2633549064194507,
    "cheerful": 0.8008046178065419,
    "openness": 0.43017316774532094,
    "adventurous": 0.2195557110372573,
    "artistic": 0.2197393737974462,
    "emotionally_aware": 0.347638621654714,
    "imaginative": 1,
    "intellectual": 0.7370386566380969,
    "conscientiousness": 0.39466503410879833,
    "cautious": 0.6826132587021165,
    "disciplined": 0,
    "dutiful": 0.8097778555186286,
    "neuroticism": 0.7002623753716984,
    "melancholy": 0.2552300157425223,
    "self_conscious": 0.7826832254679027,
    "authority_challenging": 0.8069529473500087,
    "achievement_striving": 0.865007871261151,
    "orderliness": 0.2688910267622879,
    "self_efficacy": 0.7424610809865314,
    "stress_prone": 0.9976910967290538,
    "agreeableness": 0.3209637921987056,
    "cooperative": 0.20474899422774182,
    "trusting": 0.9232464579324821,
    "excitement_seeking": 0.8932394612559034,
    "outgoing": 0.8149641420325345,
    "gregariousness": 0.7259226867238062,
    "altruism": 0.7410704915165297,
    "modesty": 0.25469651915340213,
    "uncompromising": 0.718987231065244,
    "sympathy": 0.7500699667657862,
    "fiery": 0.8127776806017142,
    "prone_to_worry": 0.834371173692496,
    "immoderation": 0.9605912191708937
}