{
    "id": "1",
    "extraversion": 0.6414870476567134,
    "active": 0.9781367411508799,
    "assertive": 0,
    "cheerful": 0.9041798497132686,
    "openness": 0.2846302155428119,
    "adventurous": 0.19134368202491592,
    "artistic": 0.7648556456397072,
    "emotionally_aware": 0.9041304132885108,
    "imaginative": 0.9639732054577813,
    "intellectual": 0.8596129127941466,
    "conscientiousness": 0.3114741941862765,
    "cautious": 0.7999802254300968,
    "disciplined": 0.01124678663239074,
    "dutiful": 0.8375395491398061,
    "neuroticism": 0.8026745105793948,
    "melancholy": 0.8253287522246391,
    "self_conscious": 0.8845906664030058,
    "authority_challenging": 0.0713244018192604,
    "achievement_striving": 0.8383552501483093,
    "orderliness": 0.11810361874629223,
    "self_efficacy": 0.8915488431876607,
    "stress_prone": 0.901102432272098,
    "agreeableness": 0.29967124777536086,
    "cooperative": 0.10280304528376503,
    "trusting": 0.0019156614593632535,
    "excitement_seeking": 0.9112616175598179,
    "outgoing": 0.8088169863555468,
    "gregariousness": 0.7930096895392524,
    "altruism": 0.9398729483883724,
    "modesty": 0.11470486454419616,
    "uncompromising": 0.9122009096302156,
    "sympathy": 0.8686968558433853,
    "fiery": 0.8576354558038362,
    "prone_to_worry": 0.9045135455803835,
    "immoderation": 1
}