{
    "id": "1",
    "extraversion": 0.742629586731465,
    "active": 0.9739930982602362,
    "assertive": 0.16971354197762312,
    "cheerful": 0.1864186179803456,
    "openness": 0.37889118416182077,
    "adventurous": 0.23960261263090024,
    "artistic": 0.12316859111371155,
    "emotionally_aware": 0.78387285514705,
    "imaginative": 0.8955186454440159,
    "intellectual": 0.8683773747119299,
    "conscientiousness": 0.34145700741519097,
    "cautious": 0.747752158286267,
    "disciplined": 0.0979258958529858,
    "dutiful": 0.8687833594039189,
    "neuroticism": 0.7016251328405794,
    "melancholy": 0.8062378353851481,
    "self_conscious": 0.8555410940093376,
    "authority_challenging": 0.8996023738163754,
    "achievement_striving": 0.1332823862347308,
    "orderliness": 0.22204974506549488,
    "self_efficacy": 0.8360657695201021,
    "stress_prone": 0.9276750211947891,
    "agreeableness": 0.33928379524042657,
    "cooperative": 0.14736050246576,
    "trusting": 0,
    "excitement_seeking": 0.20171468828734165,
    "outgoing": 0.8309193165128302,
    "gregariousness": 0.7832877595615365,
    "altruism": 0.7889596045231471,
    "modesty": 0.22007952523672492,
    "uncompromising": 0.16706270075345986,
    "sympathy": 0.2063238086140399,
    "fiery": 1,
    "prone_to_worry": 0.9133103275341207,
    "immoderation": 0.13946768242444507
}