{
    "id": "1",
    "extraversion": 0.6837120985944087,
    "active": 0.8704634749274515,
    "assertive": 0.8528965690196688,
    "cheerful": 0.764560469087739,
    "openness": 0.6126562929171095,
    "adventurous": 0.862139794833825,
    "artistic": 0.7304656245148501,
    "emotionally_aware": 0.16413294003845375,
    "imaginative": 0.8954942259694042,
    "intellectual": 0.7415957103789245,
    "conscientiousness": 0.24529180648936552,
    "cautious": 0.16477781625804602,
    "disciplined": 0.797377503373658,
    "dutiful": 0,
    "neuroticism": 0.604702819542138,
    "melancholy": 0.022510956924656936,
    "self_conscious": 0.10793317171620673,
    "authority_challenging": 0.8364163989634213,
    "achievement_striving": 0.7767414643467047,
    "orderliness": 0.715824545899662,
    "self_efficacy": 0.7902719228059282,
    "stress_prone": 0.7274442600045381,
    "agreeableness": 0.6025412899912823,
    "cooperative": 0.8333711501486799,
    "trusting": 1,
    "excitement_seeking": 0.8494214027251992,
    "outgoing": 0.9010831532058708,
    "gregariousness": 0.8297646201798489,
    "altruism": 0.8246653211841839,
    "modesty": 0.08959002591447035,
    "uncompromising": 0.7111312800792959,
    "sympathy": 0.738956494739482,
    "fiery": 0.10968866809176349,
    "prone_to_worry": 0.752212283697768,
    "immoderation": 0.8479166915461505
}