{
    "id": "1",
    "extraversion": 0.25166082156366215,
    "active": 0.8436655682817515,
    "assertive": 0,
    "cheerful": 0.19224208262256173,
    "openness": 0.6194573060255771,
    "adventurous": 0.1435776268528623,
    "artistic": 0.17644441148112436,
    "emotionally_aware": 0.6868225596253482,
    "imaginative": 0.9091236583634417,
    "intellectual": 0.7149320308112862,
    "conscientiousness": 0.26272236996853177,
    "cautious": 0.7331454424089594,
    "disciplined": 0.8165202742077324,
    "dutiful": 0.03757112130619509,
    "neuroticism": 0.831629247412085,
    "melancholy": 0.8427225818755892,
    "self_conscious": 0.8973946027272438,
    "authority_challenging": 0.7907417806550047,
    "achievement_striving": 0.7130036765874487,
    "orderliness": 0.17176126550894774,
    "self_efficacy": 0.7204310189550863,
    "stress_prone": 1,
    "agreeableness": 0.22222693126794585,
    "cooperative": 0.10290206715334652,
    "trusting": 0.02988949046948004,
    "excitement_seeking": 0.061760311927188685,
    "outgoing": 0.7358684480986639,
    "gregariousness": 0.14577086489865543,
    "altruism": 0.749886099956559,
    "modesty": 0.129273900467255,
    "uncompromising": 0.6980960150877824,
    "sympathy": 0.7195727953719498,
    "fiery": 0.08760237759718585,
    "prone_to_worry": 0.9189667411873151,
    "immoderation": 0.8735974401627445
}