{
    "id": "1",
    "extraversion": 0.2711337449018253,
    "active": 0.07283425081905104,
    "assertive": 0.12201074238338276,
    "cheerful": 0.7456930174508012,
    "openness": 0.30877666094631034,
    "adventurous": 0.15966480197909472,
    "artistic": 0.23939691100759988,
    "emotionally_aware": 0.726370099623348,
    "imaginative": 0.882814415297867,
    "intellectual": 0.9985067641355946,
    "conscientiousness": 0.7810960796986783,
    "cautious": 1,
    "disciplined": 0.18999754841873004,
    "dutiful": 0.9796073012547639,
    "neuroticism": 0.6784974035525642,
    "melancholy": 0.20104080768459293,
    "self_conscious": 0.832746439635383,
    "authority_challenging": 0.13772314961331875,
    "achievement_striving": 0,
    "orderliness": 0.7819541331431501,
    "self_efficacy": 0.8583431768035836,
    "stress_prone": 0.8791481869442154,
    "agreeableness": 0.37712006062091863,
    "cooperative": 0.8573514007443892,
    "trusting": 0.019534645300764434,
    "excitement_seeking": 0.03222715014820923,
    "outgoing": 0.7976219661681785,
    "gregariousness": 0.809634714390782,
    "altruism": 0.8437451246963382,
    "modesty": 0.8500189440370858,
    "uncompromising": 0.7991709197887182,
    "sympathy": 0.7925293632574829,
    "fiery": 0.830049700238472,
    "prone_to_worry": 0.8285341772716128,
    "immoderation": 0.06533464084334396
}