{
    "id": "1",
    "extraversion": 0.1976334263204684,
    "active": 0.8585982444846367,
    "assertive": 0.8460092169665758,
    "cheerful": 0.12909884225907647,
    "openness": 0.6189468951493415,
    "adventurous": 0.06314950492014344,
    "artistic": 0.7974515393969122,
    "emotionally_aware": 0.8863922013426935,
    "imaginative": 0.8339617628725873,
    "intellectual": 0.898306816672287,
    "conscientiousness": 0.6466386683424787,
    "cautious": 0.6896068994410554,
    "disciplined": 1,
    "dutiful": 0.1522740974627796,
    "neuroticism": 0.6881763281321849,
    "melancholy": 0.7568233142249882,
    "self_conscious": 0.8623688217201598,
    "authority_challenging": 0.8477361209037124,
    "achievement_striving": 0.7847603282139317,
    "orderliness": 0.12545088542145652,
    "self_efficacy": 0.7799372592297397,
    "stress_prone": 0.8372112034170219,
    "agreeableness": 0.2538242236596058,
    "cooperative": 0.17904621767164303,
    "trusting": 0.08344318077312163,
    "excitement_seeking": 0.002656775287902467,
    "outgoing": 0.7309504102674148,
    "gregariousness": 0.2030695972941766,
    "altruism": 0.7363559261416471,
    "modesty": 0,
    "uncompromising": 0.7669803705179691,
    "sympathy": 0.6847327386244036,
    "fiery": 0.7595311813453502,
    "prone_to_worry": 0.8022746083811043,
    "immoderation": 0.11968772672000656
}