{
    "id": "1",
    "extraversion": 0.3349211200219199,
    "active": 0.879356314086689,
    "assertive": 0.8983359854991517,
    "cheerful": 0.30823787292788574,
    "openness": 0.7579327860387182,
    "adventurous": 0.15757026483017356,
    "artistic": 0.8269909685850081,
    "emotionally_aware": 0.9068826337587337,
    "imaginative": 0.9919591952872244,
    "intellectual": 0.8933302420672141,
    "conscientiousness": 0.6951238789769315,
    "cautious": 0.8500490035935969,
    "disciplined": 1,
    "dutiful": 0.20563594018400058,
    "neuroticism": 0.728056401555469,
    "melancholy": 0.8463710994720259,
    "self_conscious": 0.8317648670579928,
    "authority_challenging": 0.9598065148433468,
    "achievement_striving": 0.833451012214014,
    "orderliness": 0.8531999873539113,
    "self_efficacy": 0.9498687968300472,
    "stress_prone": 0.8441264187330727,
    "agreeableness": 0.3959806514843347,
    "cooperative": 0.8765741745792542,
    "trusting": 0,
    "excitement_seeking": 0.09824957055990556,
    "outgoing": 0.8445901086509785,
    "gregariousness": 0.2301061217607571,
    "altruism": 0.28104878228704516,
    "modesty": 0.16486284262996495,
    "uncompromising": 0.8404274377970514,
    "sympathy": 0.2763486526646363,
    "fiery": 0.9264946096047043,
    "prone_to_worry": 0.8953536162544393,
    "immoderation": 0.2149835073926927
}