{
    "id": "1",
    "extraversion": 0.5637029714485084,
    "active": 0.6804675234052452,
    "assertive": 0.7288364249578414,
    "cheerful": 0.6520788509623772,
    "openness": 0.5619003314531604,
    "adventurous": 0.8356690120369832,
    "artistic": 0.6690934465313718,
    "emotionally_aware": 0.6814095481770077,
    "imaginative": 0.8432633598883525,
    "intellectual": 0.8221317671686923,
    "conscientiousness": 0.577193696574984,
    "cautious": 0.688678257835669,
    "disciplined": 0.05687038436936675,
    "dutiful": 0.03551782287608305,
    "neuroticism": 0.5411525266034773,
    "melancholy": 0.01651450834447874,
    "self_conscious": 0.696388905041577,
    "authority_challenging": 0.07829272547537366,
    "achievement_striving": 0.006780252369599351,
    "orderliness": 0,
    "self_efficacy": 0.7367215211955573,
    "stress_prone": 0.7575042158516021,
    "agreeableness": 0.2750712333546549,
    "cooperative": 0.07594347851369428,
    "trusting": 0.7832063732046287,
    "excitement_seeking": 0.101727045414898,
    "outgoing": 0.7898586962842356,
    "gregariousness": 0.1145083444786882,
    "altruism": 0.7131360120951329,
    "modesty": 0.08877129731929989,
    "uncompromising": 0.14086177821713095,
    "sympathy": 0.07657149502820261,
    "fiery": 0.8079316159795314,
    "prone_to_worry": 0.7168459615049136,
    "immoderation": 1
}