{
    "id": "1",
    "extraversion": 0.24402895185181164,
    "active": 0.9559862402743264,
    "assertive": 0.8677850965242586,
    "cheerful": 0.14529098347313701,
    "openness": 0.6591972046487906,
    "adventurous": 0.20136078044122274,
    "artistic": 0.7081267023319914,
    "emotionally_aware": 0.8001367291352425,
    "imaginative": 0.7720204442611743,
    "intellectual": 0.8797868761733204,
    "conscientiousness": 0.6046466202945101,
    "cautious": 0.1622410556357362,
    "disciplined": 0.925222184844769,
    "dutiful": 0,
    "neuroticism": 0.7215717339641683,
    "melancholy": 0.9116252319512116,
    "self_conscious": 1,
    "authority_challenging": 0.8136468698794397,
    "achievement_striving": 0.7337037318372706,
    "orderliness": 0.05330265970722602,
    "self_efficacy": 0.10460863997916507,
    "stress_prone": 0.71921695441277,
    "agreeableness": 0.25502154026456,
    "cooperative": 0.16022267316310915,
    "trusting": 0.040877670830032645,
    "excitement_seeking": 0.18143739216303317,
    "outgoing": 0.6891690992154351,
    "gregariousness": 0.13135763350080842,
    "altruism": 0.7041224919427473,
    "modesty": 0.052543053400323336,
    "uncompromising": 0.7403340097446638,
    "sympathy": 0.1760007813093442,
    "fiery": 0.13896454808850495,
    "prone_to_worry": 0.7107853244061506,
    "immoderation": 0.8888044881881219
}