{
    "id": "1",
    "extraversion": 0.7093135395784798,
    "active": 0.8906864604215203,
    "assertive": 0.23145689982120607,
    "cheerful": 0.7203662567047733,
    "openness": 0.6434198407108415,
    "adventurous": 0,
    "artistic": 0.14988351303028663,
    "emotionally_aware": 0.7439128785826516,
    "imaginative": 0.9580430189088152,
    "intellectual": 0.9612504740748767,
    "conscientiousness": 0.2683317982337325,
    "cautious": 0.15216990843582381,
    "disciplined": 0.10763396001517038,
    "dutiful": 0.07669718805873112,
    "neuroticism": 0.7814054288345885,
    "melancholy": 0.9222950642032833,
    "self_conscious": 1,
    "authority_challenging": 0.9012840656661429,
    "achievement_striving": 0.7935742536706941,
    "orderliness": 0.14041285149265859,
    "self_efficacy": 0.17312672698705095,
    "stress_prone": 0.9228043560708674,
    "agreeableness": 0.29004713658774445,
    "cooperative": 0.19636994094381535,
    "trusting": 0.8683317982337324,
    "excitement_seeking": 0.7518773365118925,
    "outgoing": 0.7993281681746763,
    "gregariousness": 0.19540553719456033,
    "altruism": 0.12910007043398167,
    "modesty": 0.12102725253291437,
    "uncompromising": 0.22783767676220407,
    "sympathy": 0.7452782142276644,
    "fiery": 0.2022105434252587,
    "prone_to_worry": 0.8589261526792002,
    "immoderation": 0.9141030503332069
}