{
    "id": "1",
    "extraversion": 0.2127942628488281,
    "active": 0.8493686015694019,
    "assertive": 0.8739905420152783,
    "cheerful": 0.12282908070467177,
    "openness": 0.7143376812347347,
    "adventurous": 0.16038039806682947,
    "artistic": 0.6719118640544612,
    "emotionally_aware": 0.8689809281297094,
    "imaginative": 0.8161825079249597,
    "intellectual": 0.8075248142181571,
    "conscientiousness": 0.6115574494621421,
    "cautious": 0.6543886088447747,
    "disciplined": 1,
    "dutiful": 0.009613885568778235,
    "neuroticism": 0.5930468222210673,
    "melancholy": 0.10139791092864935,
    "self_conscious": 0.7698383827885463,
    "authority_challenging": 0.8792703840357532,
    "achievement_striving": 0.7773424102270954,
    "orderliness": 0.14946733877254065,
    "self_efficacy": 0.6871901470664656,
    "stress_prone": 0.6751130281141193,
    "agreeableness": 0.20148625474198406,
    "cooperative": 0.7559632074000935,
    "trusting": 0.06476121186925113,
    "excitement_seeking": 0.0395884217637582,
    "outgoing": 0.13182975627500904,
    "gregariousness": 0.10503559736007896,
    "altruism": 0.09830068076703216,
    "modesty": 0,
    "uncompromising": 0.772114535155641,
    "sympathy": 0.10633477108558952,
    "fiery": 0.7718547004105388,
    "prone_to_worry": 0.05400405342202354,
    "immoderation": 0.03273917788286647
}