{
    "id": "1",
    "extraversion": 0.2424780256930358,
    "active": 0.10105766444508837,
    "assertive": 0.05756785472809814,
    "cheerful": 0.7775161788853472,
    "openness": 0.3844175601274993,
    "adventurous": 0.0442866801893171,
    "artistic": 0.18507920409543127,
    "emotionally_aware": 0.750277697285811,
    "imaginative": 1,
    "intellectual": 0.9689824205544286,
    "conscientiousness": 0.6576716893654014,
    "cautious": 0.7830097556263885,
    "disciplined": 0.026936636723654976,
    "dutiful": 0.17027673138220806,
    "neuroticism": 0.7036728484497248,
    "melancholy": 0.05801458514440257,
    "self_conscious": 0.93548971312663,
    "authority_challenging": 0.9413334299236936,
    "achievement_striving": 0.20037670240509997,
    "orderliness": 0.8406983483048391,
    "self_efficacy": 0.8570221191925046,
    "stress_prone": 0.9245750024147591,
    "agreeableness": 0.2495653433787308,
    "cooperative": 0.07192359702501692,
    "trusting": 0.043332850381531896,
    "excitement_seeking": 0.19959190572780838,
    "outgoing": 0.9443881000676133,
    "gregariousness": 0,
    "altruism": 0.1564401622718053,
    "modesty": 0.8493190379600117,
    "uncompromising": 0.8465420651019029,
    "sympathy": 0.8806505360764996,
    "fiery": 0.14266396213657875,
    "prone_to_worry": 0.12170385395537525,
    "immoderation": 0.06343571911523227
}