{
    "id": "1",
    "extraversion": 0.6277388255915863,
    "active": 0.11922828543752018,
    "assertive": 1,
    "cheerful": 0.670383781539739,
    "openness": 0.6601319249042854,
    "adventurous": 0.17069514276488768,
    "artistic": 0.8147861986253979,
    "emotionally_aware": 0.6264587849993081,
    "imaginative": 0.8858688131371373,
    "intellectual": 0.9069145255777482,
    "conscientiousness": 0.2166382213201716,
    "cautious": 0.1488076018266525,
    "disciplined": 0.02495502560081184,
    "dutiful": 0.015498869874071692,
    "neuroticism": 0.5794201762073896,
    "melancholy": 0.7259329304857235,
    "self_conscious": 0.7505650629641589,
    "authority_challenging": 0.8588841736242449,
    "achievement_striving": 0.09088288205175515,
    "orderliness": 0.8444923658840353,
    "self_efficacy": 0.1226301951197011,
    "stress_prone": 0.7400595045896952,
    "agreeableness": 0.28085935698141057,
    "cooperative": 0.10272614050463583,
    "trusting": 0,
    "excitement_seeking": 0.684487291849255,
    "outgoing": 0.8977236034872458,
    "gregariousness": 0.17090271691498687,
    "altruism": 0.06884542644955946,
    "modesty": 0.1434913972046681,
    "uncompromising": 0.12472900041514828,
    "sympathy": 0.706213386226302,
    "fiery": 0.8036694496978642,
    "prone_to_worry": 0.718252686932054,
    "immoderation": 0.9794732229346373
}