{
    "id": "1",
    "extraversion": 0.41588561264281315,
    "active": 0.2040945474447561,
    "assertive": 0.229612779640145,
    "cheerful": 0.8256225627693781,
    "openness": 0.760740918109051,
    "adventurous": 0.4031949100362591,
    "artistic": 0.39167578846548534,
    "emotionally_aware": 0.7295187110898268,
    "imaginative": 0.9794674009714716,
    "intellectual": 1,
    "conscientiousness": 0.42050352329479374,
    "cautious": 0.3370305124170486,
    "disciplined": 0.15042416364507083,
    "dutiful": 0.26516213997400284,
    "neuroticism": 0.6882140658137783,
    "melancholy": 0.9047513169597045,
    "self_conscious": 0.9241721967572005,
    "authority_challenging": 0.8096822193336525,
    "achievement_striving": 0.18191147294246424,
    "orderliness": 0.37109187931860155,
    "self_efficacy": 0.7833601286173633,
    "stress_prone": 0.7931689129096257,
    "agreeableness": 0.32628104262160496,
    "cooperative": 0.3063983717589109,
    "trusting": 0,
    "excitement_seeking": 0.38652767325716625,
    "outgoing": 0.2564052131080249,
    "gregariousness": 0.3355852774167066,
    "altruism": 0.7794605596223574,
    "modesty": 0.24688718615310937,
    "uncompromising": 0.30816857084217003,
    "sympathy": 0.82894061708969,
    "fiery": 0.7977269617568584,
    "prone_to_worry": 0.8739053841417527,
    "immoderation": 0.8840305808305396
}