{
    "id": "1",
    "extraversion": 0.3175933815243383,
    "active": 0.8573097325674078,
    "assertive": 0.0005634499628947117,
    "cheerful": 0.814185196382926,
    "openness": 0.686433224308056,
    "adventurous": 0.8715883791880824,
    "artistic": 0.8462056454937746,
    "emotionally_aware": 0.7984223401038948,
    "imaginative": 0.9407827831679632,
    "intellectual": 0.9052854355055933,
    "conscientiousness": 0.24422120220982324,
    "cautious": 0.27202264793997194,
    "disciplined": 0.9569441772256274,
    "dutiful": 0,
    "neuroticism": 0.7663744056290026,
    "melancholy": 0.9050930379572877,
    "self_conscious": 0.9416073440892726,
    "authority_challenging": 0.9445345353599209,
    "achievement_striving": 0.8485419014374846,
    "orderliness": 0.1627270978204106,
    "self_efficacy": 0.9239617403732513,
    "stress_prone": 0.8943874886622873,
    "agreeableness": 0.36541791496028364,
    "cooperative": 0.14681307203913913,
    "trusting": 0.13341395706786136,
    "excitement_seeking": 0.9009702333507407,
    "outgoing": 0.9012313443091554,
    "gregariousness": 0.8528571035923371,
    "altruism": 1,
    "modesty": 0.8652942308220872,
    "uncompromising": 0.8723579693813045,
    "sympathy": 0.989885386031938,
    "fiery": 0.9477640656350493,
    "prone_to_worry": 0.9808427012615781,
    "immoderation": 0.09379380479894453
}