{
    "id": "1",
    "extraversion": 0.34024206849713784,
    "active": 0.21589696322887353,
    "assertive": 0,
    "cheerful": 0.18824585233336563,
    "openness": 0.3727685068400116,
    "adventurous": 0.18354031240904237,
    "artistic": 0.8120330843116329,
    "emotionally_aware": 0.7678883283205589,
    "imaginative": 0.957116522751528,
    "intellectual": 0.9379547880081498,
    "conscientiousness": 0.7217788881342777,
    "cautious": 0.8537159212185894,
    "disciplined": 0.1214465896963229,
    "dutiful": 0.08397205782477925,
    "neuroticism": 0.7779179198602891,
    "melancholy": 0.8683297758804696,
    "self_conscious": 0.9349835063549045,
    "authority_challenging": 0.1895313864364024,
    "achievement_striving": 0.12174978170175607,
    "orderliness": 0.14742408072183955,
    "self_efficacy": 0.8476156980692733,
    "stress_prone": 0.8563840108664015,
    "agreeableness": 0.37057339672067524,
    "cooperative": 0.1439919472203357,
    "trusting": 0.059668186669253866,
    "excitement_seeking": 0.20766226836130786,
    "outgoing": 0.8210439507131077,
    "gregariousness": 0.8139007470651014,
    "altruism": 0.8611986999126807,
    "modesty": 0.09010866401474724,
    "uncompromising": 0.2649655573881828,
    "sympathy": 0.8253614048704764,
    "fiery": 1,
    "prone_to_worry": 0.9289439216066752,
    "immoderation": 0.9813355001455322
}