{
    "id": "1",
    "extraversion": 0.6051900312889745,
    "active": 0.7669190206332188,
    "assertive": 0.8184583068945146,
    "cheerful": 0.720116841345207,
    "openness": 0.7953307222720609,
    "adventurous": 0.6727457716123668,
    "artistic": 0.6826357131916942,
    "emotionally_aware": 0.7135089600245061,
    "imaginative": 0.7943570443953352,
    "intellectual": 1,
    "conscientiousness": 0.6378793514648929,
    "cautious": 0.7389668074305844,
    "disciplined": 0.8560269566549242,
    "dutiful": 0.7977375664617202,
    "neuroticism": 0.29612935693499337,
    "melancholy": 0.11643655777520079,
    "self_conscious": 0.14593133929938956,
    "authority_challenging": 0.8619565455221758,
    "achievement_striving": 0.8575257641730303,
    "orderliness": 0.1512920377218126,
    "self_efficacy": 0.9438001881714548,
    "stress_prone": 0.7492287158392228,
    "agreeableness": 0.2584403649651008,
    "cooperative": 0.8074852854298405,
    "trusting": 0.8238518259195239,
    "excitement_seeking": 0.7028422641839704,
    "outgoing": 0.7863269369625626,
    "gregariousness": 0.7684397085530491,
    "altruism": 0.7737347657702996,
    "modesty": 0.20861869023915283,
    "uncompromising": 0.7938756755574032,
    "sympathy": 0.7267356628667703,
    "fiery": 0.044559438111283774,
    "prone_to_worry": 0.18763538498566837,
    "immoderation": 0
}