{
    "id": "1",
    "extraversion": 0.4624380800546603,
    "active": 0.8904742925468313,
    "assertive": 0.996572339577521,
    "cheerful": 0.8127654728690998,
    "openness": 0.7765757558503672,
    "adventurous": 0.4127882480214086,
    "artistic": 0.8899846267721915,
    "emotionally_aware": 0.9089449410692934,
    "imaginative": 0.9717929738655128,
    "intellectual": 0.8872971587997495,
    "conscientiousness": 0.39218812275807086,
    "cautious": 0.38902237658714334,
    "disciplined": 0.21684222513238055,
    "dutiful": 0,
    "neuroticism": 0.7694015828730855,
    "melancholy": 0.9604851107441782,
    "self_conscious": 0.9520013665091385,
    "authority_challenging": 0.28766156123669073,
    "achievement_striving": 0.8828901668279906,
    "orderliness": 0.268211581164949,
    "self_efficacy": 0.28172863406024024,
    "stress_prone": 0.8866366793827933,
    "agreeableness": 0.45848659112907814,
    "cooperative": 0.30878551500313156,
    "trusting": 0.26066161817457145,
    "excitement_seeking": 0.8832773444172407,
    "outgoing": 0.884268063542675,
    "gregariousness": 0.34414393896259177,
    "altruism": 0.2859989751181461,
    "modesty": 0.28638615270739615,
    "uncompromising": 0.3115526960086545,
    "sympathy": 0.3126572908956328,
    "fiery": 0.9229516597392244,
    "prone_to_worry": 0.9318111939873598,
    "immoderation": 1
}