{
    "id": "1",
    "extraversion": 0.26677930227808616,
    "active": 0.8052765451811142,
    "assertive": 0.85962941646089,
    "cheerful": 0.17446761107294698,
    "openness": 0.2837024934553758,
    "adventurous": 0.13757635394812567,
    "artistic": 0.7639850726871019,
    "emotionally_aware": 0.8520172295352852,
    "imaginative": 0.8368114219936502,
    "intellectual": 0.79305063032621,
    "conscientiousness": 0.745762239839587,
    "cautious": 0.9131096711906573,
    "disciplined": 0.8671487718386216,
    "dutiful": 0.28219862237982946,
    "neuroticism": 0.7694807003211971,
    "melancholy": 0.9812108947104584,
    "self_conscious": 0.9059245093852694,
    "authority_challenging": 1,
    "achievement_striving": 0.8925289170271624,
    "orderliness": 0.30149830118267384,
    "self_efficacy": 0.8439780174894634,
    "stress_prone": 0.773416757951022,
    "agreeableness": 0.34664228291342525,
    "cooperative": 0.3224503815376617,
    "trusting": 0.24383134364382386,
    "excitement_seeking": 0.23232951486233075,
    "outgoing": 0.353994541504985,
    "gregariousness": 0.38279088765526076,
    "altruism": 0.8408681606357103,
    "modesty": 0.2990753977831826,
    "uncompromising": 0.2848814541133658,
    "sympathy": 0,
    "fiery": 0.8448042182655353,
    "prone_to_worry": 0.9073726815320918,
    "immoderation": 0.19881732608009503
}