{
    "id": "1",
    "extraversion": 0.694616466853453,
    "active": 0.9243635838914877,
    "assertive": 0.11495773259099822,
    "cheerful": 0.7333124902297953,
    "openness": 0.30977260975697746,
    "adventurous": 0.8087444835920685,
    "artistic": 0.704549007347194,
    "emotionally_aware": 0.6817017592381045,
    "imaginative": 0.8614374526520846,
    "intellectual": 0.8049807000877816,
    "conscientiousness": 0.30612907492694896,
    "cautious": 0.24804896526015802,
    "disciplined": 0,
    "dutiful": 0.1404143769314943,
    "neuroticism": 0.6181022354228546,
    "melancholy": 0.14524837363668067,
    "self_conscious": 0.8284893159052921,
    "authority_challenging": 0.08730053751157393,
    "achievement_striving": 0.15514483952814417,
    "orderliness": 0.1813109510467647,
    "self_efficacy": 0.8489796899989178,
    "stress_prone": 0.7250634311756713,
    "agreeableness": 0.6377027693269682,
    "cooperative": 0.8098627962626711,
    "trusting": 0.8924976852130206,
    "excitement_seeking": 0.2379721263573069,
    "outgoing": 0.8401774870432054,
    "gregariousness": 0.7824821731340412,
    "altruism": 1,
    "modesty": 0.1959452147040079,
    "uncompromising": 0.8095501497095995,
    "sympathy": 0.8178713579682785,
    "fiery": 0.7924988876997631,
    "prone_to_worry": 0.7888192782674572,
    "immoderation": 0.11433243948485468
}