{
    "id": "1",
    "extraversion": 0.7553789115855849,
    "active": 0.8627620133304577,
    "assertive": 0,
    "cheerful": 0.8535087449035133,
    "openness": 0.657998788140206,
    "adventurous": 0.866993252611147,
    "artistic": 0.7989955941707488,
    "emotionally_aware": 0.3062924279302872,
    "imaginative": 0.8726725616456645,
    "intellectual": 0.8450976163334052,
    "conscientiousness": 0.6704768360189378,
    "cautious": 0.31313224676751805,
    "disciplined": 0.8569081143256205,
    "dutiful": 0.19543806677552866,
    "neuroticism": 0.384909264565425,
    "melancholy": 0.16735989154881842,
    "self_conscious": 0.2075258547206047,
    "authority_challenging": 0.036037423873637946,
    "achievement_striving": 0.783641946780869,
    "orderliness": 0.2880939910240215,
    "self_efficacy": 0.8376415976009284,
    "stress_prone": 0.2270388514033953,
    "agreeableness": 0.7027965205245915,
    "cooperative": 0.8927298682359224,
    "trusting": 1,
    "excitement_seeking": 0.8730320115845579,
    "outgoing": 0.9061322159575232,
    "gregariousness": 0.8218566102843762,
    "altruism": 0.8205831305008677,
    "modesty": 0.24046173912150434,
    "uncompromising": 0.23116739070154357,
    "sympathy": 0.8923087983075042,
    "fiery": 0.2248513417752719,
    "prone_to_worry": 0.16178328249684196,
    "immoderation": 0.23716506968193815
}