{
    "id": "1",
    "extraversion": 0.5693321292229384,
    "active": 0.787642132917368,
    "assertive": 0.06646894626657361,
    "cheerful": 0.21836131521694516,
    "openness": 0.5409773818808752,
    "adventurous": 0.009020565658224232,
    "artistic": 0.10773367267353559,
    "emotionally_aware": 0.6222343089364148,
    "imaginative": 0.8540700299659293,
    "intellectual": 0.7971039776692255,
    "conscientiousness": 0.2792270432248266,
    "cautious": 0.6748388818193014,
    "disciplined": 0.9091375559295596,
    "dutiful": 0.7616066663930052,
    "neuroticism": 0.6654078239809531,
    "melancholy": 0.7250626000574689,
    "self_conscious": 0.7890275440252863,
    "authority_challenging": 0.7736033003571282,
    "achievement_striving": 0.7186589220475351,
    "orderliness": 0.1497372850047207,
    "self_efficacy": 0.16142604983375067,
    "stress_prone": 0.9284819999179015,
    "agreeableness": 0.18187882270842742,
    "cooperative": 0.1178523049135914,
    "trusting": 0,
    "excitement_seeking": 0.6655822831575059,
    "outgoing": 0.6993965764952178,
    "gregariousness": 0.12587742703501498,
    "altruism": 0.16788103936620008,
    "modesty": 0.11080210171996224,
    "uncompromising": 0.690427322359509,
    "sympathy": 0.6953942777390091,
    "fiery": 0.7727002175608555,
    "prone_to_worry": 0.7956364681252822,
    "immoderation": 1
}