{
    "id": "1",
    "extraversion": 0.7131534011264878,
    "active": 0.955004205214466,
    "assertive": 0.10232688533781895,
    "cheerful": 0.23266304763361115,
    "openness": 0.6949945204781202,
    "adventurous": 0.7716950837219971,
    "artistic": 0.8436042510895329,
    "emotionally_aware": 0.8006473481662717,
    "imaginative": 0.9538063562453808,
    "intellectual": 0.8540663149578205,
    "conscientiousness": 0.7170655248872239,
    "cautious": 0.8072864897927976,
    "disciplined": 0.9563167418508041,
    "dutiful": 0.9022861075005735,
    "neuroticism": 0.6975176491576829,
    "melancholy": 0.16142926319545328,
    "self_conscious": 0.906414863521676,
    "authority_challenging": 0.9194000560695261,
    "achievement_striving": 0.2020159543288223,
    "orderliness": 0.8831077809210695,
    "self_efficacy": 0.9931951984096645,
    "stress_prone": 0.26740066773708493,
    "agreeableness": 0.7021306419960751,
    "cooperative": 1,
    "trusting": 0.20252567729439053,
    "excitement_seeking": 0.8228330402426282,
    "outgoing": 0.8891862272854705,
    "gregariousness": 0.8304279124295945,
    "altruism": 0.8955450212809338,
    "modesty": 0.23691923439610577,
    "uncompromising": 0.1905217014552591,
    "sympathy": 0.15927568366592756,
    "fiery": 0.1361342610291307,
    "prone_to_worry": 0.8110584397380024,
    "immoderation": 0
}