{
    "id": "1",
    "extraversion": 0.301954213043623,
    "active": 0.10501259529701597,
    "assertive": 0,
    "cheerful": 0.20041503445673767,
    "openness": 0.6169698045786958,
    "adventurous": 0.7417797654056574,
    "artistic": 0.236736098010276,
    "emotionally_aware": 0.7397045931219691,
    "imaginative": 1,
    "intellectual": 0.7721860330917848,
    "conscientiousness": 0.2979481317900858,
    "cautious": 0.26878474803857383,
    "disciplined": 0.8064319243616349,
    "dutiful": 0.1255423745741458,
    "neuroticism": 0.6647098642815132,
    "melancholy": 0.876976684829048,
    "self_conscious": 0.8553260905751667,
    "authority_challenging": 0.8600756827538757,
    "achievement_striving": 0.1356740980768591,
    "orderliness": 0.16704582024791095,
    "self_efficacy": 0.10849710918513425,
    "stress_prone": 0.8173515475014703,
    "agreeableness": 0.3074806076814666,
    "cooperative": 0.13561861218692092,
    "trusting": 0.038240875345399654,
    "excitement_seeking": 0.7264323682487543,
    "outgoing": 0.15131002186144066,
    "gregariousness": 0.20972556678836574,
    "altruism": 0.8319443365552139,
    "modesty": 0.08171961870096439,
    "uncompromising": 0.8240542430060036,
    "sympathy": 0.9096245824686783,
    "fiery": 0.7305161297482051,
    "prone_to_worry": 0.860741513433134,
    "immoderation": 0.8688535505420972
}