{
    "id": "1",
    "extraversion": 0.3387670456600634,
    "active": 0.16819590301305778,
    "assertive": 0.12690049313350776,
    "cheerful": 0.09479255838628385,
    "openness": 0.3001724158719058,
    "adventurous": 0.1417427265821869,
    "artistic": 0.25184774352234773,
    "emotionally_aware": 0.30579100302632045,
    "imaginative": 0.9984928682525711,
    "intellectual": 0.8350715586153679,
    "conscientiousness": 0.6717346483560207,
    "cautious": 0.7865780875100976,
    "disciplined": 0,
    "dutiful": 0.9021208357949818,
    "neuroticism": 0.7632597451138788,
    "melancholy": 0.8570636250738493,
    "self_conscious": 0.7873617960187607,
    "authority_challenging": 0.05630644208394116,
    "achievement_striving": 0.19294903483282894,
    "orderliness": 0.8184328241237536,
    "self_efficacy": 0.9224731429122608,
    "stress_prone": 0.9357479593436139,
    "agreeableness": 0.3855845862621926,
    "cooperative": 0.7997443904556361,
    "trusting": 0.8690724508373623,
    "excitement_seeking": 0.8356864683683188,
    "outgoing": 0.8444398895573854,
    "gregariousness": 0.7567851071269245,
    "altruism": 1,
    "modesty": 0.15646438949107172,
    "uncompromising": 0.15044791955533585,
    "sympathy": 0.1953122174127973,
    "fiery": 0.204933746488383,
    "prone_to_worry": 0.8845295940389923,
    "immoderation": 0.8897502984120859
}