{
    "id": "1",
    "extraversion": 0.3942637694913758,
    "active": 0.9956409945153779,
    "assertive": 0.88753765849675,
    "cheerful": 0.19046095103567764,
    "openness": 0.4138737764437137,
    "adventurous": 0.23761545846805787,
    "artistic": 0.25772206098193495,
    "emotionally_aware": 0.8298663606166613,
    "imaginative": 0.8697153955659535,
    "intellectual": 0.8253307878212698,
    "conscientiousness": 0.3960294425990708,
    "cautious": 0.3106481123850933,
    "disciplined": 0,
    "dutiful": 0.16983568204641517,
    "neuroticism": 0.8100246090689385,
    "melancholy": 0.8769656907644261,
    "self_conscious": 0.8509882251674631,
    "authority_challenging": 0.9800478938830463,
    "achievement_striving": 0.8638666033967136,
    "orderliness": 0.27115221205734025,
    "self_efficacy": 0.8260370570643477,
    "stress_prone": 1,
    "agreeableness": 0.317666662988181,
    "cooperative": 0.1362327157155942,
    "trusting": 0.12904863325866012,
    "excitement_seeking": 0.19608903406645553,
    "outgoing": 0.8145381109504839,
    "gregariousness": 0.18389485416643678,
    "altruism": 0.3043137601112374,
    "modesty": 0.2316563117295872,
    "uncompromising": 0.27255371508657317,
    "sympathy": 0.2900228433958308,
    "fiery": 0.9914695917984484,
    "prone_to_worry": 0.9490382599291524,
    "immoderation": 0.8949093437213768
}