{
    "id": "1",
    "extraversion": 0.7141876964033318,
    "active": 0.18357965227176046,
    "assertive": 0.9515870075336543,
    "cheerful": 0.9669287664841574,
    "openness": 0.7533654439916018,
    "adventurous": 0.2766731162433274,
    "artistic": 0.8252439175003087,
    "emotionally_aware": 0.8896710715903009,
    "imaginative": 0.9682324043198441,
    "intellectual": 0.8623770120620805,
    "conscientiousness": 0.6901595927160951,
    "cautious": 0.277318073909404,
    "disciplined": 0,
    "dutiful": 0.0015231978922234568,
    "neuroticism": 0.7005338053874549,
    "melancholy": 0.8887516638535533,
    "self_conscious": 0.8799006490744171,
    "authority_challenging": 0.12270662659695633,
    "achievement_striving": 0.8881341511945439,
    "orderliness": 0.11071315850863835,
    "self_efficacy": 0.19488699518340127,
    "stress_prone": 0.9695497646590642,
    "agreeableness": 0.3518587131036186,
    "cooperative": 0.14239841916759297,
    "trusting": 0.14051843618349735,
    "excitement_seeking": 0.845306217666351,
    "outgoing": 0.8926900223676807,
    "gregariousness": 0.8757976205178871,
    "altruism": 0.1995938138954071,
    "modesty": 0.21654110575933475,
    "uncompromising": 0.11384188931428653,
    "sympathy": 0.2178172985879544,
    "fiery": 1,
    "prone_to_worry": 0.8931291424807541,
    "immoderation": 0.9778793243039259
}