{
    "id": "1",
    "extraversion": 0.20188057624621433,
    "active": 0.1545080625358108,
    "assertive": 0,
    "cheerful": 0.7703609724154866,
    "openness": 0.7099021854792503,
    "adventurous": 0.9265879512155194,
    "artistic": 0.22825775558647787,
    "emotionally_aware": 0.9599124171236801,
    "imaginative": 0.8863878202504706,
    "intellectual": 0.782250143243022,
    "conscientiousness": 0.6332160104772039,
    "cautious": 0.2007857902922158,
    "disciplined": 0.050094131128755014,
    "dutiful": 0.1091716460669559,
    "neuroticism": 0.6885078169763444,
    "melancholy": 0.8626094785953999,
    "self_conscious": 0.8709278055169027,
    "authority_challenging": 0.8019460587705656,
    "achievement_striving": 0.13680731767209625,
    "orderliness": 0.15769010395350744,
    "self_efficacy": 0.1520217729393468,
    "stress_prone": 0.7259556355897521,
    "agreeableness": 0.6528914627158876,
    "cooperative": 0.10848612589015308,
    "trusting": 0.10232667594335766,
    "excitement_seeking": 0.7615822214946386,
    "outgoing": 0.7799684865351559,
    "gregariousness": 0.06728329377097492,
    "altruism": 0.15707620528771382,
    "modesty": 0.14930015552099532,
    "uncompromising": 0.7720696570352789,
    "sympathy": 1,
    "fiery": 0.19058484079561266,
    "prone_to_worry": 0.905142424490464,
    "immoderation": 0.9910575427682737
}