{
    "id": "1",
    "extraversion": 0.2465077326782424,
    "active": 0.933069063703869,
    "assertive": 1,
    "cheerful": 0.170565574228128,
    "openness": 0.7037463011557143,
    "adventurous": 0.14914856791915584,
    "artistic": 0.7506001898274803,
    "emotionally_aware": 0.8276924794818826,
    "imaginative": 0.8812796605437999,
    "intellectual": 0.8530288649433309,
    "conscientiousness": 0.6179777790184803,
    "cautious": 0.7016358662274579,
    "disciplined": 0.9864775836078387,
    "dutiful": 0.08454022667634414,
    "neuroticism": 0.6537323432527496,
    "melancholy": 0.7428507621015018,
    "self_conscious": 0.7504661939590196,
    "authority_challenging": 0.8589693484450895,
    "achievement_striving": 0.8146613812740774,
    "orderliness": 0.10846965551895482,
    "self_efficacy": 0.14375523421361175,
    "stress_prone": 0.7581262911060243,
    "agreeableness": 0.22600636480375189,
    "cooperative": 0.1763162302495673,
    "trusting": 0,
    "excitement_seeking": 0.07663447043716154,
    "outgoing": 0.10991011110490762,
    "gregariousness": 0.23754117581374576,
    "altruism": 0.11566076712634693,
    "modesty": 0.13596114119814642,
    "uncompromising": 0.7360058064876333,
    "sympathy": 0.18042543688236282,
    "fiery": 0.7864440846407236,
    "prone_to_worry": 0.7663558706939868,
    "immoderation": 0.7714812126626096
}