{
    "id": "1",
    "extraversion": 0.6612745466857272,
    "active": 0.9226356180874276,
    "assertive": 0.8805582725152359,
    "cheerful": 0.2475735460085772,
    "openness": 0.3174704687382439,
    "adventurous": 0.29313068994056124,
    "artistic": 0.06581521330223458,
    "emotionally_aware": 0.3264709201715446,
    "imaginative": 0.8236494620419832,
    "intellectual": 0.8211101497253781,
    "conscientiousness": 0.33461552930554506,
    "cautious": 0.27077533669400344,
    "disciplined": 0.1180968324430065,
    "dutiful": 0,
    "neuroticism": 0.6974080204649763,
    "melancholy": 0.7481190279136258,
    "self_conscious": 0.8100500338574975,
    "authority_challenging": 0.1801406967120608,
    "achievement_striving": 0.18194642991498003,
    "orderliness": 0.29338462117222175,
    "self_efficacy": 0.21823978632157096,
    "stress_prone": 0.9711364833345872,
    "agreeableness": 0.34793281167707474,
    "cooperative": 0.042199608757806005,
    "trusting": 0.18541682341434051,
    "excitement_seeking": 0.21776954329997741,
    "outgoing": 0.8358851854638476,
    "gregariousness": 0.8001937401248965,
    "altruism": 0.26983485065081636,
    "modesty": 0.1366432172146565,
    "uncompromising": 0.7663080279888647,
    "sympathy": 0.19317583327063423,
    "fiery": 1,
    "prone_to_worry": 0.8356782785343465,
    "immoderation": 0.9280340079753217
}