{
    "id": "1",
    "extraversion": 0.7657484785175765,
    "active": 0.877316286674539,
    "assertive": 0.9589767462984831,
    "cheerful": 0.8002202743210102,
    "openness": 0.772288582069216,
    "adventurous": 0.7866177672813154,
    "artistic": 0.8323871377963484,
    "emotionally_aware": 0.29174993187392134,
    "imaginative": 0.9227223181033699,
    "intellectual": 0.849759287855391,
    "conscientiousness": 0.6779566718139705,
    "cautious": 0.7795667181397039,
    "disciplined": 0.865416931601417,
    "dutiful": 0.192195022254519,
    "neuroticism": 0.713620673994005,
    "melancholy": 0.199461803978563,
    "self_conscious": 0.8980493232809519,
    "authority_challenging": 0.10534562630574981,
    "achievement_striving": 0.8816650013625216,
    "orderliness": 0.2511694976837134,
    "self_efficacy": 0.8976746298483059,
    "stress_prone": 0.820010900172586,
    "agreeableness": 0.7110886547370334,
    "cooperative": 1,
    "trusting": 0.9815946044145699,
    "excitement_seeking": 0.7980743028431283,
    "outgoing": 0.9690821146334817,
    "gregariousness": 0.8743300935598148,
    "altruism": 0.9997388500317922,
    "modesty": 0.8306272140975565,
    "uncompromising": 0.8182396221273504,
    "sympathy": 0.22450949223362707,
    "fiery": 0.2724929603052048,
    "prone_to_worry": 0.8286629121627759,
    "immoderation": 0
}