{
    "id": "1",
    "extraversion": 0.30989701146978205,
    "active": 1,
    "assertive": 0.9160257604385662,
    "cheerful": 0.8778907310322802,
    "openness": 0.37298081273119194,
    "adventurous": 0.9574074566889319,
    "artistic": 0.8392234611597519,
    "emotionally_aware": 0.7603720360859035,
    "imaginative": 0.9638874843654361,
    "intellectual": 0.8627351837560208,
    "conscientiousness": 0.3331692258562418,
    "cautious": 0.1886127152247385,
    "disciplined": 0.08091385688053866,
    "dutiful": 0.11729249274822363,
    "neuroticism": 0.7202544109428639,
    "melancholy": 0.1482821938952019,
    "self_conscious": 0.8788620698831732,
    "authority_challenging": 0,
    "achievement_striving": 0.9366101604705004,
    "orderliness": 0.17716954520052156,
    "self_efficacy": 0.8985815791574633,
    "stress_prone": 0.9446203794874523,
    "agreeableness": 0.3764935998083934,
    "cooperative": 0.8838385182425418,
    "trusting": 0.9752242062964046,
    "excitement_seeking": 0.8616041727652552,
    "outgoing": 0.973720626979269,
    "gregariousness": 0.8329563296697446,
    "altruism": 0.8728477526146312,
    "modesty": 0.18078878037097157,
    "uncompromising": 0.8911701306650345,
    "sympathy": 0.9554780849988024,
    "fiery": 0.8694680256539904,
    "prone_to_worry": 0.9173164435692045,
    "immoderation": 0.9529233307608377
}