{
    "id": "1",
    "extraversion": 0.7416344213192098,
    "active": 0.9128540024939259,
    "assertive": 0.16953553844373884,
    "cheerful": 0.8595559783516951,
    "openness": 0.7628713571327566,
    "adventurous": 0.8255537415315791,
    "artistic": 0.8228284204707608,
    "emotionally_aware": 0.8479219426911261,
    "imaginative": 0.9237552867371994,
    "intellectual": 0.9885202277957038,
    "conscientiousness": 0.7379192430806412,
    "cautious": 0.8135469025183509,
    "disciplined": 0.12245947370450837,
    "dutiful": 0.09836866394991577,
    "neuroticism": 0.7555952641118925,
    "melancholy": 0.22188227127228782,
    "self_conscious": 0.9270076746069495,
    "authority_challenging": 1,
    "achievement_striving": 0.18235226060239879,
    "orderliness": 0.899844451014925,
    "self_efficacy": 0.927701860160177,
    "stress_prone": 0.9745979508670892,
    "agreeableness": 0.7175693221406625,
    "cooperative": 0.8961292727763566,
    "trusting": 0.973890910025839,
    "excitement_seeking": 0.886269266862924,
    "outgoing": 0.9662291583642931,
    "gregariousness": 0.8548123770713082,
    "altruism": 0.9991772615665454,
    "modesty": 0.13050688400673618,
    "uncompromising": 0.8922084099294245,
    "sympathy": 0.9609842008510201,
    "fiery": 0.17096247541426166,
    "prone_to_worry": 0.8877219144094923,
    "immoderation": 0
}