{
    "id": "1",
    "extraversion": 0.7377726974244231,
    "active": 0.9345282972979546,
    "assertive": 0.05874699029598459,
    "cheerful": 0.331286329255539,
    "openness": 0.724773208162074,
    "adventurous": 0.850062018143347,
    "artistic": 0.20358975606196947,
    "emotionally_aware": 0.3602889315854756,
    "imaginative": 1,
    "intellectual": 0.22989274509327043,
    "conscientiousness": 0.3276868448573583,
    "cautious": 0.8274314760318117,
    "disciplined": 0,
    "dutiful": 0.1844006128851813,
    "neuroticism": 0.44735754067660577,
    "melancholy": 0.24680788968066733,
    "self_conscious": 0.9293844395262301,
    "authority_challenging": 0.03366004329109612,
    "achievement_striving": 0.18188340589050755,
    "orderliness": 0.20253179949899067,
    "self_efficacy": 0.16307123574190724,
    "stress_prone": 0.8312376875744826,
    "agreeableness": 0.7532650728409174,
    "cooperative": 0.983863122309507,
    "trusting": 0.13118661380937324,
    "excitement_seeking": 0.31885837974560394,
    "outgoing": 0.21098329158255708,
    "gregariousness": 0.30149329960843446,
    "altruism": 0.8486027677116522,
    "modesty": 0.04336405866186732,
    "uncompromising": 0.1476639832672617,
    "sympathy": 0.9232920689739038,
    "fiery": 0.9072038329644673,
    "prone_to_worry": 0.8704185616654911,
    "immoderation": 0.08823600943648607
}