{
    "id": "1",
    "extraversion": 0.23687028413477107,
    "active": 0.9070149662574396,
    "assertive": 0.812373932315661,
    "cheerful": 0.14103394177851933,
    "openness": 0.7004133774933387,
    "adventurous": 0.049107254027940375,
    "artistic": 0.10646960679333617,
    "emotionally_aware": 1,
    "imaginative": 0.8100331200039844,
    "intellectual": 0.8300669870757278,
    "conscientiousness": 0.6260427820803347,
    "cautious": 0.7764773264935131,
    "disciplined": 0.9225913290335434,
    "dutiful": 0.8065343526657869,
    "neuroticism": 0.6364768284483403,
    "melancholy": 0.7667031899793311,
    "self_conscious": 0.8426426276863312,
    "authority_challenging": 0.8639714122070872,
    "achievement_striving": 0.8406379958662251,
    "orderliness": 0.7396344348432404,
    "self_efficacy": 0.7667156411086485,
    "stress_prone": 0.8530393206663844,
    "agreeableness": 0.24884827053813782,
    "cooperative": 0.7439425255870709,
    "trusting": 0.011741414946335625,
    "excitement_seeking": 0.04574544911223447,
    "outgoing": 0.7537291132305701,
    "gregariousness": 0.11455038972034765,
    "altruism": 0.11325547227133503,
    "modesty": 0,
    "uncompromising": 0.7109470328958837,
    "sympathy": 0.0800856637697039,
    "fiery": 0.040329207859152866,
    "prone_to_worry": 0.764262768633115,
    "immoderation": 0.020955250641233176
}