{
    "id": "1",
    "extraversion": 0.3660359973614499,
    "active": 0.19818442627241983,
    "assertive": 0.09430722355429444,
    "cheerful": 0.3281225459913933,
    "openness": 0.682033777628865,
    "adventurous": 0.22676871852324962,
    "artistic": 0.12934130482582426,
    "emotionally_aware": 0.7450448658213534,
    "imaginative": 1,
    "intellectual": 0.9268954108075848,
    "conscientiousness": 0.38355303799721485,
    "cautious": 0.336477954495482,
    "disciplined": 0.16761075104442608,
    "dutiful": 0.214424073628111,
    "neuroticism": 0.7972818746269907,
    "melancholy": 0.906017359984085,
    "self_conscious": 0.904394442292188,
    "authority_challenging": 0.9291570251395186,
    "achievement_striving": 0.13368653606541925,
    "orderliness": 0.8038363680149099,
    "self_efficacy": 0.7996063115792559,
    "stress_prone": 0.9024469410619117,
    "agreeableness": 0.3438386715109887,
    "cooperative": 0.12139424335389028,
    "trusting": 0,
    "excitement_seeking": 0.8283895421278021,
    "outgoing": 0.03223847466677834,
    "gregariousness": 0.24065251761650977,
    "altruism": 0.7603002921251846,
    "modesty": 0.25508077941930957,
    "uncompromising": 0.2616143319337849,
    "sympathy": 0.8272273236516695,
    "fiery": 0.9048551415079523,
    "prone_to_worry": 0.8993372213555028,
    "immoderation": 0.8708157517250045
}