{
    "id": "1",
    "extraversion": 0.3827715741264859,
    "active": 0.9543045335254464,
    "assertive": 0.1479030515103175,
    "cheerful": 0.26608346626871815,
    "openness": 0.6583955127875264,
    "adventurous": 0.2960325219986621,
    "artistic": 0.2551844800082334,
    "emotionally_aware": 0.8292389234806773,
    "imaginative": 1,
    "intellectual": 0.806957237688468,
    "conscientiousness": 0.37322080996243506,
    "cautious": 0.6993979313538826,
    "disciplined": 0,
    "dutiful": 0.8974733700406525,
    "neuroticism": 0.6741316317604076,
    "melancholy": 0.12312046518808215,
    "self_conscious": 0.8497504245355838,
    "authority_challenging": 0.8713940204806256,
    "achievement_striving": 0.8087377141974991,
    "orderliness": 0.8555549837904596,
    "self_efficacy": 0.8802552359388668,
    "stress_prone": 0.9011886996346421,
    "agreeableness": 0.3870014923069006,
    "cooperative": 0.9608295168013173,
    "trusting": 0.08840631914784133,
    "excitement_seeking": 0.1918695003344826,
    "outgoing": 0.7591622497812999,
    "gregariousness": 0.2433489425204549,
    "altruism": 0.28573045849843054,
    "modesty": 0.21323521844285498,
    "uncompromising": 0.2651366232696959,
    "sympathy": 0.2886327381258683,
    "fiery": 0.8399526578500489,
    "prone_to_worry": 0.17479545103689598,
    "immoderation": 0.1701126949004271
}