{
    "id": "1",
    "extraversion": 0.6032863604550346,
    "active": 0.7380835483500299,
    "assertive": 0.05928193128519045,
    "cheerful": 0.8474965788841418,
    "openness": 0.3202895674247093,
    "adventurous": 0.2439595107020861,
    "artistic": 0.21959907655987213,
    "emotionally_aware": 0.6432846890701877,
    "imaginative": 0.9494510545393768,
    "intellectual": 0.8000814800112819,
    "conscientiousness": 0.6213268706452589,
    "cautious": 0.7341975785812033,
    "disciplined": 0.13928903467078943,
    "dutiful": 0.8234077447795339,
    "neuroticism": 0.6046234683324803,
    "melancholy": 0.06424385504914916,
    "self_conscious": 0.1859415642072935,
    "authority_challenging": 0,
    "achievement_striving": 0.7584848896363694,
    "orderliness": 0.7844540316936351,
    "self_efficacy": 0.7723782761754536,
    "stress_prone": 0.7835138777173062,
    "agreeableness": 0.6435562891077939,
    "cooperative": 0.7273866853304642,
    "trusting": 1,
    "excitement_seeking": 0.8372489005421555,
    "outgoing": 0.8475905942817746,
    "gregariousness": 0.7186641456611894,
    "altruism": 0.8659444891307754,
    "modesty": 0.7678237524679042,
    "uncompromising": 0.8442687168987454,
    "sympathy": 0.7747704457374464,
    "fiery": 0.1523780672523478,
    "prone_to_worry": 0.16502836131161927,
    "immoderation": 0.8954966624533841
}