{
    "id": "1",
    "extraversion": 0.349428208386277,
    "active": 1,
    "assertive": 0.1322513572831235,
    "cheerful": 0.22610604135381773,
    "openness": 0.7069770128219939,
    "adventurous": 0.14669053944784566,
    "artistic": 0.18938431327249627,
    "emotionally_aware": 0.935809171768511,
    "imaginative": 0.8596511493589003,
    "intellectual": 0.8435716761002657,
    "conscientiousness": 0.6578029340418159,
    "cautious": 0.28776712487004735,
    "disciplined": 0,
    "dutiful": 0.12990643409957262,
    "neuroticism": 0.7507219591082361,
    "melancholy": 0.1651495899272265,
    "self_conscious": 0.9907242693773823,
    "authority_challenging": 0.11594085710985332,
    "achievement_striving": 0.8808478687767125,
    "orderliness": 0.22282545916599286,
    "self_efficacy": 0.2087905741018829,
    "stress_prone": 0.9265334411458935,
    "agreeableness": 0.6407069423587848,
    "cooperative": 0.9624812290631859,
    "trusting": 0.13815409495206196,
    "excitement_seeking": 0.21155134573177778,
    "outgoing": 0.7887836432944437,
    "gregariousness": 0.23274806514958993,
    "altruism": 0.19208732817373222,
    "modesty": 0.09023911285664782,
    "uncompromising": 0.8324592815062956,
    "sympathy": 0.16602749220284166,
    "fiery": 0.8071502830079704,
    "prone_to_worry": 0.9018828693542797,
    "immoderation": 0.8819914520041584
}