{
    "id": "1",
    "extraversion": 0.2624124223312855,
    "active": 0.02237092129958847,
    "assertive": 0.010212051619822561,
    "cheerful": 0.12488779566570686,
    "openness": 0.2846201373264476,
    "adventurous": 0.10165421247129318,
    "artistic": 0.10666697753581793,
    "emotionally_aware": 0.6981615975565686,
    "imaginative": 1,
    "intellectual": 0.9095254193819144,
    "conscientiousness": 0.3387696576164885,
    "cautious": 0.7372844802462083,
    "disciplined": 0.06524754899103534,
    "dutiful": 0.12969072405311202,
    "neuroticism": 0.7657406651822665,
    "melancholy": 0.9080682202352504,
    "self_conscious": 0.9744115829845771,
    "authority_challenging": 0.8952332101514322,
    "achievement_striving": 0.17550506522423384,
    "orderliness": 0.1805294878819319,
    "self_efficacy": 0.8387171984472086,
    "stress_prone": 0.9283174595772956,
    "agreeableness": 0.3360650960002798,
    "cooperative": 0.0950676723283711,
    "trusting": 0.08113684848626153,
    "excitement_seeking": 0.14729368974481533,
    "outgoing": 0,
    "gregariousness": 0.08919224536902108,
    "altruism": 0.1556638416432543,
    "modesty": 0.1646635035730523,
    "uncompromising": 0.772676933120388,
    "sympathy": 0.7755330434478498,
    "fiery": 0.1329781653279864,
    "prone_to_worry": 0.9360347862580292,
    "immoderation": 0.15277275853627262
}