{
    "id": "1",
    "extraversion": 0.2368478005175253,
    "active": 0.66186779581275,
    "assertive": 0.07647141848976713,
    "cheerful": 0.6321712538226301,
    "openness": 0.29338979063749704,
    "adventurous": 0.695469301340861,
    "artistic": 0.054641260879793006,
    "emotionally_aware": 0.5745565749235475,
    "imaginative": 0.689720065866855,
    "intellectual": 0.6097859327217127,
    "conscientiousness": 0.2627899317807575,
    "cautious": 0.572994589508351,
    "disciplined": 0,
    "dutiful": 0.10038108680310516,
    "neuroticism": 0.5098753234533051,
    "melancholy": 0.6343542695836274,
    "self_conscious": 0.6533145142319455,
    "authority_challenging": 0.009146083274523648,
    "achievement_striving": 0.10025876264408373,
    "orderliness": 0.11921900729240179,
    "self_efficacy": 0.1830533992001882,
    "stress_prone": 0.6273159256645495,
    "agreeableness": 0.28394260174076696,
    "cooperative": 0.07922841684309576,
    "trusting": 0.0561185603387438,
    "excitement_seeking": 0.18294048459186074,
    "outgoing": 0.6548953187485298,
    "gregariousness": 0.6676923076923077,
    "altruism": 0.63136203246295,
    "modesty": 0.13987297106563165,
    "uncompromising": 0.1568854387203011,
    "sympathy": 0.15432604093154553,
    "fiery": 0.6985556339684781,
    "prone_to_worry": 0.578969654199012,
    "immoderation": 1
}