{
    "id": "1",
    "extraversion": 0.7476033796409132,
    "active": 0.871943293525063,
    "assertive": 0.8450524006824276,
    "cheerful": 0.21470062555853445,
    "openness": 0.29993297587131373,
    "adventurous": 0.1333272402307255,
    "artistic": 0.7597083434885044,
    "emotionally_aware": 0.7487813794784305,
    "imaginative": 0.9194796490372898,
    "intellectual": 0.8438134698188319,
    "conscientiousness": 0.7124157120805914,
    "cautious": 0.7873100983020553,
    "disciplined": 0.8814485335933057,
    "dutiful": 1,
    "neuroticism": 0.6483772036721099,
    "melancholy": 0.8215533349581607,
    "self_conscious": 0.8436103663985702,
    "authority_challenging": 0.9795982614347226,
    "achievement_striving": 0.9695344869607604,
    "orderliness": 0.8602851572020472,
    "self_efficacy": 0.8847692745145829,
    "stress_prone": 0.7663396701600454,
    "agreeableness": 0.2448208627833293,
    "cooperative": 0.21574660817288166,
    "trusting": 0.9232573726541556,
    "excitement_seeking": 0.136566739783898,
    "outgoing": 0.8472459176212528,
    "gregariousness": 0.7484157933219596,
    "altruism": 0.24030181168250878,
    "modesty": 0.7693557559509302,
    "uncompromising": 0.16831180437078566,
    "sympathy": 0,
    "fiery": 0.810402957185799,
    "prone_to_worry": 0.1130270533755789,
    "immoderation": 0.16510277033065243
}