{
    "id": "1",
    "extraversion": 0.4775183673469387,
    "active": 0.5293632653061224,
    "assertive": 0.572342857142857,
    "cheerful": 0.5453714285714285,
    "openness": 0.4129142857142856,
    "adventurous": 0.5125142857142857,
    "artistic": 0.07765714285714284,
    "emotionally_aware": 0.522669387755102,
    "imaginative": 0.5646040816326531,
    "intellectual": 0.5920653061224489,
    "conscientiousness": 0.20677551020408158,
    "cautious": 0.536008163265306,
    "disciplined": 0.03210612244897957,
    "dutiful": 0,
    "neuroticism": 0.4403346938775509,
    "melancholy": 0.012906122448979583,
    "self_conscious": 0.5465061224489796,
    "authority_challenging": 0.08598367346938773,
    "achievement_striving": 0.11106122448979591,
    "orderliness": 0.0066204081632653105,
    "self_efficacy": 0.4975183673469387,
    "stress_prone": 0.5670122448979592,
    "agreeableness": 0.19810612244897957,
    "cooperative": 0.10782857142857141,
    "trusting": 0.5736408163265305,
    "excitement_seeking": 0.530734693877551,
    "outgoing": 0.5894204081632652,
    "gregariousness": 0.5345551020408164,
    "altruism": 0.032987755102040814,
    "modesty": 0.01675102040816325,
    "uncompromising": 0.059730612244897965,
    "sympathy": 0.06893061224489797,
    "fiery": 0.643673469387755,
    "prone_to_worry": 0.5273959183673469,
    "immoderation": 1
}