{
    "id": "1",
    "extraversion": 0.3074809872824277,
    "active": 0.9786166590651153,
    "assertive": 0.06342875932073953,
    "cheerful": 0.24450832104710488,
    "openness": 0.3324282183731265,
    "adventurous": 0.1626873428865389,
    "artistic": 0.7204997931670891,
    "emotionally_aware": 0.8489377273836167,
    "imaginative": 0.96006533798619,
    "intellectual": 0.8665026145801291,
    "conscientiousness": 0.6949691871996945,
    "cautious": 0.8075181111382174,
    "disciplined": 0.18813309432641412,
    "dutiful": 0.18902406686536766,
    "neuroticism": 0.8059164819312891,
    "melancholy": 0.8582399049629291,
    "self_conscious": 1,
    "authority_challenging": 0.18899224641754792,
    "achievement_striving": 0.8230252760423848,
    "orderliness": 0.7769386607834193,
    "self_efficacy": 0.8787747006226201,
    "stress_prone": 0.8650600876122997,
    "agreeableness": 0.3745584912865007,
    "cooperative": 0.8654419329861369,
    "trusting": 0.1991535760879941,
    "excitement_seeking": 0,
    "outgoing": 0.7780205560092915,
    "gregariousness": 0.2242917298656116,
    "altruism": 0.28877056396440354,
    "modesty": 0.1851631858632357,
    "uncompromising": 0.8186234474273167,
    "sympathy": 0.8367398890527052,
    "fiery": 0.17538370156662672,
    "prone_to_worry": 0.9114543005335228,
    "immoderation": 0.8234071214162221
}