{
    "id": "1",
    "extraversion": 0.2845698957507773,
    "active": 0.8199475705663598,
    "assertive": 0.017362677558983082,
    "cheerful": 0.15783698104005367,
    "openness": 0.29854294946046456,
    "adventurous": 0.11895384990550507,
    "artistic": 0.7488752057550448,
    "emotionally_aware": 0.8164604035847102,
    "imaginative": 0.8636468938608792,
    "intellectual": 0.860403584710114,
    "conscientiousness": 0.7060171919770775,
    "cautious": 0.18230811436932268,
    "disciplined": 0.07886362250807775,
    "dutiful": 0.06769493385356333,
    "neuroticism": 0.6670730963848076,
    "melancholy": 0.8644516247027982,
    "self_conscious": 0.9576053161007133,
    "authority_challenging": 0.9312808632567213,
    "achievement_striving": 0.7787477900384077,
    "orderliness": 0.024044382125220948,
    "self_efficacy": 0.15816618911174787,
    "stress_prone": 0.8217033469487289,
    "agreeableness": 0.3307809547034079,
    "cooperative": 0.09587270621227822,
    "trusting": 0.9138450283484729,
    "excitement_seeking": 0.17518746570749252,
    "outgoing": 0.807218191794184,
    "gregariousness": 0.7562519051393038,
    "altruism": 0,
    "modesty": 0.06323233554837525,
    "uncompromising": 0.8243492044138268,
    "sympathy": 0.8835578857526063,
    "fiery": 0.9325611168688654,
    "prone_to_worry": 0.8817533378040603,
    "immoderation": 1
}