{
    "id": "1",
    "extraversion": 0.27638070027674166,
    "active": 0.7775638711747482,
    "assertive": 0.8445834837364136,
    "cheerful": 0.2466409978743031,
    "openness": 0.2923334536557975,
    "adventurous": 0.1450186499819516,
    "artistic": 0.7054205270123932,
    "emotionally_aware": 0.7673063811013516,
    "imaginative": 0.8923113945373602,
    "intellectual": 0.7431416195403682,
    "conscientiousness": 0.5948241286648217,
    "cautious": 0.6943207796895681,
    "disciplined": 0.07143143624914769,
    "dutiful": 0.14137889543977858,
    "neuroticism": 0.7773633337344082,
    "melancholy": 0.7998636345405687,
    "self_conscious": 0.7100028075241647,
    "authority_challenging": 0.922702843620904,
    "achievement_striving": 0.84171579833955,
    "orderliness": 0.1969177395419725,
    "self_efficacy": 0.7653010066979505,
    "stress_prone": 1,
    "agreeableness": 0.25481289856816264,
    "cooperative": 0.18858540889584083,
    "trusting": 0.11181967673364618,
    "excitement_seeking": 0.7396622949504673,
    "outgoing": 0.7566879236353428,
    "gregariousness": 0.21711185978422168,
    "altruism": 0.22084185617454777,
    "modesty": 0,
    "uncompromising": 0.1507139132876108,
    "sympathy": 0.09197649701199212,
    "fiery": 0.766343801387719,
    "prone_to_worry": 0.8776019732884129,
    "immoderation": 0.8893935747804115
}