{
    "id": "1",
    "extraversion": 0.29651305414403367,
    "active": 0.03374802873663925,
    "assertive": 0.0695286490275101,
    "cheerful": 0.9168389696863501,
    "openness": 0.3647100052567023,
    "adventurous": 0.7915308685240349,
    "artistic": 0.23351439752350917,
    "emotionally_aware": 0.7849541498744232,
    "imaginative": 0.13409263477600608,
    "intellectual": 0.8447053326324397,
    "conscientiousness": 0.33350855674318086,
    "cautious": 0.27073184977513,
    "disciplined": 0.10036796916067986,
    "dutiful": 0.17376321476549267,
    "neuroticism": 0.7111617312072892,
    "melancholy": 0.8795163833888208,
    "self_conscious": 1,
    "authority_challenging": 0,
    "achievement_striving": 0.13670930436306294,
    "orderliness": 0.22593306465743826,
    "self_efficacy": 0.1987267098884411,
    "stress_prone": 0.2694819227848841,
    "agreeableness": 0.677226797500146,
    "cooperative": 0.9878745400385492,
    "trusting": 0.997219788563752,
    "excitement_seeking": 0.23979907715670817,
    "outgoing": 0.8808363997430058,
    "gregariousness": 0.19269902458968519,
    "altruism": 0.30273932597395015,
    "modesty": 0.8699842298931137,
    "uncompromising": 0.8979615676654401,
    "sympathy": 0.207861690321827,
    "fiery": 0.8685707610536768,
    "prone_to_worry": 0.8529641960165879,
    "immoderation": 0.9191519186963378
}