{
    "id": "1",
    "extraversion": 0.4962457888323417,
    "active": 1,
    "assertive": 0.30705684180345494,
    "cheerful": 0.404764891405634,
    "openness": 0.5208497598738442,
    "adventurous": 0.28532900867321337,
    "artistic": 0.38241882302343916,
    "emotionally_aware": 0.8933857787972189,
    "imaginative": 0.3143681456526414,
    "intellectual": 0.8576894129453085,
    "conscientiousness": 0.4829850906745037,
    "cautious": 0.4256325711418536,
    "disciplined": 0,
    "dutiful": 0.30313239194322983,
    "neuroticism": 0.7893609777076912,
    "melancholy": 0.8783062146082717,
    "self_conscious": 0.887705182424199,
    "authority_challenging": 0.8881173392588344,
    "achievement_striving": 0.9131424270661601,
    "orderliness": 0.3696598810121138,
    "self_efficacy": 0.3305139416529281,
    "stress_prone": 0.917075836857573,
    "agreeableness": 0.4621980503189735,
    "cooperative": 0.34629238047451794,
    "trusting": 0.258413375385277,
    "excitement_seeking": 0.3520356963658519,
    "outgoing": 0.8219661672998352,
    "gregariousness": 0.7931868683248512,
    "altruism": 0.3546519962726686,
    "modesty": 0.3437298401548276,
    "uncompromising": 0.3528689699663106,
    "sympathy": 0.37991900222206293,
    "fiery": 0.9191455809619383,
    "prone_to_worry": 0.9437943516593793,
    "immoderation": 0.9439825102143217
}