{
    "id": "1",
    "extraversion": 0.24868391060361014,
    "active": 0.09128504596815336,
    "assertive": 0.03882599398669254,
    "cheerful": 0.1560312170977651,
    "openness": 0.279423417165062,
    "adventurous": 0,
    "artistic": 0.08098427205331656,
    "emotionally_aware": 0.6159624005470591,
    "imaginative": 0.9822857080832311,
    "intellectual": 1,
    "conscientiousness": 0.2628379771841657,
    "cautious": 0.7230188105808161,
    "disciplined": 0.04816073114871535,
    "dutiful": 0.7935177848451629,
    "neuroticism": 0.6392666804155044,
    "melancholy": 0.8338199698249193,
    "self_conscious": 0.8673707518805154,
    "authority_challenging": 0.7386056507722867,
    "achievement_striving": 0.14404801962465674,
    "orderliness": 0.12495522582465891,
    "self_efficacy": 0.7387684659553453,
    "stress_prone": 0.8047954498583508,
    "agreeableness": 0.23384602025420878,
    "cooperative": 0.16089396389844676,
    "trusting": 0.04894224402739633,
    "excitement_seeking": 0.09210997622898327,
    "outgoing": 0.040877465293230116,
    "gregariousness": 0.033453092945760855,
    "altruism": 0.6829337125118041,
    "modesty": 0.6888710395206721,
    "uncompromising": 0.18846400156302576,
    "sympathy": 0.6801875630908834,
    "fiery": 0.08986312670277544,
    "prone_to_worry": 0.7384971073169143,
    "immoderation": 0.772720858795819
}