{
    "id": "1",
    "extraversion": 0.3218350164629969,
    "active": 0.20496983625395002,
    "assertive": 0.10467814288555455,
    "cheerful": 0,
    "openness": 0.6977216980089719,
    "adventurous": 0.850297217864009,
    "artistic": 0.19888184208781737,
    "emotionally_aware": 0.9716593375024861,
    "imaginative": 0.11580447705124525,
    "intellectual": 0.2494751729167127,
    "conscientiousness": 0.34310432457516626,
    "cautious": 0.2934722559830288,
    "disciplined": 0.16076282235431907,
    "dutiful": 0.07622699047576956,
    "neuroticism": 0.7031909486663869,
    "melancholy": 0.9228448942611539,
    "self_conscious": 0.9212538395244515,
    "authority_challenging": 1,
    "achievement_striving": 0.14327226924181824,
    "orderliness": 0.197091905509027,
    "self_efficacy": 0.1321901310410359,
    "stress_prone": 0.7816166883963495,
    "agreeableness": 0.3479658807150907,
    "cooperative": 0.08052504806311184,
    "trusting": 0.05215123859191658,
    "excitement_seeking": 0.7555742160740725,
    "outgoing": 0.1787616290632665,
    "gregariousness": 0.18065100656310076,
    "altruism": 0.22226150752436305,
    "modesty": 0.05585265065299536,
    "uncompromising": 0.22074779572625022,
    "sympathy": 0.8757761916337038,
    "fiery": 0.8868030848783507,
    "prone_to_worry": 0.9749519368881622,
    "immoderation": 0.9634278390382959
}