{
    "id": "1",
    "extraversion": 0.3240313426680545,
    "active": 0.25418785962569473,
    "assertive": 0.13892107382023136,
    "cheerful": 0.19854284087115337,
    "openness": 0.40649240981127627,
    "adventurous": 0.21334027218632784,
    "artistic": 0.3167160896290332,
    "emotionally_aware": 0.7159619803224603,
    "imaginative": 1,
    "intellectual": 0.8330845819995679,
    "conscientiousness": 0.3825631861118202,
    "cautious": 0.7366901671216197,
    "disciplined": 0.2372007619646119,
    "dutiful": 0.18717228648298348,
    "neuroticism": 0.6720901003515248,
    "melancholy": 0.8535280139824434,
    "self_conscious": 0.8905461400993696,
    "authority_challenging": 0.21909428330158484,
    "achievement_striving": 0.3150075607313289,
    "orderliness": 0.2911568900846409,
    "self_efficacy": 0.2885253628169125,
    "stress_prone": 0.7979124526226901,
    "agreeableness": 0.3248757879853106,
    "cooperative": 0.28420494491467174,
    "trusting": 0.20545550951473854,
    "excitement_seeking": 0.17032265666424465,
    "outgoing": 0.2911372518214489,
    "gregariousness": 0.2645666817226685,
    "altruism": 0.27248090178904577,
    "modesty": 0,
    "uncompromising": 0.8207124761886059,
    "sympathy": 0.3089982521945759,
    "fiery": 0.7838710944404077,
    "prone_to_worry": 0.940358594685886,
    "immoderation": 0.9118340173995012
}