{
    "id": "1",
    "extraversion": 0.2563719714908955,
    "active": 0.04537660247063351,
    "assertive": 0.886780127614404,
    "cheerful": 0.14065580272259612,
    "openness": 0.7777829621939413,
    "adventurous": 0.1665519614590502,
    "artistic": 0.1476430996068916,
    "emotionally_aware": 0.861233916968983,
    "imaginative": 0.816090613225705,
    "intellectual": 1,
    "conscientiousness": 0.3413743628028509,
    "cautious": 0.7467658963920352,
    "disciplined": 0.004619314801637715,
    "dutiful": 0,
    "neuroticism": 0.6656129340814445,
    "melancholy": 0.8155423612164195,
    "self_conscious": 0.8596591505593338,
    "authority_challenging": 0.8664131487162738,
    "achievement_striving": 0.8231478997282069,
    "orderliness": 0.15264735730866585,
    "self_efficacy": 0.8236494919920212,
    "stress_prone": 0.8697726503901921,
    "agreeableness": 0.2933264899039976,
    "cooperative": 0.1114701319304303,
    "trusting": 0.02581450418187967,
    "excitement_seeking": 0.016774178496856303,
    "outgoing": 0.8237894712284345,
    "gregariousness": 0.22434005622499328,
    "altruism": 0.1522157546630583,
    "modesty": 0.06329394473153147,
    "uncompromising": 0.7782962193941232,
    "sympathy": 0.11475964398614202,
    "fiery": 0.8985033886640148,
    "prone_to_worry": 0.7957702940730458,
    "immoderation": 0.053308759200718515
}