{
    "id": "1",
    "extraversion": 0.3622791528774887,
    "active": 0.8686494887871514,
    "assertive": 0.04027321075503025,
    "cheerful": 0.25512005836390744,
    "openness": 0.4016959367301409,
    "adventurous": 0.2907516467714821,
    "artistic": 0.18220746677380817,
    "emotionally_aware": 0.7826896034003319,
    "imaginative": 0.9972721217183518,
    "intellectual": 0.8062360566299072,
    "conscientiousness": 0.3522134934816397,
    "cautious": 0.7693145412829486,
    "disciplined": 0.05060319944173661,
    "dutiful": 0.10039226466763237,
    "neuroticism": 0.7237124520242337,
    "melancholy": 0.8919950517556751,
    "self_conscious": 1,
    "authority_challenging": 0.9198236394971399,
    "achievement_striving": 0.2653443153342709,
    "orderliness": 0.2613899491430445,
    "self_efficacy": 0.20875670074752328,
    "stress_prone": 0.8129500206176846,
    "agreeableness": 0.6720519354190676,
    "cooperative": 0.14268495120481295,
    "trusting": 0.06606117637107606,
    "excitement_seeking": 0.238266422778841,
    "outgoing": 0.2781801456983051,
    "gregariousness": 0.3095613191088931,
    "altruism": 0.27489188932003933,
    "modesty": 0,
    "uncompromising": 0.8464458283551316,
    "sympathy": 0.9382738239989848,
    "fiery": 0.26372662007422365,
    "prone_to_worry": 0.8252360460567356,
    "immoderation": 0.9421541779887712
}