{
    "id": "1",
    "extraversion": 0.20077106090339158,
    "active": 0.09667783894552211,
    "assertive": 0.028975565705155994,
    "cheerful": 0.6445912856224927,
    "openness": 0.28626504350242254,
    "adventurous": 0.20163937273153532,
    "artistic": 0.08592813851310281,
    "emotionally_aware": 0.6639980549815049,
    "imaginative": 1,
    "intellectual": 0.6810951148776547,
    "conscientiousness": 0.29087577930986575,
    "cautious": 0.609129430561103,
    "disciplined": 0.10459684281819281,
    "dutiful": 0.06112046958303661,
    "neuroticism": 0.5974766858274143,
    "melancholy": 0.8078165430769497,
    "self_conscious": 0.9146536304117535,
    "authority_challenging": 0.16367677960509178,
    "achievement_striving": 0.11863744507927683,
    "orderliness": 0.2242849452095236,
    "self_efficacy": 0.13853046906204952,
    "stress_prone": 0.7766094159734643,
    "agreeableness": 0.2782418422103745,
    "cooperative": 0.043797648611569366,
    "trusting": 0.013450150217946223,
    "excitement_seeking": 0,
    "outgoing": 0.6237431186287619,
    "gregariousness": 0.027586266780126045,
    "altruism": 0.06156330861538992,
    "modesty": 0.07538683291943798,
    "uncompromising": 0.7939148707083687,
    "sympathy": 0.7024990014413975,
    "fiery": 0.09531458937533645,
    "prone_to_worry": 0.7229390618759007,
    "immoderation": 0.07315527152110865
}