{
    "id": "1",
    "extraversion": 0.2744831653554917,
    "active": 0.2054911377207671,
    "assertive": 0,
    "cheerful": 0.7259170326371994,
    "openness": 0.6343980706244142,
    "adventurous": 0.6765452381704633,
    "artistic": 0.6612429307130897,
    "emotionally_aware": 0.7570692869103662,
    "imaginative": 1,
    "intellectual": 0.7141322549050583,
    "conscientiousness": 0.6965972639095132,
    "cautious": 0.6327235579707855,
    "disciplined": 0.08490516360725836,
    "dutiful": 0.9628026497319726,
    "neuroticism": 0.5784335408043979,
    "melancholy": 0.7960991227238738,
    "self_conscious": 0.8234284330142282,
    "authority_challenging": 0.8946110180826303,
    "achievement_striving": 0.728265562962729,
    "orderliness": 0.1772771792360431,
    "self_efficacy": 0.7213674133518688,
    "stress_prone": 0.6742072393710572,
    "agreeableness": 0.66127452529146,
    "cooperative": 0.15065348119596012,
    "trusting": 0.017419144208187208,
    "excitement_seeking": 0.18470190515307575,
    "outgoing": 0.1635967268016808,
    "gregariousness": 0.20122586964076963,
    "altruism": 0.6882984213242341,
    "modesty": 0.7557107200404412,
    "uncompromising": 0.8533379672048277,
    "sympathy": 0.8194580476656873,
    "fiery": 0.1330763640959211,
    "prone_to_worry": 0.7740461070213684,
    "immoderation": 0.14140680125957053
}