{
    "id": "1",
    "extraversion": 0.3070146386699344,
    "active": 0.8955752798569252,
    "assertive": 0.03707138283544192,
    "cheerful": 0.2319555761630346,
    "openness": 0.35279636130798614,
    "adventurous": 0.22592788854297763,
    "artistic": 0.745269479587556,
    "emotionally_aware": 0.7828486895851272,
    "imaginative": 0.8635711289218608,
    "intellectual": 0.7830805237243602,
    "conscientiousness": 0.2780353712658144,
    "cautious": 0.752434258461946,
    "disciplined": 0.8628535470623302,
    "dutiful": 0.14757898920315296,
    "neuroticism": 0.6969044622551941,
    "melancholy": 0.18810580468525753,
    "self_conscious": 0.8940407586496213,
    "authority_challenging": 0.8402773177894062,
    "achievement_striving": 0.726424675984191,
    "orderliness": 0.8014064604446799,
    "self_efficacy": 0.8153165087986576,
    "stress_prone": 0.8901216577244926,
    "agreeableness": 0.29938619151707846,
    "cooperative": 0.06514539312446181,
    "trusting": 0,
    "excitement_seeking": 0.11389680068887856,
    "outgoing": 1,
    "gregariousness": 0.22371994435980655,
    "altruism": 0.7542889315758098,
    "modesty": 0.7636726943542868,
    "uncompromising": 0.7997063434236383,
    "sympathy": 0.7857852553487448,
    "fiery": 0.8100836810845421,
    "prone_to_worry": 0.8053697202534719,
    "immoderation": 0.06876642158486235
}