{
    "id": "1",
    "extraversion": 0.33611391804664786,
    "active": 1,
    "assertive": 0.15340991111752694,
    "cheerful": 0.2712152770617228,
    "openness": 0.3678105215400796,
    "adventurous": 0.265801901383762,
    "artistic": 0.7732362706481616,
    "emotionally_aware": 0.7917654822544391,
    "imaginative": 0.9160772102039555,
    "intellectual": 0.8364644985667444,
    "conscientiousness": 0.6704646223010456,
    "cautious": 0.31493473015611145,
    "disciplined": 0.07739580540718893,
    "dutiful": 0.19769647975913054,
    "neuroticism": 0.7086469654162628,
    "melancholy": 0.876698768843703,
    "self_conscious": 0.9834917819801614,
    "authority_challenging": 0.873935369450001,
    "achievement_striving": 0.8821637004805016,
    "orderliness": 0.17700191788166875,
    "self_efficacy": 0.24647872801138354,
    "stress_prone": 0.9594667051617827,
    "agreeableness": 0.32400857891155066,
    "cooperative": 0.10680332432822581,
    "trusting": 0,
    "excitement_seeking": 0.12964261409333688,
    "outgoing": 0.20640943680270565,
    "gregariousness": 0.2550267059866779,
    "altruism": 0.2495514631581118,
    "modesty": 0.07371470994617559,
    "uncompromising": 0.7856921903033554,
    "sympathy": 0.8172959930708792,
    "fiery": 0.835227155554639,
    "prone_to_worry": 0.9079829246664329,
    "immoderation": 0.8382689571260646
}