{
    "id": "1",
    "extraversion": 0.2940076637799078,
    "active": 1,
    "assertive": 0.8409303376788816,
    "cheerful": 0.033778161309211914,
    "openness": 0.624166589617941,
    "adventurous": 0.22187978344171522,
    "artistic": 0.7384760789389877,
    "emotionally_aware": 0.7981323388911148,
    "imaginative": 0.7838320954171419,
    "intellectual": 0.7783873188070803,
    "conscientiousness": 0.6118079740294429,
    "cautious": 0.6569482540758778,
    "disciplined": 0,
    "dutiful": 0.7598134393523799,
    "neuroticism": 0.6133386753783092,
    "melancholy": 0.7537728192642361,
    "self_conscious": 0.7673231218088987,
    "authority_challenging": 0.7864209325977748,
    "achievement_striving": 0.7574403386034663,
    "orderliness": 0.7318190690459314,
    "self_efficacy": 0.7059101509127707,
    "stress_prone": 0.7105228012862002,
    "agreeableness": 0.3398465189385768,
    "cooperative": 0.7628234762330365,
    "trusting": 0.1415539186981847,
    "excitement_seeking": 0.06006718648873545,
    "outgoing": 0.18066385181989095,
    "gregariousness": 0.1925190824010438,
    "altruism": 0.22052372587090743,
    "modesty": 0.1491046938083644,
    "uncompromising": 0.751430538005568,
    "sympathy": 0.1371878242467203,
    "fiery": 0.771925499018913,
    "prone_to_worry": 0.7289836759433334,
    "immoderation": 0.05231094811025156
}