{
    "id": "1",
    "extraversion": 0.3848822827621685,
    "active": 0.2602694745137529,
    "assertive": 0,
    "cheerful": 0.7572868666746934,
    "openness": 0.6968247540032617,
    "adventurous": 0.35107209701958125,
    "artistic": 0.7723257773934744,
    "emotionally_aware": 0.7578779155675712,
    "imaginative": 0.8894191302824995,
    "intellectual": 0.8449153377187704,
    "conscientiousness": 0.6951282247737048,
    "cautious": 0.7834681435592089,
    "disciplined": 0.13271236715081594,
    "dutiful": 0.13885270842682484,
    "neuroticism": 0.6975580924444251,
    "melancholy": 1,
    "self_conscious": 0.8904151571204973,
    "authority_challenging": 0.9120760045094841,
    "achievement_striving": 0.16101704190974467,
    "orderliness": 0.21619255059487974,
    "self_efficacy": 0.8310804154854811,
    "stress_prone": 0.29221895077876164,
    "agreeableness": 0.6593916574543306,
    "cooperative": 0.2689929183586353,
    "trusting": 0.15320206210391515,
    "excitement_seeking": 0.2983374013550343,
    "outgoing": 0.8571850749209199,
    "gregariousness": 0.796591618051071,
    "altruism": 0.9639350721845824,
    "modesty": 0.2775193459058919,
    "uncompromising": 0.8476516751857974,
    "sympathy": 0.8977485415321301,
    "fiery": 0.2501669165854887,
    "prone_to_worry": 0.8587830960016638,
    "immoderation": 0.1604807197662073
}