{
    "id": "1",
    "extraversion": 0.6898244541651546,
    "active": 0.8987602911119177,
    "assertive": 0.8183702317052206,
    "cheerful": 0.7135202765945255,
    "openness": 0.6582300242593265,
    "adventurous": 0.176118889801532,
    "artistic": 0.7510458252946458,
    "emotionally_aware": 0.8182842734618251,
    "imaginative": 0.888196978090199,
    "intellectual": 0.8162403774521977,
    "conscientiousness": 0.3496876850489963,
    "cautious": 0.3228591621936544,
    "disciplined": 0,
    "dutiful": 0.8438807281618309,
    "neuroticism": 0.679719585108212,
    "melancholy": 0.20557391453840426,
    "self_conscious": 0.8837558021814295,
    "authority_challenging": 0.20440870279459802,
    "achievement_striving": 0.3034708028499934,
    "orderliness": 0.19085595308590098,
    "self_efficacy": 0.23381597295180614,
    "stress_prone": 0.9274703444060286,
    "agreeableness": 0.30344215010219483,
    "cooperative": 0.27433095833890475,
    "trusting": 0.21838169280434,
    "excitement_seeking": 0.7706252029569637,
    "outgoing": 0.25985176978472235,
    "gregariousness": 0.30293595155775443,
    "altruism": 0.16403698114649198,
    "modesty": 0.30019483868502994,
    "uncompromising": 0.21275620331989842,
    "sympathy": 0.7585623961337893,
    "fiery": 0.8479016637695556,
    "prone_to_worry": 0.781981242001108,
    "immoderation": 1
}