{
    "id": "1",
    "extraversion": 0.20301338318497514,
    "active": 1,
    "assertive": 0.9483862181669618,
    "cheerful": 0.16077154494695006,
    "openness": 0.7007415844403452,
    "adventurous": 0.20839884614908444,
    "artistic": 0.8882299778391293,
    "emotionally_aware": 0.8482537481584193,
    "imaginative": 0.9146125561759498,
    "intellectual": 0.8740544488876232,
    "conscientiousness": 0.6771322100206751,
    "cautious": 0.7484184071409999,
    "disciplined": 0.9434340683149072,
    "dutiful": 0.04084285590481963,
    "neuroticism": 0.6483725997548685,
    "melancholy": 0.964134054696495,
    "self_conscious": 0.9935374444430688,
    "authority_challenging": 0.839872234533817,
    "achievement_striving": 0.2065170292053037,
    "orderliness": 0.13867257623215679,
    "self_efficacy": 0.8454681638666385,
    "stress_prone": 0.7600683396679583,
    "agreeableness": 0.30038502965099717,
    "cooperative": 0.11306996149703485,
    "trusting": 0.0446436309162715,
    "excitement_seeking": 0.08428559048196795,
    "outgoing": 0,
    "gregariousness": 0.2034466962970299,
    "altruism": 0.07037004939769477,
    "modesty": 0.08167333143500918,
    "uncompromising": 0.7832196402263132,
    "sympathy": 0.8342144033278446,
    "fiery": 0.7735629480148069,
    "prone_to_worry": 0.8731011600411028,
    "immoderation": 0.0617161675312295
}