{
    "id": "1",
    "extraversion": 0.3712333418215771,
    "active": 0.9040191834309481,
    "assertive": 0.18661403955521602,
    "cheerful": 0.1678444104914693,
    "openness": 0.6768950004244122,
    "adventurous": 0.23057253204312028,
    "artistic": 0.25578261607673375,
    "emotionally_aware": 0.8171420083184789,
    "imaginative": 0.9445081062728121,
    "intellectual": 0.8234233087174263,
    "conscientiousness": 0.41009888804006456,
    "cautious": 0.7241002461590696,
    "disciplined": 1,
    "dutiful": 0.18996689584924883,
    "neuroticism": 0.7093519225872167,
    "melancholy": 0.8566335625159156,
    "self_conscious": 0.8485060690943045,
    "authority_challenging": 0.9072765469824293,
    "achievement_striving": 0.27685468126644597,
    "orderliness": 0.8269671504965622,
    "self_efficacy": 0.24187250657838893,
    "stress_prone": 0.9079449961802903,
    "agreeableness": 0.36825184619302265,
    "cooperative": 0.8037730243612596,
    "trusting": 0,
    "excitement_seeking": 0.21207877090230032,
    "outgoing": 0.19685298361768952,
    "gregariousness": 0.22980859010270777,
    "altruism": 0.22619047619047616,
    "modesty": 0.03718911807147104,
    "uncompromising": 0.26171377641965876,
    "sympathy": 0.21214243273066805,
    "fiery": 0.8556680247856718,
    "prone_to_worry": 0.8320070452423394,
    "immoderation": 0.8390841184958833
}