{
    "id": "1",
    "extraversion": 0.3574723194959145,
    "active": 1,
    "assertive": 0.1017577261755006,
    "cheerful": 0.16506306735117124,
    "openness": 0.6870431441879441,
    "adventurous": 0.31559741157538046,
    "artistic": 0.19051666496673805,
    "emotionally_aware": 0.8355602398032616,
    "imaginative": 0.8518115572479289,
    "intellectual": 0.8634277360350865,
    "conscientiousness": 0.6811613912215687,
    "cautious": 0.7282040820952187,
    "disciplined": 0,
    "dutiful": 0.855936717324539,
    "neuroticism": 0.6659186980813473,
    "melancholy": 0.1646777502011582,
    "self_conscious": 0.8845408492843301,
    "authority_challenging": 0.0720543070524371,
    "achievement_striving": 0.8465304457212796,
    "orderliness": 0.7574655197815024,
    "self_efficacy": 0.827751901086821,
    "stress_prone": 0.8128265279524927,
    "agreeableness": 0.6689899024240982,
    "cooperative": 0.8005757091535489,
    "trusting": 0.08760298734119831,
    "excitement_seeking": 0.24305579165675037,
    "outgoing": 0.8074887521390769,
    "gregariousness": 0.7340745022042408,
    "altruism": 0.8183116309115017,
    "modesty": 0.1770418975736352,
    "uncompromising": 0.808860027878829,
    "sympathy": 0.24406441596119627,
    "fiery": 0.809834653611215,
    "prone_to_worry": 0.7579188340756354,
    "immoderation": 0.023164360430195218
}