{
    "id": "1",
    "extraversion": 0.657100028106555,
    "active": 1,
    "assertive": 0.17768547723889533,
    "cheerful": 0.7501431352341692,
    "openness": 0.6027398686278796,
    "adventurous": 0.260693503221844,
    "artistic": 0.19444531193071216,
    "emotionally_aware": 0.7584605935688037,
    "imaginative": 0.8329637841832964,
    "intellectual": 0.7836003456065291,
    "conscientiousness": 0.33234439898816404,
    "cautious": 0.2652946503856844,
    "disciplined": 0.060012699998958995,
    "dutiful": 0.12853023536637412,
    "neuroticism": 0.6109428187751789,
    "melancholy": 0,
    "self_conscious": 0.20327285219074984,
    "authority_challenging": 0.8043575570198723,
    "achievement_striving": 0.7724201825885098,
    "orderliness": 0.18316105056056964,
    "self_efficacy": 0.7195694492156189,
    "stress_prone": 0.7869835420505293,
    "agreeableness": 0.3431081685976911,
    "cooperative": 0.7656017405244475,
    "trusting": 0.9045105815974933,
    "excitement_seeking": 0.8509936187710149,
    "outgoing": 0.7629680522157334,
    "gregariousness": 0.7303436286603583,
    "altruism": 0.17491646107242123,
    "modesty": 0.16641162570396512,
    "uncompromising": 0.038880734517972575,
    "sympathy": 0.7591892820336655,
    "fiery": 0.7704319040629587,
    "prone_to_worry": 0.13832589030115652,
    "immoderation": 0.9048436963242872
}