{
    "id": "1",
    "extraversion": 0.5754348526332742,
    "active": 0.7182416653245289,
    "assertive": 0.7528486873892736,
    "cheerful": 0.7228116443871799,
    "openness": 0.26398172008374937,
    "adventurous": 0.6721492994040908,
    "artistic": 0.6687973103559349,
    "emotionally_aware": 0.11216580769850215,
    "imaginative": 0.7380314865517796,
    "intellectual": 0.6575736833628604,
    "conscientiousness": 0.528325817361894,
    "cautious": 0.6309087614752777,
    "disciplined": 0.7550934127878886,
    "dutiful": 0.05728579481397967,
    "neuroticism": 0.6413673699468513,
    "melancholy": 0,
    "self_conscious": 0.6612679175390562,
    "authority_challenging": 0.7749436302142052,
    "achievement_striving": 0.7873349170558867,
    "orderliness": 0.6546847318408762,
    "self_efficacy": 0.6903084232565632,
    "stress_prone": 0.7536741021098404,
    "agreeableness": 0.5196992269286519,
    "cooperative": 0.6702770172330489,
    "trusting": 1,
    "excitement_seeking": 0.8966822354646481,
    "outgoing": 0.8437349009502336,
    "gregariousness": 0.7570462232243518,
    "altruism": 0.7705447737155742,
    "modesty": 0.10376066999516831,
    "uncompromising": 0.11074649702045414,
    "sympathy": 0.14028023836366563,
    "fiery": 0.6431087936865839,
    "prone_to_worry": 0.7310456595264938,
    "immoderation": 0.7765340634562731
}