{
    "id": "1",
    "extraversion": 0.5793379948929671,
    "active": 0.74685583371119,
    "assertive": 0.8051571486528412,
    "cheerful": 0.7393981337851706,
    "openness": 0.30012170966279267,
    "adventurous": 0.18696752022528224,
    "artistic": 0.15268596520535524,
    "emotionally_aware": 0.6871107080638618,
    "imaginative": 0.7998472663055152,
    "intellectual": 0.7329188840894447,
    "conscientiousness": 0.2552084576283321,
    "cautious": 0.7451137150084719,
    "disciplined": 0,
    "dutiful": 0.04170345798630174,
    "neuroticism": 0.633331742357349,
    "melancholy": 0.7633582321074863,
    "self_conscious": 0.7565926067346014,
    "authority_challenging": 1,
    "achievement_striving": 0.8963439371882681,
    "orderliness": 0.11832088394625685,
    "self_efficacy": 0.7323103357754815,
    "stress_prone": 0.7675584087058205,
    "agreeableness": 0.2966971338567645,
    "cooperative": 0.7445051666945086,
    "trusting": 0.9102928191298952,
    "excitement_seeking": 0.7521299190988713,
    "outgoing": 0.8119585709853709,
    "gregariousness": 0.6983628857122401,
    "altruism": 0.16758943273751284,
    "modesty": 0.08420638140467272,
    "uncompromising": 0.7759468295826074,
    "sympathy": 0.7752308903897097,
    "fiery": 0.7719972317017875,
    "prone_to_worry": 0.8167553635777868,
    "immoderation": 0.830215020404267
}