{
    "id": "1",
    "extraversion": 0.36764489323656246,
    "active": 0.8335437046386873,
    "assertive": 0.18044598716735036,
    "cheerful": 0.05533817187335646,
    "openness": 0.30944567161039227,
    "adventurous": 0.16472073209214258,
    "artistic": 0.21360050489113283,
    "emotionally_aware": 0.8127590196697171,
    "imaginative": 0.1244872199431997,
    "intellectual": 0.8138108761964868,
    "conscientiousness": 0.40257704849058584,
    "cautious": 0.7964236878089828,
    "disciplined": 0.07804775428631533,
    "dutiful": 0.20985589565583251,
    "neuroticism": 0.7158619964236879,
    "melancholy": 0.8652992531818661,
    "self_conscious": 0.8110339749658146,
    "authority_challenging": 0.9374355737877352,
    "achievement_striving": 0.25632691700852,
    "orderliness": 0.2565267697486063,
    "self_efficacy": 0.26335331860734196,
    "stress_prone": 0.8111076049226886,
    "agreeableness": 0.3628168717786893,
    "cooperative": 0.16816030293467968,
    "trusting": 0.038981802882086865,
    "excitement_seeking": 0.06494162196276423,
    "outgoing": 0.13689912695908277,
    "gregariousness": 0.17712212054275794,
    "altruism": 0.08229725465446511,
    "modesty": 0.08733564741769222,
    "uncompromising": 0.8028926054486167,
    "sympathy": 0,
    "fiery": 0.9134532449773851,
    "prone_to_worry": 1,
    "immoderation": 0.887830019985274
}