{
    "id": "1",
    "extraversion": 0.503625586944808,
    "active": 0.6008698329612809,
    "assertive": 0.12859672080671233,
    "cheerful": 0.5330305596181972,
    "openness": 0.4685936417519822,
    "adventurous": 0.2043029789854515,
    "artistic": 0.5223231467939343,
    "emotionally_aware": 0.5357632206912478,
    "imaginative": 0.6610884458471249,
    "intellectual": 0.8193364637056424,
    "conscientiousness": 0.28246478331152336,
    "cautious": 0.22728042490955275,
    "disciplined": 0,
    "dutiful": 0.11597259641290125,
    "neuroticism": 0.49171734277576784,
    "melancholy": 0.561788930798245,
    "self_conscious": 0.6255946424447695,
    "authority_challenging": 0.6090062350858286,
    "achievement_striving": 0.5414594719421137,
    "orderliness": 0.17398198752982835,
    "self_efficacy": 0.20066969440381802,
    "stress_prone": 0.601447155723193,
    "agreeableness": 0.2305134323762605,
    "cooperative": 0.1554614733276884,
    "trusting": 0.11455623123701025,
    "excitement_seeking": 0.5570010006927874,
    "outgoing": 0.6774690170117774,
    "gregariousness": 0.14784081287044878,
    "altruism": 0.14017396659225617,
    "modesty": 0.15892540989916096,
    "uncompromising": 0.551828188746055,
    "sympathy": 0.17344315295204374,
    "fiery": 0.5899853744900316,
    "prone_to_worry": 0.18332691863597878,
    "immoderation": 1
}