{
    "id": "1",
    "extraversion": 0.6323147988044363,
    "active": 0.9127905540597288,
    "assertive": 0.03917693846799888,
    "cheerful": 0.030148457377170645,
    "openness": 0.25882469184596,
    "adventurous": 0.0725242694464343,
    "artistic": 0.6956870785267889,
    "emotionally_aware": 0.7821431218042141,
    "imaginative": 0.8943630659783117,
    "intellectual": 0.9467554282044315,
    "conscientiousness": 0.25791072795988434,
    "cautious": 0.7227231183459724,
    "disciplined": 0.9876861892646296,
    "dutiful": 0.8791344514981596,
    "neuroticism": 0.7410641503841118,
    "melancholy": 0.7872563792209075,
    "self_conscious": 0.8249635649531901,
    "authority_challenging": 0.8279524738779241,
    "achievement_striving": 0.8556801620433266,
    "orderliness": 0.09470641997875648,
    "self_efficacy": 0.7693105748091791,
    "stress_prone": 1,
    "agreeableness": 0.15718943754168416,
    "cooperative": 0.7236123805053972,
    "trusting": 0,
    "excitement_seeking": 0.03990563940419436,
    "outgoing": 0.9299829558086109,
    "gregariousness": 0.0869377269471136,
    "altruism": 0.0922609490403379,
    "modesty": 0.04939110243806038,
    "uncompromising": 0.017525875058666575,
    "sympathy": 0.02607267247980629,
    "fiery": 0.8029666773707481,
    "prone_to_worry": 0.8562483017562927,
    "immoderation": 0.9927129906380456
}