{
    "id": "1",
    "extraversion": 0.22003456899798185,
    "active": 0.8671990421104468,
    "assertive": 0.24208920346462473,
    "cheerful": 0.29904114483251415,
    "openness": 0.30484448778980505,
    "adventurous": 0.16760170334392294,
    "artistic": 0.23664313786077767,
    "emotionally_aware": 0.84014252469559,
    "imaginative": 0.8913394038296268,
    "intellectual": 0.8175857707051881,
    "conscientiousness": 0.3730748061528954,
    "cautious": 0.7999439943608114,
    "disciplined": 0,
    "dutiful": 0.12635065323818812,
    "neuroticism": 0.9334015700891262,
    "melancholy": 0.9003582429679126,
    "self_conscious": 0.8462838327169493,
    "authority_challenging": 0.8608356427612711,
    "achievement_striving": 0.8561137880089995,
    "orderliness": 0.2887766630295188,
    "self_efficacy": 0.24915750137600062,
    "stress_prone": 0.9600911540058515,
    "agreeableness": 0.31906798891474586,
    "cooperative": 0.8420737536331244,
    "trusting": 0.13872017458309593,
    "excitement_seeking": 0.061471017081719995,
    "outgoing": 0.7834319869448924,
    "gregariousness": 0.2883035119398229,
    "altruism": 0.1334382634389394,
    "modesty": 0.03557323702938363,
    "uncompromising": 0.7725495118818859,
    "sympathy": 0.2618070509168509,
    "fiery": 0.8969785923272273,
    "prone_to_worry": 1,
    "immoderation": 0.9071272003939705
}