{
    "id": "1",
    "extraversion": 0.28976059994231324,
    "active": 0.9407210845111046,
    "assertive": 0.10059417363715026,
    "cheerful": 0.08906835881165272,
    "openness": 0.6585982117104124,
    "adventurous": 0.17529852898759737,
    "artistic": 0.20802999711566195,
    "emotionally_aware": 0.7876550331698875,
    "imaginative": 0.7971156619555813,
    "intellectual": 0.8292125757138736,
    "conscientiousness": 0.649414479376983,
    "cautious": 0.2714623593885203,
    "disciplined": 0.04460340351889244,
    "dutiful": 0,
    "neuroticism": 0.681811364291895,
    "melancholy": 0.997692529564465,
    "self_conscious": 1,
    "authority_challenging": 0.8174906259013557,
    "achievement_striving": 0.11573117969426018,
    "orderliness": 0.7958927026247476,
    "self_efficacy": 0.14975483126622444,
    "stress_prone": 0.1900778771271993,
    "agreeableness": 0.6602249783674647,
    "cooperative": 0.1780213441015287,
    "trusting": 0.12948370349004903,
    "excitement_seeking": 0.09120276896452265,
    "outgoing": 0.8286587828093452,
    "gregariousness": 0.18471300836458032,
    "altruism": 0.13706374387078168,
    "modesty": 0.12392269974040958,
    "uncompromising": 0.8320276896452264,
    "sympathy": 0.7778828958753966,
    "fiery": 0.09441015286991637,
    "prone_to_worry": 0.7886933948658782,
    "immoderation": 0.07153158350158638
}