{
    "id": "1",
    "extraversion": 0.5500928354037862,
    "active": 1,
    "assertive": 0.8246942174071169,
    "cheerful": 0.6487280592615279,
    "openness": 0.6741955860115231,
    "adventurous": 0.622801140822694,
    "artistic": 0.6736787703615795,
    "emotionally_aware": 0.7053002316099765,
    "imaginative": 0.7615470015121643,
    "intellectual": 0.8296326780621328,
    "conscientiousness": 0.6259498880232759,
    "cautious": 0.2171295675975729,
    "disciplined": 0.9270619987366729,
    "dutiful": 0.14759872135979937,
    "neuroticism": 0.2987385869877304,
    "melancholy": 0,
    "self_conscious": 0.761872403958425,
    "authority_challenging": 0.7443485251612657,
    "achievement_striving": 0.7442815305399767,
    "orderliness": 0.6862737591639072,
    "self_efficacy": 0.7463966464406716,
    "stress_prone": 0.10447332657006679,
    "agreeableness": 0.23919950998219858,
    "cooperative": 0.7204505866814693,
    "trusting": 0.7881247248435198,
    "excitement_seeking": 0.6382194743793427,
    "outgoing": 0.8208181000325403,
    "gregariousness": 0.6401240357559865,
    "altruism": 0.7074823421319604,
    "modesty": 0.6259690293436442,
    "uncompromising": 0.6990314491893651,
    "sympathy": 0.6805600750339759,
    "fiery": 0.0659227073483529,
    "prone_to_worry": 0.11591983615029766,
    "immoderation": 0.003761269452366814
}