{
    "id": "1",
    "extraversion": 0.273771673237526,
    "active": 0.908060960617237,
    "assertive": 0.17138284793759806,
    "cheerful": 0.29036839204714066,
    "openness": 0.6368858366187631,
    "adventurous": 0.20482004324049344,
    "artistic": 0.807092288778668,
    "emotionally_aware": 0.8764466488617577,
    "imaginative": 0.9784539403959474,
    "intellectual": 0.8066471660519734,
    "conscientiousness": 0.3118296663699182,
    "cautious": 0.7299270846581034,
    "disciplined": 1,
    "dutiful": 0.8660922463860274,
    "neuroticism": 0.7361270083513503,
    "melancholy": 0.8008075798041461,
    "self_conscious": 0.8123171817372504,
    "authority_challenging": 0.148437831192505,
    "achievement_striving": 0.7988893128152953,
    "orderliness": 0.8167896053245157,
    "self_efficacy": 0.7988575183348172,
    "stress_prone": 0.8663254059095341,
    "agreeableness": 0.31105600067828226,
    "cooperative": 0.24126711602865744,
    "trusting": 0,
    "excitement_seeking": 0.18353893764042564,
    "outgoing": 0.8037326720081394,
    "gregariousness": 0.08430836406799781,
    "altruism": 0.7803001398957141,
    "modesty": 0.9018398406036713,
    "uncompromising": 0.19338462842850485,
    "sympathy": 0.7748738818941032,
    "fiery": 0.9128089363686465,
    "prone_to_worry": 0.8325490694815381,
    "immoderation": 0.14220611301877997
}