{
    "id": "1",
    "extraversion": 0.834155075773303,
    "active": 0.8633745069545361,
    "assertive": 0.06050186838281089,
    "cheerful": 0.8139661615113142,
    "openness": 0.6649496574631514,
    "adventurous": 0.7930506539339839,
    "artistic": 0.7907281503010172,
    "emotionally_aware": 0.7762611583973427,
    "imaginative": 0.14047903259290012,
    "intellectual": 0.866670126634835,
    "conscientiousness": 0.3102942702927133,
    "cautious": 0.7933620510691302,
    "disciplined": 0.06191613037160056,
    "dutiful": 0.1034227735104837,
    "neuroticism": 0.7990969483080755,
    "melancholy": 0.8824865061241437,
    "self_conscious": 0.8305350840772264,
    "authority_challenging": 0.9276909902428898,
    "achievement_striving": 0.08376582935436995,
    "orderliness": 0.14914625285447375,
    "self_efficacy": 0.8522550342536849,
    "stress_prone": 0.872223375544945,
    "agreeableness": 0.7513623624662653,
    "cooperative": 0.9154167531658709,
    "trusting": 0.9442080132862777,
    "excitement_seeking": 0.9035187876271539,
    "outgoing": 0.9912030309321156,
    "gregariousness": 0.9655776416856964,
    "altruism": 1,
    "modesty": 0.22514012871081585,
    "uncompromising": 0.814212684243305,
    "sympathy": 0.9025845962217148,
    "fiery": 0.9832883537471455,
    "prone_to_worry": 0.9941483288353749,
    "immoderation": 0
}