{
    "id": "1",
    "extraversion": 0.5966315983757844,
    "active": 0.8315983757844223,
    "assertive": 0.7702750092284977,
    "cheerful": 0.1759320782576596,
    "openness": 0.6929494278331488,
    "adventurous": 0.2309800664451827,
    "artistic": 0.2046050203026947,
    "emotionally_aware": 0.7620801033591732,
    "imaginative": 0.7909007013658176,
    "intellectual": 0.8628091546696197,
    "conscientiousness": 0.35790882244370614,
    "cautious": 0.6560354374307863,
    "disciplined": 0.025055370985603502,
    "dutiful": 0.11345514950166108,
    "neuroticism": 0.712873754152824,
    "melancholy": 0.7523255813953489,
    "self_conscious": 0.7252953119232189,
    "authority_challenging": 0.7745108896271686,
    "achievement_striving": 0.7972775932078258,
    "orderliness": 0.1819675156884459,
    "self_efficacy": 0.2386766334440753,
    "stress_prone": 1,
    "agreeableness": 0.24554263565891468,
    "cooperative": 0.11459025470653374,
    "trusting": 0,
    "excitement_seeking": 0.14544112218530822,
    "outgoing": 0.2247785160575858,
    "gregariousness": 0.6957548911037283,
    "altruism": 0.7260335917312661,
    "modesty": 0.15479881875230708,
    "uncompromising": 0.7544758213362865,
    "sympathy": 0.18273348098929493,
    "fiery": 0.8456441491325213,
    "prone_to_worry": 0.8266057585825028,
    "immoderation": 0.1382613510520487
}