{
    "id": "1",
    "extraversion": 0.2842053856375428,
    "active": 0.7645061272700427,
    "assertive": 0.19283580733455236,
    "cheerful": 0.8190439414416972,
    "openness": 0.6229031561971174,
    "adventurous": 0.7532169587388841,
    "artistic": 0.13060909266431192,
    "emotionally_aware": 0.24261490760826357,
    "imaginative": 1,
    "intellectual": 0.7658917193835251,
    "conscientiousness": 0.27928766936592125,
    "cautious": 0.18604413451600815,
    "disciplined": 0.11043850583197991,
    "dutiful": 0,
    "neuroticism": 0.6463105770650432,
    "melancholy": 0.1534145759747413,
    "self_conscious": 0.8153982441595021,
    "authority_challenging": 0.06106826880487,
    "achievement_striving": 0.772410816704335,
    "orderliness": 0.22452270894615495,
    "self_efficacy": 0.8501061908709923,
    "stress_prone": 0.7738986246294677,
    "agreeableness": 0.6331247373621506,
    "cooperative": 0.14631625572124612,
    "trusting": 0.9967518086520005,
    "excitement_seeking": 0.8528887324103623,
    "outgoing": 0.8494928960010903,
    "gregariousness": 0.7815193812536202,
    "altruism": 0.2038751149927881,
    "modesty": 0.12975729423389246,
    "uncompromising": 0.8821792411043852,
    "sympathy": 0.7771808879146838,
    "fiery": 0.7741598428147963,
    "prone_to_worry": 0.20335267862213086,
    "immoderation": 0.09971720292110074
}