{
    "id": "1",
    "extraversion": 0.2669784089597044,
    "active": 1,
    "assertive": 0.002632490474541051,
    "cheerful": 0,
    "openness": 0.2491513682022861,
    "adventurous": 0.13512296501558713,
    "artistic": 0.6948504791594503,
    "emotionally_aware": 0.7382172959242581,
    "imaginative": 0.9296155178385866,
    "intellectual": 0.7811569102874957,
    "conscientiousness": 0.5908786514259323,
    "cautious": 0.6879228726475002,
    "disciplined": 0.9137051148828079,
    "dutiful": 0.8492552822999654,
    "neuroticism": 0.6516337605357349,
    "melancholy": 0.8522226070892506,
    "self_conscious": 0.8771388985105645,
    "authority_challenging": 0.0933610437593811,
    "achievement_striving": 0.774575684101143,
    "orderliness": 0.7883038910056575,
    "self_efficacy": 0.7841819651310471,
    "stress_prone": 0.8409190624639187,
    "agreeableness": 0.2977023438402032,
    "cooperative": 0.8034522572451217,
    "trusting": 0.09464265096409188,
    "excitement_seeking": 0.028507100796674734,
    "outgoing": 0.1757418311973213,
    "gregariousness": 0.12040180117769307,
    "altruism": 0.16151714582611706,
    "modesty": 0.08688373167070775,
    "uncompromising": 0.7336566216372242,
    "sympathy": 0.7244313589654774,
    "fiery": 0.14670361390139705,
    "prone_to_worry": 0.8104260478004849,
    "immoderation": 0.7929338413578109
}