{
    "id": "1",
    "extraversion": 0.5634117866357955,
    "active": 0.6532684515692295,
    "assertive": 0,
    "cheerful": 0.13905757929539192,
    "openness": 0.525620775245514,
    "adventurous": 0.16266224528838702,
    "artistic": 0.15929715782554524,
    "emotionally_aware": 0.22462694620765433,
    "imaginative": 0.7444495678364351,
    "intellectual": 0.7318133210371925,
    "conscientiousness": 0.2317201189062975,
    "cautious": 0.6155755476851534,
    "disciplined": 0.07743625464784311,
    "dutiful": 0.6991337107202072,
    "neuroticism": 0.5307812300719128,
    "melancholy": 0.015952280508981738,
    "self_conscious": 0.6657379156079231,
    "authority_challenging": 0.6820728153911055,
    "achievement_striving": 0.017678972618195,
    "orderliness": 0.12196725171442865,
    "self_efficacy": 0.6258474035848482,
    "stress_prone": 0.6530624258061984,
    "agreeableness": 0.4961787126333036,
    "cooperative": 0.13250399788087788,
    "trusting": 0.7404958353363615,
    "excitement_seeking": 0.6214129443043687,
    "outgoing": 0.6713398542122458,
    "gregariousness": 0.6928352088218269,
    "altruism": 0.7069528789647697,
    "modesty": 0.10382717381706873,
    "uncompromising": 0.04405027028617959,
    "sympathy": 0.6309097509050418,
    "fiery": 0.6392096459300101,
    "prone_to_worry": 0.6716832304839644,
    "immoderation": 1
}