{
    "id": "1",
    "extraversion": 0.3513531088447908,
    "active": 0.9170143818617303,
    "assertive": 0.11544505738655453,
    "cheerful": 0.2837139234195667,
    "openness": 0.38922064832175485,
    "adventurous": 0.22264249097746805,
    "artistic": 0.15972861957970716,
    "emotionally_aware": 0.8647974942830204,
    "imaginative": 0.9131235843024201,
    "intellectual": 0.8559971388006806,
    "conscientiousness": 0.291072841366006,
    "cautious": 0.7348405206515731,
    "disciplined": 0,
    "dutiful": 0.17314591032741225,
    "neuroticism": 0.7941670550238975,
    "melancholy": 0.20691673259708032,
    "self_conscious": 0.807465129133295,
    "authority_challenging": 0.8629333795749385,
    "achievement_striving": 0.22400806337990012,
    "orderliness": 0.20305844866639935,
    "self_efficacy": 0.21647573941410445,
    "stress_prone": 0.9327834917469573,
    "agreeableness": 0.2625258754294509,
    "cooperative": 0.14545513661142961,
    "trusting": 0.1326339290552624,
    "excitement_seeking": 0.2098971485547692,
    "outgoing": 0.7802837355991721,
    "gregariousness": 0.7965080362852096,
    "altruism": 0.2662107533407754,
    "modesty": 0.14953017806630617,
    "uncompromising": 0.1562388234401587,
    "sympathy": 0.8002687793300024,
    "fiery": 0.9559115195786233,
    "prone_to_worry": 0.8994678602781,
    "immoderation": 1
}