{
    "id": "1",
    "extraversion": 0.3004198686677117,
    "active": 0.23866738289172207,
    "assertive": 0.048367116499851995,
    "cheerful": 0.8070358149069821,
    "openness": 0.4235849987392977,
    "adventurous": 0.7603788684374965,
    "artistic": 0.31337769543625776,
    "emotionally_aware": 0.7957223823984038,
    "imaginative": 1,
    "intellectual": 0.9160920422280445,
    "conscientiousness": 0.3641456275556627,
    "cautious": 0.7786974204935374,
    "disciplined": 0.12023810828884332,
    "dutiful": 0,
    "neuroticism": 0.7371819467435512,
    "melancholy": 0.8525855359080893,
    "self_conscious": 0.9348271741632774,
    "authority_challenging": 0.03495982196691476,
    "achievement_striving": 0.09797301000887973,
    "orderliness": 0.2391716637981122,
    "self_efficacy": 0.8016202764774882,
    "stress_prone": 0.8647321281750512,
    "agreeableness": 0.35494798232824293,
    "cooperative": 0.2116883543998509,
    "trusting": 0.858976748265164,
    "excitement_seeking": 0.8196209123099353,
    "outgoing": 0.8977296396584044,
    "gregariousness": 0.15447439678137226,
    "altruism": 0.8269439480809918,
    "modesty": 0.8509959547901205,
    "uncompromising": 0.8546684353040485,
    "sympathy": 0.8937063550356833,
    "fiery": 0.19090321095385823,
    "prone_to_worry": 0.12452449599315928,
    "immoderation": 0.9057871715322464
}