{
    "id": "1",
    "extraversion": 0.2951581553429685,
    "active": 0.037429554906453257,
    "assertive": 0.8428979401257424,
    "cheerful": 0.15688488810224446,
    "openness": 0.33629048896224467,
    "adventurous": 0.16532201144495237,
    "artistic": 0.17241266980117922,
    "emotionally_aware": 0.8972777518378161,
    "imaginative": 0.8178580348126351,
    "intellectual": 1,
    "conscientiousness": 0.6784011814144397,
    "cautious": 0.7782133278316484,
    "disciplined": 0,
    "dutiful": 0.8827923946445441,
    "neuroticism": 0.794653230973038,
    "melancholy": 0.8460034964655293,
    "self_conscious": 0.7874974210852074,
    "authority_challenging": 0.1956717665837794,
    "achievement_striving": 0.758190090452043,
    "orderliness": 0.12493892043912132,
    "self_efficacy": 0.2025778289337952,
    "stress_prone": 0.8630189048027538,
    "agreeableness": 0.27004223990965653,
    "cooperative": 0.22282909667401432,
    "trusting": 0.06668259259661431,
    "excitement_seeking": 0.09803133788670146,
    "outgoing": 0.1814252983397218,
    "gregariousness": 0.2525381950854028,
    "altruism": 0.1097803307526088,
    "modesty": 0.17443236728090084,
    "uncompromising": 0.18965610849901726,
    "sympathy": 0.23157026049754054,
    "fiery": 0.9337083165930092,
    "prone_to_worry": 0.9233600816565862,
    "immoderation": 0.9154333119781092
}