{
    "id": "1",
    "extraversion": 0.646850640113798,
    "active": 0.8715334281650071,
    "assertive": 0.8794651493598862,
    "cheerful": 0.6923015647226174,
    "openness": 0.6468733997155051,
    "adventurous": 0.14453485064011382,
    "artistic": 0.7963584637268847,
    "emotionally_aware": 0.802697012802276,
    "imaginative": 0.8073058321479374,
    "intellectual": 0.8666856330014225,
    "conscientiousness": 0.682958748221906,
    "cautious": 0.23433285917496446,
    "disciplined": 0.9517382645803699,
    "dutiful": 0.05433854907539119,
    "neuroticism": 0.5921934566145093,
    "melancholy": 0.8565234708392603,
    "self_conscious": 1,
    "authority_challenging": 0.7826913229018492,
    "achievement_striving": 0.7328591749644381,
    "orderliness": 0.1330412517780939,
    "self_efficacy": 0.7852403982930298,
    "stress_prone": 0.7346230440967284,
    "agreeableness": 0.2335590327169275,
    "cooperative": 0.10412517780938836,
    "trusting": 0,
    "excitement_seeking": 0.7109758179231864,
    "outgoing": 0.7327226173541963,
    "gregariousness": 0.6799203413940256,
    "altruism": 0.16724893314367,
    "modesty": 0.048990042674253234,
    "uncompromising": 0.7503726884779517,
    "sympathy": 0.800819345661451,
    "fiery": 0.7541507823613087,
    "prone_to_worry": 0.7592489331436699,
    "immoderation": 0.10781223328591755
}