{
    "id": "1",
    "extraversion": 0.3801077496891836,
    "active": 0.24041205375643834,
    "assertive": 0.1477117991829969,
    "cheerful": 0.23241963175655678,
    "openness": 0.759955005624297,
    "adventurous": 0.17760937777514654,
    "artistic": 0.03582973180983957,
    "emotionally_aware": 0.8468651944822686,
    "imaginative": 1,
    "intellectual": 0.8904386951631046,
    "conscientiousness": 0.33111124267361314,
    "cautious": 0.7952519093008111,
    "disciplined": 0.9561778461902789,
    "dutiful": 0.13190456456100882,
    "neuroticism": 0.7206322893848794,
    "melancholy": 0.8893611982712686,
    "self_conscious": 0.9252501332070333,
    "authority_challenging": 0.9581552305961755,
    "achievement_striving": 0.8491385945177905,
    "orderliness": 0.25291575395180865,
    "self_efficacy": 0.23426676928541829,
    "stress_prone": 0.893292285832692,
    "agreeableness": 0.3746965839796341,
    "cooperative": 0.2291516192054941,
    "trusting": 0,
    "excitement_seeking": 0.24574033508969276,
    "outgoing": 0.8929489077023267,
    "gregariousness": 0.18884613107572082,
    "altruism": 0.12847078325735603,
    "modesty": 0.838789888106092,
    "uncompromising": 0.8267953347936772,
    "sympathy": 0.24627316322301818,
    "fiery": 0.8351311349239241,
    "prone_to_worry": 0.8318868036232313,
    "immoderation": 0.13063761766621282
}