{
    "id": "1",
    "extraversion": 0.2946187505818824,
    "active": 0.12884042454147654,
    "assertive": 0.00038404245414765494,
    "cheerful": 0.7076505911926263,
    "openness": 0.3154617819569872,
    "adventurous": 0.19121822921515685,
    "artistic": 0.13078391211246623,
    "emotionally_aware": 0.7341727958290661,
    "imaginative": 0.7868331626477981,
    "intellectual": 0.8719043850665672,
    "conscientiousness": 0.6165859789591285,
    "cautious": 0.807222325668001,
    "disciplined": 0,
    "dutiful": 0.8214318964714644,
    "neuroticism": 0.613001582720417,
    "melancholy": 0.1405013499674146,
    "self_conscious": 0.810271390000931,
    "authority_challenging": 0.13563681221487756,
    "achievement_striving": 0.09993250162927102,
    "orderliness": 0.83830648915371,
    "self_efficacy": 0.7456358812028675,
    "stress_prone": 0.7397705055395214,
    "agreeableness": 0.6264663439158364,
    "cooperative": 0.7851107904291964,
    "trusting": 0.059770971045526436,
    "excitement_seeking": 0.06749837072898239,
    "outgoing": 0.78898612792105,
    "gregariousness": 0.1797784191416069,
    "altruism": 0.21250349129503768,
    "modesty": 0.8732776277813984,
    "uncompromising": 0.768678428451727,
    "sympathy": 0.7396308537380131,
    "fiery": 0.2053696117679918,
    "prone_to_worry": 0.770272786518946,
    "immoderation": 1
}