{
    "id": "1",
    "extraversion": 0.6117915026096512,
    "active": 0.7727772182034612,
    "assertive": 0,
    "cheerful": 0.17498397582638955,
    "openness": 0.26999587949821446,
    "adventurous": 0.8746909623660837,
    "artistic": 0.19549491804779787,
    "emotionally_aware": 0.7416330922076733,
    "imaginative": 0.8437299697829869,
    "intellectual": 0.8671252632542807,
    "conscientiousness": 0.6061143668162255,
    "cautious": 0.15515978390257304,
    "disciplined": 4.5783353172832164e-05,
    "dutiful": 0.04432973170955046,
    "neuroticism": 0.2171847816134054,
    "melancholy": 0.8492583096786009,
    "self_conscious": 0.8720813112352349,
    "authority_challenging": 0.8063249702408205,
    "achievement_striving": 0.7376041571284682,
    "orderliness": 0.13800247230107135,
    "self_efficacy": 0.16106583646186248,
    "stress_prone": 0.7867869242743338,
    "agreeableness": 0.5853516161523671,
    "cooperative": 0.06055993040930319,
    "trusting": 0.8021357934255106,
    "excitement_seeking": 0.1631375331929311,
    "outgoing": 0.8254051826755792,
    "gregariousness": 0.22884809083417273,
    "altruism": 0.08123111436681626,
    "modesty": 0.07509614504166286,
    "uncompromising": 0.156086896804322,
    "sympathy": 1,
    "fiery": 0.1657929676769527,
    "prone_to_worry": 0.8280491713213076,
    "immoderation": 0.9602486036077283
}