{
    "id": "1",
    "extraversion": 0.556635621423612,
    "active": 0.7435894366365792,
    "assertive": 0.009804391026408446,
    "cheerful": 0.7964182249144062,
    "openness": 0.22262791198793305,
    "adventurous": 0.7879785476572414,
    "artistic": 0.14867000263365815,
    "emotionally_aware": 0.7412430866473532,
    "imaginative": 0.8685325735628606,
    "intellectual": 0.8408073359350684,
    "conscientiousness": 0.18922833816170664,
    "cautious": 0.16525007781262718,
    "disciplined": 0.010187468575669809,
    "dutiful": 0.01125290300955302,
    "neuroticism": 0.6783824550482439,
    "melancholy": 0.7670768788756674,
    "self_conscious": 0.7503292072688965,
    "authority_challenging": 0.7762946824047693,
    "achievement_striving": 0.7715421265592455,
    "orderliness": 0.03664376182153378,
    "self_efficacy": 0.7318816290372783,
    "stress_prone": 0.7831182512509877,
    "agreeableness": 0.25341777000981636,
    "cooperative": 0,
    "trusting": 1,
    "excitement_seeking": 0.9620154667560514,
    "outgoing": 0.7391002466061724,
    "gregariousness": 0.6757847104173152,
    "altruism": 0.6785859649962889,
    "modesty": 0.006296837215983895,
    "uncompromising": 0.07000742212751698,
    "sympathy": 0.7640002873081619,
    "fiery": 0.7439964565326693,
    "prone_to_worry": 0.8428184930686906,
    "immoderation": 0.8284052002777312
}