{
    "id": "1",
    "extraversion": 0.25196129092873587,
    "active": 1,
    "assertive": 0.869650490909945,
    "cheerful": 0.1370907126415183,
    "openness": 0.5818104946681073,
    "adventurous": 0.07253253159205146,
    "artistic": 0.70900079860948,
    "emotionally_aware": 0.7725372292948747,
    "imaginative": 0.8538896979377084,
    "intellectual": 0.8512237515854747,
    "conscientiousness": 0.27930192136045473,
    "cautious": 0.671348710480575,
    "disciplined": 0.9935406586179357,
    "dutiful": 0.8729976041715601,
    "neuroticism": 0.6549302391130738,
    "melancholy": 0.13200544933527505,
    "self_conscious": 0.8127965424907221,
    "authority_challenging": 0,
    "achievement_striving": 0.7347207215671536,
    "orderliness": 0.044158406539202354,
    "self_efficacy": 0.7133931507492836,
    "stress_prone": 0.8144759712500588,
    "agreeableness": 0.2088951002959553,
    "cooperative": 0.09678442241743786,
    "trusting": 0.056666040306290244,
    "excitement_seeking": 0.09844036266265796,
    "outgoing": 0.015291022689904609,
    "gregariousness": 0.13056090571710433,
    "altruism": 0.04822191948137359,
    "modesty": 0.17738525860854043,
    "uncompromising": 0.07194531873913654,
    "sympathy": 0.13469488420162543,
    "fiery": 0.7754145722741579,
    "prone_to_worry": 0.7862662657960257,
    "immoderation": 0.9123526095739184
}