{
    "id": "1",
    "extraversion": 0.6116615394720998,
    "active": 0.7006995609953691,
    "assertive": 0.02999682515354212,
    "cheerful": 0.7067317692652968,
    "openness": 0.2600418203912725,
    "adventurous": 0.04764459236066256,
    "artistic": 0.5991044743439563,
    "emotionally_aware": 0.6749942524331367,
    "imaginative": 1,
    "intellectual": 0.8405022826051257,
    "conscientiousness": 0.2221188268394951,
    "cautious": 0.618744731397042,
    "disciplined": 0.7404179849577965,
    "dutiful": 0,
    "neuroticism": 0.5978126402680008,
    "melancholy": 0.08969488630765357,
    "self_conscious": 0.6596126687321415,
    "authority_challenging": 0.07514533133354497,
    "achievement_striving": 0.7188290290443713,
    "orderliness": 0.10778056337103006,
    "self_efficacy": 0.6799207383160176,
    "stress_prone": 0.7702505939152426,
    "agreeableness": 0.17956493655780958,
    "cooperative": 0.6269993321874693,
    "trusting": 0.9321568155195253,
    "excitement_seeking": 0.8146874965788292,
    "outgoing": 0.7143076097785271,
    "gregariousness": 0.6071072769670364,
    "altruism": 0.697842199183298,
    "modesty": 0.10044557327874057,
    "uncompromising": 0.027894857843512918,
    "sympathy": 0.6912188126074248,
    "fiery": 0.10194541453641766,
    "prone_to_worry": 0.7667473150651938,
    "immoderation": 0.8263796897408668
}