{
    "id": "1",
    "extraversion": 0.3533165206426506,
    "active": 0.23543926777833332,
    "assertive": 0,
    "cheerful": 0.07696154097006323,
    "openness": 0.7147531360740917,
    "adventurous": 0.19582798878187707,
    "artistic": 0.2495054025262517,
    "emotionally_aware": 0.7486140400460899,
    "imaginative": 0.944442028827967,
    "intellectual": 1,
    "conscientiousness": 0.67163075852773,
    "cautious": 0.7680609604974237,
    "disciplined": 0.8861012674739657,
    "dutiful": 0.8154336152357763,
    "neuroticism": 0.6770441550535904,
    "melancholy": 0.8099984781616192,
    "self_conscious": 0.8228797530273713,
    "authority_challenging": 0.10364806400417417,
    "achievement_striving": 0.21863382394503988,
    "orderliness": 0.8049111898602083,
    "self_efficacy": 0.8063678065960823,
    "stress_prone": 0.7790290671130725,
    "agreeableness": 0.3314672696045394,
    "cooperative": 0.7786159966954367,
    "trusting": 0.028947540056960222,
    "excitement_seeking": 0.14065047720503507,
    "outgoing": 0.8365545579059503,
    "gregariousness": 0.23247168293584364,
    "altruism": 0.3041611409439746,
    "modesty": 0.18509902819749113,
    "uncompromising": 0.12343196295410569,
    "sympathy": 0.8076939800421766,
    "fiery": 0.2074809226688697,
    "prone_to_worry": 0.8999391264647695,
    "immoderation": 0.18002261017022847
}