{
    "id": "1",
    "extraversion": 0.22083538392268146,
    "active": 0.21184071370980406,
    "assertive": 0.059172155265389895,
    "cheerful": 0.18361064282049402,
    "openness": 0.693364467387776,
    "adventurous": 0.04252311494120478,
    "artistic": 0.2663532319033308,
    "emotionally_aware": 0.7550915697217829,
    "imaginative": 1,
    "intellectual": 0.7751018313944356,
    "conscientiousness": 0.7427880336331557,
    "cautious": 0.8678547868608706,
    "disciplined": 0.06384226343179655,
    "dutiful": 0.8550067538559806,
    "neuroticism": 0.6775007591543545,
    "melancholy": 0.9410477377200238,
    "self_conscious": 0.8413524465712401,
    "authority_challenging": 0.8756033968230699,
    "achievement_striving": 0.25612297253431904,
    "orderliness": 0.7570706065905068,
    "self_efficacy": 0.7660024502361232,
    "stress_prone": 0.7440969204510948,
    "agreeableness": 0.3168343786976053,
    "cooperative": 0.16811342289609535,
    "trusting": 0.12071077789761363,
    "excitement_seeking": 0,
    "outgoing": 0.7634475031675062,
    "gregariousness": 0.1714013465827583,
    "altruism": 0.23319127548402635,
    "modesty": 0.10166385692296416,
    "uncompromising": 0.8577292384372938,
    "sympathy": 0.9375085077643165,
    "fiery": 0.20352666464225502,
    "prone_to_worry": 0.8980638946189045,
    "immoderation": 0.8010701458623469
}