{
    "id": "1",
    "extraversion": 0.38629452373893525,
    "active": 1,
    "assertive": 0.22659777222481045,
    "cheerful": 0.27662530176612593,
    "openness": 0.7920630214730423,
    "adventurous": 0.04425903180720852,
    "artistic": 0,
    "emotionally_aware": 0.7873957053915548,
    "imaginative": 0.8187878531193088,
    "intellectual": 0.884934987929355,
    "conscientiousness": 0.6928465545720215,
    "cautious": 0.7174029054254373,
    "disciplined": 0.9327008597687518,
    "dutiful": 0.814882893566558,
    "neuroticism": 0.6509084748634111,
    "melancholy": 0.7986616407606625,
    "self_conscious": 0.8652492482317563,
    "authority_challenging": 0.8343145144212444,
    "achievement_striving": 0.2979543433145568,
    "orderliness": 0.7659819575621533,
    "self_efficacy": 0.26402100715768073,
    "stress_prone": 0.8316123840582779,
    "agreeableness": 0.4120621744102325,
    "cooperative": 0.2742789377832366,
    "trusting": 0.09720045741391727,
    "excitement_seeking": 0.22924907881919443,
    "outgoing": 0.33317521494218794,
    "gregariousness": 0.2586929820846216,
    "altruism": 0.8362627588835712,
    "modesty": 0.8113760535343696,
    "uncompromising": 0.33591969844563974,
    "sympathy": 0.31187158527804837,
    "fiery": 0.7665156071322689,
    "prone_to_worry": 0.3157934860869933,
    "immoderation": 0.0626318241497607
}