{
    "id": "1",
    "extraversion": 0.18466358950170142,
    "active": 0.8868411890884179,
    "assertive": 0.03248992060015948,
    "cheerful": 0.17119818514650226,
    "openness": 0.19967880686859157,
    "adventurous": 0.06970789393888348,
    "artistic": 0.21131363498534414,
    "emotionally_aware": 0.7592623788506675,
    "imaginative": 0.8803724043439686,
    "intellectual": 0.7275473647563536,
    "conscientiousness": 0.6318071044326897,
    "cautious": 0.8210415192659725,
    "disciplined": 0.04449535617622945,
    "dutiful": 0.05620879799647359,
    "neuroticism": 0.828318902103478,
    "melancholy": 0.7905618633693833,
    "self_conscious": 0.7729523937872712,
    "authority_challenging": 0.9123120290196871,
    "achievement_striving": 0.8647731994654266,
    "orderliness": 0.17283784239075503,
    "self_efficacy": 0.7493907437979402,
    "stress_prone": 1,
    "agreeableness": 0.2420403625214784,
    "cooperative": 0.13232932403445524,
    "trusting": 0,
    "excitement_seeking": 0.009444874948058835,
    "outgoing": 0.7489752142223419,
    "gregariousness": 0.7125209168603932,
    "altruism": 0.8467482003077165,
    "modesty": 0.018081151803061444,
    "uncompromising": 0.1974888536998978,
    "sympathy": 0.13131857641813507,
    "fiery": 0.7888997450669901,
    "prone_to_worry": 0.9017777927518165,
    "immoderation": 0.8131015352133238
}