{
    "id": "1",
    "extraversion": 0.317037210180432,
    "active": 0.8628554475740112,
    "assertive": 0.7599543300998803,
    "cheerful": 0.700385676912427,
    "openness": 0.597295766544101,
    "adventurous": 0.2072586372749094,
    "artistic": 0.7088274163242922,
    "emotionally_aware": 0.7529420226012065,
    "imaginative": 0.8694901692842951,
    "intellectual": 0.8804491472854278,
    "conscientiousness": 0.28586840236260813,
    "cautious": 0.21573633723804983,
    "disciplined": 0.8970449416989562,
    "dutiful": 0.014510082439563787,
    "neuroticism": 0.674988537574281,
    "melancholy": 0.8228493342802945,
    "self_conscious": 1,
    "authority_challenging": 0.741003119577823,
    "achievement_striving": 0.12856796094684128,
    "orderliness": 0.19282047593789609,
    "self_efficacy": 0.1808546025010563,
    "stress_prone": 0.7311858890796796,
    "agreeableness": 0.3033632105580178,
    "cooperative": 0.11208004818713865,
    "trusting": 0.12901746783778192,
    "excitement_seeking": 0.24917065978621447,
    "outgoing": 0.20724964713709057,
    "gregariousness": 0.21674323267375686,
    "altruism": 0.14584700583459942,
    "modesty": 0,
    "uncompromising": 0.7101579567214765,
    "sympathy": 0.6856868015786681,
    "fiery": 0.7010239766975627,
    "prone_to_worry": 0.8195319734251525,
    "immoderation": 0.8618036014492102
}