{
    "id": "1",
    "extraversion": 0.6946496561913962,
    "active": 1,
    "assertive": 0,
    "cheerful": 0.12142694777518896,
    "openness": 0.1944365516849463,
    "adventurous": 0.930101721884412,
    "artistic": 0.7084730351764504,
    "emotionally_aware": 0.6855287833153378,
    "imaginative": 0.8094561572995397,
    "intellectual": 0.8236773313633005,
    "conscientiousness": 0.23835028698073535,
    "cautious": 0.7247684264363243,
    "disciplined": 0.009419219185088402,
    "dutiful": 0.8444479172586236,
    "neuroticism": 0.6162556117520032,
    "melancholy": 0.7958458828209354,
    "self_conscious": 0.7867108029777802,
    "authority_challenging": 0.8192873785304313,
    "achievement_striving": 0.8007188725350911,
    "orderliness": 0.04583167585383873,
    "self_efficacy": 0.8112036142524294,
    "stress_prone": 0.8344888333238619,
    "agreeableness": 0.5738051940671705,
    "cooperative": 0.8454566119224867,
    "trusting": 0.8351565607774052,
    "excitement_seeking": 0.7384355287833154,
    "outgoing": 0.930954139910212,
    "gregariousness": 0.8558134909359549,
    "altruism": 0.8999971586065806,
    "modesty": 0.05331874751378077,
    "uncompromising": 0.8094277433653463,
    "sympathy": 0.8095982269705063,
    "fiery": 0.9113911462181054,
    "prone_to_worry": 0.8383531283741548,
    "immoderation": 0.9044297323407399
}