{
    "id": "1",
    "extraversion": 0.30575024100466375,
    "active": 0.12989500013027275,
    "assertive": 0,
    "cheerful": 0.21973111695891195,
    "openness": 0.35711680258461215,
    "adventurous": 0.20090669862692476,
    "artistic": 0.14784659076105364,
    "emotionally_aware": 0.765339621166723,
    "imaginative": 0.945806518850473,
    "intellectual": 0.8737786925822674,
    "conscientiousness": 0.27630859018785336,
    "cautious": 0.736471170631302,
    "disciplined": 0.12572627081107837,
    "dutiful": 0.06677783278184515,
    "neuroticism": 0.7015841171412939,
    "melancholy": 0.9125869570881426,
    "self_conscious": 1,
    "authority_challenging": 0.12741981709700106,
    "achievement_striving": 0.16992782887366145,
    "orderliness": 0.18722805554831815,
    "self_efficacy": 0.8400640942132825,
    "stress_prone": 0.8245876866157735,
    "agreeableness": 0.3737917198613897,
    "cooperative": 0.10411401474687997,
    "trusting": 0.11856126729371301,
    "excitement_seeking": 0.17482608582371484,
    "outgoing": 0.8522576274719262,
    "gregariousness": 0.1686251009614132,
    "altruism": 0.2149110236835934,
    "modesty": 0.1287485995674943,
    "uncompromising": 0.12941299080274093,
    "sympathy": 0.8676819259529456,
    "fiery": 0.8492222714363878,
    "prone_to_worry": 0.940621661759725,
    "immoderation": 0.879601886350017
}