{
    "id": "1",
    "extraversion": 0.7131239793441321,
    "active": 0.8876947521737212,
    "assertive": 0.22219402392196672,
    "cheerful": 0.22391534625060688,
    "openness": 0.6973893278015624,
    "adventurous": 0.2729399302643775,
    "artistic": 0.8096173368054024,
    "emotionally_aware": 0.8471333362757648,
    "imaginative": 0.9861411484309486,
    "intellectual": 0.864258286622236,
    "conscientiousness": 0.32466787306351247,
    "cautious": 0.3250651012931986,
    "disciplined": 0.9581806947080374,
    "dutiful": 0.15327492607141285,
    "neuroticism": 0.7319812861367349,
    "melancholy": 0.9816502626119964,
    "self_conscious": 1,
    "authority_challenging": 0.16255461888158187,
    "achievement_striving": 0.7929447852760736,
    "orderliness": 0.18028644569007377,
    "self_efficacy": 0.21448117579555986,
    "stress_prone": 0.9557973253299201,
    "agreeableness": 0.33708125524120586,
    "cooperative": 0.10359932912565656,
    "trusting": 0,
    "excitement_seeking": 0.7750033102352475,
    "outgoing": 0.26340645275190894,
    "gregariousness": 0.27468332082800023,
    "altruism": 0.8929138897470981,
    "modesty": 0.19584455135278286,
    "uncompromising": 0.24742905062453105,
    "sympathy": 0.9045990201703668,
    "fiery": 0.8751268923511497,
    "prone_to_worry": 0.8950324403054244,
    "immoderation": 0.843944476320784
}