{
    "id": "1",
    "extraversion": 0.7352459815960894,
    "active": 0.7714685193414479,
    "assertive": 0,
    "cheerful": 0.808991686808363,
    "openness": 0.6110575203494357,
    "adventurous": 0.8396973868181178,
    "artistic": 0.23669293216132145,
    "emotionally_aware": 0.7411313310861342,
    "imaginative": 0.8307447189014013,
    "intellectual": 0.8925246306753519,
    "conscientiousness": 0.3187626675915589,
    "cautious": 0.6543251357532271,
    "disciplined": 0.08943997051905968,
    "dutiful": 0.8539067665261263,
    "neuroticism": 0.3234232574271376,
    "melancholy": 0.07179476062993835,
    "self_conscious": 0.1902712896827547,
    "authority_challenging": 0.8219979840239315,
    "achievement_striving": 0.7878022609279992,
    "orderliness": 0.7754246014111832,
    "self_efficacy": 0.7639790598614828,
    "stress_prone": 0.7541159511396768,
    "agreeableness": 0.6470199321504828,
    "cooperative": 0.7791313961176202,
    "trusting": 1,
    "excitement_seeking": 0.8192016301225842,
    "outgoing": 0.8554783607730075,
    "gregariousness": 0.7810715021189425,
    "altruism": 0.8473711021753032,
    "modesty": 0.7726716018338878,
    "uncompromising": 0.7861981509380792,
    "sympathy": 0.8722022912760261,
    "fiery": 0.19059644711314394,
    "prone_to_worry": 0.7519048806130301,
    "immoderation": 0.8635097493036211
}