{
    "id": "1",
    "extraversion": 0.6384710738520913,
    "active": 0.7984051322027833,
    "assertive": 0.04849778277593894,
    "cheerful": 0.7664055411432442,
    "openness": 0.30244980894812845,
    "adventurous": 0.7562075884014261,
    "artistic": 0.7468530753600592,
    "emotionally_aware": 0.7282207256137302,
    "imaginative": 0.8589794379624541,
    "intellectual": 0.8797459457387126,
    "conscientiousness": 0.6450269006146886,
    "cautious": 0.749702879196432,
    "disciplined": 0.9240648681805983,
    "dutiful": 1,
    "neuroticism": 0.6233913943591775,
    "melancholy": 0.1571609308507239,
    "self_conscious": 0.7534600196802596,
    "authority_challenging": 0.034453233824487846,
    "achievement_striving": 0.8975476351739913,
    "orderliness": 0.8099449208316826,
    "self_efficacy": 0.7860219038734328,
    "stress_prone": 0.7142656323880844,
    "agreeableness": 0.6139090874238028,
    "cooperative": 0.977163231140816,
    "trusting": 0.8694329784922875,
    "excitement_seeking": 0.7373196508670814,
    "outgoing": 0.8318615736540107,
    "gregariousness": 0.7532044318922441,
    "altruism": 0.8227882071794609,
    "modesty": 0.8326155576286564,
    "uncompromising": 0.8665576158771133,
    "sympathy": 0.8349158477207959,
    "fiery": 0.07814596618573562,
    "prone_to_worry": 0.7918365260507851,
    "immoderation": 0
}