{
    "id": "1",
    "extraversion": 0.41047104187254163,
    "active": 0.8709333643356778,
    "assertive": 0.18644034955143488,
    "cheerful": 0.35019085818365014,
    "openness": 0.6959832587339417,
    "adventurous": 0.20379197426805404,
    "artistic": 0.26467282838264644,
    "emotionally_aware": 0.7396965645526943,
    "imaginative": 0.9197329923075431,
    "intellectual": 0.875748415973958,
    "conscientiousness": 0.26277393477881766,
    "cautious": 0.2946675967370032,
    "disciplined": 0.24716619194326575,
    "dutiful": 0.09540002712705153,
    "neuroticism": 0.7858900579356313,
    "melancholy": 0.9930147842430584,
    "self_conscious": 0.9814082815012884,
    "authority_challenging": 1,
    "achievement_striving": 0.1961382704567033,
    "orderliness": 0.25573058962584044,
    "self_efficacy": 0.3135693386812378,
    "stress_prone": 0.9059853901451297,
    "agreeableness": 0.32848921699703537,
    "cooperative": 0.1924083008777539,
    "trusting": 0,
    "excitement_seeking": 0.2999670600089132,
    "outgoing": 0.7964405433160883,
    "gregariousness": 0.30891898699839176,
    "altruism": 0.8422368191594488,
    "modesty": 0.29186769749462305,
    "uncompromising": 0.3353678621945785,
    "sympathy": 0.805624987889709,
    "fiery": 0.9180278633571664,
    "prone_to_worry": 0.871049623127749,
    "immoderation": 0.9042124435660447
}