{
    "id": "1",
    "extraversion": 0.6375907616252124,
    "active": 0.6689131778155415,
    "assertive": 0.15779970647304184,
    "cheerful": 0.632627838714661,
    "openness": 0.5337556001853855,
    "adventurous": 0.6168314537308821,
    "artistic": 0.17092152016066742,
    "emotionally_aware": 0.6710953190174571,
    "imaginative": 0.7455101961995984,
    "intellectual": 0.7112718214120193,
    "conscientiousness": 0.5621813687625522,
    "cautious": 0.608836706318554,
    "disciplined": 0.7206569596786653,
    "dutiful": 0.11832805499768269,
    "neuroticism": 0.557112235439518,
    "melancholy": 0,
    "self_conscious": 0.7182044646995212,
    "authority_challenging": 0.12336822184458521,
    "achievement_striving": 0.06360072609300169,
    "orderliness": 0.14697589989185847,
    "self_efficacy": 0.692974663988877,
    "stress_prone": 0.7759249961378032,
    "agreeableness": 0.29306349451568053,
    "cooperative": 0.6783659045264946,
    "trusting": 0.13552448632782327,
    "excitement_seeking": 0.67025529120964,
    "outgoing": 0.7164954426077553,
    "gregariousness": 0.6656592769967558,
    "altruism": 0.19919280086513208,
    "modesty": 0.707206859261548,
    "uncompromising": 0.10810288892321954,
    "sympathy": 0.13160435655801017,
    "fiery": 0.729221381121582,
    "prone_to_worry": 0.14346130078788816,
    "immoderation": 1
}