{
    "id": "1",
    "extraversion": 0.29545431784723547,
    "active": 0.14939961743763336,
    "assertive": 0.09132424664256457,
    "cheerful": 0.7085415560874486,
    "openness": 0.30492824451944356,
    "adventurous": 0.21494597057674786,
    "artistic": 0.6794688191641715,
    "emotionally_aware": 0.6229056713368653,
    "imaginative": 1,
    "intellectual": 0.7884490200594876,
    "conscientiousness": 0.6144031726638159,
    "cautious": 0.6913462790301744,
    "disciplined": 0.16459195016674513,
    "dutiful": 0.017926351737053498,
    "neuroticism": 0.6212131833795681,
    "melancholy": 0.15807236637857655,
    "self_conscious": 0.7175848497291019,
    "authority_challenging": 0.7488908695782801,
    "achievement_striving": 0,
    "orderliness": 0.12162879432766167,
    "self_efficacy": 0.7196779265520316,
    "stress_prone": 0.6725186023454478,
    "agreeableness": 0.5869828648112726,
    "cooperative": 0.678527435329935,
    "trusting": 0.8505202647892403,
    "excitement_seeking": 0.7034240333289937,
    "outgoing": 0.9128518922816542,
    "gregariousness": 0.6435159684736563,
    "altruism": 0.23121989324306733,
    "modesty": 0.7975524020309857,
    "uncompromising": 0.6961032718095601,
    "sympathy": 0.7689403423031858,
    "fiery": 0.6699047599971959,
    "prone_to_worry": 0.7305639289755942,
    "immoderation": 0.007380849849278427
}