{
    "id": "1",
    "extraversion": 0.5156788321167883,
    "active": 0.6000834202294056,
    "assertive": 0.09857768508863399,
    "cheerful": 0.6885839416058394,
    "openness": 0.28062565172054227,
    "adventurous": 0.8298310740354536,
    "artistic": 0.5604254431699688,
    "emotionally_aware": 0.17535766423357665,
    "imaginative": 0.7517080291970802,
    "intellectual": 0.7049509906152241,
    "conscientiousness": 0.13092805005213762,
    "cautious": 0.18412513034410846,
    "disciplined": 0.6530552659019813,
    "dutiful": 0.12949322210636077,
    "neuroticism": 0.5052012513034411,
    "melancholy": 0,
    "self_conscious": 0.6150573514077164,
    "authority_challenging": 0.09333889468196037,
    "achievement_striving": 0.05822732012513032,
    "orderliness": 0.16626485922836287,
    "self_efficacy": 0.725689259645464,
    "stress_prone": 0.6687799791449426,
    "agreeableness": 0.2738852971845673,
    "cooperative": 0.1835662148070907,
    "trusting": 0.7191991657977059,
    "excitement_seeking": 0.6729009384775808,
    "outgoing": 0.6872492179353493,
    "gregariousness": 0.6091011470281543,
    "altruism": 0.6353952033368091,
    "modesty": 0.649851929092805,
    "uncompromising": 0.1682919708029197,
    "sympathy": 0.7377768508863399,
    "fiery": 0.6161918665276329,
    "prone_to_worry": 0.018727841501564105,
    "immoderation": 1
}