{
    "id": "1",
    "extraversion": 0.24304514033762226,
    "active": 1,
    "assertive": 0.7586463537026805,
    "cheerful": 0.13235377034021584,
    "openness": 0.248176005593207,
    "adventurous": 0.15569638809639263,
    "artistic": 0.6735303735946504,
    "emotionally_aware": 0.6921931911726565,
    "imaginative": 0.9535515736532889,
    "intellectual": 0.6969406511124393,
    "conscientiousness": 0.13775527464224904,
    "cautious": 0.09596409521983786,
    "disciplined": 0.8543059799952638,
    "dutiful": 0.049335242842161064,
    "neuroticism": 0.687840413175611,
    "melancholy": 0.6830027402203454,
    "self_conscious": 0.8265203712265587,
    "authority_challenging": 0.7907960170953665,
    "achievement_striving": 0.7910441028879441,
    "orderliness": 0.08416874344546064,
    "self_efficacy": 0.7062100384532979,
    "stress_prone": 0.8479910689114671,
    "agreeableness": 0.22853212147182536,
    "cooperative": 0.6605171461112552,
    "trusting": 0.7884279254389428,
    "excitement_seeking": 0.8277720768163827,
    "outgoing": 0.7993662535662333,
    "gregariousness": 0.6368023996662119,
    "altruism": 0.7775234271924583,
    "modesty": 0,
    "uncompromising": 0.11732202663539285,
    "sympathy": 0.022338997958930518,
    "fiery": 0.7104049436732485,
    "prone_to_worry": 0.7965358202054602,
    "immoderation": 0.9071595304412544
}