{
    "id": "1",
    "extraversion": 0.7000403714170368,
    "active": 0.8646701165877589,
    "assertive": 0.12244773124870018,
    "cheerful": 0.8208120771705755,
    "openness": 0.6789004294050721,
    "adventurous": 0.7552513426554607,
    "artistic": 0.7829852827834257,
    "emotionally_aware": 0.28028773809960733,
    "imaginative": 0.8968693801152421,
    "intellectual": 0.9681922168801458,
    "conscientiousness": 0.26120306822769485,
    "cautious": 0.17178649637268942,
    "disciplined": 0.14917850283211614,
    "dutiful": 0,
    "neuroticism": 0.7237983386550202,
    "melancholy": 0.8510539386599136,
    "self_conscious": 0.8699795696162269,
    "authority_challenging": 0.8643642725192987,
    "achievement_striving": 0.1550507089465507,
    "orderliness": 0.10994482573004981,
    "self_efficacy": 0.858455365116649,
    "stress_prone": 0.8754969966112478,
    "agreeableness": 0.31545980597252304,
    "cooperative": 0.8212035575782043,
    "trusting": 0.10929643630491434,
    "excitement_seeking": 1,
    "outgoing": 0.8690865049363233,
    "gregariousness": 0.815245715124601,
    "altruism": 0.8825191764230925,
    "modesty": 0.19729389168226474,
    "uncompromising": 0.1515518528033668,
    "sympathy": 0.8507358608287151,
    "fiery": 0.9407641208206409,
    "prone_to_worry": 0.872426322163908,
    "immoderation": 0.9032554042646898
}