{
    "id": "1",
    "extraversion": 0.3219009061114324,
    "active": 0.12139965297860034,
    "assertive": 0.0951417004048583,
    "cheerful": 0.7942259494891074,
    "openness": 0.2664160401002506,
    "adventurous": 0.6658858685174475,
    "artistic": 0.18366107576633894,
    "emotionally_aware": 0.7955080007711586,
    "imaginative": 0.1417004048582996,
    "intellectual": 0.21199151725467513,
    "conscientiousness": 0.23841334104491999,
    "cautious": 0.19456333140543666,
    "disciplined": 0.06404472720262193,
    "dutiful": 0.059253903990746114,
    "neuroticism": 0.6451127819548872,
    "melancholy": 0.7594659726238674,
    "self_conscious": 1,
    "authority_challenging": 0.8234335839598997,
    "achievement_striving": 0.2028822055137845,
    "orderliness": 0.15627530364372472,
    "self_efficacy": 0.04410063620589937,
    "stress_prone": 0.7176788124156546,
    "agreeableness": 0.5703200308463466,
    "cooperative": 0,
    "trusting": 0.052332754964333913,
    "excitement_seeking": 0.6694042799305957,
    "outgoing": 0.1411991517254675,
    "gregariousness": 0.6815114709851552,
    "altruism": 0.24288606130711393,
    "modesty": 0.21814150761519183,
    "uncompromising": 0.1572006940427993,
    "sympathy": 0.7938403701561596,
    "fiery": 0.8034702139965297,
    "prone_to_worry": 0.816782340466551,
    "immoderation": 0.8615288220551378
}