{
    "id": "1",
    "extraversion": 0.16200917442915372,
    "active": 1,
    "assertive": 0.07768875940762317,
    "cheerful": 0.18226191845235812,
    "openness": 0.2000229999616667,
    "adventurous": 0.08604541214653533,
    "artistic": 0.1994735564329615,
    "emotionally_aware": 0.7891797958114515,
    "imaginative": 0.905610712871034,
    "intellectual": 0.8744457648126142,
    "conscientiousness": 0.6282822861961896,
    "cautious": 0.7537981881141308,
    "disciplined": 0.025683290527849126,
    "dutiful": 0.02751050970470604,
    "neuroticism": 0.7141104764825391,
    "melancholy": 0.04785269802328105,
    "self_conscious": 0.8306308378374925,
    "authority_challenging": 0.8828790840904153,
    "achievement_striving": 0.9548178530813559,
    "orderliness": 0.7971020048299919,
    "self_efficacy": 0.8431658169458606,
    "stress_prone": 0.8577580148477529,
    "agreeableness": 0.321437242049041,
    "cooperative": 0.8188880796309784,
    "trusting": 0.8869424106515377,
    "excitement_seeking": 0.07029043840482488,
    "outgoing": 0.8436258161791952,
    "gregariousness": 0.7180715809918093,
    "altruism": 0.09985816690305516,
    "modesty": 0.00863776338150546,
    "uncompromising": 0.7521626352844968,
    "sympathy": 0,
    "fiery": 0.03824382514918032,
    "prone_to_worry": 0.8615530085227635,
    "immoderation": 0.03616105084269303
}