{
    "id": "1",
    "extraversion": 0.3365159185892426,
    "active": 0.9421811468632847,
    "assertive": 0.07714088319572333,
    "cheerful": 0.23059585697620424,
    "openness": 0.3532443115535773,
    "adventurous": 0.2476073980949792,
    "artistic": 0.24465133136262215,
    "emotionally_aware": 0.838990633459051,
    "imaginative": 0.9036616719332224,
    "intellectual": 0.9026649904295924,
    "conscientiousness": 0.35707247460161057,
    "cautious": 0.8031100993283726,
    "disciplined": 0.10884215056686262,
    "dutiful": 0.16751044816689883,
    "neuroticism": 0.7845582322494421,
    "melancholy": 0.9152820721914535,
    "self_conscious": 0.9455789247165688,
    "authority_challenging": 0.8900252568153761,
    "achievement_striving": 0.828921885087153,
    "orderliness": 0.1435787661536022,
    "self_efficacy": 0.2173218714960416,
    "stress_prone": 0.8423544335338023,
    "agreeableness": 0.34658466696114076,
    "cooperative": 0.08212429071387314,
    "trusting": 0,
    "excitement_seeking": 0.08842150566862603,
    "outgoing": 0.1996307748066098,
    "gregariousness": 0.2581631612925147,
    "altruism": 0.26899074671831286,
    "modesty": 0.24743750920231503,
    "uncompromising": 0.7829952544369316,
    "sympathy": 0.9027782496913686,
    "fiery": 1,
    "prone_to_worry": 0.9898519701448586,
    "immoderation": 0.8736139897840146
}