{
    "id": "1",
    "extraversion": 0.2581961040265087,
    "active": 0.975461893764434,
    "assertive": 0.8931368611306356,
    "cheerful": 0.14558439602369713,
    "openness": 0.7682498242795461,
    "adventurous": 0.18897479666633196,
    "artistic": 0.13878150416708504,
    "emotionally_aware": 1,
    "imaginative": 0.8785520634601867,
    "intellectual": 0.8499723867858219,
    "conscientiousness": 0.6298574154031529,
    "cautious": 0.7891480068279948,
    "disciplined": 0.9543503363791546,
    "dutiful": 0.024123908022893884,
    "neuroticism": 0.7250853499347325,
    "melancholy": 0.9128803092679988,
    "self_conscious": 0.9760016065870069,
    "authority_challenging": 0.8625991565418214,
    "achievement_striving": 0.9533211165779697,
    "orderliness": 0.0873079626468521,
    "self_efficacy": 0.8314840847474647,
    "stress_prone": 0.9541746159252937,
    "agreeableness": 0.21161763229239883,
    "cooperative": 0.829463299528065,
    "trusting": 0,
    "excitement_seeking": 0.08209910633597747,
    "outgoing": 0.17771613615824883,
    "gregariousness": 0.12334320714931214,
    "altruism": 0.13348478762928004,
    "modesty": 0.016505171201927897,
    "uncompromising": 0.8122803494326739,
    "sympathy": 0.05783713224219301,
    "fiery": 0.07488201626669343,
    "prone_to_worry": 0.8399437694547646,
    "immoderation": 0.8964755497539914
}