{
    "id": "1",
    "extraversion": 0.37534695181613054,
    "active": 0.924479322670181,
    "assertive": 0.8863495676830607,
    "cheerful": 0.275334970746221,
    "openness": 0.6642504842349087,
    "adventurous": 0.05019069869606026,
    "artistic": 0.15536452405199785,
    "emotionally_aware": 0.9106911080492821,
    "imaginative": 0.7953034205954591,
    "intellectual": 0.789542522813954,
    "conscientiousness": 0.6731464286427443,
    "cautious": 0.7618562670979852,
    "disciplined": 0,
    "dutiful": 1,
    "neuroticism": 0.6732562551169152,
    "melancholy": 0.24454362107869568,
    "self_conscious": 0.8192855288643942,
    "authority_challenging": 0.16722578326244533,
    "achievement_striving": 0.7793586133908423,
    "orderliness": 0.8668803290800534,
    "self_efficacy": 0.771610854849338,
    "stress_prone": 0.8540605842768425,
    "agreeableness": 0.39779148944667425,
    "cooperative": 0.8288803690169531,
    "trusting": 0.20095249505780863,
    "excitement_seeking": 0.3021426146688232,
    "outgoing": 0.24991513408814073,
    "gregariousness": 0.21710697098584236,
    "altruism": 0.2444537630543741,
    "modesty": 0.7780406957007927,
    "uncompromising": 0.26519099822280795,
    "sympathy": 0.19692885241318717,
    "fiery": 0.8541803949759379,
    "prone_to_worry": 0.7760837876155674,
    "immoderation": 0.9214541025180214
}