{
    "id": "1",
    "extraversion": 0.2916376393312102,
    "active": 0.9171103702229298,
    "assertive": 0,
    "cheerful": 0.24274731289808918,
    "openness": 0.6836683917197452,
    "adventurous": 0.18404160031847136,
    "artistic": 0.24660380175159236,
    "emotionally_aware": 0.7825189092356688,
    "imaginative": 0.920357285031847,
    "intellectual": 1,
    "conscientiousness": 0.3147890127388535,
    "cautious": 0.8287718949044586,
    "disciplined": 0.051564988057324825,
    "dutiful": 0.9665605095541401,
    "neuroticism": 0.8017764729299363,
    "melancholy": 0.8673616640127388,
    "self_conscious": 0.9044959195859873,
    "authority_challenging": 0.12118083200636942,
    "achievement_striving": 0.22650029856687895,
    "orderliness": 0.1315435907643312,
    "self_efficacy": 0.1947526871019108,
    "stress_prone": 0.9147467157643312,
    "agreeableness": 0.24186405254777069,
    "cooperative": 0.08142167595541402,
    "trusting": 0.027219347133757975,
    "excitement_seeking": 0.15356289808917198,
    "outgoing": 0.1252612460191083,
    "gregariousness": 0.1279607882165605,
    "altruism": 0.1754453622611465,
    "modesty": 0.8355145302547771,
    "uncompromising": 0.18145402070063693,
    "sympathy": 0.8339346138535032,
    "fiery": 0.9459718351910829,
    "prone_to_worry": 0.9614475517515924,
    "immoderation": 0.8362733877388535
}