{
    "id": "1",
    "extraversion": 0.2678445229681979,
    "active": 0.8892742593095949,
    "assertive": 0.7086164718673552,
    "cheerful": 0.6363903234574613,
    "openness": 0.3008100027181299,
    "adventurous": 0.07871704267463986,
    "artistic": 0.1949225332970916,
    "emotionally_aware": 0.7534221255776026,
    "imaginative": 0.7957162272356617,
    "intellectual": 0.6967436803479206,
    "conscientiousness": 0.22365860288121772,
    "cautious": 0.6478934493068768,
    "disciplined": 0,
    "dutiful": 0.7997499320467518,
    "neuroticism": 0.6044903506387606,
    "melancholy": 0.11001902690948627,
    "self_conscious": 0.7642946452840446,
    "authority_challenging": 0.0658004892633868,
    "achievement_striving": 0.7514107094319108,
    "orderliness": 0.09363413971187826,
    "self_efficacy": 0.6829247078010329,
    "stress_prone": 0.7666322370209295,
    "agreeableness": 0.2708670834465888,
    "cooperative": 0.7458331068225061,
    "trusting": 0.10101658059255231,
    "excitement_seeking": 0.6571459635770589,
    "outgoing": 0.6959934764881761,
    "gregariousness": 0.15969556944821964,
    "altruism": 0.14986681163359608,
    "modesty": 0.09587387877140531,
    "uncompromising": 0.6554063604240283,
    "sympathy": 0.12736069584126122,
    "fiery": 0.7946833378635497,
    "prone_to_worry": 0.792889372111987,
    "immoderation": 1
}