{
    "id": "1",
    "extraversion": 0.3132404306650823,
    "active": 0.9345600326479662,
    "assertive": 0.16027510712613877,
    "cheerful": 0.11107510232496724,
    "openness": 0.36648542244307614,
    "adventurous": 0.14237874041266071,
    "artistic": 0.283641208454863,
    "emotionally_aware": 0.9028723008414055,
    "imaginative": 1,
    "intellectual": 0.9705568158630706,
    "conscientiousness": 0.39816115132092234,
    "cautious": 0.8456303338014477,
    "disciplined": 0.02144923361300157,
    "dutiful": 0.1986364672980207,
    "neuroticism": 0.8093214744397633,
    "melancholy": 0.9327355874833461,
    "self_conscious": 0.9373687179671841,
    "authority_challenging": 0.9438382965443569,
    "achievement_striving": 0.9821276391439512,
    "orderliness": 0.24334737675992943,
    "self_efficacy": 0.9964231272430473,
    "stress_prone": 0.9757300781390661,
    "agreeableness": 0.37531957797702636,
    "cooperative": 0.8969068452702459,
    "trusting": 0.051636599330236586,
    "excitement_seeking": 0,
    "outgoing": 0.8353678297504592,
    "gregariousness": 0.273882827409888,
    "altruism": 0.8418974229712051,
    "modesty": 0.07638663833975487,
    "uncompromising": 0.9556251725421003,
    "sympathy": 0.247872480885336,
    "fiery": 0.1759389290987001,
    "prone_to_worry": 0.971709097019673,
    "immoderation": 0.19201085064755802
}