{
    "id": "1",
    "extraversion": 0.2600204905179083,
    "active": 0.8883894034750246,
    "assertive": 0.11284420933782172,
    "cheerful": 0.1564283772764338,
    "openness": 0.24613711920045162,
    "adventurous": 0.06554874861479915,
    "artistic": 0.28737951366383,
    "emotionally_aware": 0.7253643339536245,
    "imaginative": 0.8396198799841095,
    "intellectual": 0.7581491626068957,
    "conscientiousness": 0.6899031927572292,
    "cautious": 0.839630334329981,
    "disciplined": 0.036652936625755306,
    "dutiful": 0.18462374809208187,
    "neuroticism": 0.8473874589666924,
    "melancholy": 0.7423421916490686,
    "self_conscious": 0.8345077048529075,
    "authority_challenging": 0.16746816651682106,
    "achievement_striving": 0.20284567294624375,
    "orderliness": 0.7608463838417631,
    "self_efficacy": 0.7981474899115563,
    "stress_prone": 0.8276810169987664,
    "agreeableness": 0.608244297154327,
    "cooperative": 0.24654483868944319,
    "trusting": 0.8633930624960796,
    "excitement_seeking": 0,
    "outgoing": 0.8611035607502039,
    "gregariousness": 0.8070336839023983,
    "altruism": 0.7930353147803542,
    "modesty": 0.047954084512931996,
    "uncompromising": 0.8074204946996466,
    "sympathy": 0.7740188596399524,
    "fiery": 0.8054237146381751,
    "prone_to_worry": 1,
    "immoderation": 0.843550714031823
}