{
    "id": "1",
    "extraversion": 0.6355383294748068,
    "active": 0.7872044325364825,
    "assertive": 0.8797180240876102,
    "cheerful": 0.8293057253596233,
    "openness": 0.6141170043961189,
    "adventurous": 0.1884738443929974,
    "artistic": 0.7950992378326354,
    "emotionally_aware": 0.7406029706318447,
    "imaginative": 0.8595453008350025,
    "intellectual": 0.8554223135551335,
    "conscientiousness": 0.6195015997710897,
    "cautious": 0.16982285461592483,
    "disciplined": 0.8745805478240511,
    "dutiful": 0,
    "neuroticism": 0.6406237806622792,
    "melancholy": 0.7984158364331607,
    "self_conscious": 0.8364851858595844,
    "authority_challenging": 0.8412714928595583,
    "achievement_striving": 0.10829019587441147,
    "orderliness": 0.07132637931482975,
    "self_efficacy": 0.7578492833545769,
    "stress_prone": 0.7891943916967978,
    "agreeableness": 0.3422469630361834,
    "cooperative": 0.788205915251151,
    "trusting": 0.8974845875712093,
    "excitement_seeking": 0.7767603985120828,
    "outgoing": 0.9076815024841974,
    "gregariousness": 0.7384829487813126,
    "altruism": 0.7717139661316754,
    "modesty": 0.06115547693988496,
    "uncompromising": 0.8379158754519678,
    "sympathy": 0.8449912857997556,
    "fiery": 0.8214889576776007,
    "prone_to_worry": 0.7940197175038368,
    "immoderation": 1
}