{
    "id": "1",
    "extraversion": 0.3603651202266263,
    "active": 0.23026855671841448,
    "assertive": 0.8587969468394843,
    "cheerful": 0.8449925244781186,
    "openness": 0.6753375226232898,
    "adventurous": 0.8030509122384972,
    "artistic": 0.7984756680193801,
    "emotionally_aware": 0.7236979664332206,
    "imaginative": 0.8778398552109445,
    "intellectual": 0.9133851186528322,
    "conscientiousness": 0.36453567453938424,
    "cautious": 0.7614465415875086,
    "disciplined": 0.9235922974021157,
    "dutiful": 0.030509122384972512,
    "neuroticism": 0.7204941713412099,
    "melancholy": 0.8328293445147655,
    "self_conscious": 0.8845284800521601,
    "authority_challenging": 0.22505255348089526,
    "achievement_striving": 0.21752082466809802,
    "orderliness": 0,
    "self_efficacy": 0.8012073248873051,
    "stress_prone": 0.8760299920186158,
    "agreeableness": 0.28764459233112627,
    "cooperative": 0.15182616320244607,
    "trusting": 0.02212304821430576,
    "excitement_seeking": 0.7830412446462897,
    "outgoing": 0.16763155232303245,
    "gregariousness": 0.768135166428724,
    "altruism": 0.16074058252863738,
    "modesty": 0.21839765279854306,
    "uncompromising": 0.2149915127533527,
    "sympathy": 0.8008251177535214,
    "fiery": 1,
    "prone_to_worry": 0.8556493586789122,
    "immoderation": 0.9119349798217116
}