{
    "id": "1",
    "extraversion": 0.28006791098038375,
    "active": 1,
    "assertive": 0.16242403270108355,
    "cheerful": 0.6999697212189372,
    "openness": 0.3221121612561369,
    "adventurous": 0.19054004368795555,
    "artistic": 0.7523087570560374,
    "emotionally_aware": 0.7752124921599585,
    "imaginative": 0.8585440231848952,
    "intellectual": 0.7610787897138654,
    "conscientiousness": 0.6598287086099877,
    "cautious": 0.8885957133897096,
    "disciplined": 0.972230032225274,
    "dutiful": 0.9456279602915414,
    "neuroticism": 0.7499621515236715,
    "melancholy": 0.1200986223154617,
    "self_conscious": 0.769091852845124,
    "authority_challenging": 0.1519129701321453,
    "achievement_striving": 0.7809546467115082,
    "orderliness": 0.11222613923913753,
    "self_efficacy": 0.8610744641737137,
    "stress_prone": 0.7675562860912257,
    "agreeableness": 0.5869757986028505,
    "cooperative": 0.8289573285464023,
    "trusting": 0.856608343966953,
    "excitement_seeking": 0,
    "outgoing": 0.7947206782446957,
    "gregariousness": 0.7707247442524385,
    "altruism": 0.8655838397819928,
    "modesty": 0.824977831606722,
    "uncompromising": 0.8342344875316304,
    "sympathy": 0.8255185241257003,
    "fiery": 0.17650366589527872,
    "prone_to_worry": 0.9049895105651319,
    "immoderation": 0.08263944460064455
}