{
    "id": "1",
    "extraversion": 0.3463975454641635,
    "active": 0.7975830815709969,
    "assertive": 0.8638602513313036,
    "cheerful": 0.19139031586866823,
    "openness": 0.6702246464551471,
    "adventurous": 0.24629997531357634,
    "artistic": 0.26485005936497114,
    "emotionally_aware": 0.7858041308615562,
    "imaginative": 0.8447929279273984,
    "intellectual": 0.7892132084121927,
    "conscientiousness": 0.6569527548873241,
    "cautious": 0.7366663923730706,
    "disciplined": 0,
    "dutiful": 0.15634734973609038,
    "neuroticism": 0.6698014506212749,
    "melancholy": 0.7802438078220696,
    "self_conscious": 0.2073189368380218,
    "authority_challenging": 0.13060293650886945,
    "achievement_striving": 0.9049807798558782,
    "orderliness": 0.21450151057401812,
    "self_efficacy": 0.1902500382051794,
    "stress_prone": 0.779632524950921,
    "agreeableness": 0.3289289618771086,
    "cooperative": 0.8020501487063139,
    "trusting": 1,
    "excitement_seeking": 0.24518320852974715,
    "outgoing": 0.823374516557537,
    "gregariousness": 0.11158263486428345,
    "altruism": 0.13842030399567395,
    "modesty": 0.05007817367486801,
    "uncompromising": 0.19481114885913453,
    "sympathy": 0.10166104364794809,
    "fiery": 0.21286750443767855,
    "prone_to_worry": 0.76786532968131,
    "immoderation": 0.17731905439242004
}