{
    "id": "1",
    "extraversion": 0.3595852787695688,
    "active": 0.9990959443376363,
    "assertive": 0.14284079465348345,
    "cheerful": 0.21029021331136133,
    "openness": 0.3771056486313284,
    "adventurous": 0.287134944612286,
    "artistic": 0.25299826055113067,
    "emotionally_aware": 0.8363315938844641,
    "imaginative": 0.8901744026366384,
    "intellectual": 0.8926004760596906,
    "conscientiousness": 0.3732147761603955,
    "cautious": 0.2776709695138698,
    "disciplined": 0,
    "dutiful": 0.04743431291769659,
    "neuroticism": 0.7688707314840245,
    "melancholy": 0.8416071592053466,
    "self_conscious": 0.9713105373981508,
    "authority_challenging": 0.8572736427721322,
    "achievement_striving": 0.8454064817357869,
    "orderliness": 0.1173326924837499,
    "self_efficacy": 0.2585484756934908,
    "stress_prone": 1,
    "agreeableness": 0.3278060056760963,
    "cooperative": 0.12252815160670145,
    "trusting": 0.19116771949098232,
    "excitement_seeking": 0.19983063261008882,
    "outgoing": 0.8077336812231072,
    "gregariousness": 0.2991394305593701,
    "altruism": 0.22831410784582987,
    "modesty": 0.11680628032591779,
    "uncompromising": 0.13923601574658978,
    "sympathy": 0.8109150416552229,
    "fiery": 0.9977913576856176,
    "prone_to_worry": 0.9097775336446031,
    "immoderation": 0.9780623455094756
}