{
    "id": "1",
    "extraversion": 0.6501514920330448,
    "active": 0.7382566427621684,
    "assertive": 0.0838328574231096,
    "cheerful": 0.7276739978638533,
    "openness": 0.34093336530287505,
    "adventurous": 0.2240229308803976,
    "artistic": 0.1127144320683567,
    "emotionally_aware": 0.7519999128103406,
    "imaginative": 0.8828388953070165,
    "intellectual": 0.7449702465287618,
    "conscientiousness": 0.586601129106088,
    "cautious": 0.718606273295987,
    "disciplined": 0,
    "dutiful": 0.8037687730235193,
    "neuroticism": 0.6896266102840203,
    "melancholy": 0.7392157290145388,
    "self_conscious": 0.7738409224665954,
    "authority_challenging": 0.146097172875297,
    "achievement_striving": 0.8110927044052576,
    "orderliness": 0.16679381825315517,
    "self_efficacy": 0.7301698018614992,
    "stress_prone": 0.9525034330928352,
    "agreeableness": 0.282483597445343,
    "cooperative": 0.12185844758811606,
    "trusting": 0.04439043529437407,
    "excitement_seeking": 0.7896658456307082,
    "outgoing": 0.8668177954094644,
    "gregariousness": 0.6928308302635307,
    "altruism": 0.24174422913442467,
    "modesty": 0.1127689256054232,
    "uncompromising": 0.7272380495673213,
    "sympathy": 0.7584846437212547,
    "fiery": 0.8277677267476077,
    "prone_to_worry": 0.7795954399808183,
    "immoderation": 1
}