{
    "id": "1",
    "extraversion": 0.711252822566919,
    "active": 0.2746542000930454,
    "assertive": 0.09769769315435328,
    "cheerful": 0.25173325466078134,
    "openness": 0.6893871483847542,
    "adventurous": 0.7698487444541525,
    "artistic": 0.25046239035958656,
    "emotionally_aware": 0.32977793915737164,
    "imaginative": 0.18645394818958574,
    "intellectual": 0.8534988482792271,
    "conscientiousness": 0.4024668383846407,
    "cautious": 0.3095689273678358,
    "disciplined": 0.06505236641741083,
    "dutiful": 0,
    "neuroticism": 0.7127846679299663,
    "melancholy": 0.8937693608233386,
    "self_conscious": 0.8404044071758444,
    "authority_challenging": 1,
    "achievement_striving": 0.8170409286387001,
    "orderliness": 0.26735807736386435,
    "self_efficacy": 0.26894665774035786,
    "stress_prone": 0.8190493481146955,
    "agreeableness": 0.4304712410216841,
    "cooperative": 0.21255205437483687,
    "trusting": 0.062034063702073095,
    "excitement_seeking": 0.7999977305994622,
    "outgoing": 0.2211417354105913,
    "gregariousness": 0.8347422528339139,
    "altruism": 0.8989549410523211,
    "modesty": 0.24674057347751593,
    "uncompromising": 0.8351507449307266,
    "sympathy": 0.21081596296338323,
    "fiery": 0.864573522903925,
    "prone_to_worry": 0.8776339229992397,
    "immoderation": 0.9286387000873719
}