{
    "id": "1",
    "extraversion": 0.2759222947271422,
    "active": 1,
    "assertive": 0.8226879681121219,
    "cheerful": 0.1892056961008068,
    "openness": 0.731578214235966,
    "adventurous": 0.21821123576242668,
    "artistic": 0.7850997031941452,
    "emotionally_aware": 0.8567724238430464,
    "imaginative": 0.8379461463456448,
    "intellectual": 0.967319210946457,
    "conscientiousness": 0.6669774020379954,
    "cautious": 0.2647358213593065,
    "disciplined": 0.8767666377361321,
    "dutiful": 0.12849443355084805,
    "neuroticism": 0.6338251524210571,
    "melancholy": 0.9137120018858422,
    "self_conscious": 0.9655726638593333,
    "authority_challenging": 0.8820277090231122,
    "achievement_striving": 0.8545437011797229,
    "orderliness": 0.17527617945503443,
    "self_efficacy": 0.8476968079976855,
    "stress_prone": 0.8059404030987816,
    "agreeableness": 0.22285083630674934,
    "cooperative": 0.08372711005389649,
    "trusting": 0.003653819366314109,
    "excitement_seeking": 0,
    "outgoing": 0.18081584107493004,
    "gregariousness": 0.222550815948225,
    "altruism": 0.20715334254824433,
    "modesty": 0.03137355749140117,
    "uncompromising": 0.8781381593751003,
    "sympathy": 0.18221950775231174,
    "fiery": 0.7668734664137923,
    "prone_to_worry": 0.8754165461227725,
    "immoderation": 0.839531968240702
}