{
    "id": "1",
    "extraversion": 0.3377994899242071,
    "active": 0.19263144030556656,
    "assertive": 0,
    "cheerful": 0.7750517858639558,
    "openness": 0.6659243028365482,
    "adventurous": 0.7890249889244106,
    "artistic": 0.787312762671073,
    "emotionally_aware": 0.7637965923105476,
    "imaginative": 1,
    "intellectual": 0.9576972352934133,
    "conscientiousness": 0.24729097070057596,
    "cautious": 0.7884861764670666,
    "disciplined": 0.12192727229186877,
    "dutiful": 0.9171066968401644,
    "neuroticism": 0.7021205263599027,
    "melancholy": 0.13682244333488996,
    "self_conscious": 0.19998323694577153,
    "authority_challenging": 0.8858675479243747,
    "achievement_striving": 0.8046625237975502,
    "orderliness": 0.8128883939796689,
    "self_efficacy": 0.8606990193613278,
    "stress_prone": 0.8336865548331477,
    "agreeableness": 0.6320868805153442,
    "cooperative": 0.8266460720571861,
    "trusting": 0.932756205323467,
    "excitement_seeking": 0.9191422105679085,
    "outgoing": 0.8319384077493206,
    "gregariousness": 0.8846342660775651,
    "altruism": 0.880024426164733,
    "modesty": 0.16231425937234337,
    "uncompromising": 0.8539818240597723,
    "sympathy": 0.8655962259180766,
    "fiery": 0.8307530203431638,
    "prone_to_worry": 0.8311122286480598,
    "immoderation": 0.9476394027563252
}