{
    "id": "1",
    "extraversion": 0.3803475121540659,
    "active": 0.894173800374312,
    "assertive": 0,
    "cheerful": 0.28692455065947575,
    "openness": 0.3981328696884794,
    "adventurous": 0.21656939722477542,
    "artistic": 0.35741259593129493,
    "emotionally_aware": 0.7632088948936311,
    "imaginative": 1,
    "intellectual": 0.9553704913675678,
    "conscientiousness": 0.7827329206303503,
    "cautious": 0.9169758247599641,
    "disciplined": 0.2655954108018915,
    "dutiful": 0.14025625975924427,
    "neuroticism": 0.7724005802943555,
    "melancholy": 0.21964805811803007,
    "self_conscious": 0.8747162205561524,
    "authority_challenging": 0.137742389173745,
    "achievement_striving": 0.26944927407833974,
    "orderliness": 0.86893542564148,
    "self_efficacy": 0.9260789156026091,
    "stress_prone": 0.8876621003554857,
    "agreeableness": 0.4562508997884805,
    "cooperative": 0.9015382230146513,
    "trusting": 0.24587204730949402,
    "excitement_seeking": 0.31328143168805855,
    "outgoing": 0.8821138661557715,
    "gregariousness": 0.8122016855114675,
    "altruism": 0.910796354333935,
    "modesty": 0.19226126535177576,
    "uncompromising": 0.8982380757261985,
    "sympathy": 0.8484368597658889,
    "fiery": 0.8464988538079048,
    "prone_to_worry": 0.9154254199935768,
    "immoderation": 0.16795313347877602
}