{
    "id": "1",
    "extraversion": 0.712481954709013,
    "active": 0.865506022279201,
    "assertive": 0.1533041735795393,
    "cheerful": 0.29808666048997,
    "openness": 0.6210704358880437,
    "adventurous": 0.7497791471849345,
    "artistic": 0.20442352028613908,
    "emotionally_aware": 0.30675917347180626,
    "imaginative": 0.8187498653336494,
    "intellectual": 0.7596044041283315,
    "conscientiousness": 0.2984852728878929,
    "cautious": 0.18601193682532155,
    "disciplined": 0.1695395488138588,
    "dutiful": 0,
    "neuroticism": 0.6444161944366638,
    "melancholy": 0.7323694813729503,
    "self_conscious": 0.7651742043912004,
    "authority_challenging": 0.8164659240266315,
    "achievement_striving": 0.7614789597293745,
    "orderliness": 0.16487470642735558,
    "self_efficacy": 0.22987007390489322,
    "stress_prone": 0.7133222727370666,
    "agreeableness": 0.6113960052573743,
    "cooperative": 0.7744284760078428,
    "trusting": 0.14278942492081617,
    "excitement_seeking": 0.7392428519101075,
    "outgoing": 0.885964534269893,
    "gregariousness": 0.8215186055030058,
    "altruism": 0.7165003986123979,
    "modesty": 0.1854086315744112,
    "uncompromising": 0.763838314192756,
    "sympathy": 0.7340070241968499,
    "fiery": 0.8187606386417012,
    "prone_to_worry": 0.7639568205813276,
    "immoderation": 1
}