{
    "id": "1",
    "extraversion": 0.2797358920767623,
    "active": 1,
    "assertive": 0.037146114383431475,
    "cheerful": 0.6673475204256129,
    "openness": 0.5731996959908797,
    "adventurous": 0.002256317689530701,
    "artistic": 0.7496556146684401,
    "emotionally_aware": 0.7932381721451643,
    "imaginative": 0.9996318639559186,
    "intellectual": 0.8334125023750713,
    "conscientiousness": 0.24282728481854457,
    "cautious": 0.7225916777503326,
    "disciplined": 0.9430814174425233,
    "dutiful": 0.9172050161504846,
    "neuroticism": 0.6379797643929318,
    "melancholy": 0,
    "self_conscious": 0.9679959148774463,
    "authority_challenging": 0.0021731901957058692,
    "achievement_striving": 0.8032253467604028,
    "orderliness": 0.8081179935398063,
    "self_efficacy": 0.8005890176705301,
    "stress_prone": 0.8739193425802776,
    "agreeableness": 0.28262160364810945,
    "cooperative": 0.8475798023940718,
    "trusting": 0.7975370511115333,
    "excitement_seeking": 0.13949980999429984,
    "outgoing": 0.7379227626828805,
    "gregariousness": 0.15498527455823674,
    "altruism": 0.14248052441573245,
    "modesty": 0.08629821394641841,
    "uncompromising": 0.7787383621508646,
    "sympathy": 0.7216060231806956,
    "fiery": 0.7684068022040661,
    "prone_to_worry": 0.7662454873646211,
    "immoderation": 0.9991330989929699
}