{
    "id": "1",
    "extraversion": 0.27172468623999096,
    "active": 0.16180362314725422,
    "assertive": 0.021693452211937084,
    "cheerful": 0.19215174058719972,
    "openness": 0.6717133284116077,
    "adventurous": 0.15824862286330854,
    "artistic": 0.10106195695383044,
    "emotionally_aware": 0.7497075359191323,
    "imaginative": 0.8640127207677893,
    "intellectual": 0.7960247600658755,
    "conscientiousness": 0.3506161621897893,
    "cautious": 0.690328809131694,
    "disciplined": 0,
    "dutiful": 0.8372309614401727,
    "neuroticism": 0.6457379748991994,
    "melancholy": 0.8220796183769664,
    "self_conscious": 0.8915440967686978,
    "authority_challenging": 0.8655119541143734,
    "achievement_striving": 0.21122153444261457,
    "orderliness": 0.2195241069907434,
    "self_efficacy": 0.15426202510080073,
    "stress_prone": 0.8422397637571696,
    "agreeableness": 0.36126980521324326,
    "cooperative": 0.1393605542620251,
    "trusting": 0.0845249588278721,
    "excitement_seeking": 0.19872792322108015,
    "outgoing": 0.20320290760406612,
    "gregariousness": 0.11525924243284687,
    "altruism": 0.7404736214435801,
    "modesty": 0.18510988698960762,
    "uncompromising": 0.9673121699131125,
    "sympathy": 0.7710148219660401,
    "fiery": 0.13963314214322223,
    "prone_to_worry": 0.7917087852802545,
    "immoderation": 1
}