{
    "id": "1",
    "extraversion": 0.6250533049040512,
    "active": 0.23644117076952897,
    "assertive": 0,
    "cheerful": 0.2520255863539446,
    "openness": 0.6741035084318666,
    "adventurous": 0.7757026555534018,
    "artistic": 0.29685016476061254,
    "emotionally_aware": 0.7993312657491762,
    "imaginative": 0.8042256251211476,
    "intellectual": 0.7963946501259934,
    "conscientiousness": 0.3365865477805776,
    "cautious": 0.23110098856367517,
    "disciplined": 0.020197712735026192,
    "dutiful": 0.12041093235123088,
    "neuroticism": 0.3237836790075596,
    "melancholy": 0.9000290754022097,
    "self_conscious": 0.800067842605156,
    "authority_challenging": 0.19892421011824,
    "achievement_striving": 0.16578794339988373,
    "orderliness": 0.2730180267493701,
    "self_efficacy": 0.23079085094010468,
    "stress_prone": 0.6939813917425858,
    "agreeableness": 0.6231634037604187,
    "cooperative": 0.2515216127156426,
    "trusting": 0.7981391742585773,
    "excitement_seeking": 0.28483233184725726,
    "outgoing": 0.7655456483814692,
    "gregariousness": 0.3000193836014732,
    "altruism": 0.7541965497189378,
    "modesty": 0.13795309168443498,
    "uncompromising": 0.18700329521225043,
    "sympathy": 1,
    "fiery": 0.20157976352006202,
    "prone_to_worry": 0.7830005815080442,
    "immoderation": 0.9622407443302965
}