{
    "id": "1",
    "extraversion": 0.2234312251811635,
    "active": 1,
    "assertive": 0.14831848877122922,
    "cheerful": 0.10547865299620847,
    "openness": 0.3133847845108025,
    "adventurous": 0.0935656114688264,
    "artistic": 0.7272115406187601,
    "emotionally_aware": 0.8293249276467817,
    "imaginative": 0.8596235389136921,
    "intellectual": 0.848865905368721,
    "conscientiousness": 0.6850559755906042,
    "cautious": 0.869943687882799,
    "disciplined": 0.9700379153299082,
    "dutiful": 0.13611379085993763,
    "neuroticism": 0.798667354676598,
    "melancholy": 0.9225988827316985,
    "self_conscious": 0.9702398312879994,
    "authority_challenging": 0.9042133129921702,
    "achievement_striving": 0.8161330850514886,
    "orderliness": 0.20970094003096043,
    "self_efficacy": 0.8315460031857851,
    "stress_prone": 0.8830794427119556,
    "agreeableness": 0.32532026114463913,
    "cooperative": 0.79708567967155,
    "trusting": 0.16361923137325285,
    "excitement_seeking": 0,
    "outgoing": 0.769120319475916,
    "gregariousness": 0.1442689520561775,
    "altruism": 0.9492293540932852,
    "modesty": 0.16126354519552194,
    "uncompromising": 0.8389383707625693,
    "sympathy": 0.7573418885872614,
    "fiery": 0.14974311803109505,
    "prone_to_worry": 0.9207255513427411,
    "immoderation": 0.15622686379646872
}