{
    "id": "1",
    "extraversion": 0.23769390787518574,
    "active": 0.014728083209509671,
    "assertive": 0.10043387815750372,
    "cheerful": 0.7572303120356612,
    "openness": 0.6019732540861813,
    "adventurous": 0.12366121842496286,
    "artistic": 0.6850520059435364,
    "emotionally_aware": 0.7033699851411589,
    "imaginative": 0.9096701337295691,
    "intellectual": 0.881224368499257,
    "conscientiousness": 0.2925289747399703,
    "cautious": 0.6595780089153045,
    "disciplined": 0.09824665676077265,
    "dutiful": 0.09340861812778607,
    "neuroticism": 0.6215750371471025,
    "melancholy": 0.8945973254086181,
    "self_conscious": 1,
    "authority_challenging": 0,
    "achievement_striving": 0.12714413075780087,
    "orderliness": 0.07796731054977715,
    "self_efficacy": 0.7543774145616641,
    "stress_prone": 0.7462466567607726,
    "agreeableness": 0.3192154531946508,
    "cooperative": 0.09611887072808326,
    "trusting": 0.0978662704309064,
    "excitement_seeking": 0.15566121842496286,
    "outgoing": 0.12993759286775633,
    "gregariousness": 0.07994056463595843,
    "altruism": 0.15342644873699854,
    "modesty": 0.13891233283803864,
    "uncompromising": 0.8146210995542348,
    "sympathy": 0.7551857355126299,
    "fiery": 0.7443803863298663,
    "prone_to_worry": 0.8869182763744428,
    "immoderation": 0.820445765230312
}