{
    "id": "1",
    "extraversion": 0.7025842726288838,
    "active": 0.26270358736108546,
    "assertive": 0.2394653714506947,
    "cheerful": 0.31105421077176215,
    "openness": 0.6099393747415287,
    "adventurous": 0,
    "artistic": 0.15896312330068896,
    "emotionally_aware": 0.6869924064444034,
    "imaginative": 0.9454020712896727,
    "intellectual": 0.8620577391794033,
    "conscientiousness": 0.30751700410914307,
    "cautious": 0.30793935714348564,
    "disciplined": 0.1033005129829563,
    "dutiful": 0.2313174774965024,
    "neuroticism": 0.6998125808410105,
    "melancholy": 0.7993559116226276,
    "self_conscious": 0.8589956796804196,
    "authority_challenging": 0.8158804740912811,
    "achievement_striving": 0.73534302985508,
    "orderliness": 0.2597911112284314,
    "self_efficacy": 0.28923263733072885,
    "stress_prone": 1,
    "agreeableness": 0.20549234925076335,
    "cooperative": 0.22038029371133933,
    "trusting": 0.169275576555887,
    "excitement_seeking": 0.7522635482934298,
    "outgoing": 0.7643710019445837,
    "gregariousness": 0.2916347702135523,
    "altruism": 0.2583216746297812,
    "modesty": 0.29826043343980146,
    "uncompromising": 0.30744661193675266,
    "sympathy": 0.3011201154431627,
    "fiery": 0.8560392084400215,
    "prone_to_worry": 0.8096419678131792,
    "immoderation": 0.9772985244040863
}