{
    "id": "1",
    "extraversion": 0.22956645344705046,
    "active": 0.9723174363265047,
    "assertive": 0.01278418036400277,
    "cheerful": 0.04036778134643241,
    "openness": 0.20295448615871814,
    "adventurous": 0.1984111989779853,
    "artistic": 0.6743137837035437,
    "emotionally_aware": 0.7499392728941188,
    "imaginative": 0.7999064352739017,
    "intellectual": 0.782048167840724,
    "conscientiousness": 0.5518069687727727,
    "cautious": 0.5751261774311084,
    "disciplined": 0.7586659829244374,
    "dutiful": 0.10766241127095084,
    "neuroticism": 0.5406061914658173,
    "melancholy": 0.7516306352505105,
    "self_conscious": 1,
    "authority_challenging": 0.12955115921297672,
    "achievement_striving": 0.6886903637328727,
    "orderliness": 0.6277383426448229,
    "self_efficacy": 0.6005325992100977,
    "stress_prone": 0.6774535999928026,
    "agreeableness": 0.5493958777540867,
    "cooperative": 0.7007368222180238,
    "trusting": 0.07855838348942448,
    "excitement_seeking": 0,
    "outgoing": 0.6863512455804162,
    "gregariousness": 0.0811673998902414,
    "altruism": 0.613109857583691,
    "modesty": 0.11106312920029147,
    "uncompromising": 0.7227695158925084,
    "sympathy": 0.6543593065414339,
    "fiery": 0.1234424621917537,
    "prone_to_worry": 0.7003139816289258,
    "immoderation": 0.771036319307621
}