{
    "id": "1",
    "extraversion": 0.35922661621521845,
    "active": 0.7835725162659776,
    "assertive": 0.7368095611646902,
    "cheerful": 0.1561626136311199,
    "openness": 0.6117022749296294,
    "adventurous": 0.29578699644686446,
    "artistic": 0.29556550228415857,
    "emotionally_aware": 0.8495408610585575,
    "imaginative": 0.7507636934151631,
    "intellectual": 0.746712196022334,
    "conscientiousness": 0.321452632550413,
    "cautious": 0.2489686678049005,
    "disciplined": 0.08706566379031884,
    "dutiful": 0.09801116699736973,
    "neuroticism": 0.6984264685524434,
    "melancholy": 0.9855382769599925,
    "self_conscious": 0.7685201421254211,
    "authority_challenging": 0.8422776983064925,
    "achievement_striving": 0.7700521434174703,
    "orderliness": 0.10872594711826862,
    "self_efficacy": 0.2233122606247981,
    "stress_prone": 1,
    "agreeableness": 0.09038807623090764,
    "cooperative": 0,
    "trusting": 0.09224308984356973,
    "excitement_seeking": 0.7367818743943519,
    "outgoing": 0.10260717087351755,
    "gregariousness": 0.22385676710811678,
    "altruism": 0.729195699321674,
    "modesty": 0.07773522218633194,
    "uncompromising": 0.219500715241567,
    "sympathy": 0.2537584790734161,
    "fiery": 0.873129989386738,
    "prone_to_worry": 0.9450140741082551,
    "immoderation": 0.779013428083614
}