{
    "id": "1",
    "extraversion": 0.329834601674951,
    "active": 0.8878350210293918,
    "assertive": 0.07352270064259901,
    "cheerful": 0.8356007252365035,
    "openness": 0.38446168457145674,
    "adventurous": 0.23573886552289794,
    "artistic": 0.10597333399114421,
    "emotionally_aware": 0.311740690948111,
    "imaginative": 0.9422894285679045,
    "intellectual": 0.8249935246740752,
    "conscientiousness": 0.3678231804334151,
    "cautious": 0.7645448154223762,
    "disciplined": 0.11107959100608061,
    "dutiful": 0.9317932335927575,
    "neuroticism": 0.6836340762485046,
    "melancholy": 0.1828138682980376,
    "self_conscious": 0.8522022275121182,
    "authority_challenging": 0.13081391763385422,
    "achievement_striving": 0.8027800732636875,
    "orderliness": 1,
    "self_efficacy": 0.24387927525685457,
    "stress_prone": 0.20818481196886907,
    "agreeableness": 0.629463349655266,
    "cooperative": 0.8813473611505112,
    "trusting": 0.8785722214684806,
    "excitement_seeking": 0.22302255880212635,
    "outgoing": 0.8614280252106024,
    "gregariousness": 0.19514782244039613,
    "altruism": 0.23498649432021407,
    "modesty": 0.17236700913946001,
    "uncompromising": 0.8230077580571555,
    "sympathy": 0.9154507443541325,
    "fiery": 0.19476546986198304,
    "prone_to_worry": 0.9173131714296286,
    "immoderation": 0
}