{
    "id": "1",
    "extraversion": 0.3650599721652661,
    "active": 0.938136772658217,
    "assertive": 0.23618090452261312,
    "cheerful": 0.19439693180490192,
    "openness": 0.4146525439034497,
    "adventurous": 0.25468781539834484,
    "artistic": 0.8668607307148852,
    "emotionally_aware": 0.8595408331297079,
    "imaginative": 0.932612321650536,
    "intellectual": 0.9183974842500026,
    "conscientiousness": 0.7955846887715534,
    "cautious": 0.8949079435231124,
    "disciplined": 0.26682035972675217,
    "dutiful": 0.2992871333411243,
    "neuroticism": 0.7538538357750699,
    "melancholy": 0.839440330617145,
    "self_conscious": 0.8779415045629841,
    "authority_challenging": 0.2192463373952214,
    "achievement_striving": 0.8865150275691352,
    "orderliness": 0.9398897234587312,
    "self_efficacy": 0.9625293486459783,
    "stress_prone": 0.862866127678562,
    "agreeableness": 0.7503054383970593,
    "cooperative": 0.9221371126244329,
    "trusting": 0.9047350919502374,
    "excitement_seeking": 0.10130993232547521,
    "outgoing": 0.8932612321650535,
    "gregariousness": 0.8682949631880331,
    "altruism": 0.8436049167613968,
    "modesty": 0,
    "uncompromising": 1,
    "sympathy": 0.8987963071169802,
    "fiery": 0.33864884677085216,
    "prone_to_worry": 0.9597033794766645,
    "immoderation": 0.23819945392926584
}