{
    "id": "1",
    "extraversion": 0.25601712122043574,
    "active": 0.959435877736926,
    "assertive": 0.7782143445096857,
    "cheerful": 0.08490369313504917,
    "openness": 0.6505954014157933,
    "adventurous": 0.17914723152060585,
    "artistic": 0.17961916259671845,
    "emotionally_aware": 0.903846787027383,
    "imaginative": 0.8032047412610439,
    "intellectual": 0.7942270756735994,
    "conscientiousness": 0.6041047028480492,
    "cautious": 0.6285134171102453,
    "disciplined": 0.8595950172858476,
    "dutiful": 0,
    "neuroticism": 0.6562366240465347,
    "melancholy": 0.8150908192942984,
    "self_conscious": 1,
    "authority_challenging": 0.7747571749986282,
    "achievement_striving": 0.7362124787356639,
    "orderliness": 0.17688635241178732,
    "self_efficacy": 0.1346210832464468,
    "stress_prone": 0.7368380617900456,
    "agreeableness": 0.29391428414640847,
    "cooperative": 0.10120177797289143,
    "trusting": 0.04623827031773035,
    "excitement_seeking": 0.023914832903473668,
    "outgoing": 0.7295505679635627,
    "gregariousness": 0.1855018383361686,
    "altruism": 0.1200570707347857,
    "modesty": 0.019612577511935465,
    "uncompromising": 0.1571530483454975,
    "sympathy": 0.08663776546123034,
    "fiery": 0.7957087197497668,
    "prone_to_worry": 0.835307029578006,
    "immoderation": 0.7962135762497944
}