{
    "id": "1",
    "extraversion": 0.6190915556580744,
    "active": 0.25756876766045794,
    "assertive": 0.13688176383522677,
    "cheerful": 0.7366933856178998,
    "openness": 0.36103262018722493,
    "adventurous": 0.2654498971608712,
    "artistic": 0.2179228418199643,
    "emotionally_aware": 0.7544067047267555,
    "imaginative": 0.915345135805317,
    "intellectual": 1,
    "conscientiousness": 0.34541452818945473,
    "cautious": 0.6933856178997753,
    "disciplined": 0.09540011148914905,
    "dutiful": 0.10687580493243376,
    "neuroticism": 0.7254483593795052,
    "melancholy": 0.7585779366818524,
    "self_conscious": 0.8340830017492264,
    "authority_challenging": 0.1861003786786614,
    "achievement_striving": 0.7773965361474734,
    "orderliness": 0.20961882244391905,
    "self_efficacy": 0.710137823654922,
    "stress_prone": 0.8127270630298138,
    "agreeableness": 0.28356688387828466,
    "cooperative": 0.15076024066278382,
    "trusting": 0.13431559118082392,
    "excitement_seeking": 0.7946004651788633,
    "outgoing": 0,
    "gregariousness": 0.6903100551679066,
    "altruism": 0.7196912903907887,
    "modesty": 0.23301232147319462,
    "uncompromising": 0.23549199392576364,
    "sympathy": 0.8175230186648214,
    "fiery": 0.7641139495992157,
    "prone_to_worry": 0.8233665878553719,
    "immoderation": 0.9383061338254234
}