{
    "id": "1",
    "extraversion": 0.7887217231302089,
    "active": 0.10485742805257904,
    "assertive": 0.8989308607232627,
    "cheerful": 0.2288968262558478,
    "openness": 0.6804608483361596,
    "adventurous": 0,
    "artistic": 0.16015441786629148,
    "emotionally_aware": 0.7732558838739162,
    "imaginative": 0.9923993698211687,
    "intellectual": 0.8243075849959712,
    "conscientiousness": 0.2761001070341908,
    "cautious": 0.7588844391528665,
    "disciplined": 0.9625019542759559,
    "dutiful": 0.07566956500823807,
    "neuroticism": 0.7430337578622025,
    "melancholy": 1,
    "self_conscious": 0.9061707014948708,
    "authority_challenging": 0.9662902430517973,
    "achievement_striving": 0.19392430638236463,
    "orderliness": 0.9416964317927626,
    "self_efficacy": 0.8372238457745548,
    "stress_prone": 0.8517155536313454,
    "agreeableness": 0.360909670358745,
    "cooperative": 0.884571442315787,
    "trusting": 0.1758728097076403,
    "excitement_seeking": 0.09728085050089598,
    "outgoing": 0.9439453524311192,
    "gregariousness": 0.20621519885509496,
    "altruism": 0.17980541424637111,
    "modesty": 0.10440042813676324,
    "uncompromising": 0.8261476109728084,
    "sympathy": 0.2199251963295691,
    "fiery": 0.8434534762059387,
    "prone_to_worry": 0.9011918076751934,
    "immoderation": 0.1385070534329112
}