{
    "id": "1",
    "extraversion": 0.24016982431612816,
    "active": 1,
    "assertive": 0.7981948456469669,
    "cheerful": 0.07251457178983726,
    "openness": 0.2702385969962067,
    "adventurous": 0,
    "artistic": 0.15675853490547612,
    "emotionally_aware": 0.6690379020734603,
    "imaginative": 0.08413088397051721,
    "intellectual": 0.927711586500406,
    "conscientiousness": 0.2558981054103231,
    "cautious": 0.6081190826197354,
    "disciplined": 0.8729504404946699,
    "dutiful": 0.716901220226775,
    "neuroticism": 0.5757990069595074,
    "melancholy": 0.6829877566125601,
    "self_conscious": 0.7985443630046156,
    "authority_challenging": 0.0715071394060261,
    "achievement_striving": 0.6793281042795316,
    "orderliness": 0.10231606649053733,
    "self_efficacy": 0.12297871028095028,
    "stress_prone": 0.7188235656938433,
    "agreeableness": 0.18202658387902587,
    "cooperative": 0.07026326880968782,
    "trusting": 0.09494536221306167,
    "excitement_seeking": 0.05290048007237066,
    "outgoing": 0.125363652250789,
    "gregariousness": 0.19407465279562489,
    "altruism": 0.12914666365122282,
    "modesty": 0.06436259341879375,
    "uncompromising": 0.6408914748604501,
    "sympathy": 0.6752983747442869,
    "fiery": 0.8088037254438356,
    "prone_to_worry": 0.714732156624896,
    "immoderation": 0.7037634795480946
}