{
    "id": "1",
    "extraversion": 0.6640570818885035,
    "active": 0.8973592958122165,
    "assertive": 0,
    "cheerful": 0.8212323286209655,
    "openness": 0.2692718058148839,
    "adventurous": 0.834089090424113,
    "artistic": 0.1485062683382235,
    "emotionally_aware": 0.6836489730594825,
    "imaginative": 1,
    "intellectual": 0.7681648439583889,
    "conscientiousness": 0.27722059215790873,
    "cautious": 0.15266737796745797,
    "disciplined": 0.025886903174179757,
    "dutiful": 0.01744465190717522,
    "neuroticism": 0.6644705254734595,
    "melancholy": 0.8021072285942917,
    "self_conscious": 0.8830088023472926,
    "authority_challenging": 0.9661242998132834,
    "achievement_striving": 0.7790477460656176,
    "orderliness": 0.12360629501200318,
    "self_efficacy": 0.7686583088823685,
    "stress_prone": 0.8446652440650839,
    "agreeableness": 0.5891170978927713,
    "cooperative": 0.8571619098426247,
    "trusting": 0.9440517471325687,
    "excitement_seeking": 0.8505868231528406,
    "outgoing": 0.8965457455321418,
    "gregariousness": 0.7734062416644438,
    "altruism": 0.9369165110696184,
    "modesty": 0.10880234729261135,
    "uncompromising": 0.8354761269671912,
    "sympathy": 0.894758602293945,
    "fiery": 0.09151773806348354,
    "prone_to_worry": 0.8488797012536676,
    "immoderation": 0.8578954387836756
}