{
    "id": "1",
    "extraversion": 0.3545221112696148,
    "active": 0.9943851640513552,
    "assertive": 0,
    "cheerful": 0.22676176890156924,
    "openness": 0.35114407988587737,
    "adventurous": 0.7764336661911555,
    "artistic": 0.12190584878744654,
    "emotionally_aware": 0.7686847360912982,
    "imaginative": 0.9924793152639089,
    "intellectual": 0.8212610556348074,
    "conscientiousness": 0.3372211126961484,
    "cautious": 0.2670014265335236,
    "disciplined": 0.05367189728958632,
    "dutiful": 0.06403423680456496,
    "neuroticism": 0.7408388017118402,
    "melancholy": 0.8857289586305279,
    "self_conscious": 1,
    "authority_challenging": 0.09127532097004279,
    "achievement_striving": 0.7919087018544937,
    "orderliness": 0.7994065620542082,
    "self_efficacy": 0.859435092724679,
    "stress_prone": 0.8056604850213981,
    "agreeableness": 0.3827560627674751,
    "cooperative": 0.1312639087018545,
    "trusting": 0.1005078459343795,
    "excitement_seeking": 0.1922967189728959,
    "outgoing": 0.86581455064194,
    "gregariousness": 0.2754236804564908,
    "altruism": 0.1419457917261056,
    "modesty": 0.11910984308131244,
    "uncompromising": 0.7957774607703282,
    "sympathy": 0.8204964336661912,
    "fiery": 0.1692781740370899,
    "prone_to_worry": 0.8730727532097006,
    "immoderation": 0.9173067047075607
}