{
    "id": "1",
    "extraversion": 0.6506275242107092,
    "active": 0.6933686541885613,
    "assertive": 0.23682633430320926,
    "cheerful": 0.806670430364355,
    "openness": 0.6153298301993313,
    "adventurous": 0.3057106874538585,
    "artistic": 0.27331393581447866,
    "emotionally_aware": 0.6416207061275894,
    "imaginative": 0.7653450297476876,
    "intellectual": 0.7264689277804317,
    "conscientiousness": 0.3761844790897642,
    "cautious": 0.21369696443305686,
    "disciplined": 0.16691709732053675,
    "dutiful": 0.1355973422504017,
    "neuroticism": 0.6756329526208364,
    "melancholy": 0.8385026273505016,
    "self_conscious": 0.7231510835106615,
    "authority_challenging": 0.7640335258609459,
    "achievement_striving": 0.258288096582273,
    "orderliness": 0.17409996960090326,
    "self_efficacy": 0.2531636774221566,
    "stress_prone": 0.7210405176531898,
    "agreeableness": 0.28214704477352676,
    "cooperative": 0.27329656490207144,
    "trusting": 0,
    "excitement_seeking": 0.2948625526555782,
    "outgoing": 0.7802405871368394,
    "gregariousness": 0.7348069657358753,
    "altruism": 0.6595214313631824,
    "modesty": 0.1864767446910149,
    "uncompromising": 0.16867155947366136,
    "sympathy": 0.7122768923437703,
    "fiery": 0.73895861380119,
    "prone_to_worry": 0.7499544013549313,
    "immoderation": 1
}