{
    "id": "1",
    "extraversion": 0.24396313678253656,
    "active": 0.08751036920035002,
    "assertive": 0.003920409995340972,
    "cheerful": 0.11820320223633825,
    "openness": 0.14230520107726052,
    "adventurous": 0.6171634413245304,
    "artistic": 0.06653333484846768,
    "emotionally_aware": 0.7091851228963307,
    "imaginative": 0.8079908182861558,
    "intellectual": 0.7258781150214202,
    "conscientiousness": 0.5548573311666913,
    "cautious": 0.6081408165816298,
    "disciplined": 0.0659310689651254,
    "dutiful": 0.033465528800809115,
    "neuroticism": 0.6233679162736787,
    "melancholy": 0.8025931523505415,
    "self_conscious": 0.8249792615993,
    "authority_challenging": 0.006079476369586733,
    "achievement_striving": 0.7676617311166919,
    "orderliness": 0.10253292576220728,
    "self_efficacy": 0.6693560300451131,
    "stress_prone": 0.7724912216906625,
    "agreeableness": 0.2556334587106965,
    "cooperative": 0.05630617833888255,
    "trusting": 0,
    "excitement_seeking": 0.7281053624390632,
    "outgoing": 0.6946511971454868,
    "gregariousness": 0.11898728423540643,
    "altruism": 0.673185531982591,
    "modesty": 0.06843104055635736,
    "uncompromising": 0.726162202702242,
    "sympathy": 1,
    "fiery": 0.1138509789661481,
    "prone_to_worry": 0.8402745423347462,
    "immoderation": 0.8303996545493801
}