{
    "id": "1",
    "extraversion": 0.6241517336443643,
    "active": 0.792651892694306,
    "assertive": 0.9007793447142403,
    "cheerful": 0.7774626232637047,
    "openness": 0.3209495281518397,
    "adventurous": 0.22098663980489874,
    "artistic": 0.05169123104654866,
    "emotionally_aware": 0.7174212702788675,
    "imaginative": 0.0684842540557735,
    "intellectual": 0.7833474711059272,
    "conscientiousness": 0.2655206234757714,
    "cautious": 0.18266885802141875,
    "disciplined": 0.047608949210051967,
    "dutiful": 0,
    "neuroticism": 0.6369154914643198,
    "melancholy": 0.8467686353515004,
    "self_conscious": 0.8180203583925353,
    "authority_challenging": 0.9777330081645637,
    "achievement_striving": 0.145915067331142,
    "orderliness": 0.05933888240907649,
    "self_efficacy": 0.04646909129466657,
    "stress_prone": 0.7826582546919733,
    "agreeableness": 0.2931953133283851,
    "cooperative": 0.03622362421800448,
    "trusting": 0.041299968190011686,
    "excitement_seeking": 0.7168778496447884,
    "outgoing": 0.09732531014738627,
    "gregariousness": 0.7375278337397942,
    "altruism": 0.11623899904570034,
    "modesty": 0.03888771074117277,
    "uncompromising": 0.08026720390202524,
    "sympathy": 0.10502597815714138,
    "fiery": 0.9943139645848796,
    "prone_to_worry": 0.8426996076768105,
    "immoderation": 1
}