{
    "id": "1",
    "extraversion": 0.7686407144594027,
    "active": 0.8500121581890929,
    "assertive": 0.8803523664257135,
    "cheerful": 0.29081283020536286,
    "openness": 0.672668390918938,
    "adventurous": 0.7392842142493976,
    "artistic": 0.7479717930013042,
    "emotionally_aware": 0.3015673011030794,
    "imaginative": 0.9767778588323718,
    "intellectual": 1,
    "conscientiousness": 0.34037403010809736,
    "cautious": 0.7019696266330658,
    "disciplined": 0.0358556049251719,
    "dutiful": 0,
    "neuroticism": 0.6721157459601654,
    "melancholy": 0.17636005924353962,
    "self_conscious": 0.7618873930632004,
    "authority_challenging": 0.8722616442292814,
    "achievement_striving": 0.16717510002873753,
    "orderliness": 0.1600680858589208,
    "self_efficacy": 0.8118686031346022,
    "stress_prone": 0.3035899816521874,
    "agreeableness": 0.6796427702986494,
    "cooperative": 0.18143333996507285,
    "trusting": 0.8707363441430688,
    "excitement_seeking": 0.7823684152353163,
    "outgoing": 0.8698742180073833,
    "gregariousness": 0.8833808607997878,
    "altruism": 0.8810265932754162,
    "modesty": 0.21191723589097422,
    "uncompromising": 0.15817804009991823,
    "sympathy": 0.772741340053496,
    "fiery": 0.858368149965736,
    "prone_to_worry": 0.7757145699316931,
    "immoderation": 0.8004067466896567
}