{
    "id": "1",
    "extraversion": 0.6970201333209419,
    "active": 0.18885443684997597,
    "assertive": 0.15295578780172525,
    "cheerful": 0.26363413624420207,
    "openness": 0.3841130101976158,
    "adventurous": 0.1203352455623052,
    "artistic": 0.17891873167681926,
    "emotionally_aware": 0.29500426660808887,
    "imaginative": 0.9210381798058481,
    "intellectual": 0.7528493338177271,
    "conscientiousness": 0.6299963670465779,
    "cautious": 0.6883348400233186,
    "disciplined": 0,
    "dutiful": 0.8057130304745651,
    "neuroticism": 0.6308243424776743,
    "melancholy": 0.7252642339959953,
    "self_conscious": 0.7272243390981827,
    "authority_challenging": 0.21501170148951093,
    "achievement_striving": 0.7332820777114083,
    "orderliness": 0.2607953633375859,
    "self_efficacy": 0.7102592914895954,
    "stress_prone": 1,
    "agreeableness": 0.19726092209427099,
    "cooperative": 0.15206022253951895,
    "trusting": 0.15513555985501987,
    "excitement_seeking": 0.7088399050362874,
    "outgoing": 0.7198908424227576,
    "gregariousness": 0.24973597722222696,
    "altruism": 0.19463336740987325,
    "modesty": 0.26276391716866204,
    "uncompromising": 0.26956514392409664,
    "sympathy": 0.23372563597806714,
    "fiery": 0.8045302084301417,
    "prone_to_worry": 0.1498635530284469,
    "immoderation": 0.8437492079316667
}