{
    "id": "1",
    "extraversion": 0.6442670079947987,
    "active": 0.8808500695862412,
    "assertive": 0.7780757626550453,
    "cheerful": 0.278263696299231,
    "openness": 0.6325440120277533,
    "adventurous": 0.14846757890673412,
    "artistic": 0.10982435823200153,
    "emotionally_aware": 0.7140157864261116,
    "imaginative": 0.00046729446662401687,
    "intellectual": 1,
    "conscientiousness": 0.2980830768293054,
    "cautious": 0.2789443208484442,
    "disciplined": 0.82038622903524,
    "dutiful": 0,
    "neuroticism": 0.6694196405896038,
    "melancholy": 0.7796605004114223,
    "self_conscious": 0.902416725078475,
    "authority_challenging": 0.15466430987718283,
    "achievement_striving": 0.07406617295990413,
    "orderliness": 0.20498989221751546,
    "self_efficacy": 0.16244577860400858,
    "stress_prone": 0.8029134794136471,
    "agreeableness": 0.1986915754934528,
    "cooperative": 0.7917898393929236,
    "trusting": 0.8048029744308659,
    "excitement_seeking": 0.18966060199717588,
    "outgoing": 0.23041680634707792,
    "gregariousness": 0.16905901116427433,
    "altruism": 0.15787441969138247,
    "modesty": 0.18002011397921552,
    "uncompromising": 0.8625036824835686,
    "sympathy": 0.1404930972480419,
    "fiery": 0.19162120704192445,
    "prone_to_worry": 0.15069230691087884,
    "immoderation": 0.8816221213137071
}