{
    "id": "1",
    "extraversion": 0.3650945968049724,
    "active": 0.8416334987187176,
    "assertive": 0.14533558693637202,
    "cheerful": 0.164385802300856,
    "openness": 0.7078240008723625,
    "adventurous": 0.30856550896897655,
    "artistic": 0.3005615833378769,
    "emotionally_aware": 0.8022790469440053,
    "imaginative": 0.9487596096177964,
    "intellectual": 0.8637915053704814,
    "conscientiousness": 0.6984897224796903,
    "cautious": 0.7333733166130527,
    "disciplined": 0.8895152936044927,
    "dutiful": 0.061130799847336575,
    "neuroticism": 0.7150755138760155,
    "melancholy": 1,
    "self_conscious": 0.9081620413281719,
    "authority_challenging": 0.9615397197535577,
    "achievement_striving": 0.8006760809116188,
    "orderliness": 0.21038111335259801,
    "self_efficacy": 0.17095032986205766,
    "stress_prone": 0.8627664794722206,
    "agreeableness": 0.2774003598495175,
    "cooperative": 0.02656343710811842,
    "trusting": 0,
    "excitement_seeking": 0.25148029006052014,
    "outgoing": 0.21512458426476197,
    "gregariousness": 0.2422005343220108,
    "altruism": 0.8721770895807209,
    "modesty": 0.0852625265797939,
    "uncompromising": 0.9245188375770133,
    "sympathy": 0.18799411155335044,
    "fiery": 0.9003543972520582,
    "prone_to_worry": 0.9044435963142687,
    "immoderation": 0.8822964941933374
}