{
    "id": "1",
    "extraversion": 0.29475482093663913,
    "active": 0.17268319559228648,
    "assertive": 0.0476473829201102,
    "cheerful": 0.728374655647383,
    "openness": 0.31018181818181817,
    "adventurous": 0.07430303030303029,
    "artistic": 0,
    "emotionally_aware": 0.24998347107438015,
    "imaginative": 0.9310964187327824,
    "intellectual": 0.8571900826446281,
    "conscientiousness": 0.27378512396694216,
    "cautious": 0.19896418732782367,
    "disciplined": 0.022655647382920075,
    "dutiful": 0.10296418732782366,
    "neuroticism": 0.6548099173553719,
    "melancholy": 0.7343801652892562,
    "self_conscious": 0.740176308539945,
    "authority_challenging": 0.12998347107438013,
    "achievement_striving": 0.1699944903581267,
    "orderliness": 0.12212672176308538,
    "self_efficacy": 0.17044628099173553,
    "stress_prone": 0.854534435261708,
    "agreeableness": 0.21182369146005509,
    "cooperative": 0.08466115702479333,
    "trusting": 0.07696969696969694,
    "excitement_seeking": 0.8700826446280991,
    "outgoing": 0.7314380165289257,
    "gregariousness": 0.7292561983471074,
    "altruism": 0.1650247933884297,
    "modesty": 0.1338181818181818,
    "uncompromising": 0.10617079889807161,
    "sympathy": 0.778236914600551,
    "fiery": 0.8326060606060606,
    "prone_to_worry": 0.7641652892561983,
    "immoderation": 1
}