{
    "id": "1",
    "extraversion": 0.6617150477119075,
    "active": 0.7063226342995204,
    "assertive": 0.6760752206362065,
    "cheerful": 0.20905056530186472,
    "openness": 0.3588035817984987,
    "adventurous": 0.2782991475663701,
    "artistic": 0.1869833599793523,
    "emotionally_aware": 0.3221324462479298,
    "imaginative": 0.752536151358947,
    "intellectual": 0.2551923890366568,
    "conscientiousness": 0.1496383071772187,
    "cautious": 0.6554992364660926,
    "disciplined": 0.14516464372002322,
    "dutiful": 1,
    "neuroticism": 0.6192009062036233,
    "melancholy": 0.28782002107783744,
    "self_conscious": 0.6483585813324921,
    "authority_challenging": 0.262612648136332,
    "achievement_striving": 0.6504448570793573,
    "orderliness": 0.27750335166292667,
    "self_efficacy": 0.6516493049332176,
    "stress_prone": 0.6382928385538023,
    "agreeableness": 0.3746334678778059,
    "cooperative": 0.7053977904117348,
    "trusting": 0.8133464293139665,
    "excitement_seeking": 0.2568269968383244,
    "outgoing": 0.7264899665192173,
    "gregariousness": 0.666124187176932,
    "altruism": 0.2309026906504735,
    "modesty": 0.10694493235734819,
    "uncompromising": 0,
    "sympathy": 0.2670217876013564,
    "fiery": 0.24133406938479957,
    "prone_to_worry": 0.6664037911430066,
    "immoderation": 0.6864707527082153
}