{
    "id": "1",
    "extraversion": 0.294315559334386,
    "active": 0.8416251670108101,
    "assertive": 0.9220575731811005,
    "cheerful": 0.8850479776509171,
    "openness": 0.7144540264788048,
    "adventurous": 0.9103243046277177,
    "artistic": 0.755581197619337,
    "emotionally_aware": 0.8677760233207823,
    "imaginative": 0.9438965140289081,
    "intellectual": 0.9968784161302078,
    "conscientiousness": 0.7378233936596624,
    "cautious": 0.8078221790355886,
    "disciplined": 0.10991133244260898,
    "dutiful": 0,
    "neuroticism": 0.6838212073363295,
    "melancholy": 0.9548524231750274,
    "self_conscious": 0.8844649580954695,
    "authority_challenging": 0.07297461435685652,
    "achievement_striving": 0.15668650552653957,
    "orderliness": 0.21439329527511233,
    "self_efficacy": 0.8322968541236488,
    "stress_prone": 0.1335965018826673,
    "agreeableness": 0.6544637434713956,
    "cooperative": 0.0952994048342038,
    "trusting": 0.10504068990647396,
    "excitement_seeking": 0.21843799344103,
    "outgoing": 0.7996720515000608,
    "gregariousness": 0.8163609862747481,
    "altruism": 0.8341187902344225,
    "modesty": 0.16692578646908782,
    "uncompromising": 0.9130572087938783,
    "sympathy": 0.8158751366452084,
    "fiery": 0.8879752216688935,
    "prone_to_worry": 0.7886554111502491,
    "immoderation": 1
}