{
    "id": "1",
    "extraversion": 0.21581139858283474,
    "active": 0.9399032080210737,
    "assertive": 0.8717199975495702,
    "cheerful": 0.09027791958506055,
    "openness": 0.6140470890935452,
    "adventurous": 0.1098303077331482,
    "artistic": 0.8062220497845665,
    "emotionally_aware": 0.8702293193931102,
    "imaginative": 0.8189642849849912,
    "intellectual": 0.7637785628228951,
    "conscientiousness": 0.6162320557064386,
    "cautious": 0.6620959343284801,
    "disciplined": 0.9247718037205693,
    "dutiful": 0.08778664924138777,
    "neuroticism": 0.674358293684017,
    "melancholy": 0.8032100630985686,
    "self_conscious": 1,
    "authority_challenging": 0.832717322496988,
    "achievement_striving": 0.7459312654428132,
    "orderliness": 0.1351105756468114,
    "self_efficacy": 0.7123501664250271,
    "stress_prone": 0.7268383328908947,
    "agreeableness": 0.30388393130628333,
    "cooperative": 0.1658532600927079,
    "trusting": 0.1536521614833269,
    "excitement_seeking": 0,
    "outgoing": 0.18472156990872152,
    "gregariousness": 0.20338567723754875,
    "altruism": 0.09050254232096547,
    "modesty": 0.0561863143493088,
    "uncompromising": 0.7585816095240041,
    "sympathy": 0.21560719609564846,
    "fiery": 0.7577852198239775,
    "prone_to_worry": 0.7281350186845276,
    "immoderation": 0.8114802638296135
}