{
    "id": "1",
    "extraversion": 0.318798244850775,
    "active": 0.22743601536377084,
    "assertive": 0.07448196994369101,
    "cheerful": 0.8298052182127809,
    "openness": 0.7726509962833596,
    "adventurous": 0.28410545811632215,
    "artistic": 0.165309699312608,
    "emotionally_aware": 0.8026327238374623,
    "imaginative": 1,
    "intellectual": 0.9459906276025806,
    "conscientiousness": 0.34912801899339957,
    "cautious": 0.20696341781749927,
    "disciplined": 0.16074780295590996,
    "dutiful": 0.11045507091449241,
    "neuroticism": 0.7716192867530983,
    "melancholy": 0.9484766746634514,
    "self_conscious": 0.9314099615905729,
    "authority_challenging": 0.12634091163345723,
    "achievement_striving": 0.8706509714228892,
    "orderliness": 0.21590075700133007,
    "self_efficacy": 0.20613059205210754,
    "stress_prone": 0.7975736180685901,
    "agreeableness": 0.7136943902348072,
    "cooperative": 0,
    "trusting": 0.15256870812564485,
    "excitement_seeking": 0.1617546520155627,
    "outgoing": 0.973436587154595,
    "gregariousness": 0.80922074854877,
    "altruism": 0.11877089833310549,
    "modesty": 0.16044947730860543,
    "uncompromising": 0.9354000671232708,
    "sympathy": 0.9656179691481561,
    "fiery": 0.9157851558129996,
    "prone_to_worry": 0.9439396387773622,
    "immoderation": 0.9957115688199978
}