{
    "id": "1",
    "extraversion": 0.19996215625262806,
    "active": 0.8792258851232023,
    "assertive": 0.9186044066941385,
    "cheerful": 0.11356277857202927,
    "openness": 0.5828567824405012,
    "adventurous": 0.12519973088890762,
    "artistic": 0.7485177865612649,
    "emotionally_aware": 0.8708476999411319,
    "imaginative": 0.8291985535278782,
    "intellectual": 0.8167101168951308,
    "conscientiousness": 0.5469893196535195,
    "cautious": 0.7610692961062989,
    "disciplined": 1,
    "dutiful": 0.8518837776469599,
    "neuroticism": 0.5975843074594231,
    "melancholy": 0.13890757715919608,
    "self_conscious": 0.8101084854091329,
    "authority_challenging": 0.08984736355226641,
    "achievement_striving": 0.7696051635690859,
    "orderliness": 0.713648978218821,
    "self_efficacy": 0.6807564544613574,
    "stress_prone": 0.7745038264233454,
    "agreeableness": 0.26181565890169034,
    "cooperative": 0.7563493398368514,
    "trusting": 0.0010617273568245004,
    "excitement_seeking": 0.022905979312084802,
    "outgoing": 0.09199184257001096,
    "gregariousness": 0.13899167437557816,
    "altruism": 0.06485997813472377,
    "modesty": 0,
    "uncompromising": 0.6919834328483727,
    "sympathy": 0.07236565469682954,
    "fiery": 0.6781599529055589,
    "prone_to_worry": 0.6700761079808258,
    "immoderation": 0.08945841392649904
}