{
    "id": "1",
    "extraversion": 0.3390002125079691,
    "active": 0.22122079577984174,
    "assertive": 0.12005450204382664,
    "cheerful": 0.31376176606622747,
    "openness": 0.7506031476180356,
    "adventurous": 0.23480880533019988,
    "artistic": 0.2676600372513969,
    "emotionally_aware": 0.8043551633186244,
    "imaginative": 0.23520882033076237,
    "intellectual": 0.9664612422965859,
    "conscientiousness": 0.8135180069252596,
    "cautious": 0.9390602147580533,
    "disciplined": 0,
    "dutiful": 0.167468780079253,
    "neuroticism": 0.7656412115454329,
    "melancholy": 0.9882120579521732,
    "self_conscious": 0.9688238308936584,
    "authority_challenging": 1,
    "achievement_striving": 0.18574446541745313,
    "orderliness": 0.3126242234083778,
    "self_efficacy": 0.3151368176306611,
    "stress_prone": 0.9027088515819343,
    "agreeableness": 0.41262797354900804,
    "cooperative": 0.07449029338600201,
    "trusting": 0.09377851669437606,
    "excitement_seeking": 0.20205757715914346,
    "outgoing": 0.14961811067915048,
    "gregariousness": 0.09861619810742904,
    "altruism": 0.27421028288560817,
    "modesty": 0.2662224833431253,
    "uncompromising": 0.29068590072127704,
    "sympathy": 0.1945572958985962,
    "fiery": 0.9325849719364476,
    "prone_to_worry": 0.9733365001187544,
    "immoderation": 0.23112116704376412
}