{
    "id": "1",
    "extraversion": 0.38713280363223607,
    "active": 0.20327809307604994,
    "assertive": 0.1557684449489217,
    "cheerful": 0.8505244040862656,
    "openness": 0.7907922814982973,
    "adventurous": 0.24975255391600454,
    "artistic": 0.22931214528944383,
    "emotionally_aware": 0.773366628830874,
    "imaginative": 0.8285402951191828,
    "intellectual": 0.9882043132803632,
    "conscientiousness": 0.6969716231555051,
    "cautious": 0.8325175936435868,
    "disciplined": 0.22110329171396143,
    "dutiful": 0.26506242905788874,
    "neuroticism": 0.7004313280363224,
    "melancholy": 0.8237457434733257,
    "self_conscious": 0.81505561861521,
    "authority_challenging": 0.19308967082860384,
    "achievement_striving": 0.26255618615209986,
    "orderliness": 0.2906242905788876,
    "self_efficacy": 0.8720454029511917,
    "stress_prone": 0.32445856980703747,
    "agreeableness": 0.2797185017026107,
    "cooperative": 0.28393189557321225,
    "trusting": 0,
    "excitement_seeking": 0.201688989784336,
    "outgoing": 0.7991101021566401,
    "gregariousness": 0.26409080590238365,
    "altruism": 0.28286946651532346,
    "modesty": 0.2970896708286039,
    "uncompromising": 0.8154188422247446,
    "sympathy": 0.29611804767309874,
    "fiery": 0.8417797956867196,
    "prone_to_worry": 1,
    "immoderation": 0.19902837684449493
}