{
    "id": "1",
    "extraversion": 0.6070371431299533,
    "active": 0.817664470543302,
    "assertive": 0.055752888379642894,
    "cheerful": 0.09151150577675933,
    "openness": 0.29584646233171014,
    "adventurous": 0.21571660460231074,
    "artistic": 0.17113530029599924,
    "emotionally_aware": 0.7262866418409243,
    "imaginative": 0.7833667526019289,
    "intellectual": 0.8193449823355297,
    "conscientiousness": 0.5984245201947866,
    "cautious": 0.7040389573188199,
    "disciplined": 0.7599064260479328,
    "dutiful": 0.15677456316241767,
    "neuroticism": 0.645622075813998,
    "melancholy": 0.1721187816289507,
    "self_conscious": 0.7738279385085458,
    "authority_challenging": 0.16003055475985872,
    "achievement_striving": 0.1628759667716987,
    "orderliness": 0.18264107705528504,
    "self_efficacy": 0.6967535567650149,
    "stress_prone": 0.7933638880931921,
    "agreeableness": 0.2691014990929056,
    "cooperative": 0.14590852668767307,
    "trusting": 0,
    "excitement_seeking": 0.09532130239663901,
    "outgoing": 0.646806072758522,
    "gregariousness": 0.1656545402463478,
    "altruism": 0.7258378688054999,
    "modesty": 0.1367611954549795,
    "uncompromising": 0.17494509691587898,
    "sympathy": 0.6858015850281677,
    "fiery": 0.8038766351570708,
    "prone_to_worry": 0.8147426716318152,
    "immoderation": 1
}