{
    "id": "1",
    "extraversion": 0.36038819360807106,
    "active": 0.8578659824405229,
    "assertive": 0.16962524654832345,
    "cheerful": 0.6966277425773681,
    "openness": 0.3511808137403781,
    "adventurous": 0.32087937023267177,
    "artistic": 0.24747342514531076,
    "emotionally_aware": 0.6983644900595207,
    "imaginative": 0.9559529419978705,
    "intellectual": 0.8000558551954059,
    "conscientiousness": 0.6111692936063255,
    "cautious": 0.3129636417587405,
    "disciplined": 0.1605313225462987,
    "dutiful": 0.1274458466425791,
    "neuroticism": 0.7122322877938942,
    "melancholy": 0.8230263043060864,
    "self_conscious": 0.8492869735211465,
    "authority_challenging": 0.8185491612993314,
    "achievement_striving": 0.7485818016791467,
    "orderliness": 0.1823410308774502,
    "self_efficacy": 0.2554676999877816,
    "stress_prone": 1,
    "agreeableness": 0.3261070674276937,
    "cooperative": 0.08466425791136477,
    "trusting": 0,
    "excitement_seeking": 0.2689427658794575,
    "outgoing": 0.2708453334729713,
    "gregariousness": 0.31424656577821997,
    "altruism": 0.27221553123527253,
    "modesty": 0.07135501213105025,
    "uncompromising": 0.7391911469515282,
    "sympathy": 0.7467228709570438,
    "fiery": 0.7898186451624164,
    "prone_to_worry": 0.8381072070656822,
    "immoderation": 0.7793632507723726
}