{
    "id": "1",
    "extraversion": 0.6100737572317733,
    "active": 0.8023269629751494,
    "assertive": 0.7379836034109294,
    "cheerful": 0.6693902918300385,
    "openness": 0.5878186321552283,
    "adventurous": 0.24235694113130982,
    "artistic": 0.2178351749792072,
    "emotionally_aware": 0.7451765329531226,
    "imaginative": 0.9096725252026725,
    "intellectual": 0.7049802125889977,
    "conscientiousness": 0.30757771014413277,
    "cautious": 0.6794622211254605,
    "disciplined": 0,
    "dutiful": 0.1704276457093764,
    "neuroticism": 0.6294681619186021,
    "melancholy": 0.17857110215422298,
    "self_conscious": 0.7511721641852431,
    "authority_challenging": 0.771900962408489,
    "achievement_striving": 0.7282681217040023,
    "orderliness": 0.2537906830084176,
    "self_efficacy": 0.6918921883140029,
    "stress_prone": 0.837121731421312,
    "agreeableness": 0.2996993044702183,
    "cooperative": 0.7361648067414294,
    "trusting": 0.7490883167448109,
    "excitement_seeking": 0.6849368904974729,
    "outgoing": 0.7478453200259568,
    "gregariousness": 0.6912158518640381,
    "altruism": 0.20456435706908685,
    "modesty": 0.0776141774743403,
    "uncompromising": 0.7554678146106952,
    "sympathy": 0.23686399239578476,
    "fiery": 0.8059371372688804,
    "prone_to_worry": 0.2393317064699807,
    "immoderation": 1
}