{
    "id": "1",
    "extraversion": 0.26644095803435924,
    "active": 0.9351611541673776,
    "assertive": 0.06116584196204863,
    "cheerful": 0.6776737043456396,
    "openness": 0.33418048907528314,
    "adventurous": 0.18074950832038653,
    "artistic": 0.666825321275583,
    "emotionally_aware": 0.7256382854525698,
    "imaginative": 0.7191813422179915,
    "intellectual": 0.7794581196734709,
    "conscientiousness": 0.30325182078614854,
    "cautious": 0.6967122574156063,
    "disciplined": 0.009546217883667232,
    "dutiful": 0.12768403186263502,
    "neuroticism": 0.6007920756513072,
    "melancholy": 0.09741991684103704,
    "self_conscious": 0.8099826677323467,
    "authority_challenging": 0.16783562185122988,
    "achievement_striving": 0.20899302219069088,
    "orderliness": 0.0841647732885508,
    "self_efficacy": 0.2048350740438066,
    "stress_prone": 0.7262579364722999,
    "agreeableness": 0.5626341454653221,
    "cooperative": 0.10842994800319701,
    "trusting": 0.7558305568776773,
    "excitement_seeking": 0,
    "outgoing": 0.7733424335222222,
    "gregariousness": 0.6665828491374278,
    "altruism": 0.20384722459206306,
    "modesty": 0.04869199752139591,
    "uncompromising": 0.7338733577002865,
    "sympathy": 0.7891300638509964,
    "fiery": 0.8469102763284331,
    "prone_to_worry": 0.7542140759566424,
    "immoderation": 1
}