{
    "id": "1",
    "extraversion": 0.8789549749861034,
    "active": 0.23772095608671487,
    "assertive": 0,
    "cheerful": 0.362479155086159,
    "openness": 0.43316286826014455,
    "adventurous": 0.3525625347415231,
    "artistic": 0.246881600889383,
    "emotionally_aware": 0.787804335742079,
    "imaginative": 0.9699610894941634,
    "intellectual": 0.8598888271261812,
    "conscientiousness": 0.43395219566425797,
    "cautious": 0.34962757087270707,
    "disciplined": 0.2225903279599778,
    "dutiful": 0.10402445803224013,
    "neuroticism": 0.7864591439688715,
    "melancholy": 0.9163757643135075,
    "self_conscious": 0.9527181767648695,
    "authority_challenging": 0.9113396331295164,
    "achievement_striving": 0.8491161756531407,
    "orderliness": 0.21006114508060034,
    "self_efficacy": 0.250272373540856,
    "stress_prone": 0.8207670928293497,
    "agreeableness": 0.7420900500277933,
    "cooperative": 0.2257254030016676,
    "trusting": 0.21867704280155642,
    "excitement_seeking": 0.9607115063924403,
    "outgoing": 0.22031128404669262,
    "gregariousness": 0.9980100055586437,
    "altruism": 0.9485936631461924,
    "modesty": 0.2534963868816009,
    "uncompromising": 0.2787882156753752,
    "sympathy": 0.2914285714285714,
    "fiery": 0.9558310172317954,
    "prone_to_worry": 1,
    "immoderation": 0.9662812673707616
}