{
    "id": "1",
    "extraversion": 0.24310705154726667,
    "active": 0.8159511154960059,
    "assertive": 0.07992531534112002,
    "cheerful": 0.11325758781282154,
    "openness": 0.31000498604966953,
    "adventurous": 0.03461591504620052,
    "artistic": 0.27604680521519576,
    "emotionally_aware": 0.9191411264228806,
    "imaginative": 1,
    "intellectual": 0.8477133127526177,
    "conscientiousness": 0.6860273914473335,
    "cautious": 0.8644855351516502,
    "disciplined": 0.8686759385973288,
    "dutiful": 0.9174649650446093,
    "neuroticism": 0.7903206984712984,
    "melancholy": 0.8871349309909509,
    "self_conscious": 0.80239330384138,
    "authority_challenging": 0.8738529433605975,
    "achievement_striving": 0.8980087627170789,
    "orderliness": 0.8480209626258447,
    "self_efficacy": 0.9536721725385358,
    "stress_prone": 0.9307469526749625,
    "agreeableness": 0.37115305050762226,
    "cooperative": 0.8320231692180389,
    "trusting": 0.15266859743483657,
    "excitement_seeking": 0,
    "outgoing": 0.8203218654190935,
    "gregariousness": 0.16337269129987372,
    "altruism": 0.816258765369233,
    "modesty": 0.12125648451672444,
    "uncompromising": 0.8625972014470153,
    "sympathy": 0.18047378080476964,
    "fiery": 0.19899642489630076,
    "prone_to_worry": 0.8914420292161295,
    "immoderation": 0.16514433022500874
}