{
    "id": "1",
    "extraversion": 0.2420541782797907,
    "active": 0.785254999755513,
    "assertive": 1,
    "cheerful": 0.16297491565204636,
    "openness": 0.6651386240281648,
    "adventurous": 0.7497921862011637,
    "artistic": 0.7610141313383209,
    "emotionally_aware": 0.752652682020439,
    "imaginative": 0.8219646961028799,
    "intellectual": 0.7759889491956382,
    "conscientiousness": 0.2857684220820497,
    "cautious": 0.16504082929930078,
    "disciplined": 0.8815828076866656,
    "dutiful": 0.009669453816439327,
    "neuroticism": 0.6263630140335436,
    "melancholy": 0.8426971786220722,
    "self_conscious": 0.891386729255293,
    "authority_challenging": 0.845080925138135,
    "achievement_striving": 0.13065375776245663,
    "orderliness": 0.06052271282577868,
    "self_efficacy": 0.07053444819324241,
    "stress_prone": 0.8080044985575277,
    "agreeableness": 0.2810987237787883,
    "cooperative": 0.17292552931396998,
    "trusting": 0,
    "excitement_seeking": 0.7176543934281941,
    "outgoing": 0.16125128355581636,
    "gregariousness": 0.17896435382132905,
    "altruism": 0.06450784802699139,
    "modesty": 0.0765488240183854,
    "uncompromising": 0.8666079898293481,
    "sympathy": 0.08137743875605107,
    "fiery": 0.7399515916092122,
    "prone_to_worry": 0.8033714732775902,
    "immoderation": 0.8282480074323993
}