{
    "id": "1",
    "extraversion": 0.30296881807431386,
    "active": 0.9326072073193501,
    "assertive": 1,
    "cheerful": 0.7592332109292338,
    "openness": 0.7072135432874836,
    "adventurous": 0.2635215037032427,
    "artistic": 0.8178129084458828,
    "emotionally_aware": 0.843841414078546,
    "imaginative": 0.8794049915976846,
    "intellectual": 0.9398269745440966,
    "conscientiousness": 0.31123420675919583,
    "cautious": 0.26195307151303915,
    "disciplined": 0.050700192942055126,
    "dutiful": 0.1301549760378415,
    "neuroticism": 0.6725835563577519,
    "melancholy": 0.09850003111968636,
    "self_conscious": 0.8741146449243792,
    "authority_challenging": 0.8770274475633286,
    "achievement_striving": 0.8652393103877513,
    "orderliness": 0.19462251820501653,
    "self_efficacy": 0.8538619530715131,
    "stress_prone": 0.7521877139478433,
    "agreeableness": 0.36305470840853926,
    "cooperative": 0.8505259226986992,
    "trusting": 0.02494554054895127,
    "excitement_seeking": 0.20578826165432254,
    "outgoing": 0.8386755461504949,
    "gregariousness": 0.2165805688678658,
    "altruism": 0.14333727516026643,
    "modesty": 0.11842907823489139,
    "uncompromising": 0.9026576212111781,
    "sympathy": 0.15273542042696214,
    "fiery": 0.17251509304786206,
    "prone_to_worry": 0.7985435986805253,
    "immoderation": 0
}