{
    "id": "1",
    "extraversion": 0.6082342099967164,
    "active": 0.7544036182224528,
    "assertive": 0.8238870470601942,
    "cheerful": 0.7043670758703965,
    "openness": 0.31543993814280114,
    "adventurous": 0.25402760271578523,
    "artistic": 0.16230100306108397,
    "emotionally_aware": 0.6882566650072555,
    "imaginative": 0.8628973318787005,
    "intellectual": 0.7096418849498469,
    "conscientiousness": 0.2633803264450117,
    "cautious": 0.23879632669921935,
    "disciplined": 0.7815296946330407,
    "dutiful": 0.11649066316424989,
    "neuroticism": 0.5959686900890785,
    "melancholy": 0.729395939032528,
    "self_conscious": 0.7687027994619272,
    "authority_challenging": 0.1296670938767728,
    "achievement_striving": 0.727775365158721,
    "orderliness": 0.15998135810445818,
    "self_efficacy": 0.16463124000381307,
    "stress_prone": 0.790511698848651,
    "agreeableness": 0.29230704049316286,
    "cooperative": 0,
    "trusting": 0.8526866572751055,
    "excitement_seeking": 0.700172649373484,
    "outgoing": 0.6884685047293218,
    "gregariousness": 0.6779294785565241,
    "altruism": 0.2034190931141498,
    "modesty": 0.1938015697323405,
    "uncompromising": 0.7732891294446622,
    "sympathy": 0.6979695162639946,
    "fiery": 0.7840082193812161,
    "prone_to_worry": 0.7856923451716431,
    "immoderation": 1
}