{
    "id": "1",
    "extraversion": 0.26972719272513934,
    "active": 0.9587291558544128,
    "assertive": 0,
    "cheerful": 0.22352596069228514,
    "openness": 0.3100164722341314,
    "adventurous": 0.15068709524561683,
    "artistic": 0.18719678678610918,
    "emotionally_aware": 0.8096667193176434,
    "imaginative": 0.9514971681296118,
    "intellectual": 0.7698400162465872,
    "conscientiousness": 0.27535708644538215,
    "cautious": 0.7143421260464382,
    "disciplined": 0.9624636144143331,
    "dutiful": 0.859263939346075,
    "neuroticism": 0.7107204910079653,
    "melancholy": 0.7901933795157615,
    "self_conscious": 1,
    "authority_challenging": 0.7927657558047704,
    "achievement_striving": 0.828858000315906,
    "orderliness": 0.7353273010357201,
    "self_efficacy": 0.7424803122955075,
    "stress_prone": 0.9596204616738497,
    "agreeableness": 0.2869891915066453,
    "cooperative": 0.8631337861317329,
    "trusting": 0.049664914141300184,
    "excitement_seeking": 0.15997247106076673,
    "outgoing": 0.7561883701514092,
    "gregariousness": 0.11104090980887697,
    "altruism": 0.7328903129724486,
    "modesty": 0.11150348624681272,
    "uncompromising": 0.7286932779745922,
    "sympathy": 0.7491369000609247,
    "fiery": 0.1528758715617032,
    "prone_to_worry": 0.8881129137802649,
    "immoderation": 0.8050409549382856
}