{
    "id": "1",
    "extraversion": 0.3364284393681054,
    "active": 0.7790217547607798,
    "assertive": 0,
    "cheerful": 0.7438320425645556,
    "openness": 0.3606586002177531,
    "adventurous": 0.2645493950163315,
    "artistic": 0.7451467778713614,
    "emotionally_aware": 0.7422913371268924,
    "imaginative": 1,
    "intellectual": 0.8837589104131145,
    "conscientiousness": 0.6214794880749399,
    "cautious": 0.7239877565274554,
    "disciplined": 0.15361860350459133,
    "dutiful": 0.8506851003512809,
    "neuroticism": 0.6811253312516691,
    "melancholy": 0.729061813102159,
    "self_conscious": 0.8451693748844471,
    "authority_challenging": 0.2058998746892911,
    "achievement_striving": 0.8780480289241768,
    "orderliness": 0.19299903449125907,
    "self_efficacy": 0.7559317159350027,
    "stress_prone": 0.8098564062532099,
    "agreeableness": 0.31252696234515914,
    "cooperative": 0.20668049877770703,
    "trusting": 0.8756137143326691,
    "excitement_seeking": 0.816358183200148,
    "outgoing": 0.24114094373343745,
    "gregariousness": 0.723268760656546,
    "altruism": 0.8103391606236776,
    "modesty": 0.18981490992008876,
    "uncompromising": 0.7537747283222744,
    "sympathy": 0.8675301464697304,
    "fiery": 0.8441525092955895,
    "prone_to_worry": 0.8243390373672426,
    "immoderation": 0.9651595143696461
}