{
    "id": "1",
    "extraversion": 0.6615726562259938,
    "active": 1,
    "assertive": 0.15097663651913842,
    "cheerful": 0.7016214112320882,
    "openness": 0.6596880089315894,
    "adventurous": 0.06621872151263435,
    "artistic": 0.7767307515031086,
    "emotionally_aware": 0.7750611998238265,
    "imaginative": 0.7897901281355307,
    "intellectual": 0.8489619075908268,
    "conscientiousness": 0.12148805195071237,
    "cautious": 0.13730270098636704,
    "disciplined": 0.9945201831385524,
    "dutiful": 0,
    "neuroticism": 0.6617467812477594,
    "melancholy": 0.8196064774508096,
    "self_conscious": 0.9818192991980007,
    "authority_challenging": 0.8519322756091815,
    "achievement_striving": 0.2121662176972478,
    "orderliness": 0.09577900461943444,
    "self_efficacy": 0.08101934836271267,
    "stress_prone": 0.7532136309164098,
    "agreeableness": 0.2578177013448597,
    "cooperative": 0.07011092788151306,
    "trusting": 0.058045088137988955,
    "excitement_seeking": 0.22379162356218826,
    "outgoing": 0.8335467218403991,
    "gregariousness": 0.26875684977107683,
    "altruism": 0.136636928844322,
    "modesty": 0.12968217062203602,
    "uncompromising": 0.7235509213262181,
    "sympathy": 0.21236082801569175,
    "fiery": 0.9049994366543413,
    "prone_to_worry": 0.8064241890383178,
    "immoderation": 0.9952269258739541
}