{
    "id": "1",
    "extraversion": 0.713233570368055,
    "active": 0.8517718996639838,
    "assertive": 0.12551769946081118,
    "cheerful": 0.277408767679925,
    "openness": 0.4217394701883254,
    "adventurous": 0.37457021176838323,
    "artistic": 0.3512639681175276,
    "emotionally_aware": 0.8541357349378761,
    "imaginative": 0.9440493865749785,
    "intellectual": 0.887297804172853,
    "conscientiousness": 0.7350843947800266,
    "cautious": 0.7882511526138939,
    "disciplined": 0.2106060014065797,
    "dutiful": 0.9313510979135736,
    "neuroticism": 0.7689497538485582,
    "melancholy": 0.9315073845432523,
    "self_conscious": 1,
    "authority_challenging": 0.9223060092209112,
    "achievement_striving": 0.8657595530202392,
    "orderliness": 0.31934242400562635,
    "self_efficacy": 0.2927346253028054,
    "stress_prone": 0.8817887004766743,
    "agreeableness": 0.39850160193795425,
    "cooperative": 0.14871649605376266,
    "trusting": 0,
    "excitement_seeking": 0.26131124482300544,
    "outgoing": 0.8893392982730328,
    "gregariousness": 0.3017699460811128,
    "altruism": 0.29515706806282727,
    "modesty": 0.21751191685551305,
    "uncompromising": 0.866980542314605,
    "sympathy": 0.9024771430804095,
    "fiery": 0.2695846682816286,
    "prone_to_worry": 0.9243963428928657,
    "immoderation": 0.18176135031648044
}