{
    "id": "1",
    "extraversion": 0.355701013058878,
    "active": 0.8556633328668166,
    "assertive": 0.145068739436089,
    "cheerful": 0.10308223971061613,
    "openness": 0.36834002605316135,
    "adventurous": 0.3324254201341415,
    "artistic": 0.18867010453561858,
    "emotionally_aware": 0.2970706342114612,
    "imaginative": 0.19650758448437347,
    "intellectual": 0.8504527005931939,
    "conscientiousness": 0.35042578617029296,
    "cautious": 0.286574009280093,
    "disciplined": 0.14441202751730595,
    "dutiful": 0,
    "neuroticism": 0.6878572889640101,
    "melancholy": 0.9205163262889318,
    "self_conscious": 0.853650134033826,
    "authority_challenging": 0.8872070365067233,
    "achievement_striving": 0.2625878755907716,
    "orderliness": 0.19802555793598672,
    "self_efficacy": 0.1998234413857698,
    "stress_prone": 0.8650295520363452,
    "agreeableness": 0.6651845791122547,
    "cooperative": 0.1447672978995984,
    "trusting": 0.19477429564955265,
    "excitement_seeking": 0.3141989729456221,
    "outgoing": 0.9663677371429801,
    "gregariousness": 0.22028916855964772,
    "altruism": 0.2751945912775738,
    "modesty": 0.14124689138415492,
    "uncompromising": 0.1518081109304854,
    "sympathy": 0.8993508241196293,
    "fiery": 0.9065100606112805,
    "prone_to_worry": 0.8598296855318829,
    "immoderation": 1
}