{
    "id": "1",
    "extraversion": 0.1890148491138432,
    "active": 0.7368194156155196,
    "assertive": 0.15221938368194154,
    "cheerful": 0.2015966789078716,
    "openness": 0.3132045345680983,
    "adventurous": 0.10687370269838734,
    "artistic": 0.22125179626377134,
    "emotionally_aware": 1,
    "imaginative": 0.2324445154079514,
    "intellectual": 0.7089254350950023,
    "conscientiousness": 0.6604502634520197,
    "cautious": 0.7672281654159347,
    "disciplined": 0.7471419447549097,
    "dutiful": 0.1879450742455692,
    "neuroticism": 0.6379929746128054,
    "melancholy": 0.8189366118473574,
    "self_conscious": 0.8897253712278459,
    "authority_challenging": 0.9148650806322848,
    "achievement_striving": 0.7341369950502954,
    "orderliness": 0.14384480281015485,
    "self_efficacy": 0.2709005269040396,
    "stress_prone": 0.7295305764010857,
    "agreeableness": 0.2781973495130129,
    "cooperative": 0.16733194954494648,
    "trusting": 0.12601788280376813,
    "excitement_seeking": 0,
    "outgoing": 0.1601708446431422,
    "gregariousness": 0.2429746128053648,
    "altruism": 0.2987545904518601,
    "modesty": 0.10428708286763533,
    "uncompromising": 0.7084304646335622,
    "sympathy": 0.2634759699824365,
    "fiery": 0.7501676512853264,
    "prone_to_worry": 0.7451141625419128,
    "immoderation": 0.7510378412901164
}