{
    "id": "1",
    "extraversion": 0.5915026865459204,
    "active": 0.8870108766561102,
    "assertive": 1,
    "cheerful": 0.1336512116144184,
    "openness": 0.5489805358858485,
    "adventurous": 0.14204889157741166,
    "artistic": 0.7288308484266212,
    "emotionally_aware": 0.9057751841440415,
    "imaginative": 0.7420915916450201,
    "intellectual": 0.7039817813044871,
    "conscientiousness": 0.23232395117958937,
    "cautious": 0.693306764402377,
    "disciplined": 0.9320001423335587,
    "dutiful": 0.7750299493529753,
    "neuroticism": 0.5866514844204059,
    "melancholy": 0,
    "self_conscious": 0.7945415080240543,
    "authority_challenging": 0.07704989977345245,
    "achievement_striving": 0.7400277550439455,
    "orderliness": 0.029225824051999187,
    "self_efficacy": 0.6945403219110653,
    "stress_prone": 0.7236000901445873,
    "agreeableness": 0.5514357897733339,
    "cooperative": 0.7598951476117615,
    "trusting": 0.06243698774745285,
    "excitement_seeking": 0.06928085969469454,
    "outgoing": 0.807529445254955,
    "gregariousness": 0.13062662349215387,
    "altruism": 0.04227306693235598,
    "modesty": 0.7336939116820269,
    "uncompromising": 0.09974024125538199,
    "sympathy": 0.032973941097628946,
    "fiery": 0.8026782431294406,
    "prone_to_worry": 0.1055877782917601,
    "immoderation": 0.9427463260150163
}