{
    "id": "1",
    "extraversion": 0.34266037372375263,
    "active": 0.901897514929686,
    "assertive": 0.8621050857252938,
    "cheerful": 0.13539057984973993,
    "openness": 0.7596922558273936,
    "adventurous": 0.2119533808514737,
    "artistic": 0.16304661914852628,
    "emotionally_aware": 0.899381140435369,
    "imaginative": 0.9401849354652283,
    "intellectual": 0.9339240994028125,
    "conscientiousness": 0.6934477942592949,
    "cautious": 0.7717323251781931,
    "disciplined": 0.037203814293970315,
    "dutiful": 0.9446638412637257,
    "neuroticism": 0.7162155654016567,
    "melancholy": 0.8049267963783472,
    "self_conscious": 0.8448155461375458,
    "authority_challenging": 0.8425279329608939,
    "achievement_striving": 0.89397514929686,
    "orderliness": 0.8049027162396456,
    "self_efficacy": 0.8574455788865344,
    "stress_prone": 1,
    "agreeableness": 0.37256790599113854,
    "cooperative": 0.8322818339433635,
    "trusting": 0.054938836447697946,
    "excitement_seeking": 0.2254623386630707,
    "outgoing": 0.8581077827008283,
    "gregariousness": 0.1490078982854941,
    "altruism": 0.8521599884415335,
    "modesty": 0.8182792332883837,
    "uncompromising": 0.24225823540743596,
    "sympathy": 0.11641543055287999,
    "fiery": 0.8182551531496822,
    "prone_to_worry": 0.8243353881718359,
    "immoderation": 0
}