{
    "id": "1",
    "extraversion": 0.6327285677541894,
    "active": 0.17172506578556873,
    "assertive": 0.10099321369922641,
    "cheerful": 0.6920839681063649,
    "openness": 0.5805254931444511,
    "adventurous": 0,
    "artistic": 0.03559345507785451,
    "emotionally_aware": 0.6130819302376194,
    "imaginative": 0.9208100033634726,
    "intellectual": 0.9262014522287951,
    "conscientiousness": 0.2480363255050155,
    "cautious": 0.22643095977682368,
    "disciplined": 0.8097857270047286,
    "dutiful": 0.07590566448370696,
    "neuroticism": 0.7331776902835209,
    "melancholy": 0.8391369724788792,
    "self_conscious": 0.752280236630196,
    "authority_challenging": 0.7411906693310646,
    "achievement_striving": 0.21211641572522405,
    "orderliness": 0.11669271709237679,
    "self_efficacy": 0.19737649130443383,
    "stress_prone": 1,
    "agreeableness": 0.008863739785924878,
    "cooperative": 0.03340719783154939,
    "trusting": 0.03588033951289003,
    "excitement_seeking": 0.6921136458065409,
    "outgoing": 0.8289278436183052,
    "gregariousness": 0.20704152899511305,
    "altruism": 0.17090398274736365,
    "modesty": 0.14751795500860654,
    "uncompromising": 0.18573294026868212,
    "sympathy": 0.7219891973171358,
    "fiery": 0.8794887521516332,
    "prone_to_worry": 0.8182438715549136,
    "immoderation": 0.8021090952258472
}