{
    "id": "1",
    "extraversion": 0.7718290685555059,
    "active": 0.7397209282538872,
    "assertive": 0.11900963563269734,
    "cheerful": 0.03196988067130371,
    "openness": 0.3011613808946462,
    "adventurous": 0.20470933571565314,
    "artistic": 0.6833748112224278,
    "emotionally_aware": 0.23489247654903964,
    "imaginative": 1,
    "intellectual": 0.7305000744474933,
    "conscientiousness": 0.6715376597962266,
    "cautious": 0.6730478803735138,
    "disciplined": 0.7942164933103609,
    "dutiful": 0.9056856614128007,
    "neuroticism": 0.5830302256822582,
    "melancholy": 0.15439346563716422,
    "self_conscious": 0.7050283964009955,
    "authority_challenging": 0.1193818730989301,
    "achievement_striving": 0.71784400059558,
    "orderliness": 0.7677025503584115,
    "self_efficacy": 0.9438240486673899,
    "stress_prone": 0.8396507349031119,
    "agreeableness": 0.24441112032841983,
    "cooperative": 0.19716886818539553,
    "trusting": 0.1268691638482973,
    "excitement_seeking": 0.6968817135685874,
    "outgoing": 0.8052240869546722,
    "gregariousness": 0.22399123646650929,
    "altruism": 0.8006721545104545,
    "modesty": 0.8196775360006807,
    "uncompromising": 0.16047688937102506,
    "sympathy": 0.08178588900942295,
    "fiery": 0.15999829834301152,
    "prone_to_worry": 0.03283134452172804,
    "immoderation": 0
}