{
    "id": "1",
    "extraversion": 0.3087545339851759,
    "active": 0.1592808705251538,
    "assertive": 0.05642840246017981,
    "cheerful": 0.6788460022078537,
    "openness": 0.5820749881722127,
    "adventurous": 0.09498698943384326,
    "artistic": 0.07281974451979184,
    "emotionally_aware": 0.6444074278504968,
    "imaginative": 0.7821518687904117,
    "intellectual": 1,
    "conscientiousness": 0.5907585554328971,
    "cautious": 0.727822898596436,
    "disciplined": 0.07348998580665513,
    "dutiful": 0.09999408610629237,
    "neuroticism": 0.705902065920202,
    "melancholy": 0.7409615991168585,
    "self_conscious": 0.794748462387636,
    "authority_challenging": 0.08498265257845768,
    "achievement_striving": 0.14004100299637282,
    "orderliness": 0.06596948430846869,
    "self_efficacy": 0.20642445986437472,
    "stress_prone": 0.7807128213215582,
    "agreeableness": 0.15857120328023974,
    "cooperative": 0.026789938495505424,
    "trusting": 0.06940939914839929,
    "excitement_seeking": 0.1910089102665195,
    "outgoing": 0,
    "gregariousness": 0.18472046995742,
    "altruism": 0.21882392367134523,
    "modesty": 0.20963767544551334,
    "uncompromising": 0.21886334962939602,
    "sympathy": 0.7815111969720865,
    "fiery": 0.8300346948430848,
    "prone_to_worry": 0.7711323135152184,
    "immoderation": 0.9730622141618043
}