{
    "id": "1",
    "extraversion": 0.6390306692529788,
    "active": 0.7525185258020398,
    "assertive": 0.20326983758078498,
    "cheerful": 0.2191005711936069,
    "openness": 0.3384523245523862,
    "adventurous": 0.14710693566697355,
    "artistic": 0.22999705017386093,
    "emotionally_aware": 0.5993510382494122,
    "imaginative": 0.8454201714474707,
    "intellectual": 0.9036837071269588,
    "conscientiousness": 0.29413342153015526,
    "cautious": 0.2425472195653923,
    "disciplined": 0,
    "dutiful": 0.7471373278150727,
    "neuroticism": 0.6324874185445737,
    "melancholy": 0.7138579256465035,
    "self_conscious": 0.6925655442429226,
    "authority_challenging": 0.20295697723270553,
    "achievement_striving": 0.699591493774079,
    "orderliness": 0.15831627499530707,
    "self_efficacy": 0.6848244853447274,
    "stress_prone": 0.8702076498824538,
    "agreeableness": 0.1788935470318492,
    "cooperative": 0.19745957397359457,
    "trusting": 0.16295554701397144,
    "excitement_seeking": 0.635276345076025,
    "outgoing": 0.6872022239901314,
    "gregariousness": 0.2250449178071171,
    "altruism": 0.6932627758757854,
    "modesty": 0.2080700092070331,
    "uncompromising": 0.20694371195394692,
    "sympathy": 0.16192757729885315,
    "fiery": 0.7576136800421914,
    "prone_to_worry": 0.7582483396054384,
    "immoderation": 1
}