{
    "id": "1",
    "extraversion": 0.27042197715115895,
    "active": 0.9390288770860653,
    "assertive": 0.06911255554192886,
    "cheerful": 0.21400741502438658,
    "openness": 0.27634644956179666,
    "adventurous": 0.14033829869529535,
    "artistic": 0.16930028961990928,
    "emotionally_aware": 0.7640399618871521,
    "imaginative": 0.8067376722861107,
    "intellectual": 0.8352845727870493,
    "conscientiousness": 0.161970170092735,
    "cautious": 0.12889501042442994,
    "disciplined": 0.7885397307572571,
    "dutiful": 0.024528070489901063,
    "neuroticism": 0.6258997556626824,
    "melancholy": 0.8146809935755324,
    "self_conscious": 1,
    "authority_challenging": 0.7764832407241442,
    "achievement_striving": 0.7601249044820333,
    "orderliness": 0.13874397411345174,
    "self_efficacy": 0.15525325232780823,
    "stress_prone": 0.8354921179988868,
    "agreeableness": 0.2476863425816738,
    "cooperative": 0.0440090187828417,
    "trusting": 0,
    "excitement_seeking": 0.6675408722559222,
    "outgoing": 0.09908397090593488,
    "gregariousness": 0.15466835218535674,
    "altruism": 0.7301440552447619,
    "modesty": 0.05451835360043775,
    "uncompromising": 0.18511146121263009,
    "sympathy": 0.21408288601050934,
    "fiery": 0.7473325723342233,
    "prone_to_worry": 0.8469448401430175,
    "immoderation": 0.8954632503466949
}