{
    "id": "1",
    "extraversion": 0.30431857930848916,
    "active": 0.08300820664603792,
    "assertive": 0.05926274720839501,
    "cheerful": 0.7034059823310462,
    "openness": 0.6291089286515089,
    "adventurous": 0.6713529754697519,
    "artistic": 0.22829499080676266,
    "emotionally_aware": 0.7030135880532759,
    "imaginative": 0.8666420018834924,
    "intellectual": 0.7859433158437598,
    "conscientiousness": 0.23895690389703575,
    "cautious": 0.2207161756132562,
    "disciplined": 0.9925557199874433,
    "dutiful": 0.9144244136508364,
    "neuroticism": 0.6674066101618906,
    "melancholy": 0.7952038207991389,
    "self_conscious": 0.7988250594197049,
    "authority_challenging": 0.9009708955558545,
    "achievement_striving": 0.7305372438225929,
    "orderliness": 0.7183505986815553,
    "self_efficacy": 0.7773666980582088,
    "stress_prone": 0.7477577469841697,
    "agreeableness": 0.6115408762724786,
    "cooperative": 1,
    "trusting": 0.027904838782008185,
    "excitement_seeking": 0.1906699852011301,
    "outgoing": 0.7783645006502532,
    "gregariousness": 0.19489663213597022,
    "altruism": 0.8170097313780885,
    "modesty": 0.1810507197632181,
    "uncompromising": 0.7967285528499035,
    "sympathy": 0.9728126821830574,
    "fiery": 0.1907708865868425,
    "prone_to_worry": 0.7505045069285617,
    "immoderation": 0
}