{
    "id": "1",
    "extraversion": 0.20894304270360364,
    "active": 0.881200068969481,
    "assertive": 0.8254267486637163,
    "cheerful": 0.6777171101787459,
    "openness": 0.6015518133226048,
    "adventurous": 0.1019828725788838,
    "artistic": 0.8050232771998391,
    "emotionally_aware": 0.8179895396287142,
    "imaginative": 0.8144835910109776,
    "intellectual": 0.8436346916489452,
    "conscientiousness": 0.2293005345134778,
    "cautious": 0.6831886890051152,
    "disciplined": 1,
    "dutiful": 0.8076326225645152,
    "neuroticism": 0.6686131386861314,
    "melancholy": 0.7119144778435541,
    "self_conscious": 0.7718144720960975,
    "authority_challenging": 0.7873900798896488,
    "achievement_striving": 0.7383527788953389,
    "orderliness": 0.10942008161388585,
    "self_efficacy": 0.7987930340824184,
    "stress_prone": 0.9163515144548537,
    "agreeableness": 0.257451577676878,
    "cooperative": 0.10220127593539857,
    "trusting": 0.034806598080349416,
    "excitement_seeking": 0,
    "outgoing": 0.814161733432956,
    "gregariousness": 0.1870682223116271,
    "altruism": 0.6976377952755904,
    "modesty": 0.08578653945629056,
    "uncompromising": 0.6757169952296109,
    "sympathy": 0.12616817058451632,
    "fiery": 0.8104373814587045,
    "prone_to_worry": 0.7737111328237255,
    "immoderation": 0.03972642105868151
}