{
    "id": "1",
    "extraversion": 0.2656495838713528,
    "active": 0.9931748391367093,
    "assertive": 0.8510943044086849,
    "cheerful": 0.11597348061502401,
    "openness": 0.6642216169880315,
    "adventurous": 0.20913855402076847,
    "artistic": 0.6992805911522477,
    "emotionally_aware": 0.9625755487798261,
    "imaginative": 0.7830488612072614,
    "intellectual": 0.8564220531906813,
    "conscientiousness": 0.6224351392701744,
    "cautious": 1,
    "disciplined": 0.9266810620774965,
    "dutiful": 0.8517345023274993,
    "neuroticism": 0.6860860035373648,
    "melancholy": 0.1544396098047939,
    "self_conscious": 0.8492062630887922,
    "authority_challenging": 0.17697674670949123,
    "achievement_striving": 0.888931086491824,
    "orderliness": 0.7875736498876941,
    "self_efficacy": 0.8353931791794615,
    "stress_prone": 0.8700398224807127,
    "agreeableness": 0.25879187057151226,
    "cooperative": 0.9400058594385791,
    "trusting": 0.08054557883657594,
    "excitement_seeking": 0,
    "outgoing": 0.7484456211547434,
    "gregariousness": 0.2546468603174948,
    "altruism": 0.16910990787660454,
    "modesty": 0.12907041092025737,
    "uncompromising": 0.8567258759318135,
    "sympathy": 0.7729359042524333,
    "fiery": 0.14172245792597576,
    "prone_to_worry": 0.8821927321259997,
    "immoderation": 0.06244642411484498
}