{
    "id": "1",
    "extraversion": 0.6003625196268587,
    "active": 0.7467673409069917,
    "assertive": 0.06603860718573933,
    "cheerful": 0.6773575320956867,
    "openness": 0.5681398355961946,
    "adventurous": 0.14761706844001105,
    "artistic": 0.1503417382469751,
    "emotionally_aware": 0.6584464764015885,
    "imaginative": 0.8786829223238201,
    "intellectual": 0.8342454050060035,
    "conscientiousness": 0.5786575228595178,
    "cautious": 0.6920545857578276,
    "disciplined": 0.807056432991595,
    "dutiful": 0.0794887780548628,
    "neuroticism": 0.6188117668790984,
    "melancholy": 0.06464163664911793,
    "self_conscious": 0.8257712200979033,
    "authority_challenging": 0.9397224531264431,
    "achievement_striving": 0.08859794957051811,
    "orderliness": 0.7603098734644869,
    "self_efficacy": 0.7340906991779809,
    "stress_prone": 0.7859171515655307,
    "agreeableness": 0.2581740094208922,
    "cooperative": 0.09588297774083304,
    "trusting": 0.08012376466241798,
    "excitement_seeking": 0.12629306363720327,
    "outgoing": 1,
    "gregariousness": 0.1353906899418121,
    "altruism": 0.15673778516671283,
    "modesty": 0.13832317354761242,
    "uncompromising": 0.7040616052461438,
    "sympathy": 0.7927750069271265,
    "fiery": 0.14356469936270433,
    "prone_to_worry": 0.08219035743973396,
    "immoderation": 0
}