{
    "id": "1",
    "extraversion": 0.4193699846337715,
    "active": 0.8371926754311081,
    "assertive": 0.2256808092880314,
    "cheerful": 0.3064282055659894,
    "openness": 0.3772729212907632,
    "adventurous": 0.20733737408229466,
    "artistic": 0.827343349837801,
    "emotionally_aware": 0.8053077514085709,
    "imaginative": 0.9364222298104832,
    "intellectual": 0.8877198224346935,
    "conscientiousness": 0.38685547208468496,
    "cautious": 0.8267564452791532,
    "disciplined": 0.9109292299812192,
    "dutiful": 0,
    "neuroticism": 0.8870048659723407,
    "melancholy": 0.8582892265665015,
    "self_conscious": 0.9093712651528086,
    "authority_challenging": 0.2700187809458767,
    "achievement_striving": 0.8323693870582209,
    "orderliness": 0.2870603551306129,
    "self_efficacy": 0.8628670821239544,
    "stress_prone": 0.9383643503500085,
    "agreeableness": 0.4033634966706505,
    "cooperative": 0.29190498548745086,
    "trusting": 0.14116655284275223,
    "excitement_seeking": 0.8785107563599112,
    "outgoing": 0.8753948267030903,
    "gregariousness": 0.8283677650674407,
    "altruism": 0.8690669284616698,
    "modesty": 0.2628051903704969,
    "uncompromising": 0.3206312958852655,
    "sympathy": 0.30739926583575206,
    "fiery": 0.8369045586477719,
    "prone_to_worry": 1,
    "immoderation": 0.9415656479426329
}