{
    "id": "1",
    "extraversion": 0.3129010040961322,
    "active": 0.0617561411776078,
    "assertive": 0.017387416778434306,
    "cheerful": 0.9753627916530734,
    "openness": 0.658244825461268,
    "adventurous": 0.266357342226411,
    "artistic": 0.1248655767813342,
    "emotionally_aware": 0.7555370283104361,
    "imaginative": 0.0761590604270127,
    "intellectual": 0.8000265825690844,
    "conscientiousness": 0.325962711905366,
    "cautious": 0.26580152487282654,
    "disciplined": 0.09222943173717091,
    "dutiful": 0.025712594096253025,
    "neuroticism": 0.7270090984884184,
    "melancholy": 0.851633015550803,
    "self_conscious": 0.8773093606892135,
    "authority_challenging": 0.898672079844371,
    "achievement_striving": 0.20293374898804992,
    "orderliness": 0.15536303331279222,
    "self_efficacy": 0.13298534333804568,
    "stress_prone": 0.8007878106837762,
    "agreeableness": 0.3524727830741533,
    "cooperative": 0.15294643612329475,
    "trusting": 0,
    "excitement_seeking": 0.23785357837628834,
    "outgoing": 0.14434335012868382,
    "gregariousness": 0.7701211923490533,
    "altruism": 0.18190935343942197,
    "modesty": 0.14485083553847827,
    "uncompromising": 0.14617996399270186,
    "sympathy": 0.16015997873394475,
    "fiery": 0.9405517091383624,
    "prone_to_worry": 0.8150215681299163,
    "immoderation": 1
}