{
    "id": "1",
    "extraversion": 0.2871103586468502,
    "active": 1,
    "assertive": 0.23132561104979482,
    "cheerful": 0.29648639670820703,
    "openness": 0.3640367326382564,
    "adventurous": 0.18843157635309624,
    "artistic": 0.20360468480438906,
    "emotionally_aware": 0.9903667906089603,
    "imaginative": 0.9265347234872433,
    "intellectual": 0.8937132325364594,
    "conscientiousness": 0.7728641385296229,
    "cautious": 0.9392754197786184,
    "disciplined": 0.9617779111258746,
    "dutiful": 0.25392454164568223,
    "neuroticism": 0.8716286445999379,
    "melancholy": 0.9390718258092862,
    "self_conscious": 0.8984494711914534,
    "authority_challenging": 0.9256882011937035,
    "achievement_striving": 0.9632244998553412,
    "orderliness": 0.8848301061903282,
    "self_efficacy": 0.9340784158246092,
    "stress_prone": 0.9940421975290121,
    "agreeableness": 0.4301726262550497,
    "cooperative": 0.8651886458857945,
    "trusting": 0.14351231743514467,
    "excitement_seeking": 0,
    "outgoing": 0.9150691683722126,
    "gregariousness": 0.31215241687472545,
    "altruism": 0.32562176526686887,
    "modesty": 0.11743085841646755,
    "uncompromising": 0.8678032210709044,
    "sympathy": 0.2600752226139323,
    "fiery": 0.2511920962678011,
    "prone_to_worry": 0.9218413467205298,
    "immoderation": 0.16403244644942838
}