{
    "id": "1",
    "extraversion": 0.3827396224913977,
    "active": 0.32807247846928017,
    "assertive": 0.22851403226127256,
    "cheerful": 0.75793106191698,
    "openness": 0.736082105137538,
    "adventurous": 0.23833959862362514,
    "artistic": 0.2468822722119458,
    "emotionally_aware": 0.7407064860671878,
    "imaginative": 0.9080991308152835,
    "intellectual": 0.9117986355590032,
    "conscientiousness": 0.7520337331185235,
    "cautious": 0.9247270123515724,
    "disciplined": 0.19444278696024025,
    "dutiful": 0.20100642440877536,
    "neuroticism": 0.8472363108379578,
    "melancholy": 0.9256717783479524,
    "self_conscious": 0.8655846609781809,
    "authority_challenging": 0.27089921833044933,
    "achievement_striving": 0.24227778109274617,
    "orderliness": 0.22412832905702407,
    "self_efficacy": 0.8315631402032739,
    "stress_prone": 1,
    "agreeableness": 0.28173916502575735,
    "cooperative": 0.17202697058297034,
    "trusting": 0,
    "excitement_seeking": 0.20875350557909184,
    "outgoing": 0.9259601805994789,
    "gregariousness": 0.17143027626946716,
    "altruism": 0.30109195059371086,
    "modesty": 0.25750343099230266,
    "uncompromising": 0.32807247846928017,
    "sympathy": 0.856972373053285,
    "fiery": 0.9745310977186388,
    "prone_to_worry": 0.8922469518865486,
    "immoderation": 0.9405294667541819
}