{
    "id": "1",
    "extraversion": 0.3497901608766612,
    "active": 0.9205059454418278,
    "assertive": 0.07407321053858706,
    "cheerful": 0.1605269293541618,
    "openness": 0.8444975518768943,
    "adventurous": 0.2015737934250408,
    "artistic": 0.08231522499417114,
    "emotionally_aware": 0.9770925623688504,
    "imaginative": 0.9266612263930986,
    "intellectual": 1,
    "conscientiousness": 0.70663324784332,
    "cautious": 0.8691653065982747,
    "disciplined": 0,
    "dutiful": 0.9924341338307298,
    "neuroticism": 0.7262765213336442,
    "melancholy": 0.9071928188388901,
    "self_conscious": 0.9615528095127069,
    "authority_challenging": 0.8654115178363255,
    "achievement_striving": 0.8693634879925392,
    "orderliness": 0.8711587782699929,
    "self_efficacy": 0.8683376078339939,
    "stress_prone": 0.9880974586150618,
    "agreeableness": 0.380578223362089,
    "cooperative": 0.9331895546747493,
    "trusting": 0.06833760783399394,
    "excitement_seeking": 0.11922359524364651,
    "outgoing": 0.22293075308929822,
    "gregariousness": 0.07494754021916532,
    "altruism": 0.22809512706924692,
    "modesty": 0.03503147586850078,
    "uncompromising": 0.9492305898810911,
    "sympathy": 0.24363487992539054,
    "fiery": 0.8465959431102822,
    "prone_to_worry": 0.8224178130100257,
    "immoderation": 0.09836791792958732
}