{
    "id": "1",
    "extraversion": 0.4241323112211022,
    "active": 0.1413653648819943,
    "assertive": 0.0975312367960403,
    "cheerful": 0.8167079133216636,
    "openness": 0.433234743767731,
    "adventurous": 0.09199010080280075,
    "artistic": 0.14036337297036278,
    "emotionally_aware": 0.7895696263656667,
    "imaginative": 0.999251524114203,
    "intellectual": 1,
    "conscientiousness": 0.37742500150902397,
    "cautious": 0.3186213557071287,
    "disciplined": 0,
    "dutiful": 0.13384438944890442,
    "neuroticism": 0.8358544093680208,
    "melancholy": 0.919828574877769,
    "self_conscious": 0.9701575421017686,
    "authority_challenging": 0.9145771714854832,
    "achievement_striving": 0.8541679241866362,
    "orderliness": 0.21269994567513728,
    "self_efficacy": 0.8380153316834672,
    "stress_prone": 0.9402667954367115,
    "agreeableness": 0.36307116557010927,
    "cooperative": 0.17504677974286229,
    "trusting": 0.18844691253697105,
    "excitement_seeking": 0.9068147522182654,
    "outgoing": 0.8766825617190801,
    "gregariousness": 0.8250377255990825,
    "altruism": 0.8950564374962275,
    "modesty": 0.8817045934689443,
    "uncompromising": 0.22795919599203238,
    "sympathy": 0.952013037967043,
    "fiery": 0.9880968189774854,
    "prone_to_worry": 0.9990945856220198,
    "immoderation": 0.9623347618760187
}