{
    "id": "1",
    "extraversion": 0.355818122726272,
    "active": 0.9786020569703198,
    "assertive": 0.1616535441326023,
    "cheerful": 0.21309877022110865,
    "openness": 0.38810899216841577,
    "adventurous": 0.27181992598261745,
    "artistic": 0.21045678999402415,
    "emotionally_aware": 0.7286099200067099,
    "imaginative": 0.9150267867439692,
    "intellectual": 0.8295608232074899,
    "conscientiousness": 0.3707369237704833,
    "cautious": 0.2807837874673685,
    "disciplined": 0,
    "dutiful": 0.18684671272658657,
    "neuroticism": 0.7267437593701184,
    "melancholy": 0.8659614396695429,
    "self_conscious": 0.8071354434228323,
    "authority_challenging": 0.9264543996309615,
    "achievement_striving": 0.8998563685352736,
    "orderliness": 0.25719467829697124,
    "self_efficacy": 0.25584223603786843,
    "stress_prone": 1,
    "agreeableness": 0.3346403447155154,
    "cooperative": 0.14472180577251717,
    "trusting": 0.21673673505760988,
    "excitement_seeking": 0.2823878468909555,
    "outgoing": 0.16732541438201778,
    "gregariousness": 0.2614826541417234,
    "altruism": 0.27748131218351285,
    "modesty": 0.0584485704999843,
    "uncompromising": 0.7683864000922598,
    "sympathy": 0.26122055292871904,
    "fiery": 0.8811004057326778,
    "prone_to_worry": 0.9666921778513993,
    "immoderation": 0.9685373703909503
}