{
    "id": "1",
    "extraversion": 0.29877506725007796,
    "active": 0.8585035270212544,
    "assertive": 1,
    "cheerful": 0.1557315538520152,
    "openness": 0.6621679347010402,
    "adventurous": 0.19570061304362887,
    "artistic": 0.7728621402265144,
    "emotionally_aware": 0.8313495041389104,
    "imaginative": 0.8311186025837884,
    "intellectual": 0.8497408130043757,
    "conscientiousness": 0.27820173868871007,
    "cautious": 0.2661140422780748,
    "disciplined": 0.9288015054781394,
    "dutiful": 0.1206229723957191,
    "neuroticism": 0.620374753223963,
    "melancholy": 0.8218363600678851,
    "self_conscious": 0.8756941478000854,
    "authority_challenging": 0.8447417943359848,
    "achievement_striving": 0.7639955205098307,
    "orderliness": 0.053014997056005195,
    "self_efficacy": 0.13720170405347681,
    "stress_prone": 0.7775725319510027,
    "agreeableness": 0.2852557811976864,
    "cooperative": 0.09655148527425331,
    "trusting": 0,
    "excitement_seeking": 0.1786716233533833,
    "outgoing": 0.8565870441137421,
    "gregariousness": 0.18088827828255424,
    "altruism": 0.10459840447025412,
    "modesty": 0.20748813743260563,
    "uncompromising": 0.7538127619289516,
    "sympathy": 0.20471731877114194,
    "fiery": 0.9941004652666335,
    "prone_to_worry": 0.7588348707528546,
    "immoderation": 0.763568352632855
}