{
    "id": "1",
    "extraversion": 0.35845393575714785,
    "active": 0.19693493352159072,
    "assertive": 0.11893556104639762,
    "cheerful": 0.22275169627799346,
    "openness": 0.6465074322469309,
    "adventurous": 0.2836412126916892,
    "artistic": 0.16246028944581714,
    "emotionally_aware": 0.7639526218770835,
    "imaginative": 1,
    "intellectual": 0.7822783072518334,
    "conscientiousness": 0.34476605090794993,
    "cautious": 0.6774130289838018,
    "disciplined": 0.16879436796485855,
    "dutiful": 0.1424089108522571,
    "neuroticism": 0.6867572655606541,
    "melancholy": 0.8916441149939207,
    "self_conscious": 0.8563458446091696,
    "authority_challenging": 0.20804408361768048,
    "achievement_striving": 0.25898144879789775,
    "orderliness": 0.22878181746872175,
    "self_efficacy": 0.20384751147193783,
    "stress_prone": 0.7984468761030707,
    "agreeableness": 0.36409185394360116,
    "cooperative": 0.16109738400596146,
    "trusting": 0,
    "excitement_seeking": 0.2537161234655057,
    "outgoing": 0.24219516021492724,
    "gregariousness": 0.20011177785621834,
    "altruism": 0.24178334706043844,
    "modesty": 0.13982037102404204,
    "uncompromising": 0.8190473389026159,
    "sympathy": 0.7704141663725144,
    "fiery": 0.7756402714044789,
    "prone_to_worry": 0.8353531788053496,
    "immoderation": 0.7921716280346707
}