{
    "id": "1",
    "extraversion": 0.2368582481002516,
    "active": 0.08690644599957434,
    "assertive": 0.12140863055371251,
    "cheerful": 0.12634109089998624,
    "openness": 0.6083701598667985,
    "adventurous": 0.1965848345622754,
    "artistic": 0.10465829567220422,
    "emotionally_aware": 0.7130910502134478,
    "imaginative": 0.889132312622842,
    "intellectual": 0.7777263110454563,
    "conscientiousness": 0.2777826462524568,
    "cautious": 0.7366642046094718,
    "disciplined": 0,
    "dutiful": 0.09725960515279358,
    "neuroticism": 0.6429474580302706,
    "melancholy": 0.8760750635335945,
    "self_conscious": 1,
    "authority_challenging": 0.024424441968477286,
    "achievement_striving": 0.119205298013245,
    "orderliness": 0.06622516556291391,
    "self_efficacy": 0.7975688228445523,
    "stress_prone": 0.7664091939057824,
    "agreeableness": 0.32325141776937616,
    "cooperative": 0.06839094129871424,
    "trusting": 0.02250904493045731,
    "excitement_seeking": 0.019592133101315738,
    "outgoing": 0.15639905356852238,
    "gregariousness": 0.19525782746403936,
    "altruism": 0.14439339500995255,
    "modesty": 0.08265000813730763,
    "uncompromising": 0.7782521063107951,
    "sympathy": 0.14811151867199135,
    "fiery": 0.8733334167928993,
    "prone_to_worry": 0.8296798908348878,
    "immoderation": 0.07051916022984764
}