{
    "id": "1",
    "extraversion": 0.31737027527318323,
    "active": 0.18663641249178953,
    "assertive": 0.07903505105392006,
    "cheerful": 0.12514480205409922,
    "openness": 0.6645369319878187,
    "adventurous": 0.25645190183316413,
    "artistic": 0.2647757807368484,
    "emotionally_aware": 0.7929659043410759,
    "imaginative": 0.8798949065504269,
    "intellectual": 0.740837164865349,
    "conscientiousness": 0.725682211739416,
    "cautious": 0.7203797695109572,
    "disciplined": 0.09221950200035822,
    "dutiful": 0.9333373141458172,
    "neuroticism": 0.6382516271571028,
    "melancholy": 0.8618737684361377,
    "self_conscious": 0.9252045142413565,
    "authority_challenging": 1,
    "achievement_striving": 0.7753627515375888,
    "orderliness": 0.1761748372842897,
    "self_efficacy": 0.18938317310563083,
    "stress_prone": 0.8940228100555323,
    "agreeableness": 0.17187555980175553,
    "cooperative": 0.16297844390040003,
    "trusting": 0,
    "excitement_seeking": 0.7132143070400668,
    "outgoing": 0.14880277064548872,
    "gregariousness": 0.14180450229891914,
    "altruism": 0.7964053263271033,
    "modesty": 0.05772974264047291,
    "uncompromising": 0.9480384546485937,
    "sympathy": 0.8347763778587208,
    "fiery": 0.8512449991043172,
    "prone_to_worry": 0.824338687526124,
    "immoderation": 0.8880038215799844
}