{
    "id": "1",
    "extraversion": 0.649746192893401,
    "active": 0.9527055314249829,
    "assertive": 0.8803312575226333,
    "cheerful": 0.7748050656758595,
    "openness": 0.6354597310167984,
    "adventurous": 0.7881888115547647,
    "artistic": 0.8339395049453137,
    "emotionally_aware": 0.23305772149249046,
    "imaginative": 0.9575723481082211,
    "intellectual": 0.8032209953425087,
    "conscientiousness": 0.635564393741169,
    "cautious": 0.1771809095190748,
    "disciplined": 0,
    "dutiful": 0.9263697734052018,
    "neuroticism": 0.31506096603694594,
    "melancholy": 0.10041080119315511,
    "self_conscious": 0.7850096813020043,
    "authority_challenging": 0.8995368674446595,
    "achievement_striving": 0.9256763828562458,
    "orderliness": 0.841043487361976,
    "self_efficacy": 0.8854466481762521,
    "stress_prone": 0.8163561672510335,
    "agreeableness": 0.6017060024072426,
    "cooperative": 0.8463812863048825,
    "trusting": 1,
    "excitement_seeking": 0.8715003401538541,
    "outgoing": 0.8775315296457166,
    "gregariousness": 0.8076822439688105,
    "altruism": 0.7595243079177351,
    "modesty": 0.12235072478936632,
    "uncompromising": 0.1774556491705479,
    "sympathy": 0.11936783714480093,
    "fiery": 0.7799989533727564,
    "prone_to_worry": 0.17652676749175783,
    "immoderation": 0.9844575854309487
}