{
    "id": "1",
    "extraversion": 0.302974358974359,
    "active": 0.7102657342657342,
    "assertive": 0.7470116550116549,
    "cheerful": 0.7295757575757575,
    "openness": 0.5727552447552446,
    "adventurous": 0.7478694638694638,
    "artistic": 0.6904708624708624,
    "emotionally_aware": 0.23277389277389277,
    "imaginative": 0.7883636363636364,
    "intellectual": 0.6745268065268065,
    "conscientiousness": 0.27868531468531466,
    "cautious": 0.2693613053613053,
    "disciplined": 0.14325407925407926,
    "dutiful": 0.7187505827505828,
    "neuroticism": 0.5714871794871794,
    "melancholy": 0,
    "self_conscious": 0.7422191142191142,
    "authority_challenging": 0.7648484848484849,
    "achievement_striving": 0.2094452214452214,
    "orderliness": 0.9485034965034964,
    "self_efficacy": 0.7462097902097902,
    "stress_prone": 0.7473473193473193,
    "agreeableness": 0.5479813519813519,
    "cooperative": 0.7140139860139859,
    "trusting": 1,
    "excitement_seeking": 0.8041585081585082,
    "outgoing": 0.7345081585081585,
    "gregariousness": 0.6688018648018648,
    "altruism": 0.7808391608391608,
    "modesty": 0.7142470862470862,
    "uncompromising": 0.6724568764568764,
    "sympathy": 0.733920745920746,
    "fiery": 0.6794219114219114,
    "prone_to_worry": 0.6609324009324009,
    "immoderation": 0.7289417249417249
}