{
    "id": "1",
    "extraversion": 0.3251373353630287,
    "active": 0.0860193703532111,
    "assertive": 0.034681315772056416,
    "cheerful": 0.7010060229002582,
    "openness": 0.6074083879365499,
    "adventurous": 0.13855979879541994,
    "artistic": 0.12149491473073445,
    "emotionally_aware": 0.6704833763540495,
    "imaginative": 0.988152756635118,
    "intellectual": 0.796048712687802,
    "conscientiousness": 0.19703487987292342,
    "cautious": 0.22188761665232642,
    "disciplined": 0.11430273347011713,
    "dutiful": 0.027036865444437064,
    "neuroticism": 0.7982549032585434,
    "melancholy": 0.9137931034482758,
    "self_conscious": 0.96786683433715,
    "authority_challenging": 0.8140071039336377,
    "achievement_striving": 0.18179010302909965,
    "orderliness": 0.10928364992168023,
    "self_efficacy": 0.11985130275553205,
    "stress_prone": 1,
    "agreeableness": 0.1742449312771637,
    "cooperative": 0.0018421691265691584,
    "trusting": 0,
    "excitement_seeking": 0.7568998610099941,
    "outgoing": 0.8116464800229443,
    "gregariousness": 0.19514858693493944,
    "altruism": 0.15132261124715957,
    "modesty": 0.1406998036490392,
    "uncompromising": 0.7644009089505152,
    "sympathy": 0.7785205286032607,
    "fiery": 0.7956295364793612,
    "prone_to_worry": 0.9340679947933903,
    "immoderation": 0.8301784808171729
}