{
    "id": "1",
    "extraversion": 0.3481072855240631,
    "active": 0.9070287236066197,
    "assertive": 0.06916967852387293,
    "cheerful": 0.2203252805782766,
    "openness": 0.3450756134677572,
    "adventurous": 0.8446238348868175,
    "artistic": 0.2553381206011033,
    "emotionally_aware": 0.7511770020924481,
    "imaginative": 1,
    "intellectual": 0.8599843066387672,
    "conscientiousness": 0.35790374738443975,
    "cautious": 0.8338524824044131,
    "disciplined": 0.1307780102720183,
    "dutiful": 0.21128970895948257,
    "neuroticism": 0.7715189271447593,
    "melancholy": 0.9354313296556971,
    "self_conscious": 0.8841544607190412,
    "authority_challenging": 0,
    "achievement_striving": 0.8476555069431233,
    "orderliness": 0.25613467757276015,
    "self_efficacy": 0.8196690127449116,
    "stress_prone": 0.9134249571999238,
    "agreeableness": 0.39767215141715806,
    "cooperative": 0.13696024348487731,
    "trusting": 0.07960814152558494,
    "excitement_seeking": 0.2582509035571619,
    "outgoing": 0.8594136389575803,
    "gregariousness": 0.17655031386722467,
    "altruism": 0.9104883964238157,
    "modesty": 0.24426954536808063,
    "uncompromising": 0.848202396804261,
    "sympathy": 0.9605288187178999,
    "fiery": 0.8425313867224652,
    "prone_to_worry": 0.9111660642952253,
    "immoderation": 0.8864846870838882
}