{
    "id": "1",
    "extraversion": 0.338926865202743,
    "active": 0.8190425635636829,
    "assertive": 0.7995211734500428,
    "cheerful": 0.7118157492768853,
    "openness": 0.710060774139033,
    "adventurous": 0.20834371513070232,
    "artistic": 0.7476735746243595,
    "emotionally_aware": 0.82345166776804,
    "imaginative": 0.8293990835129836,
    "intellectual": 0.8756025956298953,
    "conscientiousness": 0.6642580896770629,
    "cautious": 0.7320521292615021,
    "disciplined": 1,
    "dutiful": 0.8591036626981118,
    "neuroticism": 0.6698480104865182,
    "melancholy": 0.760066732387958,
    "self_conscious": 0.823906661322298,
    "authority_challenging": 0.812856817861747,
    "achievement_striving": 0.8407089232902535,
    "orderliness": 0.7743231970880413,
    "self_efficacy": 0.8436338818533405,
    "stress_prone": 0.8158792750436036,
    "agreeableness": 0.3518833483192322,
    "cooperative": 0.7801947805739419,
    "trusting": 0.06734987921004452,
    "excitement_seeking": 0.15308366464808415,
    "outgoing": 0.7837372303892362,
    "gregariousness": 0.18824816648430812,
    "altruism": 0.8403730947144915,
    "modesty": 0.7623200337995211,
    "uncompromising": 0.8318690485218126,
    "sympathy": 0.750999360842388,
    "fiery": 0.12480906520490957,
    "prone_to_worry": 0.811643501717059,
    "immoderation": 0
}