{
    "id": "1",
    "extraversion": 0.3063402471436008,
    "active": 1,
    "assertive": 0.051154889442967894,
    "cheerful": 0.18702907088253828,
    "openness": 0.7032358824012932,
    "adventurous": 0.17102775570594844,
    "artistic": 0.1176672055237417,
    "emotionally_aware": 0.7862701043921418,
    "imaginative": 0.11255719648190263,
    "intellectual": 0.8719620790749923,
    "conscientiousness": 0.2790640326602186,
    "cautious": 0.7820642792558292,
    "disciplined": 0.06844398169712579,
    "dutiful": 0.06032002630353181,
    "neuroticism": 0.7284297339507356,
    "melancholy": 0.08695235224813001,
    "self_conscious": 0.8619612570896239,
    "authority_challenging": 0.01945365372496368,
    "achievement_striving": 0.9196098309450091,
    "orderliness": 0.7909280214812177,
    "self_efficacy": 0.8573718387812697,
    "stress_prone": 0.8874428035180973,
    "agreeableness": 0.3122722415541003,
    "cooperative": 0,
    "trusting": 0.04240074526673422,
    "excitement_seeking": 0.13206564923144365,
    "outgoing": 0.16453407129353098,
    "gregariousness": 0.164575170561964,
    "altruism": 0.17723374523933474,
    "modesty": 0.1265720470175631,
    "uncompromising": 0.8213825793900867,
    "sympathy": 0.8132449242403486,
    "fiery": 0.8972518289174454,
    "prone_to_worry": 0.9194728333835657,
    "immoderation": 0.05471682604049644
}