{
    "id": "1",
    "extraversion": 0.39138187572329425,
    "active": 0.29134881084527997,
    "assertive": 0.07163269644080206,
    "cheerful": 0.789364918164427,
    "openness": 0.4017146501027373,
    "adventurous": 0.2258921612621336,
    "artistic": 0.1853758768097116,
    "emotionally_aware": 0.8150492430504712,
    "imaginative": 0.9718476181478947,
    "intellectual": 0.9816844193571244,
    "conscientiousness": 0.7140242318320303,
    "cautious": 0.8402966391913277,
    "disciplined": 0,
    "dutiful": 0.9510994071939728,
    "neuroticism": 0.8029923714602868,
    "melancholy": 0.8780850712075766,
    "self_conscious": 0.9450178314163578,
    "authority_challenging": 0.9418294324649868,
    "achievement_striving": 0.8631468316761532,
    "orderliness": 0.2821969249663447,
    "self_efficacy": 0.9330436220212088,
    "stress_prone": 1,
    "agreeableness": 0.41196476228714485,
    "cooperative": 0.9388063579036867,
    "trusting": 0.971611440447793,
    "excitement_seeking": 0.9070876927800479,
    "outgoing": 0.2451406438204105,
    "gregariousness": 0.8225006494886753,
    "altruism": 0.7996386481188447,
    "modesty": 0.09847429205734391,
    "uncompromising": 0.2143430717271675,
    "sympathy": 0.9173732316194706,
    "fiery": 0.9691433834817317,
    "prone_to_worry": 0.9726033867882196,
    "immoderation": 0.991025247396141
}