{
    "id": "1",
    "extraversion": 0.366593750381894,
    "active": 0.8318444561219128,
    "assertive": 0.17705214532745117,
    "cheerful": 0.8968091996724878,
    "openness": 0.7281037285070086,
    "adventurous": 0.24729619083698937,
    "artistic": 0.25665717532903987,
    "emotionally_aware": 0.7317943516357283,
    "imaginative": 0.889012452797908,
    "intellectual": 0.8875093182123698,
    "conscientiousness": 0.3474196189614929,
    "cautious": 0.7949626660474893,
    "disciplined": 0.11483703821383617,
    "dutiful": 0.12974617800535262,
    "neuroticism": 0.70599665155385,
    "melancholy": 1,
    "self_conscious": 0.8726123990272399,
    "authority_challenging": 0.963631475393809,
    "achievement_striving": 0.8505297632868544,
    "orderliness": 0.11873541165112617,
    "self_efficacy": 0.1870119395324396,
    "stress_prone": 0.8649378582165248,
    "agreeableness": 0.37754341370418804,
    "cooperative": 0.1452907893289665,
    "trusting": 0,
    "excitement_seeking": 0.24757726478387862,
    "outgoing": 0.18411565581884176,
    "gregariousness": 0.7890723337692016,
    "altruism": 0.16060320913123707,
    "modesty": 0.1392415891676545,
    "uncompromising": 0.8535971354898632,
    "sympathy": 0.14725830695719122,
    "fiery": 0.9827200625695048,
    "prone_to_worry": 0.9646946681494336,
    "immoderation": 0.8471813171369564
}