{
    "id": "1",
    "extraversion": 0.2842986625970571,
    "active": 0,
    "assertive": 1,
    "cheerful": 0.17965745161323587,
    "openness": 0.656554511801524,
    "adventurous": 0.22788438734158942,
    "artistic": 0.22112003629651777,
    "emotionally_aware": 0.712009816558224,
    "imaginative": 0.8226935728353562,
    "intellectual": 0.9484115117705895,
    "conscientiousness": 0.2818445230410707,
    "cautious": 0.8102785139050723,
    "disciplined": 0.9748192907742914,
    "dutiful": 0.030078676826941892,
    "neuroticism": 0.6995328885635035,
    "melancholy": 0.7650109817589376,
    "self_conscious": 0.8321182936512029,
    "authority_challenging": 0.8528856762804319,
    "achievement_striving": 0.229379556398808,
    "orderliness": 0.7555243918786541,
    "self_efficacy": 0.2001361119417606,
    "stress_prone": 0.7611544767423875,
    "agreeableness": 0.6605656894791656,
    "cooperative": 0.2451561678301488,
    "trusting": 0.1760793573866507,
    "excitement_seeking": 0.1742542199857701,
    "outgoing": 0.7460068674661524,
    "gregariousness": 0.6964909928953692,
    "altruism": 0.8723847430887101,
    "modesty": 0.7854483960445044,
    "uncompromising": 0.1990946493570773,
    "sympathy": 0.7699708184246075,
    "fiery": 0.746347147320554,
    "prone_to_worry": 0.8498953381659947,
    "immoderation": 0.7891914744429207
}