{
    "id": "1",
    "extraversion": 0.3758882626807155,
    "active": 0.8832447290199547,
    "assertive": 0.09773819289816008,
    "cheerful": 0.26461971170748855,
    "openness": 0.38248298051415364,
    "adventurous": 0.16510232999158347,
    "artistic": 0.06279364605861734,
    "emotionally_aware": 0.7304262595484909,
    "imaginative": 1,
    "intellectual": 0.7734677135825618,
    "conscientiousness": 0.3192205661442741,
    "cautious": 0.7364243631675954,
    "disciplined": 0,
    "dutiful": 0.8690112184779946,
    "neuroticism": 0.7788052800357969,
    "melancholy": 0.8242438447524584,
    "self_conscious": 0.8255649190841972,
    "authority_challenging": 0.8231678084016066,
    "achievement_striving": 0.10696440556981984,
    "orderliness": 0.2451871344406209,
    "self_efficacy": 0.7891927596603561,
    "stress_prone": 0.993639666322193,
    "agreeableness": 0.28524551740302356,
    "cooperative": 0.20392486922429495,
    "trusting": 0.12447929429061505,
    "excitement_seeking": 0.20196456537719865,
    "outgoing": 0.7663296506610698,
    "gregariousness": 0.2543494241607449,
    "altruism": 0.768066224177791,
    "modesty": 0.1731566218850878,
    "uncompromising": 0.7462791515293566,
    "sympathy": 0.25169662167201134,
    "fiery": 0.8893387170663627,
    "prone_to_worry": 0.8779178163919755,
    "immoderation": 0.807794338557259
}