{
    "id": "1",
    "extraversion": 0.31200506383666426,
    "active": 0.1620293056079297,
    "assertive": 0.9897645854657113,
    "cheerful": 0.9045278241663522,
    "openness": 0.6677126542046005,
    "adventurous": 0.8360044173894305,
    "artistic": 0.8222404783709529,
    "emotionally_aware": 0.8354791790120131,
    "imaginative": 0.9698998006787695,
    "intellectual": 0.8643403544685664,
    "conscientiousness": 0.35438776059904104,
    "cautious": 0.7692856758067123,
    "disciplined": 0.963381457738512,
    "dutiful": 0.942035231374239,
    "neuroticism": 0.6803991811668371,
    "melancholy": 0.1613963260248882,
    "self_conscious": 0.9781420029090124,
    "authority_challenging": 0.035608468458762,
    "achievement_striving": 0.23056618003555457,
    "orderliness": 0.17506599148844473,
    "self_efficacy": 0.8756531810590961,
    "stress_prone": 0.8060523622259332,
    "agreeableness": 0.6739616441307976,
    "cooperative": 0.12442762484512197,
    "trusting": 0.06153369606205894,
    "excitement_seeking": 0.19047298389268974,
    "outgoing": 0.8302133275871355,
    "gregariousness": 0.8575661261649516,
    "altruism": 0.1921025696277541,
    "modesty": 0.22061358616602916,
    "uncompromising": 0.8545897753595861,
    "sympathy": 0.8985077843021062,
    "fiery": 0.16899208102138658,
    "prone_to_worry": 1,
    "immoderation": 0
}