{
    "id": "1",
    "extraversion": 0.27395906845448137,
    "active": 0.13420552630150379,
    "assertive": 0,
    "cheerful": 0.6593561695890561,
    "openness": 0.5838445252700724,
    "adventurous": 0.23203952011291465,
    "artistic": 0.204158297595136,
    "emotionally_aware": 0.6177840508115738,
    "imaginative": 1,
    "intellectual": 0.8174800499429998,
    "conscientiousness": 0.26825905216872054,
    "cautious": 0.2558384452527008,
    "disciplined": 0.06605504587155965,
    "dutiful": 0.1191791976548505,
    "neuroticism": 0.6370881059660172,
    "melancholy": 0.7536941534118671,
    "self_conscious": 0.8012920036914392,
    "authority_challenging": 0.07694479127083226,
    "achievement_striving": 0.13699581998805713,
    "orderliness": 0.12801693719124915,
    "self_efficacy": 0.19020682916236906,
    "stress_prone": 0.7345746702133434,
    "agreeableness": 0.2722436349818143,
    "cooperative": 0.110124314640899,
    "trusting": 0.0239726399218284,
    "excitement_seeking": 0.2389229683513382,
    "outgoing": 0.04101840290972264,
    "gregariousness": 0.1514467184191955,
    "altruism": 0.12936322675207648,
    "modesty": 0.12127463221323492,
    "uncompromising": 0.2070463058465882,
    "sympathy": 0.6949025568644484,
    "fiery": 0.7277997937136964,
    "prone_to_worry": 0.7608381738233538,
    "immoderation": 0.8250040714402043
}