{
    "id": "1",
    "extraversion": 0.29249495738553555,
    "active": 0.9939255441942891,
    "assertive": 1,
    "cheerful": 0.22361226084016367,
    "openness": 0.7064207347643088,
    "adventurous": 0.19377630612459043,
    "artistic": 0.817696370483508,
    "emotionally_aware": 0.7860998729144562,
    "imaginative": 0.9646025953433056,
    "intellectual": 0.8499807622800778,
    "conscientiousness": 0.1387447679231424,
    "cautious": 0.6716995651109375,
    "disciplined": 0.9878394291643832,
    "dutiful": 0.0031713089811003974,
    "neuroticism": 0.6292716482645244,
    "melancholy": 0.7755715934661708,
    "self_conscious": 0.9164033625202578,
    "authority_challenging": 0.8716319416106051,
    "achievement_striving": 0.16664529142230872,
    "orderliness": 0,
    "self_efficacy": 0.7252503818395922,
    "stress_prone": 0.8253797992281593,
    "agreeableness": 0.31875153027317554,
    "cooperative": 0.11866758385897,
    "trusting": 0.07782532150310716,
    "excitement_seeking": 0.12610616889552165,
    "outgoing": 0.8278049178607655,
    "gregariousness": 0.16880224789842482,
    "altruism": 0.05310776620923641,
    "modesty": 0.7619186419335656,
    "uncompromising": 0.1591484102647809,
    "sympathy": 0.8134757313248376,
    "fiery": 0.8336578484067669,
    "prone_to_worry": 0.7308351502291037,
    "immoderation": 0.8601592650025066
}