{
    "id": "1",
    "extraversion": 0.22581278370752053,
    "active": 0.11797325481536004,
    "assertive": 0.014182308919150975,
    "cheerful": 0.7488529014844805,
    "openness": 0.3101705312231628,
    "adventurous": 0.17511961722488037,
    "artistic": 0.17324254692675745,
    "emotionally_aware": 0.6642497853024169,
    "imaginative": 0.8678076309655257,
    "intellectual": 1,
    "conscientiousness": 0.27059256532940745,
    "cautious": 0.7277634646055698,
    "disciplined": 0.01982578824684089,
    "dutiful": 0.015740399950926277,
    "neuroticism": 0.6476015212857319,
    "melancholy": 0.15952643847380688,
    "self_conscious": 0.8235553919764447,
    "authority_challenging": 0.025493804441172822,
    "achievement_striving": 0.003373819163292817,
    "orderliness": 0.13556618819776714,
    "self_efficacy": 0.7980247822353086,
    "stress_prone": 0.761428045638572,
    "agreeableness": 0.32902711323763956,
    "cooperative": 0.1731198625935468,
    "trusting": 0,
    "excitement_seeking": 0.7330511593669489,
    "outgoing": 0.1038522880628144,
    "gregariousness": 0.10249049196417619,
    "altruism": 0.7631333578702,
    "modesty": 0.7739295791927372,
    "uncompromising": 0.08775610354557721,
    "sympathy": 0.7914734388418599,
    "fiery": 0.1012759170653907,
    "prone_to_worry": 0.08268924058397738,
    "immoderation": 0.06169795117163539
}