{
    "id": "1",
    "extraversion": 0.3106194690265487,
    "active": 0.10054552066917204,
    "assertive": 0.10093344647836101,
    "cheerful": 0.19070190326100134,
    "openness": 0.6733907140259425,
    "adventurous": 0.14079282337253005,
    "artistic": 0,
    "emotionally_aware": 0.71577160867984,
    "imaginative": 0.8635470966177718,
    "intellectual": 0.8220269123530126,
    "conscientiousness": 0.34335070917686994,
    "cautious": 0.7655715844344769,
    "disciplined": 0.11429264153230692,
    "dutiful": 0.09237483331312886,
    "neuroticism": 0.7415929203539823,
    "melancholy": 0.9127045702509397,
    "self_conscious": 0.8762637895502486,
    "authority_challenging": 1,
    "achievement_striving": 0.1578494362953085,
    "orderliness": 0.22188144017456662,
    "self_efficacy": 0.8158807128136744,
    "stress_prone": 0.9438719844829676,
    "agreeableness": 0.3239180506728088,
    "cooperative": 0.06964480543096133,
    "trusting": 0.05213965329130803,
    "excitement_seeking": 0.8362710631591709,
    "outgoing": 0.8840707964601769,
    "gregariousness": 0.1676688083404049,
    "altruism": 0.15895260031518973,
    "modesty": 0.21394108376772944,
    "uncompromising": 0.7970541883864711,
    "sympathy": 0.8656443205236999,
    "fiery": 0.17406958419202329,
    "prone_to_worry": 0.8636077100254578,
    "immoderation": 0.11594132622136018
}