{
    "id": "1",
    "extraversion": 0.38572920292377305,
    "active": 0.872351780949066,
    "assertive": 0.9450168232973664,
    "cheerful": 0.8147232857640098,
    "openness": 0.6680125304559694,
    "adventurous": 0.25812739296902193,
    "artistic": 0.8276714235990255,
    "emotionally_aware": 0.8392736976447385,
    "imaginative": 0.9353057199211047,
    "intellectual": 0.8677688827010094,
    "conscientiousness": 0.3438333913447036,
    "cautious": 0.35015663069961717,
    "disciplined": 0.9958231813435434,
    "dutiful": 0.12746258266620258,
    "neuroticism": 0.7084812623274163,
    "melancholy": 0.8126580809838728,
    "self_conscious": 1,
    "authority_challenging": 0.8784545770971111,
    "achievement_striving": 0.22173105928762038,
    "orderliness": 0.19277178326952085,
    "self_efficacy": 0.8032254321847082,
    "stress_prone": 0.8277874463394826,
    "agreeableness": 0.40076575008701704,
    "cooperative": 0.8817380206520479,
    "trusting": 0,
    "excitement_seeking": 0.2661329620605639,
    "outgoing": 0.2819700661329621,
    "gregariousness": 0.2772479405963569,
    "altruism": 0.1360714700081216,
    "modesty": 0.28872258962756703,
    "uncompromising": 0.19786518157558886,
    "sympathy": 0.8211277410372433,
    "fiery": 0.8608655296438102,
    "prone_to_worry": 0.9061143984220907,
    "immoderation": 0.9081563986541362
}