{
    "id": "1",
    "extraversion": 0.6043771248918515,
    "active": 1,
    "assertive": 0.8071969096913346,
    "cheerful": 0.6981587317061282,
    "openness": 0.6296991335924839,
    "adventurous": 0.05845508938254757,
    "artistic": 0.009980137211654498,
    "emotionally_aware": 0.7209826596639167,
    "imaginative": 0.9107514958020058,
    "intellectual": 0.7553465020776721,
    "conscientiousness": 0.26455284354703096,
    "cautious": 0.17750996185857207,
    "disciplined": 0.9358785323470993,
    "dutiful": 0.026759928347732817,
    "neuroticism": 0.6448704044453651,
    "melancholy": 0.8055274606095318,
    "self_conscious": 0.8981514202502955,
    "authority_challenging": 0.8286682183200712,
    "achievement_striving": 0.7692017108806648,
    "orderliness": 0.04792659298343953,
    "self_efficacy": 0.14966550089565334,
    "stress_prone": 0.8304351534796438,
    "agreeableness": 0.2703654509340385,
    "cooperative": 0.10073967561507625,
    "trusting": 0.10155612151639598,
    "excitement_seeking": 0.791928152760684,
    "outgoing": 0.8118274983853868,
    "gregariousness": 0.2194046037800227,
    "altruism": 0.02387190329381085,
    "modesty": 0.14546141379184283,
    "uncompromising": 0,
    "sympathy": 0.802139819407041,
    "fiery": 0.8317146582503687,
    "prone_to_worry": 0.7762572657592338,
    "immoderation": 0.916356945273753
}