{
    "id": "1",
    "extraversion": 0.7091701952853441,
    "active": 0.875940087214814,
    "assertive": 0.007369019781330976,
    "cheerful": 0.7910762813625736,
    "openness": 0.6573469000821588,
    "adventurous": 0.24057384819566457,
    "artistic": 0.14408140049295334,
    "emotionally_aware": 0.7511849838842192,
    "imaginative": 0.9875497693231373,
    "intellectual": 0.9432724514946597,
    "conscientiousness": 0.3020792517221766,
    "cautious": 0.7148328382733995,
    "disciplined": 0.03014599001453585,
    "dutiful": 0.05425014219806612,
    "neuroticism": 0.6908550843708525,
    "melancholy": 0.11870062567149092,
    "self_conscious": 1,
    "authority_challenging": 0.10573216204259622,
    "achievement_striving": 0,
    "orderliness": 0.14166719332617078,
    "self_efficacy": 0.17527649623965116,
    "stress_prone": 0.8856095557100423,
    "agreeableness": 0.30076470959994944,
    "cooperative": 0.08497756430512546,
    "trusting": 0.12349112052076093,
    "excitement_seeking": 0.8162927384187575,
    "outgoing": 0.8653984705808001,
    "gregariousness": 0.845680338747393,
    "altruism": 0.7826960753333755,
    "modesty": 0.15866776211843522,
    "uncompromising": 0.11641281678569174,
    "sympathy": 0.8338873791316438,
    "fiery": 0.9979902673323643,
    "prone_to_worry": 0.8539215066675094,
    "immoderation": 0.13201036465904067
}