{
    "id": "1",
    "extraversion": 0.17712017113618622,
    "active": 1,
    "assertive": 0.7521416113396996,
    "cheerful": 0.1791533769525039,
    "openness": 0.24921707122001985,
    "adventurous": 0.09454888848203356,
    "artistic": 0.6206673925821713,
    "emotionally_aware": 0.7176831089740501,
    "imaginative": 0.8660396812395809,
    "intellectual": 0.6475037821482602,
    "conscientiousness": 0.5698276111277065,
    "cautious": 0.6597897414648717,
    "disciplined": 0.8932904208061516,
    "dutiful": 0.7132794357131156,
    "neuroticism": 0.5775653564855411,
    "melancholy": 0.7027954170962737,
    "self_conscious": 0.7737167195043217,
    "authority_challenging": 0.7034410322133036,
    "achievement_striving": 0.6605028089075614,
    "orderliness": 0.13839290016092193,
    "self_efficacy": 0.6632201740270001,
    "stress_prone": 0.6980641182535628,
    "agreeableness": 0.28828160382358325,
    "cooperative": 0.6941807915048612,
    "trusting": 0.08149204544359537,
    "excitement_seeking": 0,
    "outgoing": 0.6386964356263911,
    "gregariousness": 0.1984447420912148,
    "altruism": 0.710032088034921,
    "modesty": 0.142362951328329,
    "uncompromising": 0.6338976844580205,
    "sympathy": 0.6351214623664202,
    "fiery": 0.6888135135916437,
    "prone_to_worry": 0.7094828333831196,
    "immoderation": 0.089056341964019
}