{
    "id": "1",
    "extraversion": 0.21140690678315338,
    "active": 0.11380120332976182,
    "assertive": 0.05146089178274128,
    "cheerful": 0.17935588889804663,
    "openness": 0.6900395615264157,
    "adventurous": 0.775591362400066,
    "artistic": 0.23583408884859472,
    "emotionally_aware": 0.8349748619467567,
    "imaginative": 0.7975562515453722,
    "intellectual": 0.7714703700651118,
    "conscientiousness": 0.3175533668507377,
    "cautious": 0.22030825022665457,
    "disciplined": 0.15040591774499296,
    "dutiful": 0.029465095194922897,
    "neuroticism": 0.6690328030989862,
    "melancholy": 0.9276456770790407,
    "self_conscious": 0.976757603230858,
    "authority_challenging": 0.8610710459078547,
    "achievement_striving": 0.1493859721420918,
    "orderliness": 0.18367262836891124,
    "self_efficacy": 0.12649385972142094,
    "stress_prone": 0.7079452732217918,
    "agreeableness": 0.6515907030412924,
    "cooperative": 0.03560537377400476,
    "trusting": 0,
    "excitement_seeking": 0.2474037748289788,
    "outgoing": 0.7121795928459573,
    "gregariousness": 0.08044177037830709,
    "altruism": 0.22096760900024726,
    "modesty": 0.10133520151652518,
    "uncompromising": 0.19089466743591854,
    "sympathy": 1,
    "fiery": 0.23028105167724386,
    "prone_to_worry": 0.8318120003296795,
    "immoderation": 0.9055674606445232
}