{
    "id": "1",
    "extraversion": 0.6215966715985685,
    "active": 1,
    "assertive": 0,
    "cheerful": 0.09189777052746059,
    "openness": 0.2855950529231003,
    "adventurous": 0.14827320206886963,
    "artistic": 0.7208670030476624,
    "emotionally_aware": 0.8309369348862501,
    "imaginative": 0.9207481315679654,
    "intellectual": 0.7808085789799816,
    "conscientiousness": 0.6083690580067529,
    "cautious": 0.7071209074699343,
    "disciplined": 0.9517938212122362,
    "dutiful": 0.8473007321977314,
    "neuroticism": 0.6870645067465887,
    "melancholy": 0.8628678376772008,
    "self_conscious": 0.9402354666970169,
    "authority_challenging": 0.9743161728441899,
    "achievement_striving": 0.8486664896240373,
    "orderliness": 0.0951730591701759,
    "self_efficacy": 0.11920027315148528,
    "stress_prone": 0.9363911124600073,
    "agreeableness": 0.30931876525411944,
    "cooperative": 0.8010167305284722,
    "trusting": 0.09780340680602453,
    "excitement_seeking": 0.1376000607003301,
    "outgoing": 0.9118833541990718,
    "gregariousness": 0.20486361394590086,
    "altruism": 0.8894495238817862,
    "modesty": 0.017362823577019893,
    "uncompromising": 0.1462877954398877,
    "sympathy": 0.7491305942309394,
    "fiery": 0.8733639364164044,
    "prone_to_worry": 0.8847452483022876,
    "immoderation": 0.8886148943434881
}