{
    "id": "1",
    "extraversion": 0.3141865759055849,
    "active": 0.010354277631666175,
    "assertive": 0.09570800274051319,
    "cheerful": 0.21779344486927307,
    "openness": 0.6927199593343205,
    "adventurous": 0.2024222600393396,
    "artistic": 0.07598293809534332,
    "emotionally_aware": 0.32590005967246444,
    "imaginative": 0.9725285654297522,
    "intellectual": 1,
    "conscientiousness": 0.6825203880920281,
    "cautious": 0.8502552655424669,
    "disciplined": 0.1395009613897054,
    "dutiful": 0.11745530090392732,
    "neuroticism": 0.7766039737441155,
    "melancholy": 0.813954516321524,
    "self_conscious": 0.8593608416027582,
    "authority_challenging": 0.15387760514509252,
    "achievement_striving": 0.18762569894136627,
    "orderliness": 0.20958295577607353,
    "self_efficacy": 0.20880942382920414,
    "stress_prone": 0.8822021349481733,
    "agreeableness": 0.2340597166662983,
    "cooperative": 0.20546113554489803,
    "trusting": 0,
    "excitement_seeking": 0.2072955113046169,
    "outgoing": 0.09764183260768668,
    "gregariousness": 0.08095564346807521,
    "altruism": 0.19080823037991465,
    "modesty": 0.1353017879638429,
    "uncompromising": 0.189471125157469,
    "sympathy": 0.8401440979512453,
    "fiery": 0.18091807191637016,
    "prone_to_worry": 0.937200256370588,
    "immoderation": 0.8408402767034278
}