{
    "id": "1",
    "extraversion": 0.23657931774009783,
    "active": 0.9039340526774344,
    "assertive": 0.9204074793914617,
    "cheerful": 0.18260170229877354,
    "openness": 0.32294082166074656,
    "adventurous": 0.06640305609543593,
    "artistic": 0.8349440386033107,
    "emotionally_aware": 0.8126130956370216,
    "imaginative": 0.9830306279739964,
    "intellectual": 0.905971449634743,
    "conscientiousness": 0.701146035788486,
    "cautious": 0.8380403458213257,
    "disciplined": 0.9923329535553916,
    "dutiful": 0.08019569733932042,
    "neuroticism": 0.7468668319817705,
    "melancholy": 0.8576234836807183,
    "self_conscious": 0.9760739896789759,
    "authority_challenging": 0.07578580524093556,
    "achievement_striving": 0.8291267341331009,
    "orderliness": 0.09504724884391123,
    "self_efficacy": 0.9606058575162523,
    "stress_prone": 0.9068963206219423,
    "agreeableness": 0.3215066014342202,
    "cooperative": 0.14803297366128274,
    "trusting": 0,
    "excitement_seeking": 0.05870920179612627,
    "outgoing": 0.10402788016888943,
    "gregariousness": 0.09713826151062259,
    "altruism": 0.1942631190938945,
    "modesty": 0.07491454996313919,
    "uncompromising": 0.15681254607600026,
    "sympathy": 0.17691843710207086,
    "fiery": 0.9557670397426445,
    "prone_to_worry": 1,
    "immoderation": 0.9003686080021446
}