{
    "id": "1",
    "extraversion": 0.5630787161943407,
    "active": 0.7249249962228314,
    "assertive": 0.9122833523990417,
    "cheerful": 0.6351039260969977,
    "openness": 0.5422934967948025,
    "adventurous": 0.17097623621333446,
    "artistic": 0.7308173792924824,
    "emotionally_aware": 0.7742008590360665,
    "imaginative": 0.8359197945220264,
    "intellectual": 0.6794155101336039,
    "conscientiousness": 0.24151216248300272,
    "cautious": 0.7729705812522933,
    "disciplined": 1,
    "dutiful": 0.8133215341779801,
    "neuroticism": 0.6201139625736547,
    "melancholy": 0.05995985409337161,
    "self_conscious": 0.6794478858647558,
    "authority_challenging": 0.7236299669767543,
    "achievement_striving": 0.11234378709719191,
    "orderliness": 0.08692883814292807,
    "self_efficacy": 0.7268243724504111,
    "stress_prone": 0.7530271308627053,
    "agreeableness": 0.27489154130064103,
    "cooperative": 0.741835919794522,
    "trusting": 0.7363320454986942,
    "excitement_seeking": 0.1271718719647752,
    "outgoing": 0.777654270358939,
    "gregariousness": 0.6643068355960372,
    "altruism": 0.6882001251861604,
    "modesty": 0.10001942543869113,
    "uncompromising": 0.14777362888778572,
    "sympathy": 0,
    "fiery": 0.7073665580281021,
    "prone_to_worry": 0.7100861194448641,
    "immoderation": 0.764034879454361
}