{
    "id": "1",
    "extraversion": 0.43378401802738775,
    "active": 0.9957531634598716,
    "assertive": 0.8836453458138325,
    "cheerful": 0.25097503900156004,
    "openness": 0.7416796671866874,
    "adventurous": 0.24217802045415146,
    "artistic": 0.2810062402496099,
    "emotionally_aware": 0.8692039348240597,
    "imaginative": 0.935734096030508,
    "intellectual": 1,
    "conscientiousness": 0.41662333159993065,
    "cautious": 0.7595120471485527,
    "disciplined": 0.06305252210088401,
    "dutiful": 0.2005546888542208,
    "neuroticism": 0.7456989946264517,
    "melancholy": 0.8965483619344774,
    "self_conscious": 0.9408801352054083,
    "authority_challenging": 0.9284863061189114,
    "achievement_striving": 0.8880221875541688,
    "orderliness": 0.20620991506326916,
    "self_efficacy": 0.16612497833246662,
    "stress_prone": 0.9078588143525741,
    "agreeableness": 0.3958333333333333,
    "cooperative": 0.2569011093777084,
    "trusting": 0,
    "excitement_seeking": 0.296455191540995,
    "outgoing": 0.25614274570982837,
    "gregariousness": 0.29719188767550697,
    "altruism": 0.8858879355174206,
    "modesty": 0.22590570289478246,
    "uncompromising": 0.27802695441150976,
    "sympathy": 0.22317559369041426,
    "fiery": 0.9181400589356908,
    "prone_to_worry": 0.8912181487259491,
    "immoderation": 0.9050095337146818
}