{
    "id": "1",
    "extraversion": 0.24874174497425305,
    "active": 0.8474674890175428,
    "assertive": 0.192360282780089,
    "cheerful": 0.08427156973981514,
    "openness": 0.6494632414976871,
    "adventurous": 0.21301603002356498,
    "artistic": 0.17817279065933533,
    "emotionally_aware": 0.8129830584082468,
    "imaginative": 0.747844723086919,
    "intellectual": 0.7855972226262862,
    "conscientiousness": 0.6311736925299896,
    "cautious": 0.6699832232663233,
    "disciplined": 0.10524733560255628,
    "dutiful": 0,
    "neuroticism": 0.6319979829129452,
    "melancholy": 0.8526265770614533,
    "self_conscious": 1,
    "authority_challenging": 0.7491635876996479,
    "achievement_striving": 0.21271540647213413,
    "orderliness": 0.18511622494399674,
    "self_efficacy": 0.1689213433023982,
    "stress_prone": 0.20818665813283682,
    "agreeableness": 0.6080741667393982,
    "cooperative": 0.1247878664455629,
    "trusting": 0.10193077900289954,
    "excitement_seeking": 0.015089362775046323,
    "outgoing": 0.14309681048109468,
    "gregariousness": 0.20828363347200807,
    "altruism": 0.14980750395174508,
    "modesty": 0.05372433790087181,
    "uncompromising": 0.7495417915224158,
    "sympathy": 0.011675830836218344,
    "fiery": 0.7430638388657764,
    "prone_to_worry": 0.7701199584945548,
    "immoderation": 0.003209883726568314
}