{
    "id": "1",
    "extraversion": 0.3512119881559542,
    "active": 0.9218878418392047,
    "assertive": 0.16916044629085464,
    "cheerful": 0.15319575325654972,
    "openness": 0.8187590772452461,
    "adventurous": 0.27630853064027655,
    "artistic": 0.21530944258677567,
    "emotionally_aware": 0.9032210851037481,
    "imaginative": 0.2162551648821788,
    "intellectual": 1,
    "conscientiousness": 0.6820346539669674,
    "cautious": 0.7842965064568065,
    "disciplined": 0.040159421758367994,
    "dutiful": 0.1878834960200854,
    "neuroticism": 0.6866169036601706,
    "melancholy": 0.9381565170398893,
    "self_conscious": 0.9015097780930186,
    "authority_challenging": 0.9276522444016618,
    "achievement_striving": 0.9017011742718501,
    "orderliness": 0.20481642854730306,
    "self_efficacy": 0.172335371139708,
    "stress_prone": 0.8703797525359994,
    "agreeableness": 0.31994685941387735,
    "cooperative": 0.12453136082683154,
    "trusting": 0,
    "excitement_seeking": 0.1546481124959188,
    "outgoing": 0.20342036230170796,
    "gregariousness": 0.27751320070704005,
    "altruism": 0.21687438781369275,
    "modesty": 0.14812938381689017,
    "uncompromising": 0.8985487666205065,
    "sympathy": 0.24587653820605493,
    "fiery": 0.8988077143918668,
    "prone_to_worry": 0.8620709066549578,
    "immoderation": 0.914029339908355
}