{
    "id": "1",
    "extraversion": 0.7441580876345216,
    "active": 0.9936853654550972,
    "assertive": 0.8859864136143988,
    "cheerful": 0.871256157060485,
    "openness": 0.7294395032331863,
    "adventurous": 0.2843919975721923,
    "artistic": 0.8377220627028037,
    "emotionally_aware": 0.8479001797511496,
    "imaginative": 0.9448724233723182,
    "intellectual": 0.9975138315008054,
    "conscientiousness": 0.7192730583374186,
    "cautious": 0.8495459532647011,
    "disciplined": 0.9240959917828045,
    "dutiful": 0.2169386278217429,
    "neuroticism": 0.7424889698158134,
    "melancholy": 0.16779886546676936,
    "self_conscious": 0.931356070686556,
    "authority_challenging": 0.9641898358895347,
    "achievement_striving": 0,
    "orderliness": 0.19645400004668861,
    "self_efficacy": 0.9015687373065341,
    "stress_prone": 0.85531199663842,
    "agreeableness": 0.4228587436094965,
    "cooperative": 0.9447907183042695,
    "trusting": 0.13372785209048252,
    "excitement_seeking": 0.1616476410579639,
    "outgoing": 0.9731540490697295,
    "gregariousness": 0.9013119499498098,
    "altruism": 0.830240212900063,
    "modesty": 0.8805705348180312,
    "uncompromising": 0.15985012956089362,
    "sympathy": 0.8872703503980203,
    "fiery": 0.9732824427480915,
    "prone_to_worry": 1,
    "immoderation": 0.08225365921983335
}