{
    "id": "1",
    "extraversion": 0.30971429938171946,
    "active": 0.0707016347959196,
    "assertive": 0.027158899293222842,
    "cheerful": 0.23822337028665738,
    "openness": 0.34549564094284796,
    "adventurous": 0.22368122077518274,
    "artistic": 0.03216972219232475,
    "emotionally_aware": 0.7910522728088114,
    "imaginative": 0.20678314737081285,
    "intellectual": 0.9743120582642701,
    "conscientiousness": 0.35612719597220727,
    "cautious": 0.2997644076107105,
    "disciplined": 0.1902438441024169,
    "dutiful": 0,
    "neuroticism": 0.3830588741793133,
    "melancholy": 0.9582152381635753,
    "self_conscious": 0.967567179707961,
    "authority_challenging": 0.8794651933173083,
    "achievement_striving": 0.14856671330678436,
    "orderliness": 0.84766620026549,
    "self_efficacy": 0.19238450591372777,
    "stress_prone": 0.11003480070318951,
    "agreeableness": 0.3474569176861718,
    "cooperative": 0.2478503689352899,
    "trusting": 0.02541288463148333,
    "excitement_seeking": 0.19429794663892178,
    "outgoing": 0.9803991915712937,
    "gregariousness": 0.19874669632499792,
    "altruism": 0.051447637498654615,
    "modesty": 0.26022793862638877,
    "uncompromising": 0.8687260072471569,
    "sympathy": 0.9248974515361341,
    "fiery": 0.03652279984214116,
    "prone_to_worry": 1,
    "immoderation": 0.9456941604180868
}