{
    "id": "1",
    "extraversion": 0.24564343163538874,
    "active": 0,
    "assertive": 0.019675109355157327,
    "cheerful": 0.5722890503739241,
    "openness": 0.24800691406801187,
    "adventurous": 0.585244108931847,
    "artistic": 0.5296405390150981,
    "emotionally_aware": 0.5594839142091153,
    "imaginative": 0.6486171863976294,
    "intellectual": 0.647170876252293,
    "conscientiousness": 0.50031748271483,
    "cautious": 0.5957651333427403,
    "disciplined": 0.017170523493720936,
    "dutiful": 0.018458092281642448,
    "neuroticism": 0.566450896006773,
    "melancholy": 0.5806229716382107,
    "self_conscious": 0.6619250035275857,
    "authority_challenging": 0.1237212501763793,
    "achievement_striving": 0.13603252434034147,
    "orderliness": 0.10218533935374632,
    "self_efficacy": 0.5836831522505997,
    "stress_prone": 0.603305347819952,
    "agreeableness": 0.2670029631720051,
    "cooperative": 0.5864258501481586,
    "trusting": 0.09262558205164387,
    "excitement_seeking": 0.6154226047692959,
    "outgoing": 0.6313761111895019,
    "gregariousness": 0.603675744320587,
    "altruism": 0.6422146183152251,
    "modesty": 0.1481938761111895,
    "uncompromising": 0.15254162551149994,
    "sympathy": 0.5851118244673346,
    "fiery": 0.632266826583886,
    "prone_to_worry": 0.6755767602652745,
    "immoderation": 1
}