{
    "id": "1",
    "extraversion": 0.26051161423110847,
    "active": 0.1185680682152308,
    "assertive": 0.0615995295501323,
    "cheerful": 0.05985004410467513,
    "openness": 0.7280799764775066,
    "adventurous": 0.18734195824757427,
    "artistic": 0.21384886798000588,
    "emotionally_aware": 0.8823728315201411,
    "imaginative": 0.910085269038518,
    "intellectual": 0.8985151426051161,
    "conscientiousness": 0.6709644222287563,
    "cautious": 0.26683328432813874,
    "disciplined": 0.03995883563657745,
    "dutiful": 0.09285504263451924,
    "neuroticism": 0.7126139370773302,
    "melancholy": 0.9654954425169068,
    "self_conscious": 1,
    "authority_challenging": 0.0774478094678036,
    "achievement_striving": 0.8369156130549837,
    "orderliness": 0.1537488973831226,
    "self_efficacy": 0.8512643340194059,
    "stress_prone": 0.8449720670391061,
    "agreeableness": 0.3328432813878271,
    "cooperative": 0.03118200529256102,
    "trusting": 0.05835048515142605,
    "excitement_seeking": 0,
    "outgoing": 0.06215818876800938,
    "gregariousness": 0.16242281681858275,
    "altruism": 0.1509556012937371,
    "modesty": 0.04701558365186711,
    "uncompromising": 0.12610996765657162,
    "sympathy": 0.856218759188474,
    "fiery": 0.8717583063804762,
    "prone_to_worry": 0.9912966774478094,
    "immoderation": 0.031240811526021744
}