{
    "id": "1",
    "extraversion": 0.685818827142031,
    "active": 0.7856971944726925,
    "assertive": 0.0015054535303383894,
    "cheerful": 0.7499950150545354,
    "openness": 0.3406312934936492,
    "adventurous": 0.05568184084066121,
    "artistic": 0.21268768319674583,
    "emotionally_aware": 0.7960957907120496,
    "imaginative": 0.17673625650535388,
    "intellectual": 0.9095830591613329,
    "conscientiousness": 0.3302127574724332,
    "cautious": 0.25497996051923194,
    "disciplined": 0.1544336104963012,
    "dutiful": 0.11532172838029156,
    "neuroticism": 0.7436142848597236,
    "melancholy": 0.9070407369743375,
    "self_conscious": 0.886263484277482,
    "authority_challenging": 0.8557456481426093,
    "achievement_striving": 0.27614603896233375,
    "orderliness": 0.11555103587166757,
    "self_efficacy": 0.16983709198221378,
    "stress_prone": 0.9111782417100357,
    "agreeableness": 0.09393631233674306,
    "cooperative": 0,
    "trusting": 0.018743394947259316,
    "excitement_seeking": 0.8422563857151403,
    "outgoing": 0.20886921497078823,
    "gregariousness": 0.7305836374150068,
    "altruism": 0.27152997946202473,
    "modesty": 0.1806643935315348,
    "uncompromising": 0.2885984327331459,
    "sympathy": 0.24454148471615725,
    "fiery": 1,
    "prone_to_worry": 0.9465613846184523,
    "immoderation": 0.8432832844808679
}