{
    "id": "1",
    "extraversion": 0.4075784720855814,
    "active": 0.9088988535981691,
    "assertive": 0,
    "cheerful": 0.8086534179758292,
    "openness": 0.6657622484802668,
    "adventurous": 0.8377328790530535,
    "artistic": 0.2543727928916873,
    "emotionally_aware": 0.3364021416070338,
    "imaginative": 0.9175460580139391,
    "intellectual": 0.8742789681347929,
    "conscientiousness": 0.37872684154386255,
    "cautious": 0.7582510899619938,
    "disciplined": 0.2193179582241645,
    "dutiful": 0.20626948209976903,
    "neuroticism": 0.6560794507212908,
    "melancholy": 0.2507689280573304,
    "self_conscious": 0.9084535484605905,
    "authority_challenging": 0.8786802398434184,
    "achievement_striving": 0.8194753684123318,
    "orderliness": 0.8730569679898097,
    "self_efficacy": 0.7972308234002672,
    "stress_prone": 0.23236643434855997,
    "agreeableness": 0.6425338897921564,
    "cooperative": 0.809637231651875,
    "trusting": 1,
    "excitement_seeking": 0.8647100856435695,
    "outgoing": 0.8567153050340192,
    "gregariousness": 0.7998405186251463,
    "altruism": 0.8128061472820852,
    "modesty": 0.8279258100928928,
    "uncompromising": 0.8270248438843035,
    "sympathy": 0.8882698342015057,
    "fiery": 0.17268518997959884,
    "prone_to_worry": 0.7893603139919017,
    "immoderation": 0.10985574184729141
}