{
    "id": "1",
    "extraversion": 0.3041962257152131,
    "active": 0.6637919042982334,
    "assertive": 0.18304817545323876,
    "cheerful": 0.2359438030324107,
    "openness": 0.5507488292298419,
    "adventurous": 0.2316965734687254,
    "artistic": 0.6265776417675152,
    "emotionally_aware": 0.6155886307785043,
    "imaginative": 0.702684657115037,
    "intellectual": 0.751425789400473,
    "conscientiousness": 0.28694765150461354,
    "cautious": 0.6729633235962351,
    "disciplined": 0.15822321138776835,
    "dutiful": 0.092706449668475,
    "neuroticism": 0.6854082626234524,
    "melancholy": 0.2151805999907266,
    "self_conscious": 0.6991978485649373,
    "authority_challenging": 0.7532804747994623,
    "achievement_striving": 0.08000185468539901,
    "orderliness": 0.07836973153428853,
    "self_efficacy": 0.6563638892752818,
    "stress_prone": 0.7564890805397135,
    "agreeableness": 0.28340520239254424,
    "cooperative": 0.17745629897528636,
    "trusting": 0,
    "excitement_seeking": 0.6711642787592155,
    "outgoing": 0.7522974915379979,
    "gregariousness": 0.6402281263040758,
    "altruism": 0.723457133583716,
    "modesty": 0.15947512403208608,
    "uncompromising": 0.19362915565447217,
    "sympathy": 0.6506236379654101,
    "fiery": 0.7812676774702092,
    "prone_to_worry": 0.7892799183938426,
    "immoderation": 1
}