{
    "id": "1",
    "extraversion": 0.1817255050028318,
    "active": 0.8056541438550123,
    "assertive": 0.7516896356428168,
    "cheerful": 0.06842552388144234,
    "openness": 0.51925618274495,
    "adventurous": 0.057400415329431735,
    "artistic": 0.6466868038512367,
    "emotionally_aware": 0.737946007173872,
    "imaginative": 0.8216254483670004,
    "intellectual": 0.7336983198036625,
    "conscientiousness": 0.2239003209363791,
    "cautious": 0.5757787426845384,
    "disciplined": 0.9099679063620919,
    "dutiful": 0.046875589956579186,
    "neuroticism": 0.5616858599207099,
    "melancholy": 0.7737964885784407,
    "self_conscious": 1,
    "authority_challenging": 0.6529261846328112,
    "achievement_striving": 0.10439871625448366,
    "orderliness": 0.10235038701151593,
    "self_efficacy": 0.12057768548234853,
    "stress_prone": 0.6638380215216161,
    "agreeableness": 0.20143477440060414,
    "cooperative": 0.09839531810458751,
    "trusting": 0.0484897111572588,
    "excitement_seeking": 0,
    "outgoing": 0.09806494242023786,
    "gregariousness": 0.062223900320936366,
    "altruism": 0.07625070794789506,
    "modesty": 0.024532754389276965,
    "uncompromising": 0.6115537096469701,
    "sympathy": 0.6219086275250142,
    "fiery": 0.10961865206720788,
    "prone_to_worry": 0.670388899377006,
    "immoderation": 0.6613554842363601
}