{
    "id": "1",
    "extraversion": 0.42397631879650544,
    "active": 0.34658952880523297,
    "assertive": 0.19508201146271023,
    "cheerful": 0.28889808624924646,
    "openness": 0.40859973187695137,
    "adventurous": 0.32742502901667225,
    "artistic": 0.3004327757933473,
    "emotionally_aware": 0.7012947284129456,
    "imaginative": 0.26407421070152864,
    "intellectual": 0.8602611050628471,
    "conscientiousness": 0.3999082263390408,
    "cautious": 0.7469566234490702,
    "disciplined": 0.24031203044726165,
    "dutiful": 0.09935848411505901,
    "neuroticism": 0.8585066086033308,
    "melancholy": 0.86499374679467,
    "self_conscious": 0.7865272666744645,
    "authority_challenging": 0.3114366176907228,
    "achievement_striving": 0.29118343035548805,
    "orderliness": 0.2574611086618141,
    "self_efficacy": 0.3274160315989311,
    "stress_prone": 0.8233447000710796,
    "agreeableness": 0.32809083792951427,
    "cooperative": 0,
    "trusting": 0.24690713765149402,
    "excitement_seeking": 0.2527284669299911,
    "outgoing": 0.07807959115733783,
    "gregariousness": 0.7804540096992164,
    "altruism": 0.3043286576752472,
    "modesty": 0.292847952637593,
    "uncompromising": 0.7702149483098352,
    "sympathy": 0.3132900857453911,
    "fiery": 1,
    "prone_to_worry": 0.8719037636198412,
    "immoderation": 0.94706819142906
}