{
    "id": "1",
    "extraversion": 0.2804086719236802,
    "active": 1,
    "assertive": 0.11547882512193547,
    "cheerful": 0.6643282267248233,
    "openness": 0.2951591070239144,
    "adventurous": 0.1303474355944221,
    "artistic": 0,
    "emotionally_aware": 0.6947744999033111,
    "imaginative": 0.8467695150512451,
    "intellectual": 0.8152274338755077,
    "conscientiousness": 0.6345158032702348,
    "cautious": 0.7357168947809458,
    "disciplined": 0.9457789905674566,
    "dutiful": 0.11092370168238759,
    "neuroticism": 0.6388453191809372,
    "melancholy": 0.05119142261661758,
    "self_conscious": 0.7870694656324532,
    "authority_challenging": 0.8064717131131691,
    "achievement_striving": 0.7446767366408114,
    "orderliness": 0.8201907995101093,
    "self_efficacy": 0.7818697492533465,
    "stress_prone": 0.7606733847575257,
    "agreeableness": 0.2857265636750392,
    "cooperative": 0.19813712640467543,
    "trusting": 0.08255086912614686,
    "excitement_seeking": 0.10026643174835088,
    "outgoing": 0.6909176854816184,
    "gregariousness": 0.05544573601770481,
    "altruism": 0.19864205754066305,
    "modesty": 0.7625964203605423,
    "uncompromising": 0.15651790894050405,
    "sympathy": 0.7024558990997185,
    "fiery": 0.7730603124127113,
    "prone_to_worry": 0.7567413678262178,
    "immoderation": 0.8308050965815089
}