{
    "id": "1",
    "extraversion": 0.6144336744735288,
    "active": 0.8932173784688054,
    "assertive": 0.7665075772485731,
    "cheerful": 0.1083202125565833,
    "openness": 0.6453577051761464,
    "adventurous": 0.13169159614249162,
    "artistic": 0.15345158433379255,
    "emotionally_aware": 0.8387620547136391,
    "imaginative": 1,
    "intellectual": 0.8084284589647706,
    "conscientiousness": 0.21004723479629994,
    "cautious": 0.12623007282031096,
    "disciplined": 0.9760750836449517,
    "dutiful": 0,
    "neuroticism": 0.6663673489470577,
    "melancholy": 0.8576805746900216,
    "self_conscious": 0.9392221019484353,
    "authority_challenging": 0.05472593977563468,
    "achievement_striving": 0.867373548514072,
    "orderliness": 0.018008266089352472,
    "self_efficacy": 0.13798956898248377,
    "stress_prone": 0.9096511513481598,
    "agreeableness": 0.22424227514268844,
    "cooperative": 0.7538378271993702,
    "trusting": 0.06983123400905332,
    "excitement_seeking": 0.6960613068293643,
    "outgoing": 0.7504797283999212,
    "gregariousness": 0.12480318834875023,
    "altruism": 0.08242717968903761,
    "modesty": 0.04643524896673884,
    "uncompromising": 0.7155456603030899,
    "sympathy": 0.1159343633143082,
    "fiery": 0.11242865577642194,
    "prone_to_worry": 0.7961523322180674,
    "immoderation": 0.9131937610706553
}