{
    "id": "1",
    "extraversion": 0.6998146498315463,
    "active": 0.05599418348642644,
    "assertive": 0.15323645970937913,
    "cheerful": 0.29155274287528293,
    "openness": 0.3839308572189282,
    "adventurous": 0.1720377254155018,
    "artistic": 0.1411221365447042,
    "emotionally_aware": 0.7440222010588512,
    "imaginative": 0.8512590499011807,
    "intellectual": 1,
    "conscientiousness": 0.6539993650988705,
    "cautious": 0.7170389030546936,
    "disciplined": 0.0902583637983472,
    "dutiful": 0.8710433883239634,
    "neuroticism": 0.7823722773493902,
    "melancholy": 0.7391375584979467,
    "self_conscious": 0.7667250366092183,
    "authority_challenging": 0.7873286022958844,
    "achievement_striving": 0.19920534955403313,
    "orderliness": 0.20729521878488116,
    "self_efficacy": 0.8062937134547837,
    "stress_prone": 0.7917729102024516,
    "agreeableness": 0.3229905891268061,
    "cooperative": 0.24722230755839553,
    "trusting": 0.1904191371488843,
    "excitement_seeking": 0.2277963810635618,
    "outgoing": 0,
    "gregariousness": 0.18468454630170092,
    "altruism": 0.132008233234002,
    "modesty": 0.7940053044965336,
    "uncompromising": 0.18403940483139278,
    "sympathy": 0.19575435470492458,
    "fiery": 0.7943227550612884,
    "prone_to_worry": 0.9291470820148895,
    "immoderation": 0.9075809242931604
}