{
    "id": "1",
    "extraversion": 0.2875870110596799,
    "active": 0.9387065239155271,
    "assertive": 0.8952569402730175,
    "cheerful": 0.7220239567506449,
    "openness": 0.680871111739279,
    "adventurous": 0.1995924761198073,
    "artistic": 0.7830700917517638,
    "emotionally_aware": 0.914608435508757,
    "imaginative": 1,
    "intellectual": 0.8626079172702967,
    "conscientiousness": 0.6384580050174905,
    "cautious": 0.7186436286114742,
    "disciplined": 0.9643475495565528,
    "dutiful": 0.04670035216659007,
    "neuroticism": 0.746652061764602,
    "melancholy": 0.8088760114483589,
    "self_conscious": 0.8535034097735062,
    "authority_challenging": 0.897977692189911,
    "achievement_striving": 0.8793682202042331,
    "orderliness": 0.15823940261239294,
    "self_efficacy": 0.8405121138240109,
    "stress_prone": 0.9759136897400563,
    "agreeableness": 0.2864327526706948,
    "cooperative": 0.1085709574455555,
    "trusting": 0.051682508274148116,
    "excitement_seeking": 0.8233749101916304,
    "outgoing": 0.8638681789807191,
    "gregariousness": 0.24251204315512995,
    "altruism": 0.7851194892995537,
    "modesty": 0,
    "uncompromising": 0.8097947069008163,
    "sympathy": 0.15406993863585502,
    "fiery": 0.8234220227789358,
    "prone_to_worry": 0.8460478428324087,
    "immoderation": 0.8452469288482152
}