{
    "id": "1",
    "extraversion": 0.6427045427867121,
    "active": 0.8471768986970303,
    "assertive": 0.04852682239699494,
    "cheerful": 0.14221152717455102,
    "openness": 0.2724028641859373,
    "adventurous": 0.11979105528817934,
    "artistic": 0.12826622843056698,
    "emotionally_aware": 0.7184880854560394,
    "imaginative": 0.8498180537621786,
    "intellectual": 0.7121493132996831,
    "conscientiousness": 0.20102124662519075,
    "cautious": 0.647329498767461,
    "disciplined": 0.9246859960089212,
    "dutiful": 0.7496419767578354,
    "neuroticism": 0.6918417654654302,
    "melancholy": 0.7971592909965959,
    "self_conscious": 0.8553233947646438,
    "authority_challenging": 0.8867707477403451,
    "achievement_striving": 0.775220096255429,
    "orderliness": 0.1250381500176077,
    "self_efficacy": 0.7562155182533161,
    "stress_prone": 1,
    "agreeableness": 0.19323864303321986,
    "cooperative": 0.0014086160347458374,
    "trusting": 0,
    "excitement_seeking": 0.12479164221152719,
    "outgoing": 0.7347576006573541,
    "gregariousness": 0.0970653832609461,
    "altruism": 0.7402159877919944,
    "modesty": 0.03285596901044725,
    "uncompromising": 0.7212583636577063,
    "sympathy": 0.7450522361779551,
    "fiery": 0.8446061744336189,
    "prone_to_worry": 0.8449113745744805,
    "immoderation": 0.08241577649958914
}