{
    "id": "1",
    "extraversion": 0.3835932832160661,
    "active": 0.9894771574056735,
    "assertive": 1,
    "cheerful": 0.25420690762192677,
    "openness": 0.6323871692661654,
    "adventurous": 0.27804382139704115,
    "artistic": 0.7626296405289958,
    "emotionally_aware": 0.7949561696852957,
    "imaginative": 0.7863238716926617,
    "intellectual": 0.7953931351828567,
    "conscientiousness": 0.6303717773794555,
    "cautious": 0.7075273995202297,
    "disciplined": 0,
    "dutiful": 0.22966549845278542,
    "neuroticism": 0.6381212267137519,
    "melancholy": 0.27019627776737387,
    "self_conscious": 0.8203001685438348,
    "authority_challenging": 0.7958033476907711,
    "achievement_striving": 0.7661967058152082,
    "orderliness": 0.21065304047727337,
    "self_efficacy": 0.27637621837573684,
    "stress_prone": 0.7867430018637916,
    "agreeableness": 0.6251192737455077,
    "cooperative": 0.8562472689656402,
    "trusting": 0.2065776683877757,
    "excitement_seeking": 0.2744945914372598,
    "outgoing": 0.7301604287612474,
    "gregariousness": 0.7285552493824519,
    "altruism": 0.2355779091646825,
    "modesty": 0.1733237022570606,
    "uncompromising": 0.24388025361834187,
    "sympathy": 0.28180707527399523,
    "fiery": 0.9024675174117375,
    "prone_to_worry": 0.8050152937924147,
    "immoderation": 0.8402400634937621
}