{
    "id": "1",
    "extraversion": 0.595335838203915,
    "active": 0.7385425364133964,
    "assertive": 0.7597411633732258,
    "cheerful": 0.6724533815752853,
    "openness": 0.25410520456443086,
    "adventurous": 0.12393311067817055,
    "artistic": 0.13416133222005755,
    "emotionally_aware": 0.7784581129974952,
    "imaginative": 0.9153214583913165,
    "intellectual": 0.7394238797662122,
    "conscientiousness": 0.558690509323685,
    "cautious": 0.6791678263289731,
    "disciplined": 0.8437471008442342,
    "dutiful": 0.04737220521384173,
    "neuroticism": 0.7033235921699601,
    "melancholy": 0.7361304388162168,
    "self_conscious": 0.7096553483625568,
    "authority_challenging": 0.8534998608405233,
    "achievement_striving": 0.8491395305686984,
    "orderliness": 0.06983486408757769,
    "self_efficacy": 0.7242439001762687,
    "stress_prone": 1,
    "agreeableness": 0.16063642267371742,
    "cooperative": 0.08328694684107987,
    "trusting": 0.874652101308099,
    "excitement_seeking": 0.7314454030986178,
    "outgoing": 0.8831640226366083,
    "gregariousness": 0.14326468132479825,
    "altruism": 0.1394493923369515,
    "modesty": 0.03226180536227852,
    "uncompromising": 0,
    "sympathy": 0.014774097782725704,
    "fiery": 0.7175178587995176,
    "prone_to_worry": 0.8441645792745153,
    "immoderation": 0.7628838482233974
}