{
    "id": "1",
    "extraversion": 0.7425792427573163,
    "active": 0.13861495572721574,
    "assertive": 0,
    "cheerful": 0.8356441966423912,
    "openness": 0.3952251710120721,
    "adventurous": 0.9137878099401918,
    "artistic": 0.8443513822196568,
    "emotionally_aware": 0.9147334422243235,
    "imaginative": 0.9446252471538924,
    "intellectual": 0.9277021135495598,
    "conscientiousness": 0.38333722229727235,
    "cautious": 0.31525169783978285,
    "disciplined": 0.036928782836159975,
    "dutiful": 0.0426517002959706,
    "neuroticism": 0.8053962444889287,
    "melancholy": 1,
    "self_conscious": 0.9514166062853844,
    "authority_challenging": 0.9797118891768085,
    "achievement_striving": 0.19439497955223695,
    "orderliness": 0.2085426209979491,
    "self_efficacy": 0.27823694843233815,
    "stress_prone": 0.8604271310498974,
    "agreeableness": 0.7013644122956758,
    "cooperative": 0.17400862121900595,
    "trusting": 0.18234737863362274,
    "excitement_seeking": 0.8063418767730605,
    "outgoing": 0.8589656993380573,
    "gregariousness": 0.8365898289265231,
    "altruism": 0.8990261215567317,
    "modesty": 0.8535129625308558,
    "uncompromising": 0.8866714971692434,
    "sympathy": 0.9393321625505052,
    "fiery": 0.8527761062055582,
    "prone_to_worry": 0.9749468849398848,
    "immoderation": 0.9341741682734227
}