{
    "id": "1",
    "extraversion": 0.2989936943508979,
    "active": 0.910531733104158,
    "assertive": 0.11149306978185052,
    "cheerful": 0.05145449639748577,
    "openness": 0.2737511117329043,
    "adventurous": 0.1706122775285053,
    "artistic": 0.7031048576482227,
    "emotionally_aware": 0.9204348999190558,
    "imaginative": 0.8727777833295026,
    "intellectual": 0.7866771927370114,
    "conscientiousness": 0.7076317341034685,
    "cautious": 0.6780021784968372,
    "disciplined": 0.12116639518732077,
    "dutiful": 0.8275190118818014,
    "neuroticism": 0.6344022624389172,
    "melancholy": 0.7991885598936733,
    "self_conscious": 1,
    "authority_challenging": 0.13617603853341192,
    "achievement_striving": 0.8079724989757067,
    "orderliness": 0.14847755049016176,
    "self_efficacy": 0.7382705932906294,
    "stress_prone": 0.832445612527356,
    "agreeableness": 0.3123644685167234,
    "cooperative": 0.7570776164446532,
    "trusting": 0,
    "excitement_seeking": 0.14117259091227052,
    "outgoing": 0.7254194605722051,
    "gregariousness": 0.14188210135006843,
    "altruism": 0.8229721492170401,
    "modesty": 0.18689104517882663,
    "uncompromising": 0.7025852162008214,
    "sympathy": 0.18860985919715398,
    "fiery": 0.14906714367086712,
    "prone_to_worry": 0.7145569557005665,
    "immoderation": 0.05108475152145019
}