{
    "id": "1",
    "extraversion": 0.6466372160115398,
    "active": 0.9137306166606562,
    "assertive": 0.8431391994230075,
    "cheerful": 1,
    "openness": 0.6169761990623873,
    "adventurous": 0.23846015146051205,
    "artistic": 0.7388388027407141,
    "emotionally_aware": 0.6705463397042913,
    "imaginative": 0.8217814641182833,
    "intellectual": 0.7535070320952038,
    "conscientiousness": 0.34483411467724484,
    "cautious": 0.2931301839163361,
    "disciplined": 0.757347637937252,
    "dutiful": 0.19434727731698515,
    "neuroticism": 0.6197439596105301,
    "melancholy": 0.17463036422646946,
    "self_conscious": 0.7434186801298234,
    "authority_challenging": 0.7135683375405698,
    "achievement_striving": 0.18036422646952754,
    "orderliness": 0.1634691669671835,
    "self_efficacy": 0.68276235124414,
    "stress_prone": 0.6826902271907681,
    "agreeableness": 0.3413901911287414,
    "cooperative": 0.7101063829787234,
    "trusting": 0,
    "excitement_seeking": 0.29475297511720155,
    "outgoing": 0.7169671835557159,
    "gregariousness": 0.805787955283087,
    "altruism": 0.7164713306887848,
    "modesty": 0.7190768121168408,
    "uncompromising": 0.2207627118644067,
    "sympathy": 0.7111972592859718,
    "fiery": 0.8230706815723043,
    "prone_to_worry": 0.19092138478182472,
    "immoderation": 0.9403173458348358
}