{
    "id": "1",
    "extraversion": 0.2859986550100874,
    "active": 0.6178524994395875,
    "assertive": 0.0661017709033849,
    "cheerful": 0.11843981170141227,
    "openness": 0.27866397668684156,
    "adventurous": 0.1742837928715535,
    "artistic": 0.1513651647612643,
    "emotionally_aware": 0.2613943062093701,
    "imaginative": 0.7067832324590899,
    "intellectual": 0.7995606366285586,
    "conscientiousness": 0.2732750504371217,
    "cautious": 0.2275274602107151,
    "disciplined": 0.08945079578569828,
    "dutiful": 0.7430620937009639,
    "neuroticism": 0.5938578793992378,
    "melancholy": 0.6248016139878951,
    "self_conscious": 0.6476305761040125,
    "authority_challenging": 0.7417978031831428,
    "achievement_striving": 0.6291235149069715,
    "orderliness": 0.16385563774938355,
    "self_efficacy": 0.661761936785474,
    "stress_prone": 0.636960322797579,
    "agreeableness": 0.24194575207352612,
    "cooperative": 0.6342255099753418,
    "trusting": 1,
    "excitement_seeking": 0.1344003586639767,
    "outgoing": 0.09076888590002245,
    "gregariousness": 0.6133333333333334,
    "altruism": 0.1502891728312038,
    "modesty": 0.11100650078457747,
    "uncompromising": 0,
    "sympathy": 0.6688634835238735,
    "fiery": 0.16616005379959653,
    "prone_to_worry": 0.7048195471867295,
    "immoderation": 0.8644698498094597
}