{
    "id": "1",
    "extraversion": 0.3803248395253842,
    "active": 0.8679488426376192,
    "assertive": 0.22861554172340012,
    "cheerful": 0.22645156584322115,
    "openness": 0.7096868313557675,
    "adventurous": 0.289778253258121,
    "artistic": 0.23916796343123908,
    "emotionally_aware": 0.784745185761525,
    "imaginative": 0.9414267652207743,
    "intellectual": 0.8801911106788564,
    "conscientiousness": 0.4062074499124684,
    "cautious": 0.7730864617778642,
    "disciplined": 0.1722913829994165,
    "dutiful": 0.12949815211048435,
    "neuroticism": 0.7371741879011865,
    "melancholy": 0.8602290410425987,
    "self_conscious": 0.8240979381443299,
    "authority_challenging": 0.9803418595603968,
    "achievement_striving": 0.25035255786811905,
    "orderliness": 0.25068080140050575,
    "self_efficacy": 0.9230937560785839,
    "stress_prone": 0.8778083057770861,
    "agreeableness": 0.3989617778642287,
    "cooperative": 0.21757683330091426,
    "trusting": 0.9562706671853726,
    "excitement_seeking": 0.23718634506905273,
    "outgoing": 1,
    "gregariousness": 0.8448502236918888,
    "altruism": 0.2842467418790119,
    "modesty": 0,
    "uncompromising": 0.870173604357129,
    "sympathy": 0.9209540945341373,
    "fiery": 0.8944879400894769,
    "prone_to_worry": 0.9446119432017117,
    "immoderation": 0.13487162030733318
}