{
    "id": "1",
    "extraversion": 0.3889797781878365,
    "active": 0.8738371982422434,
    "assertive": 0.18036030209066525,
    "cheerful": 0.30009321437403697,
    "openness": 0.3905206688606921,
    "adventurous": 0.31545456274849243,
    "artistic": 0.13622614948541864,
    "emotionally_aware": 0.9945022542659845,
    "imaginative": 0.11565240550155038,
    "intellectual": 0.9235927483021669,
    "conscientiousness": 0.7251697833241387,
    "cautious": 0.839319344836114,
    "disciplined": 0.3170525234462686,
    "dutiful": 0.12725664390206787,
    "neuroticism": 0.8651815777959556,
    "melancholy": 0.9174767439648449,
    "self_conscious": 0.9355964768771283,
    "authority_challenging": 0.9646451195617023,
    "achievement_striving": 0.8733616147012385,
    "orderliness": 0.26739209009454606,
    "self_efficacy": 0.27444023817223734,
    "stress_prone": 0.8336313656856964,
    "agreeableness": 0.46311374055966675,
    "cooperative": 0.25596857343961044,
    "trusting": 0.14723115262427003,
    "excitement_seeking": 0.2725569273498583,
    "outgoing": 0,
    "gregariousness": 0.18018909201590352,
    "altruism": 0.31468411741206465,
    "modesty": 0.3115262426997927,
    "uncompromising": 0.940799360815721,
    "sympathy": 0.006249167728803209,
    "fiery": 1,
    "prone_to_worry": 0.9176003956855061,
    "immoderation": 0.9185325394258755
}