{
    "id": "1",
    "extraversion": 0.6132354400238118,
    "active": 0.7975791249131858,
    "assertive": 0.772507193173926,
    "cheerful": 0.717640638952277,
    "openness": 0.6212719515824983,
    "adventurous": 0.23394185931143965,
    "artistic": 0.2561265998610973,
    "emotionally_aware": 0.7146443099513841,
    "imaginative": 0.8655223732513146,
    "intellectual": 0.8395872606409366,
    "conscientiousness": 0.2753150114098621,
    "cautious": 0.25322948705228693,
    "disciplined": 0,
    "dutiful": 0.16487746800277805,
    "neuroticism": 0.678896715944042,
    "melancholy": 0.8207064192876278,
    "self_conscious": 0.8783708701260046,
    "authority_challenging": 0.8341402916956047,
    "achievement_striving": 0.750471276912392,
    "orderliness": 0.19070344280186524,
    "self_efficacy": 0.18796507590038694,
    "stress_prone": 0.8106359757912491,
    "agreeableness": 0.1899791645996627,
    "cooperative": 0.04942950689552538,
    "trusting": 0.17064192876277412,
    "excitement_seeking": 0.7615537255680128,
    "outgoing": 0.25727750768925495,
    "gregariousness": 0.7031848397658498,
    "altruism": 0.2810397856930251,
    "modesty": 0.17847008631808714,
    "uncompromising": 0.2398948308363925,
    "sympathy": 0.23939874987597975,
    "fiery": 1,
    "prone_to_worry": 0.8478817342990376,
    "immoderation": 0.9724774283163012
}