{
    "id": "1",
    "extraversion": 0.7870719024565178,
    "active": 0.9948785189169805,
    "assertive": 0.2549870001793078,
    "cheerful": 0.8504460283306436,
    "openness": 0.7398466917697687,
    "adventurous": 0.24358974358974358,
    "artistic": 0.255323202438587,
    "emotionally_aware": 0.8616191500806885,
    "imaginative": 0.21029451317912853,
    "intellectual": 0.8730612336381567,
    "conscientiousness": 0.3874955173032096,
    "cautious": 0.33671776941007703,
    "disciplined": 0,
    "dutiful": 0.04555540613232917,
    "neuroticism": 0.7604670970055585,
    "melancholy": 0.8954298906221984,
    "self_conscious": 0.9680159584005738,
    "authority_challenging": 0.26099381387842924,
    "achievement_striving": 0.8683095750403442,
    "orderliness": 0.22603998565537026,
    "self_efficacy": 0.2700264479110633,
    "stress_prone": 0.9028039268423884,
    "agreeableness": 0.41970369374215527,
    "cooperative": 0.1985610543302851,
    "trusting": 0.17843374574143803,
    "excitement_seeking": 0.3060785368477676,
    "outgoing": 0.893491124260355,
    "gregariousness": 0.8103146853146853,
    "altruism": 0.28801326878249955,
    "modesty": 0.05876815492200106,
    "uncompromising": 0.249170701093778,
    "sympathy": 0.23296575219652138,
    "fiery": 1,
    "prone_to_worry": 0.9134279182356105,
    "immoderation": 0.9776425497579343
}