{
    "id": "1",
    "extraversion": 0.40656600344466864,
    "active": 0.19294371242299685,
    "assertive": 0.07955494035228602,
    "cheerful": 0.32741258889041513,
    "openness": 0.431988926341149,
    "adventurous": 0.1973182303278775,
    "artistic": 0.3010598167774384,
    "emotionally_aware": 0.7742579697587676,
    "imaginative": 1,
    "intellectual": 0.9401303902196768,
    "conscientiousness": 0.3757330487431186,
    "cautious": 0.3449317934466763,
    "disciplined": 0,
    "dutiful": 0.2119739219560646,
    "neuroticism": 0.7548579338327751,
    "melancholy": 0.979088959097201,
    "self_conscious": 0.951542176058496,
    "authority_challenging": 0.15345682012700892,
    "achievement_striving": 0.18438487304388254,
    "orderliness": 0.22894367015712336,
    "self_efficacy": 0.16782721710922557,
    "stress_prone": 0.8762032565855513,
    "agreeableness": 0.35520240070161346,
    "cooperative": 0.12458922854214433,
    "trusting": 0.2156721858853115,
    "excitement_seeking": 0.300277898118112,
    "outgoing": 0.05355086169549546,
    "gregariousness": 0.2903137184458838,
    "altruism": 0.1677215524255328,
    "modesty": 0.20867718382485018,
    "uncompromising": 0.2923847462462621,
    "sympathy": 0.2602626824036602,
    "fiery": 0.9193250140005705,
    "prone_to_worry": 0.9124990754340178,
    "immoderation": 0.9888312429336743
}