{
    "id": "1",
    "extraversion": 0.29254154181421954,
    "active": 0.7208063198038681,
    "assertive": 0.028613456823753748,
    "cheerful": 0.11248161263960771,
    "openness": 0.6080087169708527,
    "adventurous": 0.2121928629801144,
    "artistic": 0.1442331789703078,
    "emotionally_aware": 0.8102751293925361,
    "imaginative": 0.8549713974393899,
    "intellectual": 0.8584254971397438,
    "conscientiousness": 0.6317406701171342,
    "cautious": 0.23640424952329062,
    "disciplined": 0.10527921547262324,
    "dutiful": 0.06933260691909557,
    "neuroticism": 0.6597221465540725,
    "melancholy": 0.7736638518114953,
    "self_conscious": 1,
    "authority_challenging": 0.09857804412966494,
    "achievement_striving": 0.7198692454372105,
    "orderliness": 0.7479269953691091,
    "self_efficacy": 0.7336529555979296,
    "stress_prone": 0.8089566875510759,
    "agreeableness": 0.6080631980386815,
    "cooperative": 0.05870879869245435,
    "trusting": 0.022849359847452996,
    "excitement_seeking": 0.11398529011168616,
    "outgoing": 0.019711250340506668,
    "gregariousness": 0.10048488150367743,
    "altruism": 0.11701443748297465,
    "modesty": 0,
    "uncompromising": 0.7698065922092073,
    "sympathy": 0.7021193135385453,
    "fiery": 0.1623862707709071,
    "prone_to_worry": 0.7918823208934894,
    "immoderation": 0.014906020157995062
}