{
    "id": "1",
    "extraversion": 0.7388825105243015,
    "active": 0.9694221201683888,
    "assertive": 0.10593187906620742,
    "cheerful": 0.9801122592167368,
    "openness": 0.7088914402347237,
    "adventurous": 0.3322490113534889,
    "artistic": 0.21992601097078707,
    "emotionally_aware": 0.35665263426457455,
    "imaginative": 0.1630692690394183,
    "intellectual": 0.8818216609261385,
    "conscientiousness": 0.309414466130884,
    "cautious": 0.8572777139941318,
    "disciplined": 0.019811200408215317,
    "dutiful": 0.0786579920908279,
    "neuroticism": 0.8056767444827145,
    "melancholy": 0.9402092103584639,
    "self_conscious": 0.918331419823957,
    "authority_challenging": 0.16410256410256407,
    "achievement_striving": 0,
    "orderliness": 0.14476336267381038,
    "self_efficacy": 0.23957137389973204,
    "stress_prone": 0.8588850618701365,
    "agreeableness": 0.36625845133307816,
    "cooperative": 0.1932134200790917,
    "trusting": 0.11939022834545222,
    "excitement_seeking": 0.899043245311902,
    "outgoing": 0.873835948462814,
    "gregariousness": 0.8646638601862482,
    "altruism": 0.23658629927286637,
    "modesty": 0.12661053705829825,
    "uncompromising": 0.8842581961984948,
    "sympathy": 0.18705191988774075,
    "fiery": 0.963502997831356,
    "prone_to_worry": 1,
    "immoderation": 0.9436280137772675
}