{
    "id": "1",
    "extraversion": 0.3247324661663262,
    "active": 0.0923371027451298,
    "assertive": 0.17659255962616066,
    "cheerful": 0.11788683672850124,
    "openness": 0.3381243299010782,
    "adventurous": 0.17451904598142942,
    "artistic": 0.20891914308255619,
    "emotionally_aware": 0.7961584366718588,
    "imaginative": 0.8723322476887909,
    "intellectual": 0.8335019116784333,
    "conscientiousness": 0.6765015273198066,
    "cautious": 0.8167418526085812,
    "disciplined": 1,
    "dutiful": 0.9349220156575566,
    "neuroticism": 0.7929925353508789,
    "melancholy": 0.1736694111221249,
    "self_conscious": 0.7879048408957577,
    "authority_challenging": 0.19372686262213504,
    "achievement_striving": 0.7412457265389517,
    "orderliness": 0.7749479092913639,
    "self_efficacy": 0.8021261100884024,
    "stress_prone": 0.7808751239050836,
    "agreeableness": 0.6279914227338013,
    "cooperative": 0.7912123480266219,
    "trusting": 0.19255355734023832,
    "excitement_seeking": 0.11419497097080897,
    "outgoing": 0.8283636437197822,
    "gregariousness": 0.14117087775372728,
    "altruism": 0.22391924422956325,
    "modesty": 0.9072785386280419,
    "uncompromising": 0.26048388728177535,
    "sympathy": 0.7626888920356847,
    "fiery": 0.1929986041713026,
    "prone_to_worry": 0.8804644670564198,
    "immoderation": 0
}