{
    "id": "1",
    "extraversion": 0.2658343783905649,
    "active": 0.9423551127957277,
    "assertive": 0,
    "cheerful": 0.16581887866533276,
    "openness": 0.296594287646719,
    "adventurous": 0.9021262804886643,
    "artistic": 0.06342205751807127,
    "emotionally_aware": 0.6981498964336541,
    "imaginative": 0.9232199974636814,
    "intellectual": 0.8176527779734815,
    "conscientiousness": 0.2684411503614254,
    "cautious": 0.7815947808197946,
    "disciplined": 0.009623920303230993,
    "dutiful": 0.007608956023052341,
    "neuroticism": 0.30981132607194695,
    "melancholy": 0.8843438684496049,
    "self_conscious": 0.8824416294438419,
    "authority_challenging": 0.9113556623314406,
    "achievement_striving": 0.8219645197198777,
    "orderliness": 0.159985345714326,
    "self_efficacy": 0.12814045569192187,
    "stress_prone": 0.7838211049895026,
    "agreeableness": 0.6418858938409728,
    "cooperative": 0.06139300257859066,
    "trusting": 1,
    "excitement_seeking": 0.12997224140117516,
    "outgoing": 0.9163014837464246,
    "gregariousness": 0.8150319153433189,
    "altruism": 0.11216164804351197,
    "modesty": 0.03652298891065113,
    "uncompromising": 0.8537812284236781,
    "sympathy": 0.8914173794191832,
    "fiery": 0.8401837421972976,
    "prone_to_worry": 0.8827798052670887,
    "immoderation": 0.8713381899139061
}