{
    "id": "1",
    "extraversion": 0.40770852152965975,
    "active": 0.25759793996407393,
    "assertive": 0.1592582209346998,
    "cheerful": 0.7835612455741415,
    "openness": 0.4219854842226583,
    "adventurous": 0.2710546262550748,
    "artistic": 0.2545244992679812,
    "emotionally_aware": 0.7400035303035023,
    "imaginative": 0.8252499766376974,
    "intellectual": 0.8852443696850762,
    "conscientiousness": 0.40934907433365525,
    "cautious": 0.8207747977862921,
    "disciplined": 0.06292246830514281,
    "dutiful": 0.21547311258553198,
    "neuroticism": 0.7209502746368459,
    "melancholy": 0.7922935551194592,
    "self_conscious": 0.9044014578076816,
    "authority_challenging": 0.2158884424093283,
    "achievement_striving": 0.119594222762151,
    "orderliness": 0.8442409328307843,
    "self_efficacy": 0.7899365583694151,
    "stress_prone": 0.7868631176733223,
    "agreeableness": 0.41829943203646597,
    "cooperative": 0.22335399599206723,
    "trusting": 0.18151989949018268,
    "excitement_seeking": 0.32738373360745104,
    "outgoing": 0,
    "gregariousness": 0.3102721448670425,
    "altruism": 1,
    "modesty": 0.8396515382778348,
    "uncompromising": 0.2847708936859484,
    "sympathy": 0.9094269486756171,
    "fiery": 0.8067885659699509,
    "prone_to_worry": 0.8272850927742995,
    "immoderation": 0.8946515901940628
}