{
    "id": "1",
    "extraversion": 0.21920576828535532,
    "active": 0.04637570328289724,
    "assertive": 0.8863713333697493,
    "cheerful": 0.039613262686404124,
    "openness": 0.6529414977877315,
    "adventurous": 0.17157371497241491,
    "artistic": 0.1471786748238379,
    "emotionally_aware": 0.7814169443382314,
    "imaginative": 0.1189490358879117,
    "intellectual": 0.887136068170645,
    "conscientiousness": 0.5717157371497241,
    "cautious": 1,
    "disciplined": 0.004315289233626491,
    "dutiful": 0.8129567924837494,
    "neuroticism": 0.5729939367455072,
    "melancholy": 0.756344567651718,
    "self_conscious": 0.8985524662697328,
    "authority_challenging": 0.7701534931993227,
    "achievement_striving": 0.7974545255913038,
    "orderliness": 0.7255148303927459,
    "self_efficacy": 0.7182498497842356,
    "stress_prone": 0.7182170754356257,
    "agreeableness": 0.2725514830392746,
    "cooperative": 0.8562298574315835,
    "trusting": 0.004118643141967549,
    "excitement_seeking": 0.03613918173376304,
    "outgoing": 0.6899437373682198,
    "gregariousness": 0.15483694761566613,
    "altruism": 0.12325340033866825,
    "modesty": 0.04868083246845468,
    "uncompromising": 0.7465231878516414,
    "sympathy": 0.6889058829955754,
    "fiery": 0.10090129458677008,
    "prone_to_worry": 0.7379472332987381,
    "immoderation": 0
}