{
    "id": "1",
    "extraversion": 0.6454985282674156,
    "active": 1,
    "assertive": 0.9026288188923098,
    "cheerful": 0.17163446899211693,
    "openness": 0.6251311026152858,
    "adventurous": 0.737884990583167,
    "artistic": 0.772653968039156,
    "emotionally_aware": 0.7355392405634311,
    "imaginative": 0.8365418231439817,
    "intellectual": 0.7661918778405568,
    "conscientiousness": 0.3303673128756865,
    "cautious": 0.7277914989117074,
    "disciplined": 0.8985801445794003,
    "dutiful": 0.8386394649885532,
    "neuroticism": 0.7289079856999471,
    "melancholy": 0.8674087356632947,
    "self_conscious": 0.8074680560724476,
    "authority_challenging": 0.8757316371756269,
    "achievement_striving": 0.9452132038659765,
    "orderliness": 0.1260163976948495,
    "self_efficacy": 0.8362824373244918,
    "stress_prone": 0.8604278738257153,
    "agreeableness": 0.3262509726968231,
    "cooperative": 0.8204486246912746,
    "trusting": 0.8813704593384534,
    "excitement_seeking": 0.7459259509873578,
    "outgoing": 0.9383000078943511,
    "gregariousness": 0.7744583911312605,
    "altruism": 0.9035874186599904,
    "modesty": 0.20113678654802586,
    "uncompromising": 0.08942044185810472,
    "sympathy": 0,
    "fiery": 0.783909057076158,
    "prone_to_worry": 0.8781112201283396,
    "immoderation": 0.8490148977681542
}