{
    "id": "1",
    "extraversion": 0.3212128415979599,
    "active": 0.7547086219379101,
    "assertive": 0.1694131376765396,
    "cheerful": 0.2545627438055823,
    "openness": 0.6297721059399415,
    "adventurous": 0.17341127908107584,
    "artistic": 0.24859794906151736,
    "emotionally_aware": 0.7012740023556617,
    "imaginative": 0.8852857590525486,
    "intellectual": 1,
    "conscientiousness": 0.32593497077034467,
    "cautious": 0.25423857017818746,
    "disciplined": 0.8388208724592893,
    "dutiful": 0.07852565834260831,
    "neuroticism": 0.6626541175453573,
    "melancholy": 0.8722539792312762,
    "self_conscious": 0.910798223528522,
    "authority_challenging": 0.7726138119576846,
    "achievement_striving": 0.2245010427585015,
    "orderliness": 0.17000745599343012,
    "self_efficacy": 0.7437299417568051,
    "stress_prone": 0.7710253611834499,
    "agreeableness": 0.263174956506705,
    "cooperative": 0.12091676301827259,
    "trusting": 0.09818138595031504,
    "excitement_seeking": 0.14900100493824495,
    "outgoing": 0,
    "gregariousness": 0.16627945927838952,
    "altruism": 0.1689160714478675,
    "modesty": 0.15048139783668138,
    "uncompromising": 0.7138519390985812,
    "sympathy": 0.7578855234863794,
    "fiery": 0.7860670174945702,
    "prone_to_worry": 0.7939876597905838,
    "immoderation": 0.7828576985833613
}