{
    "id": "1",
    "extraversion": 0.3092265001734304,
    "active": 0.21097814776274715,
    "assertive": 0.06906867845993755,
    "cheerful": 0.8012812174817898,
    "openness": 0.688323794658342,
    "adventurous": 0.16650407561567812,
    "artistic": 0.7392147936177592,
    "emotionally_aware": 0.7127991675338189,
    "imaginative": 0.9276903399236905,
    "intellectual": 0.9614659209157128,
    "conscientiousness": 0.6791211411723899,
    "cautious": 0.7882630939993062,
    "disciplined": 0.8517169614984391,
    "dutiful": 0.8310462192160943,
    "neuroticism": 0.6498330731876517,
    "melancholy": 0.11932015261879987,
    "self_conscious": 0.7498374089490114,
    "authority_challenging": 0.7430411030176899,
    "achievement_striving": 0.035141345820326055,
    "orderliness": 0.801292056885189,
    "self_efficacy": 0.7670287027402011,
    "stress_prone": 0.8612881546999653,
    "agreeableness": 0.3092481789802289,
    "cooperative": 0.7518101803676724,
    "trusting": 0,
    "excitement_seeking": 0.16105185570586192,
    "outgoing": 1,
    "gregariousness": 0.1802159209157128,
    "altruism": 0.8010644294138051,
    "modesty": 0.7768925598335067,
    "uncompromising": 0.8251712625737079,
    "sympathy": 0.7594736385709331,
    "fiery": 0.7345104925424903,
    "prone_to_worry": 0.7445152618799861,
    "immoderation": 0.014102063822407238
}