{
    "id": "1",
    "extraversion": 0.27888124162778877,
    "active": 0.8152916993856529,
    "assertive": 0.008441498452584396,
    "cheerful": 0.6987274238994872,
    "openness": 0.294401588987944,
    "adventurous": 0.21028684927710287,
    "artistic": 0.03571758510785719,
    "emotionally_aware": 0.7134047762021339,
    "imaginative": 1,
    "intellectual": 0.8005566076955055,
    "conscientiousness": 0.27943553974779434,
    "cautious": 0.700205552219502,
    "disciplined": 0,
    "dutiful": 0.09844565568848444,
    "neuroticism": 0.6490946464039908,
    "melancholy": 0.11387362002863877,
    "self_conscious": 0.8354889371333548,
    "authority_challenging": 0.062266155480622684,
    "achievement_striving": 0.7312346990623123,
    "orderliness": 0.7282899902997829,
    "self_efficacy": 0.7152293408471523,
    "stress_prone": 0.9893413090673934,
    "agreeableness": 0.2426901935424269,
    "cooperative": 9.23830200009521e-05,
    "trusting": 0.873215852926232,
    "excitement_seeking": 0.7466511155249664,
    "outgoing": 0.7731188507552311,
    "gregariousness": 0.15109242921151092,
    "altruism": 0.17180932144671807,
    "modesty": 0.007575407640075765,
    "uncompromising": 0.7262460159822625,
    "sympathy": 0.7900364912929003,
    "fiery": 0.8327751859208277,
    "prone_to_worry": 0.8025890341355258,
    "immoderation": 0.0949120051734491
}