{
    "id": "1",
    "extraversion": 0.4006744384212339,
    "active": 0.8702612542379027,
    "assertive": 0.23996047645811047,
    "cheerful": 0.8683575974037747,
    "openness": 0.7134724513661004,
    "adventurous": 0.8206030059647914,
    "artistic": 0.3030259078630092,
    "emotionally_aware": 0.8291241365556501,
    "imaginative": 0.2595772068821727,
    "intellectual": 0.827002918940479,
    "conscientiousness": 0.38697717424805556,
    "cautious": 0.3988161067498232,
    "disciplined": 0,
    "dutiful": 0.22883768152727668,
    "neuroticism": 0.752225465489421,
    "melancholy": 0.8594738655111771,
    "self_conscious": 0.9599869463531373,
    "authority_challenging": 0.3267672280943488,
    "achievement_striving": 0.818771869391011,
    "orderliness": 0.25117392171437897,
    "self_efficacy": 0.20394510216291672,
    "stress_prone": 0.8345450260166434,
    "agreeableness": 0.754999365447722,
    "cooperative": 0.17694037021592904,
    "trusting": 0.08446797324002386,
    "excitement_seeking": 0.8781478325507188,
    "outgoing": 0.3216908098700074,
    "gregariousness": 0.3065975306851351,
    "altruism": 0.8639973167503671,
    "modesty": 0.278088003335932,
    "uncompromising": 0.8464111536160415,
    "sympathy": 0.8369472596406622,
    "fiery": 0.8422593687111337,
    "prone_to_worry": 0.985242127019236,
    "immoderation": 1
}