{
    "id": "1",
    "extraversion": 0.521193092621664,
    "active": 0.9812035583464154,
    "assertive": 0.8909750566893424,
    "cheerful": 0.4333717076574219,
    "openness": 0.72300715157858,
    "adventurous": 0.3260143031571603,
    "artistic": 0.3805058433629862,
    "emotionally_aware": 0.8896284667713239,
    "imaginative": 0.8921053549624978,
    "intellectual": 0.8146520146520145,
    "conscientiousness": 0.5281493110064538,
    "cautious": 0.7649258677830106,
    "disciplined": 0,
    "dutiful": 1,
    "neuroticism": 0.7714634571777428,
    "melancholy": 0.8073539159253444,
    "self_conscious": 0.8690040118611547,
    "authority_challenging": 0.37437990580847724,
    "achievement_striving": 0.9228327228327227,
    "orderliness": 0.8125239839525553,
    "self_efficacy": 0.44040467469038896,
    "stress_prone": 0.9621350078492934,
    "agreeableness": 0.53282400139543,
    "cooperative": 0.9087319030176172,
    "trusting": 0.3581231466945752,
    "excitement_seeking": 0.3794313622885051,
    "outgoing": 0.4706645735217163,
    "gregariousness": 0.4585731728588871,
    "altruism": 0.4051840223268794,
    "modesty": 0.3592046049188906,
    "uncompromising": 0.4278806907378336,
    "sympathy": 0.40335600907029473,
    "fiery": 0.8858956916099772,
    "prone_to_worry": 0.8590266875981162,
    "immoderation": 0.9260212803069946
}