{
    "id": "1",
    "extraversion": 0.4070504222668283,
    "active": 1,
    "assertive": 0.27149953287021195,
    "cheerful": 0.2134089374416088,
    "openness": 0.4304254118604716,
    "adventurous": 0.28501392139269427,
    "artistic": 0.3214315446733329,
    "emotionally_aware": 0.8216859222807035,
    "imaginative": 0.8326750349191079,
    "intellectual": 0.8697031644574357,
    "conscientiousness": 0.6809457296937295,
    "cautious": 0.76958938829123,
    "disciplined": 0,
    "dutiful": 0.8858538300017575,
    "neuroticism": 0.7378615630810217,
    "melancholy": 0.30401361613956546,
    "self_conscious": 0.7962851619229098,
    "authority_challenging": 0.26769774390187506,
    "achievement_striving": 0.7984589342040757,
    "orderliness": 0.7921688697309147,
    "self_efficacy": 0.8261999685496777,
    "stress_prone": 0.8010767110362882,
    "agreeableness": 0.4544109077118041,
    "cooperative": 0.7918266162228164,
    "trusting": 0.8564292784001036,
    "excitement_seeking": 0.18921993950437993,
    "outgoing": 0.3425587612273026,
    "gregariousness": 0.3196277761847059,
    "altruism": 0.7973304226368321,
    "modesty": 0.2901107236349173,
    "uncompromising": 0.2761893309406422,
    "sympathy": 0.8056832582533971,
    "fiery": 0.8089762920069931,
    "prone_to_worry": 0.8478359403183884,
    "immoderation": 0.906250289065463
}