{
    "id": "1",
    "extraversion": 0.27856832639296936,
    "active": 0.9654344327210485,
    "assertive": 0,
    "cheerful": 0.8116521472549371,
    "openness": 0.7358148327925811,
    "adventurous": 0.2492399662774953,
    "artistic": 0.21880029634928339,
    "emotionally_aware": 0.8447359681169047,
    "imaginative": 0.9783997138696573,
    "intellectual": 0.9446644355312571,
    "conscientiousness": 0.30826712311268933,
    "cautious": 0.2661523133127251,
    "disciplined": 0.1277239864088087,
    "dutiful": 0.06793040901310579,
    "neuroticism": 0.7444498377743147,
    "melancholy": 0.07031908642669185,
    "self_conscious": 1,
    "authority_challenging": 0.10015839358250515,
    "achievement_striving": 0.18226758296502565,
    "orderliness": 0.8625041514447027,
    "self_efficacy": 0.8531027259024602,
    "stress_prone": 0.9028817413075135,
    "agreeableness": 0.40995835781621237,
    "cooperative": 0.90905142681961,
    "trusting": 0.07085558081904805,
    "excitement_seeking": 0.8900441969189893,
    "outgoing": 0.9232940755690672,
    "gregariousness": 0.04638121758679714,
    "altruism": 0.13878598983215384,
    "modesty": 0.9623687504790129,
    "uncompromising": 0.20223283856628263,
    "sympathy": 0.8768234422502107,
    "fiery": 0.18137342564443196,
    "prone_to_worry": 0.12900135400965687,
    "immoderation": 0.11747949825000638
}