{
    "id": "1",
    "extraversion": 0.6608470823146927,
    "active": 0.11897295429237015,
    "assertive": 0.05837930548977944,
    "cheerful": 0.7390530802411458,
    "openness": 0.5912168648482599,
    "adventurous": 0.10860521970637549,
    "artistic": 0.061963213741728224,
    "emotionally_aware": 0.6692820663791006,
    "imaginative": 0.8489894658696736,
    "intellectual": 0.879081495513715,
    "conscientiousness": 0.20405237625916778,
    "cautious": 0.12588477734969983,
    "disciplined": 0.9965824874883202,
    "dutiful": 0.008562980787691873,
    "neuroticism": 0.7912117449793284,
    "melancholy": 0.1332445889385232,
    "self_conscious": 0.8364457869878531,
    "authority_challenging": 0.0771052261062117,
    "achievement_striving": 0.14075799659528718,
    "orderliness": 0.023026610518770727,
    "self_efficacy": 0.7756601431003366,
    "stress_prone": 0.7852982963636131,
    "agreeableness": 0.21494489741062628,
    "cooperative": 0.1419099671048421,
    "trusting": 0,
    "excitement_seeking": 0.84735110781164,
    "outgoing": 0.09932545726829393,
    "gregariousness": 0.7441473498278444,
    "altruism": 0.09636873296043624,
    "modesty": 0.14198676513881245,
    "uncompromising": 0.10500851178209837,
    "sympathy": 0.7744441742291397,
    "fiery": 0.8793758879772678,
    "prone_to_worry": 1,
    "immoderation": 0.9559307281733587
}