{
    "id": "1",
    "extraversion": 0.3674475815177158,
    "active": 1,
    "assertive": 0.1896973907497466,
    "cheerful": 0.792398892976322,
    "openness": 0.6337368882612211,
    "adventurous": 0.30649294443242253,
    "artistic": 0.2638975889206519,
    "emotionally_aware": 0.8154732754006128,
    "imaginative": 0.9484527863512636,
    "intellectual": 0.7967723198523968,
    "conscientiousness": 0.34859856724713284,
    "cautious": 0.7549742036149106,
    "disciplined": 0.9430315592861291,
    "dutiful": 0.9394212042868695,
    "neuroticism": 0.7171964511463161,
    "melancholy": 0.10156828354384245,
    "self_conscious": 0.8022618817124699,
    "authority_challenging": 0.2025215539332369,
    "achievement_striving": 0.8452900242588521,
    "orderliness": 0.2240925708688769,
    "self_efficacy": 0.8909832238078427,
    "stress_prone": 0.8305638759495689,
    "agreeableness": 0.6171543113561041,
    "cooperative": 0.863170962267804,
    "trusting": 0.8917349065521679,
    "excitement_seeking": 0.22533398631026272,
    "outgoing": 0.8399485211211463,
    "gregariousness": 0.2853547145313941,
    "altruism": 0.8030932883842238,
    "modesty": 0.8352903659328269,
    "uncompromising": 0.7716137261824767,
    "sympathy": 0.8260879468810861,
    "fiery": 0.2167693586779495,
    "prone_to_worry": 0.8387868296071889,
    "immoderation": 0
}