{
    "id": "1",
    "extraversion": 0.2262462488395691,
    "active": 0.924361493123772,
    "assertive": 0.916427384010881,
    "cheerful": 0.19579438243485395,
    "openness": 0.719067769166001,
    "adventurous": 0.213454521902459,
    "artistic": 0.2343314838403247,
    "emotionally_aware": 1,
    "imaginative": 0.1776376864785509,
    "intellectual": 0.8084047583065266,
    "conscientiousness": 0.6827543772533949,
    "cautious": 0.7218635980914959,
    "disciplined": 0.9192879811740322,
    "dutiful": 0.08488957015479608,
    "neuroticism": 0.7332843973315486,
    "melancholy": 0.866070079233144,
    "self_conscious": 0.8456357002525962,
    "authority_challenging": 0.8927761825600725,
    "achievement_striving": 0.8332109933288716,
    "orderliness": 0.1741941751764934,
    "self_efficacy": 0.22731492476089724,
    "stress_prone": 0.8929273084479371,
    "agreeableness": 0.35442259116129454,
    "cooperative": 0.25416135926941424,
    "trusting": 0.12277898918370427,
    "excitement_seeking": 0.12584468576610028,
    "outgoing": 0.1482868801139921,
    "gregariousness": 0.2607029512726958,
    "altruism": 0.12337269802888665,
    "modesty": 0,
    "uncompromising": 0.2729117640708996,
    "sympathy": 0.11796455018458947,
    "fiery": 0.8900343271659578,
    "prone_to_worry": 0.8450204019948617,
    "immoderation": 0.883687039875645
}