{
    "id": "1",
    "extraversion": 0.17206325780226212,
    "active": 0.8728228094505018,
    "assertive": 0.8832300665402868,
    "cheerful": 0.08855074492041884,
    "openness": 0.5666865990661458,
    "adventurous": 0.10042112495069912,
    "artistic": 0.716650339062838,
    "emotionally_aware": 0.7365233654372193,
    "imaginative": 0.786740289316658,
    "intellectual": 0.6929859158513468,
    "conscientiousness": 0.6392447741065408,
    "cautious": 0.8842478911945445,
    "disciplined": 1,
    "dutiful": 0.7612565045356812,
    "neuroticism": 0.5630860443517093,
    "melancholy": 0.6869425819666918,
    "self_conscious": 0.7466507207470833,
    "authority_challenging": 0.8002646344101071,
    "achievement_striving": 0.7304291403198514,
    "orderliness": 0.7129098334584411,
    "self_efficacy": 0.04926271326607206,
    "stress_prone": 0.7325665720937926,
    "agreeableness": 0.23202585274621815,
    "cooperative": 0.796587742846601,
    "trusting": 0.04575121820888305,
    "excitement_seeking": 0.06933930457130497,
    "outgoing": 0.7719054949808521,
    "gregariousness": 0.14970928383312765,
    "altruism": 0.02521660580923422,
    "modesty": 0,
    "uncompromising": 0.055064313795340894,
    "sympathy": 0.679652412880571,
    "fiery": 0.8482168984338223,
    "prone_to_worry": 0.8104174353363275,
    "immoderation": 0.04099288795022834
}