{
    "id": "1",
    "extraversion": 0.29222818053322686,
    "active": 0.6969281729804384,
    "assertive": 0.1308250882057811,
    "cheerful": 0.6854155652183296,
    "openness": 0.5797196836460549,
    "adventurous": 0.21260020932014115,
    "artistic": 0.680171771992102,
    "emotionally_aware": 0.25224155975874235,
    "imaginative": 0.9914761385828811,
    "intellectual": 0.783245756951263,
    "conscientiousness": 0.5900130555345756,
    "cautious": 0.6927525598558497,
    "disciplined": 0.046320173498343754,
    "dutiful": 0.06491082314606014,
    "neuroticism": 0.6231805871753651,
    "melancholy": 0.8043072474401443,
    "self_conscious": 0.7138787885327089,
    "authority_challenging": 2.157939599272775e-05,
    "achievement_striving": 0.08576730937301066,
    "orderliness": 0.06969065935844454,
    "self_efficacy": 0.7208489334383532,
    "stress_prone": 0.8446175591545193,
    "agreeableness": 0.26508130037440253,
    "cooperative": 0.14361088033145952,
    "trusting": 0.7795341008405176,
    "excitement_seeking": 0.20047258877224028,
    "outgoing": 1,
    "gregariousness": 0.6759098412835426,
    "altruism": 0.6936265253935543,
    "modesty": 0,
    "uncompromising": 0.15338634671615545,
    "sympathy": 0.7046967555378126,
    "fiery": 0.7226723923997368,
    "prone_to_worry": 0.7359437209352511,
    "immoderation": 0.08686785856863864
}