{
    "id": "1",
    "extraversion": 0.36973885044012794,
    "active": 0.2647876722353482,
    "assertive": 0.0905346352478725,
    "cheerful": 0.7391954335417233,
    "openness": 0.7193008133481088,
    "adventurous": 0.28121144959959854,
    "artistic": 0.32350973299600644,
    "emotionally_aware": 0.7242457189453656,
    "imaginative": 0.8307232316473958,
    "intellectual": 0.9522027306751417,
    "conscientiousness": 0.36090492817864384,
    "cautious": 0.773579777113346,
    "disciplined": 0.12225312062224267,
    "dutiful": 0,
    "neuroticism": 0.7184121939490247,
    "melancholy": 0.815878060509754,
    "self_conscious": 0.9022309574089948,
    "authority_challenging": 0.1673740774039768,
    "achievement_striving": 0.2112405126811215,
    "orderliness": 0.12108223388462583,
    "self_efficacy": 0.2920003345390679,
    "stress_prone": 0.8006878959583499,
    "agreeableness": 0.3484747109373367,
    "cooperative": 0.14394588830576868,
    "trusting": 0.07408994919187906,
    "excitement_seeking": 0.7829677797060238,
    "outgoing": 0.8241997198235307,
    "gregariousness": 0.27324523804545553,
    "altruism": 0.7959625316243963,
    "modesty": 0.23225374788299494,
    "uncompromising": 0.7645158592426873,
    "sympathy": 0.8396407886758527,
    "fiery": 0.8601835783135049,
    "prone_to_worry": 0.8789177661153741,
    "immoderation": 1
}