{
    "id": "1",
    "extraversion": 0.29551834285161166,
    "active": 0.05617800793727613,
    "assertive": 0.0955256025554157,
    "cheerful": 0.22425225050817924,
    "openness": 0.6386482431516795,
    "adventurous": 0.23177814345174716,
    "artistic": 0.7901461620365888,
    "emotionally_aware": 0.7981560352337623,
    "imaginative": 1,
    "intellectual": 0.8341641661020229,
    "conscientiousness": 0.6623753750846965,
    "cautious": 0.7503750846965443,
    "disciplined": 0.1065240538186042,
    "dutiful": 0,
    "neuroticism": 0.6976696350788887,
    "melancholy": 0.8762220501403544,
    "self_conscious": 0.9042203078114412,
    "authority_challenging": 0.8821508082470235,
    "achievement_striving": 0.12094666537605266,
    "orderliness": 0.1443592101442261,
    "self_efficacy": 0.7938244119639919,
    "stress_prone": 0.8699666053625011,
    "agreeableness": 0.33766092343432386,
    "cooperative": 0.8264204820443326,
    "trusting": 0.07568241215758396,
    "excitement_seeking": 0.1541719097860807,
    "outgoing": 0.9901268028264446,
    "gregariousness": 0.09916755396379826,
    "altruism": 0.1774392604781725,
    "modesty": 0.1446858968154099,
    "uncompromising": 0.20687735940373633,
    "sympathy": 0.8231415158261542,
    "fiery": 0.17197028361242858,
    "prone_to_worry": 0.814647662375375,
    "immoderation": 0.08028022456683763
}