{
    "id": "1",
    "extraversion": 0.30626465310613105,
    "active": 0.057237160932035805,
    "assertive": 0.09891419664959597,
    "cheerful": 0.09368819499927968,
    "openness": 0.3614978585181208,
    "adventurous": 0.06493863704829142,
    "artistic": 0.1898125712190075,
    "emotionally_aware": 0.8620807083262387,
    "imaginative": 0.9099267835859016,
    "intellectual": 0.8519561487380319,
    "conscientiousness": 0.6928054067505797,
    "cautious": 0.7569974721345402,
    "disciplined": 1,
    "dutiful": 0.9295996018284457,
    "neuroticism": 0.6939842041153126,
    "melancholy": 0.9707134343606335,
    "self_conscious": 0.9120355210939239,
    "authority_challenging": 0.129942762839068,
    "achievement_striving": 0.8038481185084284,
    "orderliness": 0.1518945893200959,
    "self_efficacy": 0.8327155561958899,
    "stress_prone": 0.8547328714194029,
    "agreeableness": 0.3413666190781805,
    "cooperative": 0.8221980641527721,
    "trusting": 0.06636629163446803,
    "excitement_seeking": 0.05503673918453418,
    "outgoing": 0.15820770409566595,
    "gregariousness": 0.10111461839709752,
    "altruism": 0.8551519993713081,
    "modesty": 0.880600924701044,
    "uncompromising": 0.21167271346055613,
    "sympathy": 0.8593825721358498,
    "fiery": 0.8459311844293965,
    "prone_to_worry": 0.8325976764594166,
    "immoderation": 0
}