{
    "id": "1",
    "extraversion": 0.2977960843051246,
    "active": 0.8720712528083876,
    "assertive": 0.06593024499839514,
    "cheerful": 0.20741949288541778,
    "openness": 0.7401438964373596,
    "adventurous": 0.21869316358189791,
    "artistic": 0.7764122178239008,
    "emotionally_aware": 0.7473922114047288,
    "imaginative": 0.979498769658714,
    "intellectual": 0.9398336364608966,
    "conscientiousness": 0.3170669733604365,
    "cautious": 0.8455253022360115,
    "disciplined": 0.018575478763239485,
    "dutiful": 0.11673531614421737,
    "neuroticism": 0.7275195249812775,
    "melancholy": 0.14201080560607682,
    "self_conscious": 0.8407376698405905,
    "authority_challenging": 0.9573392532363325,
    "achievement_striving": 0,
    "orderliness": 0.2236011554509468,
    "self_efficacy": 0.9209906922007061,
    "stress_prone": 0.8617203380763883,
    "agreeableness": 0.7365598587782176,
    "cooperative": 0.14520701829463994,
    "trusting": 0.9417727613137905,
    "excitement_seeking": 0.0635364288006847,
    "outgoing": 0.932331229271424,
    "gregariousness": 0.8825692735637104,
    "altruism": 0.7967529688670162,
    "modesty": 0.16778110623729534,
    "uncompromising": 0.09904247352091575,
    "sympathy": 0.9690542420027817,
    "fiery": 0.9545709853428906,
    "prone_to_worry": 1,
    "immoderation": 0.02199903712421093
}