{
    "id": "1",
    "extraversion": 0.1963373527469854,
    "active": 0.9198781434247258,
    "assertive": 1,
    "cheerful": 0.21562358828230876,
    "openness": 0.7756889182333112,
    "adventurous": 0.14658697339310328,
    "artistic": 0.8029676477742641,
    "emotionally_aware": 0.9527400354449733,
    "imaginative": 0.9039047387381126,
    "intellectual": 0.9622267783299162,
    "conscientiousness": 0.6766862424853181,
    "cautious": 0.7873417428270262,
    "disciplined": 0.0015984988011258903,
    "dutiful": 0.08908734985115425,
    "neuroticism": 0.7378925299139358,
    "melancholy": 0.8942326626588364,
    "self_conscious": 0.8514901947156872,
    "authority_challenging": 0.9916136729564119,
    "achievement_striving": 0.8940589127891486,
    "orderliness": 0.20751526103022086,
    "self_efficacy": 0.1673442911584483,
    "stress_prone": 0.8419571185321612,
    "agreeableness": 0.31445251416061437,
    "cooperative": 0.16225921163892457,
    "trusting": 0.0546269590297807,
    "excitement_seeking": 0,
    "outgoing": 0.2103647588930975,
    "gregariousness": 0.2563853077110192,
    "altruism": 0.16747170772955253,
    "modesty": 0.017363403644113935,
    "uncompromising": 0.8435903673072246,
    "sympathy": 0.24068990281590621,
    "fiery": 0.9229940577544565,
    "prone_to_worry": 0.9220789751074353,
    "immoderation": 0.10795658569922739
}