{
    "id": "1",
    "extraversion": 0.6865044905727711,
    "active": 0.21850948670671502,
    "assertive": 0.18400047582228035,
    "cheerful": 0.8714685065128175,
    "openness": 0.3330755962647951,
    "adventurous": 0.2421102718134777,
    "artistic": 0.13405103193957058,
    "emotionally_aware": 0.8262415987628621,
    "imaginative": 0.1355617676797716,
    "intellectual": 0.8212216737048713,
    "conscientiousness": 0.25856182715755666,
    "cautious": 0.2596681139594362,
    "disciplined": 0.0401356093499078,
    "dutiful": 0,
    "neuroticism": 0.7019568191280557,
    "melancholy": 0.8813061321596384,
    "self_conscious": 0.8929161958008683,
    "authority_challenging": 0.967096889311842,
    "achievement_striving": 0.06825670612026406,
    "orderliness": 0.10355082376732293,
    "self_efficacy": 0.05358948432760362,
    "stress_prone": 0.8137750550169511,
    "agreeableness": 0.3311366204722536,
    "cooperative": 0.037007077856420656,
    "trusting": 0.07829655623624575,
    "excitement_seeking": 0.2520192708023553,
    "outgoing": 0.1839172069232142,
    "gregariousness": 0.7866412894783799,
    "altruism": 0.13669184559567002,
    "modesty": 0.11206804258609411,
    "uncompromising": 0.0823172545054422,
    "sympathy": 0.0765122226848272,
    "fiery": 1,
    "prone_to_worry": 0.8236959495628382,
    "immoderation": 0.8940938559448045
}