{
    "id": "1",
    "extraversion": 0.35059909278835316,
    "active": 1,
    "assertive": 0.18630169195951837,
    "cheerful": 0.24194923141734673,
    "openness": 0.6189025286320307,
    "adventurous": 0.22300163611603688,
    "artistic": 0.7280618393079328,
    "emotionally_aware": 0.7883630022239422,
    "imaginative": 0.8049494959391013,
    "intellectual": 0.7298253176710329,
    "conscientiousness": 0.3361091789048799,
    "cautious": 0.6872079238961116,
    "disciplined": 0,
    "dutiful": 0.20505334522048377,
    "neuroticism": 0.6373210804244105,
    "melancholy": 0.7513005652927863,
    "self_conscious": 0.850133730442535,
    "authority_challenging": 0.7532012030841276,
    "achievement_striving": 0.7489394637066357,
    "orderliness": 0.14228331259613403,
    "self_efficacy": 0.21614366470398055,
    "stress_prone": 0.7817009728522303,
    "agreeableness": 0.36447178924474144,
    "cooperative": 0.17057734322187496,
    "trusting": 0.16591392266167668,
    "excitement_seeking": 0.14064719655925778,
    "outgoing": 0.7229085636468733,
    "gregariousness": 0.2694301025756581,
    "altruism": 0.18638986587767337,
    "modesty": 0.18485172086096935,
    "uncompromising": 0.17408470574404092,
    "sympathy": 0.6987783013784522,
    "fiery": 0.8015401044371074,
    "prone_to_worry": 0.7498407970922201,
    "immoderation": 0.7721096099773687
}