{
    "id": "1",
    "extraversion": 0.276400062485355,
    "active": 0.0567054596578927,
    "assertive": 0,
    "cheerful": 0.6984593454659064,
    "openness": 0.5379207998125439,
    "adventurous": 0.6062446301648051,
    "artistic": 0.1963602280715457,
    "emotionally_aware": 0.5889830508474576,
    "imaginative": 1,
    "intellectual": 0.6993770991173943,
    "conscientiousness": 0.261950324142779,
    "cautious": 0.19125400296805437,
    "disciplined": 0.09661798016089977,
    "dutiful": 0.10576622666562523,
    "neuroticism": 0.6569651644145903,
    "melancholy": 0.7189037725533077,
    "self_conscious": 0.7236878075451066,
    "authority_challenging": 0.7485062094821526,
    "achievement_striving": 0.18440014059204873,
    "orderliness": 0.17262555651019293,
    "self_efficacy": 0.17888385534640316,
    "stress_prone": 0.74455205811138,
    "agreeableness": 0.27668319925017576,
    "cooperative": 0.1724107631023979,
    "trusting": 0.8780754510661563,
    "excitement_seeking": 0.6754178708115285,
    "outgoing": 0.7453624150589706,
    "gregariousness": 0.18367765367491992,
    "altruism": 0.652063969382176,
    "modesty": 0.14004530188237133,
    "uncompromising": 0.13891275482308835,
    "sympathy": 0.7497656799187691,
    "fiery": 0.17689213465594,
    "prone_to_worry": 0.7880574865265952,
    "immoderation": 0.7403538233226586
}