{
    "id": "1",
    "extraversion": 0.39170744269894414,
    "active": 0.9252560470690783,
    "assertive": 0.8379920362923197,
    "cheerful": 0.7773232433289091,
    "openness": 0.686958933417857,
    "adventurous": 0.3051665048832188,
    "artistic": 0.811218526515977,
    "emotionally_aware": 0.7622872877830386,
    "imaginative": 0.8993343766714873,
    "intellectual": 0.845351532320371,
    "conscientiousness": 0.7258067711325502,
    "cautious": 0.7458051863151014,
    "disciplined": 1,
    "dutiful": 0.24544860238911229,
    "neuroticism": 0.7258166762416054,
    "melancholy": 0.9258107331761724,
    "self_conscious": 0.9070108361893064,
    "authority_challenging": 0.9536341845123715,
    "achievement_striving": 0.30306662176350563,
    "orderliness": 0.2829988708175677,
    "self_efficacy": 0.837377919530894,
    "stress_prone": 0.7682501634342994,
    "agreeableness": 0.31175340240496047,
    "cooperative": 0.3106044097545514,
    "trusting": 0,
    "excitement_seeking": 0.3225400661661285,
    "outgoing": 0.8442619703242933,
    "gregariousness": 0.28550486340854614,
    "altruism": 0.8325640365300422,
    "modesty": 0.173567225975158,
    "uncompromising": 0.3149626577388617,
    "sympathy": 0.8018086729134889,
    "fiery": 0.8285821826898314,
    "prone_to_worry": 0.8605558747201808,
    "immoderation": 0.9190851641276571
}