{
    "id": "1",
    "extraversion": 0.29879936847516125,
    "active": 0.08567197424945232,
    "assertive": 0.8910497264616252,
    "cheerful": 0.17953174146645942,
    "openness": 0.3525401740364963,
    "adventurous": 0.16735408226957302,
    "artistic": 0.08165763031319227,
    "emotionally_aware": 0.8457047743767365,
    "imaginative": 0.8740744367067694,
    "intellectual": 0.9019667837516983,
    "conscientiousness": 0.7277956601025616,
    "cautious": 0.8753595163205111,
    "disciplined": 0.024771439411555903,
    "dutiful": 0.9992779076456118,
    "neuroticism": 0.6937349309116722,
    "melancholy": 0.18451295482639188,
    "self_conscious": 0.8931792869643972,
    "authority_challenging": 0.07111997748050962,
    "achievement_striving": 0.12623153462983588,
    "orderliness": 1,
    "self_efficacy": 0.8829720831752481,
    "stress_prone": 0.8872067264738639,
    "agreeableness": 0.3928671962010599,
    "cooperative": 0.16649736252707847,
    "trusting": 0.12302495502221353,
    "excitement_seeking": 0,
    "outgoing": 0.87777057045296,
    "gregariousness": 0.2413991457280282,
    "altruism": 0.8540027170254691,
    "modesty": 0.9034354461674031,
    "uncompromising": 0.20724050570942512,
    "sympathy": 0.18461086565410556,
    "fiery": 0.8898992742359895,
    "prone_to_worry": 0.8381534017893205,
    "immoderation": 0.013609605052198733
}