{
    "id": "1",
    "extraversion": 0.3161461508121482,
    "active": 1,
    "assertive": 0.1134497472121625,
    "cheerful": 0.19630200676491327,
    "openness": 0.6994753008952155,
    "adventurous": 0.27513834606236626,
    "artistic": 0.7704710339799443,
    "emotionally_aware": 0.8707614710698363,
    "imaginative": 0.8833351261548759,
    "intellectual": 0.9982071784574563,
    "conscientiousness": 0.6808299568527615,
    "cautious": 0.8531798678092916,
    "disciplined": 0,
    "dutiful": 0.9045860375058266,
    "neuroticism": 0.7034075561451946,
    "melancholy": 0.1917123836160015,
    "self_conscious": 0.8664108907932637,
    "authority_challenging": 0.8757574671017248,
    "achievement_striving": 0.9239843665961489,
    "orderliness": 0.19672033179150675,
    "self_efficacy": 0.8983350663941577,
    "stress_prone": 0.8674268230007052,
    "agreeableness": 0.37223756080653064,
    "cooperative": 0.10925454480261033,
    "trusting": 0.12363297357381044,
    "excitement_seeking": 0.0201393619945737,
    "outgoing": 0.09885617985585715,
    "gregariousness": 0.23120226612642975,
    "altruism": 0.8503352576284555,
    "modesty": 0.8269090561392185,
    "uncompromising": 0.9045023725005079,
    "sympathy": 0.22749710160517286,
    "fiery": 0.8990880514420261,
    "prone_to_worry": 0.8778610443783093,
    "immoderation": 0.030860434818984796
}