{
    "id": "1",
    "extraversion": 0.6405347636180184,
    "active": 0.795759595342724,
    "assertive": 0.8537631268005789,
    "cheerful": 0.1809938531391474,
    "openness": 0.663037850324602,
    "adventurous": 0.09335793847828684,
    "artistic": 0.111559550203789,
    "emotionally_aware": 0.8215286167571659,
    "imaginative": 0.9946231562736482,
    "intellectual": 0.8607065570941147,
    "conscientiousness": 0.20130637388314326,
    "cautious": 0.8914010328850418,
    "disciplined": 1,
    "dutiful": 0.033084184113750116,
    "neuroticism": 0.7710261142015055,
    "melancholy": 0.887590775725874,
    "self_conscious": 0.8649947559178472,
    "authority_challenging": 0.8727878602817202,
    "achievement_striving": 0.1313543008111732,
    "orderliness": 0.0928534444990242,
    "self_efficacy": 0.13027893206590285,
    "stress_prone": 0.9416778407657689,
    "agreeableness": 0.25267182666648963,
    "cooperative": 0.09325172921949468,
    "trusting": 0,
    "excitement_seeking": 0.0890830158119034,
    "outgoing": 0.0032128300784620605,
    "gregariousness": 0.7511118781779803,
    "altruism": 0.7824170572069621,
    "modesty": 0.053224114812208706,
    "uncompromising": 0.16264620368280602,
    "sympathy": 0.8387212405241428,
    "fiery": 0.9669689205156461,
    "prone_to_worry": 0.8736109820373592,
    "immoderation": 0.08036058043359927
}