{
    "id": "1",
    "extraversion": 0.26436296360678946,
    "active": 0.04661211617020751,
    "assertive": 0.12666227944919725,
    "cheerful": 0.18725554713982395,
    "openness": 0.33075480834895765,
    "adventurous": 0.07062592348858288,
    "artistic": 0.2431677365682854,
    "emotionally_aware": 0.9863540981163937,
    "imaginative": 0.8870084557408396,
    "intellectual": 0.8978978606106511,
    "conscientiousness": 0.714714975725443,
    "cautious": 0.8270236040577623,
    "disciplined": 0.9481604728261545,
    "dutiful": 0.9017718564138223,
    "neuroticism": 0.8140482014477819,
    "melancholy": 0.8091808733873872,
    "self_conscious": 0.9067633510063698,
    "authority_challenging": 0.8622993158424078,
    "achievement_striving": 0.8103356221364094,
    "orderliness": 0.11582254119224702,
    "self_efficacy": 0.8483429976284194,
    "stress_prone": 0.9337819884028461,
    "agreeableness": 0.3320088903237022,
    "cooperative": 0.1744788109812881,
    "trusting": 0,
    "excitement_seeking": 0.033289047270198796,
    "outgoing": 0.9596086270906541,
    "gregariousness": 0.2112072711921229,
    "altruism": 0.2121633534897004,
    "modesty": 0.12039186957547462,
    "uncompromising": 0.20707252567143056,
    "sympathy": 0.8277437699442494,
    "fiery": 0.9610737921700585,
    "prone_to_worry": 0.9096688478587484,
    "immoderation": 1
}