{
    "id": "1",
    "extraversion": 0.39512363283086277,
    "active": 0.9915802229256114,
    "assertive": 0.12629665611582938,
    "cheerful": 0.2919448013622071,
    "openness": 0.39302391174903634,
    "adventurous": 0.12464612909628425,
    "artistic": 0.23746696334367526,
    "emotionally_aware": 0.7304940090047739,
    "imaginative": 0.9809458146604406,
    "intellectual": 0.8654924942806105,
    "conscientiousness": 0.30340447313715047,
    "cautious": 0.2992781555882875,
    "disciplined": 0,
    "dutiful": 0.20804997545102222,
    "neuroticism": 0.7811484743071443,
    "melancholy": 0.8920576221964545,
    "self_conscious": 0.9925203965443395,
    "authority_challenging": 0.1905209606485109,
    "achievement_striving": 0.792545467840839,
    "orderliness": 0.2755648876492526,
    "self_efficacy": 0.29223729982136704,
    "stress_prone": 1,
    "agreeableness": 0.3056713361956397,
    "cooperative": 0.16948196433608076,
    "trusting": 0.12398800756317445,
    "excitement_seeking": 0.7909785118096253,
    "outgoing": 0.23551349149142878,
    "gregariousness": 0.2763274729177766,
    "altruism": 0.7748806501822892,
    "modesty": 0.2214108872105049,
    "uncompromising": 0.2471298588694935,
    "sympathy": 0.8429283274311322,
    "fiery": 0.8977926812706969,
    "prone_to_worry": 0.9221954098634658,
    "immoderation": 0.9824918779445714
}