{
    "id": "1",
    "extraversion": 0.6946737468058629,
    "active": 0.05720473824700065,
    "assertive": 0.11454246658623934,
    "cheerful": 0.2182367413627685,
    "openness": 0.5975149851336076,
    "adventurous": 0.11044827160376555,
    "artistic": 0.15708029751783492,
    "emotionally_aware": 0.648060719476399,
    "imaginative": 0.7222691909452745,
    "intellectual": 1,
    "conscientiousness": 0.2840478384360366,
    "cautious": 0.6968775826200949,
    "disciplined": 0.7802813690380066,
    "dutiful": 0.07223261866990914,
    "neuroticism": 0.6697096066343058,
    "melancholy": 0.6893351445317324,
    "self_conscious": 0.7457229436406988,
    "authority_challenging": 0.7500261230538325,
    "achievement_striving": 0.2005395598027947,
    "orderliness": 0,
    "self_efficacy": 0.6905700525310864,
    "stress_prone": 0.8502436568475648,
    "agreeableness": 0.067976935718289,
    "cooperative": 0.08859040001519887,
    "trusting": 0.0772387457134444,
    "excitement_seeking": 0.6996798738493983,
    "outgoing": 0.8136333843128686,
    "gregariousness": 0.2322102003400747,
    "altruism": 0.15571239942624274,
    "modesty": 0.6876062733326368,
    "uncompromising": 0.16304585308394526,
    "sympathy": 0.6949017298211283,
    "fiery": 0.9115805872462501,
    "prone_to_worry": 0.779654415746027,
    "immoderation": 0.8023482250572332
}