{
    "id": "1",
    "extraversion": 0.2851869343537054,
    "active": 0.7591009416595182,
    "assertive": 0.045155320810000676,
    "cheerful": 0.1488728036779659,
    "openness": 0.32291114473798344,
    "adventurous": 0.20672173334746946,
    "artistic": 0.14629938411419433,
    "emotionally_aware": 0.6725203126656577,
    "imaginative": 0.8670689040316906,
    "intellectual": 0.7073819552205719,
    "conscientiousness": 0.29114338862490724,
    "cautious": 0.6145942767919963,
    "disciplined": 0.011941823368962837,
    "dutiful": 0.07578576041174716,
    "neuroticism": 0.5968212967335884,
    "melancholy": 0.13994776054668298,
    "self_conscious": 0.9668539704876002,
    "authority_challenging": 0.10081636193652234,
    "achievement_striving": 0.12792883097356222,
    "orderliness": 0.16260734629360116,
    "self_efficacy": 0.1486222085144526,
    "stress_prone": 0.7714668491513498,
    "agreeableness": 0.30195753375806,
    "cooperative": 0.12429520110261873,
    "trusting": 0,
    "excitement_seeking": 0.21771900571549738,
    "outgoing": 0.6934546470945419,
    "gregariousness": 0.19307393521151198,
    "altruism": 0.17527204032654478,
    "modesty": 0.11639181517642866,
    "uncompromising": 0.7380895010264763,
    "sympathy": 0.6709974651335383,
    "fiery": 0.6990352086204736,
    "prone_to_worry": 0.78877719198481,
    "immoderation": 1
}