{
    "id": "1",
    "extraversion": 0.2853586144663456,
    "active": 0.8992052533730527,
    "assertive": 0.784516030833125,
    "cheerful": 0.6592809228193393,
    "openness": 0.612085367312104,
    "adventurous": 0.6398851911849445,
    "artistic": 0.7436153904695637,
    "emotionally_aware": 0.6332206264473413,
    "imaginative": 0.8363974385457551,
    "intellectual": 0.7451918372672023,
    "conscientiousness": 0.2554061253112124,
    "cautious": 0.6201524260972614,
    "disciplined": 1,
    "dutiful": 0.038519662096782925,
    "neuroticism": 0.5867100098935627,
    "melancholy": 0,
    "self_conscious": 0.7539764511464574,
    "authority_challenging": 0.017786668696115403,
    "achievement_striving": 0.1422716054751628,
    "orderliness": 0.736146294262821,
    "self_efficacy": 0.7212515900368563,
    "stress_prone": 0.7034757933876211,
    "agreeableness": 0.5551267137063896,
    "cooperative": 0.7245240761478163,
    "trusting": 0.7482903706280781,
    "excitement_seeking": 0.6805683906109004,
    "outgoing": 0.716380913034497,
    "gregariousness": 0.18318311788560432,
    "altruism": 0.7508126855043,
    "modesty": 0.8222637776014091,
    "uncompromising": 0.6983333152132553,
    "sympathy": 0.6975722719316366,
    "fiery": 0.13579186553452416,
    "prone_to_worry": 0.15899281357701214,
    "immoderation": 0.02862609943574073
}