{
    "id": "1",
    "extraversion": 0.6442781906777576,
    "active": 1,
    "assertive": 0.12062804547915544,
    "cheerful": 0.686351331397352,
    "openness": 0.6510705320667423,
    "adventurous": 0.2667913569916819,
    "artistic": 0.19562927597578386,
    "emotionally_aware": 0.6259191809814442,
    "imaginative": 0.20616232711522373,
    "intellectual": 0.7490574395826156,
    "conscientiousness": 0.31498744893439,
    "cautious": 0.7019048087808241,
    "disciplined": 0,
    "dutiful": 0.17922921691194568,
    "neuroticism": 0.615228626273564,
    "melancholy": 0.16629423635379242,
    "self_conscious": 0.7399812964512479,
    "authority_challenging": 0.893094452921199,
    "achievement_striving": 0.21591770438549004,
    "orderliness": 0.25722301520893837,
    "self_efficacy": 0.13926268642023926,
    "stress_prone": 0.683211104001575,
    "agreeableness": 0.3542353693950879,
    "cooperative": 0.8389033814047351,
    "trusting": 0.13975488507161496,
    "excitement_seeking": 0.22854752177979037,
    "outgoing": 0.7968794605502781,
    "gregariousness": 0.7227543436530984,
    "altruism": 0.268307328837919,
    "modesty": 0.19031353054092634,
    "uncompromising": 0.7675936407934243,
    "sympathy": 0.7712260668405769,
    "fiery": 0.7872815868484522,
    "prone_to_worry": 0.703361716788896,
    "immoderation": 0.1618939804104937
}