{
    "id": "1",
    "extraversion": 0.37110359136491633,
    "active": 0.18040804228622237,
    "assertive": 0.18153188756607225,
    "cheerful": 0.22027367485056565,
    "openness": 0.6392950649607272,
    "adventurous": 0.28503680284542804,
    "artistic": 0.2552240280590822,
    "emotionally_aware": 0.7282764412389467,
    "imaginative": 1,
    "intellectual": 0.8369436348367337,
    "conscientiousness": 0.3459837968680532,
    "cautious": 0.7483327570024206,
    "disciplined": 0.14654448451316504,
    "dutiful": 0.1350837326483229,
    "neuroticism": 0.6848416736649706,
    "melancholy": 0.8887516672429977,
    "self_conscious": 0.8713011905349999,
    "authority_challenging": 0.9654077952872598,
    "achievement_striving": 0.11500271698858869,
    "orderliness": 0.798979894284444,
    "self_efficacy": 0.8773156152744158,
    "stress_prone": 0.8207281529417577,
    "agreeableness": 0.36843600256878917,
    "cooperative": 0.1766660080027664,
    "trusting": 0.8568394012745146,
    "excitement_seeking": 0.7625969470928222,
    "outgoing": 0.8645828187521613,
    "gregariousness": 0.7749345452749099,
    "altruism": 0.8965691844094255,
    "modesty": 0.8612977325495234,
    "uncompromising": 0.819443758336215,
    "sympathy": 0.846996492614731,
    "fiery": 0.2104925159314331,
    "prone_to_worry": 0.8504174282468013,
    "immoderation": 0
}