{
    "id": "1",
    "extraversion": 0.6558204003726511,
    "active": 1,
    "assertive": 0.7348383285237111,
    "cheerful": 0.7827035379126996,
    "openness": 0.5835965370719626,
    "adventurous": 0.6922788520529891,
    "artistic": 0.8238769342634462,
    "emotionally_aware": 0.8772296575700425,
    "imaginative": 0.8741734645186213,
    "intellectual": 0.7903042559476472,
    "conscientiousness": 0.6230884591788043,
    "cautious": 0.683439750960031,
    "disciplined": 0.8290917766820424,
    "dutiful": 0.04681996864277758,
    "neuroticism": 0.635529096321207,
    "melancholy": 0.7551523552000727,
    "self_conscious": 0.9049058147197164,
    "authority_challenging": 0.7598786611829399,
    "achievement_striving": 0.7745915608171057,
    "orderliness": 0.023824672226135553,
    "self_efficacy": 0.7717625940148606,
    "stress_prone": 0.7854643368401917,
    "agreeableness": 0.2682746710900043,
    "cooperative": 0,
    "trusting": 0.10656911086368698,
    "excitement_seeking": 0.09626440046354152,
    "outgoing": 0.7611170442409508,
    "gregariousness": 0.6994932854643369,
    "altruism": 0.19251743961462428,
    "modesty": 0.14492490172464725,
    "uncompromising": 0.16870412870094753,
    "sympathy": 0.7250448771842124,
    "fiery": 0.9108818650730532,
    "prone_to_worry": 0.7699675066463678,
    "immoderation": 0.8847735690426959
}