{
    "id": "1",
    "extraversion": 0.33926562037311214,
    "active": 0.795202842759846,
    "assertive": 0.1200473793307669,
    "cheerful": 0.23823906820649485,
    "openness": 0.6236008291382883,
    "adventurous": 0,
    "artistic": 0.024627381304905705,
    "emotionally_aware": 0.7077978481887276,
    "imaginative": 0.8174415161385844,
    "intellectual": 0.7768137400059223,
    "conscientiousness": 0.630579409732504,
    "cautious": 0.7324351001875431,
    "disciplined": 0.1286447537261869,
    "dutiful": 0.14242424242424237,
    "neuroticism": 0.665877011153884,
    "melancholy": 0.12102457802783528,
    "self_conscious": 0.9808409831211132,
    "authority_challenging": 0.8130293159609119,
    "achievement_striving": 0.1560655414075609,
    "orderliness": 0.7514361859638732,
    "self_efficacy": 0.21189418616128708,
    "stress_prone": 0.8123778501628663,
    "agreeableness": 0.37174020333629443,
    "cooperative": 0.8257328990228011,
    "trusting": 0.10184581976112914,
    "excitement_seeking": 0.1823413285954002,
    "outgoing": 0.7365215674661928,
    "gregariousness": 0.22751949462047177,
    "altruism": 0.18585529562728254,
    "modesty": 0.7918566775244299,
    "uncompromising": 0.7767841279241928,
    "sympathy": 0.7631724410226037,
    "fiery": 0.7969499555818773,
    "prone_to_worry": 0.7872766755502911,
    "immoderation": 1
}