{
    "id": "1",
    "extraversion": 0.3168797297875069,
    "active": 1,
    "assertive": 0.8767583051861987,
    "cheerful": 0.14877720295865576,
    "openness": 0.6488092693146351,
    "adventurous": 0.2413634614562401,
    "artistic": 0.8003655564581641,
    "emotionally_aware": 0.7757279062807304,
    "imaginative": 0.8790136388900767,
    "intellectual": 0.8271088973449058,
    "conscientiousness": 0.699367223908675,
    "cautious": 0.6996985762537945,
    "disciplined": 0.935696267476164,
    "dutiful": 0.11726666381632389,
    "neuroticism": 0.7302257471460943,
    "melancholy": 0.8944696224721023,
    "self_conscious": 0.982940698619009,
    "authority_challenging": 0.8966822010346744,
    "achievement_striving": 0.16720466886143054,
    "orderliness": 0.16518448843473424,
    "self_efficacy": 0.22524477318397534,
    "stress_prone": 0.7522232673478986,
    "agreeableness": 0.27166616785668474,
    "cooperative": 0.20525674462354096,
    "trusting": 0,
    "excitement_seeking": 0.21101799991448972,
    "outgoing": 0.1992496472700842,
    "gregariousness": 0.21361537474881354,
    "altruism": 0.145004061738424,
    "modesty": 0.11729873017230318,
    "uncompromising": 0.1847128992261319,
    "sympathy": 0.731251870537432,
    "fiery": 0.7615973320791826,
    "prone_to_worry": 0.903148916157168,
    "immoderation": 0.95483988199581
}