{
    "id": "1",
    "extraversion": 0.6485574567606792,
    "active": 0.12240124980356266,
    "assertive": 0.6862456899340895,
    "cheerful": 0.5624023590966657,
    "openness": 0.47656156114516035,
    "adventurous": 0.16451741127966205,
    "artistic": 0.1638241030903057,
    "emotionally_aware": 0.6363644767371993,
    "imaginative": 0.7402405317211608,
    "intellectual": 0.708893757453063,
    "conscientiousness": 0.19801806298936003,
    "cautious": 0.5634839198720616,
    "disciplined": 0.7366723055732735,
    "dutiful": 0.0811078140454995,
    "neuroticism": 0.5146103145770359,
    "melancholy": 0.5899035839411335,
    "self_conscious": 0.6929938896438246,
    "authority_challenging": 0.6504802314724942,
    "achievement_striving": 0.6650766798857428,
    "orderliness": 0.14112981502537508,
    "self_efficacy": 0.6562115791711732,
    "stress_prone": 0.7060650600404893,
    "agreeableness": 0.1661443744973516,
    "cooperative": 0.1513815321186574,
    "trusting": 0.7393161208020189,
    "excitement_seeking": 0.5952004585078159,
    "outgoing": 0.7441970104550876,
    "gregariousness": 0.1913438161531564,
    "altruism": 0.6413932721373306,
    "modesty": 0.6232655740129603,
    "uncompromising": 0.09649001174001866,
    "sympathy": 0,
    "fiery": 0.5975854386792017,
    "prone_to_worry": 0.6199654270316242,
    "immoderation": 1
}