{
    "id": "1",
    "extraversion": 0.1787302187254443,
    "active": 0.9968270388016351,
    "assertive": 0.9781572953241093,
    "cheerful": 0.2556173349115251,
    "openness": 0.3358763440325452,
    "adventurous": 0.03815510707500716,
    "artistic": 0.3750460029640828,
    "emotionally_aware": 1,
    "imaginative": 0.32385092055661097,
    "intellectual": 0.9062235793787361,
    "conscientiousness": 0.7477048250892705,
    "cautious": 0.8977391408138297,
    "disciplined": 0.11890149895063505,
    "dutiful": 0.29616956941225614,
    "neuroticism": 0.8592657429603031,
    "melancholy": 0.8783432964978066,
    "self_conscious": 0.8758467032037954,
    "authority_challenging": 0.9769935446651481,
    "achievement_striving": 0.9263753642937425,
    "orderliness": 0.3136059361230193,
    "self_efficacy": 0.8909953549439509,
    "stress_prone": 0.9203676258491897,
    "agreeableness": 0.40154371027581875,
    "cooperative": 0.8597531257149108,
    "trusting": 0.2526930383838785,
    "excitement_seeking": 0,
    "outgoing": 0.3096670877388424,
    "gregariousness": 0.38688244129027116,
    "altruism": 0.16673463500999625,
    "modesty": 0.17774550662940009,
    "uncompromising": 0.2809413449774709,
    "sympathy": 0.30839392462476495,
    "fiery": 0.9569810119657438,
    "prone_to_worry": 0.9589205963973462,
    "immoderation": 0.9017476153058077
}