{
    "id": "1",
    "extraversion": 0.41951776493097703,
    "active": 0.265620178163639,
    "assertive": 0.22921595654946822,
    "cheerful": 0.21752011027218304,
    "openness": 0.3589606435287099,
    "adventurous": 0.3543213940378958,
    "artistic": 0.260147715349641,
    "emotionally_aware": 0.8241302693027753,
    "imaginative": 0.09984158660275272,
    "intellectual": 0.32419198880819633,
    "conscientiousness": 0.3860349332400684,
    "cautious": 0.7620198736807456,
    "disciplined": 0.8964140967350381,
    "dutiful": 0.22617112761536406,
    "neuroticism": 0.7186516345382353,
    "melancholy": 1,
    "self_conscious": 0.8232044767214599,
    "authority_challenging": 0.8755426173184933,
    "achievement_striving": 0.24859588125167162,
    "orderliness": 0.20745983088855519,
    "self_efficacy": 0.2484827288250664,
    "stress_prone": 0.7903902730059457,
    "agreeableness": 0.4547287427736746,
    "cooperative": 0,
    "trusting": 0.19875738062418993,
    "excitement_seeking": 0.31761886148085666,
    "outgoing": 0.07139918118789478,
    "gregariousness": 0.33933384080482243,
    "altruism": 0.14668669121731437,
    "modesty": 0.13754191783076516,
    "uncompromising": 0.2858024564363158,
    "sympathy": 0.8529018454132121,
    "fiery": 0.9468595058324932,
    "prone_to_worry": 0.9169461188717674,
    "immoderation": 0.9371283971444443
}