{
    "id": "1",
    "extraversion": 0.2898036050578423,
    "active": 1,
    "assertive": 0.08822168415388754,
    "cheerful": 0.1466774280333602,
    "openness": 0.6119666397632499,
    "adventurous": 0.10331988162496634,
    "artistic": 0.7461608824320689,
    "emotionally_aware": 0.9087005649717513,
    "imaginative": 0.7881947807371535,
    "intellectual": 0.7692440139897767,
    "conscientiousness": 0.6286037126715093,
    "cautious": 0.255044390637611,
    "disciplined": 0,
    "dutiful": 0.8646650524616627,
    "neuroticism": 0.6429916599408124,
    "melancholy": 0.7607102502017756,
    "self_conscious": 0.8883938660209846,
    "authority_challenging": 0.0530104923325262,
    "achievement_striving": 0.8225881086898036,
    "orderliness": 0.14917406510626846,
    "self_efficacy": 0.7022652676889964,
    "stress_prone": 0.8275168146354586,
    "agreeableness": 0.31892386333064293,
    "cooperative": 0.8169706752757601,
    "trusting": 0.04383104654291094,
    "excitement_seeking": 0.18799031476997577,
    "outgoing": 0.7305461393596987,
    "gregariousness": 0.14483723432875972,
    "altruism": 0.7446112456281947,
    "modesty": 0.1348506860371267,
    "uncompromising": 0.691138014527845,
    "sympathy": 0.1911111111111111,
    "fiery": 0.7500995426419156,
    "prone_to_worry": 0.7411245628194781,
    "immoderation": 0.8089211729889696
}