{
    "id": "1",
    "extraversion": 0.6011570364369617,
    "active": 0.855960410686297,
    "assertive": 0.715795220400472,
    "cheerful": 0.6880668509941356,
    "openness": 0.5732437525315676,
    "adventurous": 0.17658454114787872,
    "artistic": 0.6775355300001762,
    "emotionally_aware": 0.6635260553334624,
    "imaginative": 1,
    "intellectual": 0.7677385837310463,
    "conscientiousness": 0.265572442456369,
    "cautious": 0.21857774333867527,
    "disciplined": 0.8384375605374849,
    "dutiful": 0.1477642956518676,
    "neuroticism": 0.6453163799024356,
    "melancholy": 0.16071711603825087,
    "self_conscious": 0.8973372312135675,
    "authority_challenging": 0.8145835901590265,
    "achievement_striving": 0.6798513639645668,
    "orderliness": 0.7648239790078016,
    "self_efficacy": 0.745011711251607,
    "stress_prone": 0.7834651216032967,
    "agreeableness": 0.26076466548086574,
    "cooperative": 0.20274554003839176,
    "trusting": 0.06339045136748671,
    "excitement_seeking": 0.7174946727013367,
    "outgoing": 0,
    "gregariousness": 0.17112516069950512,
    "altruism": 0.684236479227938,
    "modesty": 0.2425285736928306,
    "uncompromising": 0.1983428138703485,
    "sympathy": 0.7193350122395787,
    "fiery": 0.15826039483648272,
    "prone_to_worry": 0.7214307098955673,
    "immoderation": 0.7234207421235229
}