{
    "id": "1",
    "extraversion": 0.7060442118111947,
    "active": 0.1993669249309514,
    "assertive": 0.14217293707523457,
    "cheerful": 0.19591190739725461,
    "openness": 0.33919169140693695,
    "adventurous": 0.05023223096895661,
    "artistic": 0.12115318968460036,
    "emotionally_aware": 0.6731491346939621,
    "imaginative": 0.1652098354211708,
    "intellectual": 0.9643326333647113,
    "conscientiousness": 0.26207445873116036,
    "cautious": 0.7223883067310776,
    "disciplined": 0.8193563736798006,
    "dutiful": 0.10244023543772177,
    "neuroticism": 0.7564729856937448,
    "melancholy": 0.8678610958819087,
    "self_conscious": 0.836103898790744,
    "authority_challenging": 0.8316661666890796,
    "achievement_striving": 0.2449752252485234,
    "orderliness": 0.15363449224689932,
    "self_efficacy": 0.17653691386248208,
    "stress_prone": 0.878826121587653,
    "agreeableness": 0.11165706364887096,
    "cooperative": 0.040880926027454,
    "trusting": 0,
    "excitement_seeking": 0.7259571122673811,
    "outgoing": 0.18822604503936033,
    "gregariousness": 0.08688231217221298,
    "altruism": 0.15969628947667866,
    "modesty": 0.23901687165747745,
    "uncompromising": 0.23562392030702076,
    "sympathy": 0.14718995355380624,
    "fiery": 1,
    "prone_to_worry": 0.86229582811805,
    "immoderation": 0.8312730808618926
}