{
    "id": "1",
    "extraversion": 0.6588094204247048,
    "active": 0.7825196948080144,
    "assertive": 0.12980997870272729,
    "cheerful": 0.8468250522093335,
    "openness": 0.35940698467836985,
    "adventurous": 0.09956991915307156,
    "artistic": 0.11092157227632694,
    "emotionally_aware": 0.6977027893224159,
    "imaginative": 0.7691830531604739,
    "intellectual": 0.8105990116411306,
    "conscientiousness": 0.2482579658003019,
    "cautious": 0.2576349688811695,
    "disciplined": 0.09397680044662246,
    "dutiful": 0.0686681967619875,
    "neuroticism": 0.6525856543225192,
    "melancholy": 0.19827140582676842,
    "self_conscious": 0.80366189028803,
    "authority_challenging": 0.14336372847011147,
    "achievement_striving": 0.1944151520790687,
    "orderliness": 0.1481401071066725,
    "self_efficacy": 0.24380208010255774,
    "stress_prone": 0.8070942662779397,
    "agreeableness": 0.2583276471682898,
    "cooperative": 0.1754853917250791,
    "trusting": 0.10693091826396214,
    "excitement_seeking": 0.7891570001860927,
    "outgoing": 0.7824680023985278,
    "gregariousness": 0.7661228625188677,
    "altruism": 0.7273535554039245,
    "modesty": 0.23566569484936833,
    "uncompromising": 0,
    "sympathy": 0.7096333974319211,
    "fiery": 1,
    "prone_to_worry": 0.7833157579141079,
    "immoderation": 0.9107272088166575
}