{
    "id": "1",
    "extraversion": 0.2611691612538831,
    "active": 1,
    "assertive": 0.7803162948319683,
    "cheerful": 0.12548244375411846,
    "openness": 0.2906052904076062,
    "adventurous": 0.20062129341993787,
    "artistic": 0.656340016944366,
    "emotionally_aware": 0.7387367033794596,
    "imaginative": 0.822206532994446,
    "intellectual": 0.6789419184787725,
    "conscientiousness": 0.5504753836016192,
    "cautious": 0.6462110514920456,
    "disciplined": 0.8137531770686246,
    "dutiful": 0.8596065141673727,
    "neuroticism": 0.6195707427280429,
    "melancholy": 0.6643415231102324,
    "self_conscious": 0.7632872070036713,
    "authority_challenging": 0.6929021933540431,
    "achievement_striving": 0.8703473595029653,
    "orderliness": 0.6548338510778499,
    "self_efficacy": 0.7057987385860868,
    "stress_prone": 0.9268568201073142,
    "agreeableness": 0.2637578838369576,
    "cooperative": 0.6993316388967334,
    "trusting": 0.06015249929398476,
    "excitement_seeking": 0.1205215099312812,
    "outgoing": 0.6845994540148733,
    "gregariousness": 0.23341805516332487,
    "altruism": 0.6602937023439707,
    "modesty": 0.1264332109573567,
    "uncompromising": 0.16230819919043585,
    "sympathy": 0,
    "fiery": 0.7088298973924504,
    "prone_to_worry": 0.7210580815212275,
    "immoderation": 0.8182528475948413
}