{
    "id": "1",
    "extraversion": 0.3195201134413016,
    "active": 0.7266120606015374,
    "assertive": 0.1219773863721173,
    "cheerful": 0.6903593551757594,
    "openness": 0.5372042689752967,
    "adventurous": 0.2626875139935816,
    "artistic": 0.18775654899619373,
    "emotionally_aware": 0.2449902977834167,
    "imaginative": 0.7590025375027988,
    "intellectual": 0.7419117098290917,
    "conscientiousness": 0.5794742144936189,
    "cautious": 0.6784274945891484,
    "disciplined": 0.02711956116128068,
    "dutiful": 0.7281047093066647,
    "neuroticism": 0.33534218971565044,
    "melancholy": 0.14068214045824315,
    "self_conscious": 0.6879151429211136,
    "authority_challenging": 0.05409918650645569,
    "achievement_striving": 0.09461526979625347,
    "orderliness": 0.7530319426822898,
    "self_efficacy": 0.7569035002612134,
    "stress_prone": 0.6914042092693485,
    "agreeableness": 0.31648817075901187,
    "cooperative": 0.7480315695201135,
    "trusting": 0.1417083364430181,
    "excitement_seeking": 0.2097824464512277,
    "outgoing": 1,
    "gregariousness": 0.2129076796775879,
    "altruism": 0.6614019702962908,
    "modesty": 0.7174042839017838,
    "uncompromising": 0.21267445331741175,
    "sympathy": 0.6673072617359505,
    "fiery": 0.8137360997089336,
    "prone_to_worry": 0.164545861631465,
    "immoderation": 0
}