{
    "id": "1",
    "extraversion": 0.6561856918048663,
    "active": 1,
    "assertive": 0.15542912480329257,
    "cheerful": 0.7024674171811321,
    "openness": 0.6108017592704676,
    "adventurous": 0.08437235201549449,
    "artistic": 0.1646188919824073,
    "emotionally_aware": 0.7815438001856111,
    "imaginative": 0.9248779405237461,
    "intellectual": 0.7809385465843521,
    "conscientiousness": 0.3284913045232619,
    "cautious": 0.7205241496186902,
    "disciplined": 0,
    "dutiful": 0.8548803615381512,
    "neuroticism": 0.6610277206149376,
    "melancholy": 0.20052051809708263,
    "self_conscious": 0.8129665496509704,
    "authority_challenging": 0.7998628091837147,
    "achievement_striving": 0.773695678489287,
    "orderliness": 0.7598353710204575,
    "self_efficacy": 0.7486886171972722,
    "stress_prone": 0.955967800508413,
    "agreeableness": 0.30447282411330345,
    "cooperative": 0.8188980349433079,
    "trusting": 0.12542872130089175,
    "excitement_seeking": 0.7186579510148084,
    "outgoing": 0.7615099059839405,
    "gregariousness": 0.6948613969253117,
    "altruism": 0.23354718960577817,
    "modesty": 0.20866117903401524,
    "uncompromising": 0.11429205503772744,
    "sympathy": 0.15148488883508854,
    "fiery": 0.8170923616995522,
    "prone_to_worry": 0.7780131541782674,
    "immoderation": 0.904652382681677
}