{
    "id": "1",
    "extraversion": 0.3489942925527018,
    "active": 0.12130626898646783,
    "assertive": 0.13466583816625244,
    "cheerful": 0.7633480622295866,
    "openness": 0.37368820767743716,
    "adventurous": 0.22217619442143058,
    "artistic": 0.15230599281966303,
    "emotionally_aware": 0.7611042069409922,
    "imaginative": 1,
    "intellectual": 0.8129545245328179,
    "conscientiousness": 0.35173294669980665,
    "cautious": 0.7737158243579122,
    "disciplined": 0.11689910706066466,
    "dutiful": 0,
    "neuroticism": 0.7996409831538248,
    "melancholy": 0.9094403019423732,
    "self_conscious": 0.9888842861088097,
    "authority_challenging": 0.9677690324956273,
    "achievement_striving": 0.14440071803369234,
    "orderliness": 0.23135874067937034,
    "self_efficacy": 0.24660544969161372,
    "stress_prone": 0.8202499309582988,
    "agreeableness": 0.3710761299825094,
    "cooperative": 0.13915354874344102,
    "trusting": 0.04755822516800145,
    "excitement_seeking": 0.7668576820399521,
    "outgoing": 0.8261990242106232,
    "gregariousness": 0.20461658841940528,
    "altruism": 0.28516523980484215,
    "modesty": 0.8529872042713799,
    "uncompromising": 0.8637462027064347,
    "sympathy": 0.987549479885851,
    "fiery": 0.20920786154837523,
    "prone_to_worry": 0.8529987112215778,
    "immoderation": 0.8949990794439842
}