{
    "id": "1",
    "extraversion": 0.34973996078097025,
    "active": 1,
    "assertive": 0.7311876545315033,
    "cheerful": 0.2952596129252281,
    "openness": 0.5729132918407367,
    "adventurous": 0.2271549151675335,
    "artistic": 0.22045357660499618,
    "emotionally_aware": 0.6971864609088585,
    "imaginative": 0.7303265410520933,
    "intellectual": 0.7279563475147073,
    "conscientiousness": 0.3183988404808594,
    "cautious": 0.6519225850456135,
    "disciplined": 0,
    "dutiful": 0.7353397561599455,
    "neuroticism": 0.6086963935544378,
    "melancholy": 0.2612754710546509,
    "self_conscious": 0.8200272828033082,
    "authority_challenging": 0.23617529201125417,
    "achievement_striving": 0.7044078779094554,
    "orderliness": 0.14049791116037175,
    "self_efficacy": 0.23290988149032316,
    "stress_prone": 0.6931963509250577,
    "agreeableness": 0.36664677295592124,
    "cooperative": 0.7374882769204537,
    "trusting": 0.19612925228067185,
    "excitement_seeking": 0.22234632108449143,
    "outgoing": 0.6654190468070595,
    "gregariousness": 0.6394662801602865,
    "altruism": 0.2393469178958138,
    "modesty": 0.688660584875096,
    "uncompromising": 0.19830335066928126,
    "sympathy": 0.7400716173586837,
    "fiery": 0.7850115099326456,
    "prone_to_worry": 0.7163014749765539,
    "immoderation": 0.794722482735101
}