{
    "id": "1",
    "extraversion": 0.3138605996233388,
    "active": 1,
    "assertive": 0.18116336567383995,
    "cheerful": 0.1821184073118702,
    "openness": 0.6416630220373628,
    "adventurous": 0.12655640547319194,
    "artistic": 0.16107178878406245,
    "emotionally_aware": 0.839178128653927,
    "imaginative": 0.8974178173282042,
    "intellectual": 0.7247070164320717,
    "conscientiousness": 0.3360496978676688,
    "cautious": 0.631737729500076,
    "disciplined": 0.8525576372091364,
    "dutiful": 0.07489490079170279,
    "neuroticism": 0.6416897989057188,
    "melancholy": 0.727286521417032,
    "self_conscious": 0.8661245838428377,
    "authority_challenging": 0.7049813900764927,
    "achievement_striving": 0.748529503646117,
    "orderliness": 0.6546765800583737,
    "self_efficacy": 0.6605942679650474,
    "stress_prone": 0.8439087087301518,
    "agreeableness": 0.2831653828645894,
    "cooperative": 0.711970152717406,
    "trusting": 0.07697457090068464,
    "excitement_seeking": 0.1492810410846417,
    "outgoing": 0.6780617117559379,
    "gregariousness": 0.21778519596204832,
    "altruism": 0.2029329596472594,
    "modesty": 0,
    "uncompromising": 0.22243544543320518,
    "sympathy": 0.20613725822719287,
    "fiery": 0.2014245293965387,
    "prone_to_worry": 0.7211010648267985,
    "immoderation": 0.7614448798164892
}