{
    "id": "1",
    "extraversion": 0.6774541156840934,
    "active": 1,
    "assertive": 0.11905589543937709,
    "cheerful": 0.7342069892473119,
    "openness": 0.5967857804968484,
    "adventurous": 0.15769836855765665,
    "artistic": 0.20146227289581017,
    "emotionally_aware": 0.7059464219503152,
    "imaginative": 0.9631766777901372,
    "intellectual": 0.8913028364849834,
    "conscientiousness": 0.17467324805339265,
    "cautious": 0.2237092139414164,
    "disciplined": 0.028851501668520615,
    "dutiful": 0.06318362995921396,
    "neuroticism": 0.7183212829069336,
    "melancholy": 0.8610840748980348,
    "self_conscious": 0.8590911197626993,
    "authority_challenging": 0.8232411012235819,
    "achievement_striving": 0.08992630700778644,
    "orderliness": 0.11717880978865405,
    "self_efficacy": 0.18206572117167222,
    "stress_prone": 0.8764251946607341,
    "agreeableness": 0.25410177975528364,
    "cooperative": 0.14379403040415276,
    "trusting": 0,
    "excitement_seeking": 0.751100760103819,
    "outgoing": 0.7534181497960697,
    "gregariousness": 0.18974786800148313,
    "altruism": 0.19453327771598072,
    "modesty": 0.11197626992955136,
    "uncompromising": 0.16624953652206154,
    "sympathy": 0.7701960511679644,
    "fiery": 0.8728100667408231,
    "prone_to_worry": 0.8558120133481646,
    "immoderation": 0.8239826659251019
}