{
    "id": "1",
    "extraversion": 0.21941929680173025,
    "active": 0.10379543323061612,
    "assertive": 0.026020632763603644,
    "cheerful": 0.1938580205562042,
    "openness": 0.5426531666889965,
    "adventurous": 0.07703791605259634,
    "artistic": 0.009723046299309054,
    "emotionally_aware": 0.6115566444006355,
    "imaginative": 0.791796658181331,
    "intellectual": 1,
    "conscientiousness": 0.2629146171072024,
    "cautious": 0.5925699083200949,
    "disciplined": 0.07906674067410571,
    "dutiful": 0.7036193465653531,
    "neuroticism": 0.6443719256608035,
    "melancholy": 0.7679292590962161,
    "self_conscious": 0.7080597929067699,
    "authority_challenging": 0.07094187226060829,
    "achievement_striving": 0.14441977529810324,
    "orderliness": 0.13877351809673286,
    "self_efficacy": 0.13606522862556705,
    "stress_prone": 0.767967538806056,
    "agreeableness": 0.17947441958389956,
    "cooperative": 0.08076061783451684,
    "trusting": 0,
    "excitement_seeking": 0.5975845503091086,
    "outgoing": 0.049495664822860636,
    "gregariousness": 0.06645357628189179,
    "altruism": 0.17331138629969187,
    "modesty": 0.15902348460198673,
    "uncompromising": 0.6528030317530193,
    "sympathy": 0.7373629107891362,
    "fiery": 0.6707849254502651,
    "prone_to_worry": 0.7425976611097288,
    "immoderation": 0.7508852182900453
}