{
    "id": "1",
    "extraversion": 0.7226662765490549,
    "active": 0.9159872857123857,
    "assertive": 0.9366812517455545,
    "cheerful": 0.8194198773789416,
    "openness": 0.8317218816081712,
    "adventurous": 0.27962123126438,
    "artistic": 0.8378263355986754,
    "emotionally_aware": 0.8757697064808287,
    "imaginative": 0.95011371041747,
    "intellectual": 1,
    "conscientiousness": 0.708648641459749,
    "cautious": 0.26274421140828025,
    "disciplined": 0.9994547219747044,
    "dutiful": 0,
    "neuroticism": 0.7350214786344109,
    "melancholy": 0.9669109334893804,
    "self_conscious": 0.9570693301059966,
    "authority_challenging": 0.9927783910308414,
    "achievement_striving": 0.9799178093122846,
    "orderliness": 0.08546235586705853,
    "self_efficacy": 0.9278238087005093,
    "stress_prone": 0.9343937439321194,
    "agreeableness": 0.38154832360255875,
    "cooperative": 0.8751579311353751,
    "trusting": 0.08127302469710469,
    "excitement_seeking": 0.8783897008950539,
    "outgoing": 0.901464270989879,
    "gregariousness": 0.8505938210690108,
    "altruism": 0.9538109614182546,
    "modesty": 0.17213496296099265,
    "uncompromising": 0.9664986501044007,
    "sympathy": 0.8932053038262557,
    "fiery": 0.8767405673551355,
    "prone_to_worry": 0.9167852535542818,
    "immoderation": 0.969278238087005
}