{
    "id": "1",
    "extraversion": 0.26909462654143507,
    "active": 0.14645709539326557,
    "assertive": 0,
    "cheerful": 0.21559005814324964,
    "openness": 0.32741677848060824,
    "adventurous": 0.17402082933997828,
    "artistic": 0.1192256085873107,
    "emotionally_aware": 0.28552808127276214,
    "imaginative": 0.9850360999297169,
    "intellectual": 1,
    "conscientiousness": 0.7018593061146251,
    "cautious": 0.8788575809852406,
    "disciplined": 0.0952015845632867,
    "dutiful": 0.9329244137754774,
    "neuroticism": 0.6627052584499392,
    "melancholy": 0.09567439780205736,
    "self_conscious": 0.876570187208485,
    "authority_challenging": 0.09389815347262154,
    "achievement_striving": 0.14183119289502272,
    "orderliness": 0.9914765829659445,
    "self_efficacy": 0.7991566034119225,
    "stress_prone": 0.19065874385023324,
    "agreeableness": 0.3285796434732605,
    "cooperative": 0.8572359593636188,
    "trusting": 0.10373778033352504,
    "excitement_seeking": 0.1415372819628139,
    "outgoing": 0.14732604945370903,
    "gregariousness": 0.006504376717142724,
    "altruism": 0.9302281004408665,
    "modesty": 0.855549166187464,
    "uncompromising": 0.16756756756756758,
    "sympathy": 0.8303622771707876,
    "fiery": 0.1256788703597214,
    "prone_to_worry": 0.8935531275956807,
    "immoderation": 0.06828956616190657
}