{
    "id": "1",
    "extraversion": 0.33626202856972087,
    "active": 0.8365668519514673,
    "assertive": 0.9343494112724883,
    "cheerful": 0.11951467336082722,
    "openness": 0.7107764030840954,
    "adventurous": 0.25081585081585084,
    "artistic": 0.7928157312772697,
    "emotionally_aware": 0.8875620106389337,
    "imaginative": 0.9135257904488674,
    "intellectual": 0.9039387962464885,
    "conscientiousness": 0.8077102384794692,
    "cautious": 0.7748012671089595,
    "disciplined": 0.9198254736716275,
    "dutiful": 0.07484310561233638,
    "neuroticism": 0.6614308768154922,
    "melancholy": 0.9292092522861755,
    "self_conscious": 1,
    "authority_challenging": 0.8707070707070707,
    "achievement_striving": 0.1478453170760863,
    "orderliness": 0.06899766899766899,
    "self_efficacy": 0.8543302850995159,
    "stress_prone": 0.7928755005678082,
    "agreeableness": 0.3561771561771562,
    "cooperative": 0.2288446596138904,
    "trusting": 0.11448209909748373,
    "excitement_seeking": 0.14875381029227183,
    "outgoing": 0.804566373797143,
    "gregariousness": 0.11545036160420775,
    "altruism": 0.9546231546231546,
    "modesty": 0.8344032036339729,
    "uncompromising": 0.22284382284382284,
    "sympathy": 0.778411332257486,
    "fiery": 0.16896778435239976,
    "prone_to_worry": 0.7938079015002092,
    "immoderation": 0
}