{
    "id": "1",
    "extraversion": 0.6417399094452918,
    "active": 0.8286603229946007,
    "assertive": 1,
    "cheerful": 0.7986731556136655,
    "openness": 0.6622599937047529,
    "adventurous": 0.7478390353744462,
    "artistic": 0.8544466235684365,
    "emotionally_aware": 0.6829737778746277,
    "imaginative": 0.8898694946853587,
    "intellectual": 0.7597515798648943,
    "conscientiousness": 0.23506694753153676,
    "cautious": 0.20469238032977408,
    "disciplined": 0.8955957482869664,
    "dutiful": 0,
    "neuroticism": 0.6396213166751411,
    "melancholy": 0.773988523280308,
    "self_conscious": 0.8092782257088206,
    "authority_challenging": 0.09924699159826639,
    "achievement_striving": 0.7870148422556356,
    "orderliness": 0.0023243989249654698,
    "self_efficacy": 0.1527323793612745,
    "stress_prone": 0.9032953197259147,
    "agreeableness": 0.2445703493862134,
    "cooperative": 0.1316675141037747,
    "trusting": 0.024430401200939415,
    "excitement_seeking": 0.768807050676739,
    "outgoing": 0.7972567250187647,
    "gregariousness": 0.7725599864410063,
    "altruism": 0.09046996440764142,
    "modesty": 0.09243117600058107,
    "uncompromising": 0.8332243771337255,
    "sympathy": 0.11793903295319727,
    "fiery": 0.9962470642357328,
    "prone_to_worry": 0.7603811045737392,
    "immoderation": 0.9685358708021599
}