{
    "id": "1",
    "extraversion": 0.24250137246094722,
    "active": 0.15057144283076304,
    "assertive": 0.1104856016369716,
    "cheerful": 0.2316015371562609,
    "openness": 0.3019114637919848,
    "adventurous": 0.09673104756201026,
    "artistic": 0.24344961820631827,
    "emotionally_aware": 0.7564805110545489,
    "imaginative": 0.7841792683535459,
    "intellectual": 0.7736387682786843,
    "conscientiousness": 0.31215251784199227,
    "cautious": 0.17667315466387182,
    "disciplined": 0.18253231521684884,
    "dutiful": 0.07141787692768378,
    "neuroticism": 0.6319109647152766,
    "melancholy": 0.9094175774816589,
    "self_conscious": 1,
    "authority_challenging": 0.17485651544642408,
    "achievement_striving": 0.16697110345860156,
    "orderliness": 0.046663672206418136,
    "self_efficacy": 0.12734441283625295,
    "stress_prone": 0.793432150521535,
    "agreeableness": 0.30845935020212606,
    "cooperative": 0.014902430503568395,
    "trusting": 0,
    "excitement_seeking": 0.21918450865898087,
    "outgoing": 0.7250686230473623,
    "gregariousness": 0.11075510305934021,
    "altruism": 0.1346708589110146,
    "modesty": 0.11511703348804708,
    "uncompromising": 0.7865448919498926,
    "sympathy": 0.8940360333383239,
    "fiery": 0.1730997654339472,
    "prone_to_worry": 0.8160902330688226,
    "immoderation": 0.8584518640515046
}