{
    "id": "1",
    "extraversion": 0.3268388522778437,
    "active": 0.09784017573301679,
    "assertive": 0,
    "cheerful": 0.8744900604423343,
    "openness": 0.6694636595582116,
    "adventurous": 0.2647319662177834,
    "artistic": 0.14233282851022605,
    "emotionally_aware": 0.7870465119452063,
    "imaginative": 1,
    "intellectual": 0.8812847065886239,
    "conscientiousness": 0.2899185461094511,
    "cautious": 0.7703054861992278,
    "disciplined": 0.9783881134624044,
    "dutiful": 0.06793281759513187,
    "neuroticism": 0.7407528686231972,
    "melancholy": 0.9267597178448146,
    "self_conscious": 0.9855647879060757,
    "authority_challenging": 0.9237171353335243,
    "achievement_striving": 0.18855825249341682,
    "orderliness": 0.12694254567284735,
    "self_efficacy": 0.1553217906212053,
    "stress_prone": 0.8908627017586945,
    "agreeableness": 0.35751026701049216,
    "cooperative": 0.14032717994897193,
    "trusting": 0.04634821879306346,
    "excitement_seeking": 0.20113789857148703,
    "outgoing": 0.8831266287367143,
    "gregariousness": 0.8960883031121663,
    "altruism": 0.20497182541306808,
    "modesty": 0.1977951509693968,
    "uncompromising": 0.8454286221057945,
    "sympathy": 0.8857598952150956,
    "fiery": 0.9398305431623758,
    "prone_to_worry": 0.940417229476212,
    "immoderation": 0.9172362981457983
}