{
    "id": "1",
    "extraversion": 0.28262061737572663,
    "active": 0.9058581230120526,
    "assertive": 0.047442631341628405,
    "cheerful": 0.1495545779153515,
    "openness": 0.6475011272651937,
    "adventurous": 0.188381247181837,
    "artistic": 0.1387450187065089,
    "emotionally_aware": 1,
    "imaginative": 0.7745104013064089,
    "intellectual": 0.8073412384074484,
    "conscientiousness": 0.591466907149908,
    "cautious": 0.6816115626942247,
    "disciplined": 0.9347892318754037,
    "dutiful": 0.8463385207843328,
    "neuroticism": 0.6421024409861438,
    "melancholy": 0.7686486222991336,
    "self_conscious": 0.8635095116809047,
    "authority_challenging": 0.850250435672764,
    "achievement_striving": 0.8738316048600363,
    "orderliness": 0.02648159206405307,
    "self_efficacy": 0.8059154002705438,
    "stress_prone": 0.8309102209439779,
    "agreeableness": 0.26445032111824707,
    "cooperative": 0.8484102514106048,
    "trusting": 0.03718147141621066,
    "excitement_seeking": 0.13718512741143352,
    "outgoing": 0.7527572297305533,
    "gregariousness": 0.7090437135162143,
    "altruism": 0.745030893159633,
    "modesty": 0,
    "uncompromising": 0.7942284022082212,
    "sympathy": 0.7535981086318047,
    "fiery": 0.8055741740497459,
    "prone_to_worry": 0.7142717866848654,
    "immoderation": 0.7655288397089828
}