{
    "id": "1",
    "extraversion": 0.4133171775308128,
    "active": 0.8379276396751171,
    "assertive": 0.8327211798784528,
    "cheerful": 0.33186921372990785,
    "openness": 0.425528692326625,
    "adventurous": 0.27915144171604916,
    "artistic": 0.26775402790662456,
    "emotionally_aware": 0.7315549328840002,
    "imaginative": 0.8625967928207653,
    "intellectual": 0.9223006872526932,
    "conscientiousness": 0.43144512391374323,
    "cautious": 0.7500047331452697,
    "disciplined": 0,
    "dutiful": 0.8385429485601773,
    "neuroticism": 0.7766996724663474,
    "melancholy": 0.8395747742289709,
    "self_conscious": 0.8981332475056325,
    "authority_challenging": 0.8954353547019066,
    "achievement_striving": 0.7567636645903937,
    "orderliness": 0.21910676082470326,
    "self_efficacy": 0.29901171926768777,
    "stress_prone": 0.8637232813949527,
    "agreeableness": 0.36663889888108453,
    "cooperative": 0.2277873492493232,
    "trusting": 0.1555784850148621,
    "excitement_seeking": 0.7605501808061493,
    "outgoing": 0.17303432476949585,
    "gregariousness": 0.7484711940778888,
    "altruism": 0.7500236657263486,
    "modesty": 0.33841042049262576,
    "uncompromising": 0.767034589825631,
    "sympathy": 0.8889320131013462,
    "fiery": 0.8678221851985082,
    "prone_to_worry": 0.8557147995986294,
    "immoderation": 1
}