{
    "id": "1",
    "extraversion": 0.6815004855358276,
    "active": 0,
    "assertive": 0.015812882883962907,
    "cheerful": 0.17421744811959766,
    "openness": 0.301319938139139,
    "adventurous": 0.17481687506743554,
    "artistic": 0.1314063755050172,
    "emotionally_aware": 0.7005982280939421,
    "imaginative": 0.8502032057353169,
    "intellectual": 0.9161401699974824,
    "conscientiousness": 0.2995696114514524,
    "cautious": 0.711567741239375,
    "disciplined": 0.02451656216656879,
    "dutiful": 0.8736048337789073,
    "neuroticism": 0.6654837974896,
    "melancholy": 0.12508841547480606,
    "self_conscious": 0.8337789073645594,
    "authority_challenging": 0.10464795655353479,
    "achievement_striving": 0.0828408041911932,
    "orderliness": 0.8191648783762722,
    "self_efficacy": 0.7369354896718737,
    "stress_prone": 0.7808614964094326,
    "agreeableness": 0.6477527483725558,
    "cooperative": 0.7500029971347391,
    "trusting": 0.08198961792526345,
    "excitement_seeking": 0.713150228381667,
    "outgoing": 1,
    "gregariousness": 0.17830553990385192,
    "altruism": 0.8501432630405332,
    "modesty": 0.8643496817042906,
    "uncompromising": 0.17826957428698165,
    "sympathy": 0.7863882128684977,
    "fiery": 0.1464639804347044,
    "prone_to_worry": 0.09156846055171257,
    "immoderation": 0.8026686487717741
}