{
    "id": "1",
    "extraversion": 0.23207619886582617,
    "active": 0.8209987336893685,
    "assertive": 0.7497990420084788,
    "cheerful": 0.6760667290645819,
    "openness": 0.28722127401860925,
    "adventurous": 0.6561250894675991,
    "artistic": 0.6755161592247976,
    "emotionally_aware": 0.6676319991190882,
    "imaginative": 0.8597588504101746,
    "intellectual": 0.7151681990860541,
    "conscientiousness": 0.5621758520068271,
    "cautious": 0.6119253427297252,
    "disciplined": 0.7146947090238397,
    "dutiful": 0.7370478445190772,
    "neuroticism": 0.27474536144909983,
    "melancholy": 0,
    "self_conscious": 0.7793756538016847,
    "authority_challenging": 0.04606067279634425,
    "achievement_striving": 0.8952816164730496,
    "orderliness": 0.6639762153829214,
    "self_efficacy": 0.7911578483730662,
    "stress_prone": 0.15504046688322418,
    "agreeableness": 0.27536199966965813,
    "cooperative": 0.734306006716952,
    "trusting": 1,
    "excitement_seeking": 0.8054396300170676,
    "outgoing": 0.8201398447393051,
    "gregariousness": 0.14983207619886585,
    "altruism": 0.11696305676375052,
    "modesty": 0.0513131090678853,
    "uncompromising": 0.7184606067279635,
    "sympathy": 0.806716952045367,
    "fiery": 0.10194351153443813,
    "prone_to_worry": 0.6818367009855201,
    "immoderation": 0.7759511093982271
}