{
    "id": "1",
    "extraversion": 0.3344486267949254,
    "active": 0.9626591169878497,
    "assertive": 0.14849489002563027,
    "cheerful": 0.7061094488948942,
    "openness": 0.6515780330083968,
    "adventurous": 0,
    "artistic": 0.14963163143840683,
    "emotionally_aware": 0.7593968836126928,
    "imaginative": 0.8885135497431608,
    "intellectual": 0.8694570451157652,
    "conscientiousness": 0.14684339778442662,
    "cautious": 0.2280989608467651,
    "disciplined": 0.9163208184538172,
    "dutiful": 0.11190468530493623,
    "neuroticism": 0.73684436294223,
    "melancholy": 0.20579309161492343,
    "self_conscious": 1,
    "authority_challenging": 0.8883526901092773,
    "achievement_striving": 0.2127100558719128,
    "orderliness": 0.22858153974841547,
    "self_efficacy": 0.2251927634612703,
    "stress_prone": 0.8392368818968569,
    "agreeableness": 0.24671578247487908,
    "cooperative": 0.14464498278801916,
    "trusting": 0.09083207326620124,
    "excitement_seeking": 0.8234619138006842,
    "outgoing": 0.7796330255552337,
    "gregariousness": 0.21648489528037831,
    "altruism": 0.23230275927891986,
    "modesty": 0.15950841295885207,
    "uncompromising": 0.2396701305107829,
    "sympathy": 0.7385709230125791,
    "fiery": 0.8845349547984428,
    "prone_to_worry": 0.8898111507898206,
    "immoderation": 0.8862400669176076
}