{
    "id": "1",
    "extraversion": 0.33477167266577046,
    "active": 0.31793442907324687,
    "assertive": 0.026367145149399373,
    "cheerful": 0.20358645214449894,
    "openness": 0.3384795524524047,
    "adventurous": 0.22751420269742836,
    "artistic": 0.2950041198664296,
    "emotionally_aware": 0.7874907845093022,
    "imaginative": 0.992042152738627,
    "intellectual": 0.9254846263931654,
    "conscientiousness": 0.7695476820330456,
    "cautious": 0.9356650331757664,
    "disciplined": 0.19157378897610478,
    "dutiful": 0.24088208508608355,
    "neuroticism": 0.7181577692007459,
    "melancholy": 0.9217225378377206,
    "self_conscious": 0.9407931827052344,
    "authority_challenging": 0.12336831605880573,
    "achievement_striving": 0.8225855414371829,
    "orderliness": 0.2502276768290038,
    "self_efficacy": 0.8309445335877531,
    "stress_prone": 0.3062144932564292,
    "agreeableness": 0.40336744871850466,
    "cooperative": 0.1657053644997615,
    "trusting": 0.188787458259248,
    "excitement_seeking": 0.10634676265232665,
    "outgoing": 0.2735157639099701,
    "gregariousness": 0.797616982523093,
    "altruism": 0.8118738887202394,
    "modesty": 0,
    "uncompromising": 0.8506223166659439,
    "sympathy": 0.8519016436098703,
    "fiery": 0.9211804501496162,
    "prone_to_worry": 1,
    "immoderation": 0.1994991109761915
}