{
    "id": "1",
    "extraversion": 0.27376461516016753,
    "active": 0.11042912819657781,
    "assertive": 0.8452825076592818,
    "cheerful": 0.20897855401096266,
    "openness": 0.6629499176757466,
    "adventurous": 0.10916821241741524,
    "artistic": 0.7413767949813468,
    "emotionally_aware": 0.7642504324628498,
    "imaginative": 0.8492736708280361,
    "intellectual": 1,
    "conscientiousness": 0.6866467976907525,
    "cautious": 0.8176048852670849,
    "disciplined": 0.8674996352722953,
    "dutiful": 0.05995081386382112,
    "neuroticism": 0.7522873637481503,
    "melancholy": 0.7968466684729372,
    "self_conscious": 0.8835893374460723,
    "authority_challenging": 0.8727829765949021,
    "achievement_striving": 0.12121464746462139,
    "orderliness": 0,
    "self_efficacy": 0.20823867780996644,
    "stress_prone": 0.7423250870136096,
    "agreeableness": 0.30002500989975195,
    "cooperative": 0.13874241887413766,
    "trusting": 0.11852608324128301,
    "excitement_seeking": 0.13381338446468397,
    "outgoing": 0.12426793939267629,
    "gregariousness": 0.21262583105812716,
    "altruism": 0.11328442508492947,
    "modesty": 0.7990871386590526,
    "uncompromising": 0.17566328338300577,
    "sympathy": 0.7802880306788104,
    "fiery": 0.8893728767637189,
    "prone_to_worry": 0.9317438152602072,
    "immoderation": 0.8644567641358037
}