{
    "id": "1",
    "extraversion": 0.6621429159947739,
    "active": 0.7378029402417636,
    "assertive": 0.860038371449758,
    "cheerful": 0.19967278334255348,
    "openness": 0.5932861733306654,
    "adventurous": 0.19425840699631586,
    "artistic": 0.21204345625537022,
    "emotionally_aware": 0.7131910686331053,
    "imaginative": 0.8660412669640649,
    "intellectual": 0.87016090114055,
    "conscientiousness": 0.28590261184806787,
    "cautious": 0.21871726362127614,
    "disciplined": 0.08126272672700949,
    "dutiful": 0,
    "neuroticism": 0.6814698854741699,
    "melancholy": 0.7383443778763874,
    "self_conscious": 0.9266234301251192,
    "authority_challenging": 0.8815664026177332,
    "achievement_striving": 0.09291540625478173,
    "orderliness": 0.02983792182111369,
    "self_efficacy": 0.7381089702091597,
    "stress_prone": 0.7900516719829563,
    "agreeableness": 0.20079096976188512,
    "cooperative": 0.030544144822796843,
    "trusting": 0.04304429195258888,
    "excitement_seeking": 0.7217245965701102,
    "outgoing": 0.18047528808013275,
    "gregariousness": 0.6983956967478431,
    "altruism": 0.7380971998257982,
    "modesty": 0.15400369590037546,
    "uncompromising": 0.010357937358019719,
    "sympathy": 0.7083887522216598,
    "fiery": 1,
    "prone_to_worry": 0.8399110159017878,
    "immoderation": 0.9135700749773419
}