{
    "id": "1",
    "extraversion": 0.35022118637356175,
    "active": 0.9254075825630467,
    "assertive": 0,
    "cheerful": 0.19097831129012188,
    "openness": 0.4224603165623904,
    "adventurous": 0.27257402106644646,
    "artistic": 0.27877402785477506,
    "emotionally_aware": 0.9300915292972949,
    "imaginative": 0.9085385859911527,
    "intellectual": 0.8511658954371119,
    "conscientiousness": 0.7574077635851426,
    "cautious": 0.8551257537873217,
    "disciplined": 1,
    "dutiful": 0.16932354305497418,
    "neuroticism": 0.7567968140111103,
    "melancholy": 0.8907305372962089,
    "self_conscious": 0.9608200300949236,
    "authority_challenging": 0.2239922160498716,
    "achievement_striving": 0.2956882799506715,
    "orderliness": 0.2740674533585256,
    "self_efficacy": 0.2465634086460679,
    "stress_prone": 0.8962290834625002,
    "agreeableness": 0.4022424112143189,
    "cooperative": 0.20627467840293257,
    "trusting": 0.1399300802154163,
    "excitement_seeking": 0.1613359430685508,
    "outgoing": 0.26955321483928635,
    "gregariousness": 0.249640784278231,
    "altruism": 0.280244832384853,
    "modesty": 0.15343885413013228,
    "uncompromising": 0.875886725423422,
    "sympathy": 0.850453120934074,
    "fiery": 0.9389276703587632,
    "prone_to_worry": 0.991921888965572,
    "immoderation": 0.22687725570502448
}