{
    "id": "1",
    "extraversion": 0.5432855971840493,
    "active": 0.16530208785380202,
    "assertive": 0.10599353874343026,
    "cheerful": 0.6229422826558657,
    "openness": 0.28067891412314966,
    "adventurous": 0.6577655624668498,
    "artistic": 0.13716186894257199,
    "emotionally_aware": 0.591783596123246,
    "imaginative": 0.06849896330584887,
    "intellectual": 0.19638362505424564,
    "conscientiousness": 0.2334538791648585,
    "cautious": 0.6527508558754038,
    "disciplined": 0.028101644245142002,
    "dutiful": 0.05747625247118953,
    "neuroticism": 0.539707796904383,
    "melancholy": 0.6819229471044891,
    "self_conscious": 0.7540672163556584,
    "authority_challenging": 0.8395872510728578,
    "achievement_striving": 0.20020251699696223,
    "orderliness": 0.12183808283909543,
    "self_efficacy": 0.07959882347268431,
    "stress_prone": 0.6610733400838998,
    "agreeableness": 0.30431554076860023,
    "cooperative": 0.05372486619412699,
    "trusting": 0,
    "excitement_seeking": 0.6275808862529534,
    "outgoing": 0.157857177298809,
    "gregariousness": 0.6787405371522253,
    "altruism": 0.17416461738753072,
    "modesty": 0.06928974396065386,
    "uncompromising": 0.7292540623945224,
    "sympathy": 0.1404117845604899,
    "fiery": 0.7591108539466705,
    "prone_to_worry": 0.6427310863590336,
    "immoderation": 1
}