{
    "id": "1",
    "extraversion": 0.6984479739114682,
    "active": 0.9981762183706747,
    "assertive": 0.8366568029470378,
    "cheerful": 0.895198985445981,
    "openness": 0.6844616220786279,
    "adventurous": 0.733884896430944,
    "artistic": 0.8759707711818348,
    "emotionally_aware": 0.2592185518449182,
    "imaginative": 0.9261911951204783,
    "intellectual": 0.8182257382692192,
    "conscientiousness": 0.36549308533123986,
    "cautious": 0.7538257141131712,
    "disciplined": 0.8527326529379795,
    "dutiful": 0,
    "neuroticism": 0.6682287577752279,
    "melancholy": 0.10032006763693463,
    "self_conscious": 0.811993477867021,
    "authority_challenging": 0.8646657406848239,
    "achievement_striving": 0.8373210942689776,
    "orderliness": 0.9940093000785072,
    "self_efficacy": 0.8705115043178936,
    "stress_prone": 0.8177063832357027,
    "agreeableness": 0.6319584515973187,
    "cooperative": 0.8097952774926023,
    "trusting": 1,
    "excitement_seeking": 0.8759345371097289,
    "outgoing": 0.9019868349538016,
    "gregariousness": 0.8694727942508607,
    "altruism": 0.8534090222839543,
    "modesty": 0.8438432272480223,
    "uncompromising": 0.18681079775348758,
    "sympathy": 0.14851138353765325,
    "fiery": 0.8540008454616826,
    "prone_to_worry": 0.8142279123135455,
    "immoderation": 0.9029651549006583
}