{
    "id": "1",
    "extraversion": 0.27688137007011965,
    "active": 0.8098949508641138,
    "assertive": 0,
    "cheerful": 0.7353960847691787,
    "openness": 0.3290540364413628,
    "adventurous": 0.13075098402106197,
    "artistic": 0.18079920756979384,
    "emotionally_aware": 0.7732450538279071,
    "imaginative": 0.9585016813075097,
    "intellectual": 0.7802439850898001,
    "conscientiousness": 0.6767718895811068,
    "cautious": 0.7875687511404218,
    "disciplined": 0.9783124364622162,
    "dutiful": 0.8591611709198967,
    "neuroticism": 0.7349790162396058,
    "melancholy": 0.0720876886583427,
    "self_conscious": 0.9303886557359957,
    "authority_challenging": 1,
    "achievement_striving": 0.7739227901884628,
    "orderliness": 0.8184187889372572,
    "self_efficacy": 0.9014675598884342,
    "stress_prone": 0.8240101139118422,
    "agreeableness": 0.3485259234157913,
    "cooperative": 0.8496989286552146,
    "trusting": 0.8364700362328286,
    "excitement_seeking": 0.08598128404973546,
    "outgoing": 0.9799285770143106,
    "gregariousness": 0.08861402914266356,
    "altruism": 0.9686025597581002,
    "modesty": 0.8265646586554753,
    "uncompromising": 0.9014023929306885,
    "sympathy": 0.8333159554779344,
    "fiery": 0.8303834423793759,
    "prone_to_worry": 0.8511717019002685,
    "immoderation": 0.010791648202695316
}