{
    "id": "1",
    "extraversion": 0.7537843812082039,
    "active": 0.11336355242172416,
    "assertive": 0.07277763787459073,
    "cheerful": 0.20658104591622595,
    "openness": 0.316139231651697,
    "adventurous": 0.8450152494473824,
    "artistic": 0.1530121156159937,
    "emotionally_aware": 0.7860460561291586,
    "imaginative": 0.8669800498055344,
    "intellectual": 0.9100982120372703,
    "conscientiousness": 0.2973782142757212,
    "cautious": 0.8105990654467108,
    "disciplined": 0.0161588180978762,
    "dutiful": 0.020929516774392084,
    "neuroticism": 0.7554632194521391,
    "melancholy": 0.9510758555079886,
    "self_conscious": 0.8964436609865973,
    "authority_challenging": 0,
    "achievement_striving": 0.12528330395366402,
    "orderliness": 0.15603402445507708,
    "self_efficacy": 0.8355717843252469,
    "stress_prone": 0.8531296342930692,
    "agreeableness": 0.32782114776574606,
    "cooperative": 1,
    "trusting": 0.9719634013262821,
    "excitement_seeking": 0.1178544447242508,
    "outgoing": 0.94455636699404,
    "gregariousness": 0.8666302918380482,
    "altruism": 0.7953356277456,
    "modesty": 0.048364531744033115,
    "uncompromising": 0.9770698676515851,
    "sympathy": 0.8578443716947872,
    "fiery": 0.8867903410839699,
    "prone_to_worry": 0.1423934637231036,
    "immoderation": 0.010310864881501984
}