{
    "id": "1",
    "extraversion": 0.22755937342091964,
    "active": 1,
    "assertive": 0.06046488125315815,
    "cheerful": 0.11104598281960588,
    "openness": 0.24724608388074784,
    "adventurous": 0.10415361293582621,
    "artistic": 0.6872561899949469,
    "emotionally_aware": 0.8386053562405256,
    "imaginative": 0.876311268317332,
    "intellectual": 0.7012632642748863,
    "conscientiousness": 0.6080949974734714,
    "cautious": 0.7194037392622538,
    "disciplined": 0.9174734714502273,
    "dutiful": 0.753623041940374,
    "neuroticism": 0.6833350176856998,
    "melancholy": 0.11907023749368371,
    "self_conscious": 0.9208287013643254,
    "authority_challenging": 0.1585245073269328,
    "achievement_striving": 0.729823143001516,
    "orderliness": 0.20110156644770089,
    "self_efficacy": 0.8286811520970186,
    "stress_prone": 0.8074279939363315,
    "agreeableness": 0.2895199595755432,
    "cooperative": 0.7638908539666498,
    "trusting": 0.13101566447700863,
    "excitement_seeking": 0,
    "outgoing": 0.7879535118746842,
    "gregariousness": 0.08771096513390604,
    "altruism": 0.19030823648307227,
    "modesty": 0.11275391611925215,
    "uncompromising": 0.7187064173825164,
    "sympathy": 0.7179484588175846,
    "fiery": 0.10582112177867611,
    "prone_to_worry": 0.8336533602829711,
    "immoderation": 0.7712885295603841
}