{
    "id": "1",
    "extraversion": 0.4446134495568492,
    "active": 0.27056093446826773,
    "assertive": 0.24034477042930555,
    "cheerful": 0.7777225261064148,
    "openness": 0.6977701075457534,
    "adventurous": 0.7561938748647148,
    "artistic": 0.7697857860200272,
    "emotionally_aware": 0.7309308606585351,
    "imaginative": 0.8592739930382896,
    "intellectual": 0.808816216690555,
    "conscientiousness": 0.6917931767435966,
    "cautious": 0.7592944686576769,
    "disciplined": 0.07822661635514477,
    "dutiful": 0.2815202659880462,
    "neuroticism": 0.7115667748949407,
    "melancholy": 0.8772242860346527,
    "self_conscious": 0.8326849387193964,
    "authority_challenging": 0.8734119207106016,
    "achievement_striving": 0.26239993759811236,
    "orderliness": 0.30462846501106666,
    "self_efficacy": 0.8179132418755669,
    "stress_prone": 0.8555006288940241,
    "agreeableness": 0.4672341338325485,
    "cooperative": 0.8158169284620861,
    "trusting": 0.19747272354988743,
    "excitement_seeking": 0.8271077700100429,
    "outgoing": 0,
    "gregariousness": 0.7918019520090483,
    "altruism": 0.9191895554840536,
    "modesty": 0.24023751718489492,
    "uncompromising": 0.21090862998605717,
    "sympathy": 0.8807051413305254,
    "fiery": 0.3222179970944122,
    "prone_to_worry": 0.8003529606770606,
    "immoderation": 1
}