{
    "id": "1",
    "extraversion": 0.3411468750277785,
    "active": 1,
    "assertive": 0.2849231535063157,
    "cheerful": 0.7788741033094215,
    "openness": 0.7743139817061788,
    "adventurous": 0,
    "artistic": 0.07627758962461216,
    "emotionally_aware": 0.7937722783718677,
    "imaginative": 0.8283065326186476,
    "intellectual": 0.8600496013227019,
    "conscientiousness": 0.3568184040463301,
    "cautious": 0.3974417095566993,
    "disciplined": 0.9648079504342338,
    "dutiful": 0.235970736997431,
    "neuroticism": 0.7400464012373663,
    "melancholy": 0.917180013689254,
    "self_conscious": 0.92970479212779,
    "authority_challenging": 0.7937278327422064,
    "achievement_striving": 0.7816475106002826,
    "orderliness": 0.33530671929029215,
    "self_efficacy": 0.3195640772642826,
    "stress_prone": 0.8933038214352382,
    "agreeableness": 0.3939927286949874,
    "cooperative": 0.3150928469203623,
    "trusting": 0.20338320132981325,
    "excitement_seeking": 0.29971465905757483,
    "outgoing": 0.8510360276274034,
    "gregariousness": 0.185747175480235,
    "altruism": 0.2872076588709032,
    "modesty": 0.3535383165773309,
    "uncompromising": 0.33839124598878195,
    "sympathy": 0.325155337475666,
    "fiery": 0.27028276309590477,
    "prone_to_worry": 0.8111416304434784,
    "immoderation": 0.2910033156439727
}