{
    "id": "1",
    "extraversion": 0.3190147783251231,
    "active": 0.9159895682410896,
    "assertive": 0.008101999420457834,
    "cheerful": 0.8072095044914518,
    "openness": 0.646583598956824,
    "adventurous": 0.2623819182845552,
    "artistic": 0.11097073312083452,
    "emotionally_aware": 0.29902057374674007,
    "imaginative": 0.877519559547957,
    "intellectual": 0.9668733700376703,
    "conscientiousness": 0.28739495798319326,
    "cautious": 0.7345928716314111,
    "disciplined": 0.13567082005215877,
    "dutiful": 0.8812518110692552,
    "neuroticism": 0.6419936250362214,
    "melancholy": 0.03158504781222834,
    "self_conscious": 0.8682121124311794,
    "authority_challenging": 0.1132193567082005,
    "achievement_striving": 0,
    "orderliness": 1,
    "self_efficacy": 0.7613909011880614,
    "stress_prone": 0.7879571138800348,
    "agreeableness": 0.6473022312373224,
    "cooperative": 0.8955317299333527,
    "trusting": 0.06191828455520142,
    "excitement_seeking": 0.8095044914517531,
    "outgoing": 0.8137003767024051,
    "gregariousness": 0.235804114749348,
    "altruism": 0.8895972181976239,
    "modesty": 0.8874760938858303,
    "uncompromising": 0.07973341060562157,
    "sympathy": 0.7708953926398144,
    "fiery": 0.921274992755723,
    "prone_to_worry": 0.7746276441611126,
    "immoderation": 0.07166618371486524
}