{
    "id": "1",
    "extraversion": 0.25835559388343177,
    "active": 0.12486591085964278,
    "assertive": 0.2046358033779946,
    "cheerful": 0.19876743158824636,
    "openness": 0.3158719475001577,
    "adventurous": 0.07031529352375741,
    "artistic": 0.36906589823948843,
    "emotionally_aware": 0.9592684517173925,
    "imaginative": 0.9454388658687923,
    "intellectual": 0.87845739646215,
    "conscientiousness": 0.7964263929495404,
    "cautious": 0.979450181940559,
    "disciplined": 0.13596112992448936,
    "dutiful": 1,
    "neuroticism": 0.8724733399238582,
    "melancholy": 0.8423427213259574,
    "self_conscious": 0.8719685337483961,
    "authority_challenging": 0.1999242790736806,
    "achievement_striving": 0.8539532633615884,
    "orderliness": 0.8811917632459036,
    "self_efficacy": 0.9087983509664933,
    "stress_prone": 0.9010790232000504,
    "agreeableness": 0.7100729865595355,
    "cooperative": 0.8372420755947247,
    "trusting": 0.9463433102664955,
    "excitement_seeking": 0,
    "outgoing": 0.3192688723892055,
    "gregariousness": 0.23681719706371068,
    "altruism": 0.29652104410743957,
    "modesty": 0.8978608838314788,
    "uncompromising": 0.926803104557979,
    "sympathy": 0.2662747407609953,
    "fiery": 0.2772332414866541,
    "prone_to_worry": 0.9994005426666386,
    "immoderation": 0.17667164461645243
}