{
    "id": "1",
    "extraversion": 0.3380348004094165,
    "active": 0.9117911975435004,
    "assertive": 0.8105629477993858,
    "cheerful": 0.15556806550665303,
    "openness": 0.667236438075742,
    "adventurous": 0.23833162743091094,
    "artistic": 0.7305834186284543,
    "emotionally_aware": 0.8231422722620265,
    "imaginative": 0.823654042988741,
    "intellectual": 0.9077993858751278,
    "conscientiousness": 0.6276458546571135,
    "cautious": 0.27639713408393035,
    "disciplined": 0,
    "dutiful": 0.09551688843398158,
    "neuroticism": 0.6633674513817809,
    "melancholy": 0.8676765609007164,
    "self_conscious": 1,
    "authority_challenging": 0.15467758444216986,
    "achievement_striving": 0.7422415557830091,
    "orderliness": 0.21545547594677578,
    "self_efficacy": 0.18818833162743087,
    "stress_prone": 0.7707574206755373,
    "agreeableness": 0.31974411463664276,
    "cooperative": 0.03174002047082905,
    "trusting": 0.014769703172978503,
    "excitement_seeking": 0.16421699078812688,
    "outgoing": 0.208618219037871,
    "gregariousness": 0.20353121801432952,
    "altruism": 0.18129989764585466,
    "modesty": 0.0858546571136131,
    "uncompromising": 0.20463664278403274,
    "sympathy": 0.23239508700102351,
    "fiery": 0.7902763561924258,
    "prone_to_worry": 0.8516479017400204,
    "immoderation": 0.166100307062436
}