{
    "id": "1",
    "extraversion": 0.23189157383490744,
    "active": 1,
    "assertive": 0.10113592165232221,
    "cheerful": 0.03560351447577067,
    "openness": 0.2611223584087124,
    "adventurous": 0.1615422205822222,
    "artistic": 0.21589492475391692,
    "emotionally_aware": 0.7302809386562417,
    "imaginative": 0.7343399387659444,
    "intellectual": 0.6917653159936572,
    "conscientiousness": 0.6149235571600962,
    "cautious": 0.654147260922899,
    "disciplined": 0.9051370785172184,
    "dutiful": 0.12232848979266193,
    "neuroticism": 0.6166588545042934,
    "melancholy": 0.7924325079035813,
    "self_conscious": 0.8868167266707223,
    "authority_challenging": 0.16557130177219734,
    "achievement_striving": 0.7295628845827807,
    "orderliness": 0.14371054442460932,
    "self_efficacy": 0.1949915728376101,
    "stress_prone": 0.7597311286413818,
    "agreeableness": 0.30590100826759486,
    "cooperative": 0.12355516550149095,
    "trusting": 0.7722571830339781,
    "excitement_seeking": 0,
    "outgoing": 0.6953954782539319,
    "gregariousness": 0.24705049316352687,
    "altruism": 0.7438342092928165,
    "modesty": 0.15593740961993,
    "uncompromising": 0.7131772895453322,
    "sympathy": 0.7168972085647894,
    "fiery": 0.7616858313969144,
    "prone_to_worry": 0.7559513717824695,
    "immoderation": 0.8068434542390123
}