{
    "id": "1",
    "extraversion": 0.8056234559025373,
    "active": 0,
    "assertive": 0.0628880668226559,
    "cheerful": 0.12354086874681375,
    "openness": 0.3287408007738461,
    "adventurous": 0.11731872785976653,
    "artistic": 0.11035149867321996,
    "emotionally_aware": 0.8611129266284101,
    "imaginative": 0.9662226637560294,
    "intellectual": 0.9793597469314127,
    "conscientiousness": 0.30434896275865675,
    "cautious": 0.8434399550332676,
    "disciplined": 0.08018195840577248,
    "dutiful": 0.9846799388243291,
    "neuroticism": 0.8291917752709116,
    "melancholy": 0.8389955686853766,
    "self_conscious": 0.9505888811910954,
    "authority_challenging": 0.8913216820695155,
    "achievement_striving": 0.16607626044103999,
    "orderliness": 0.17103044404648307,
    "self_efficacy": 0.7806564620070326,
    "stress_prone": 0.9124848041202075,
    "agreeableness": 0.3300741166782134,
    "cooperative": 0.17777545391563507,
    "trusting": 0.11918798447079121,
    "excitement_seeking": 0.18874263081528345,
    "outgoing": 0.11286126978732301,
    "gregariousness": 0.1319329159095959,
    "altruism": 0.18278192441928862,
    "modesty": 0.9142364152102588,
    "uncompromising": 0.19044195500712408,
    "sympathy": 0.12645586332204808,
    "fiery": 0.9153867269708893,
    "prone_to_worry": 1,
    "immoderation": 0.9705886197566045
}