{
    "id": "1",
    "extraversion": 0.6411232934478942,
    "active": 0.8241526540509199,
    "assertive": 0.026764535343418897,
    "cheerful": 0.13467924727215225,
    "openness": 0.6215407727584208,
    "adventurous": 0.1192346212640346,
    "artistic": 0.0637947393389911,
    "emotionally_aware": 0.8738732802698856,
    "imaginative": 0.8578224658689578,
    "intellectual": 0.8989773865373465,
    "conscientiousness": 0.325628591007327,
    "cautious": 0.7531759000579832,
    "disciplined": 0,
    "dutiful": 0.8828870381108007,
    "neuroticism": 0.6395682884402509,
    "melancholy": 0.04235411944546941,
    "self_conscious": 0.8292525433556481,
    "authority_challenging": 0.028899372726793535,
    "achievement_striving": 1,
    "orderliness": 0.7716778240472301,
    "self_efficacy": 0.7730483369353223,
    "stress_prone": 0.9019292604501609,
    "agreeableness": 0.31807759211427966,
    "cooperative": 0.8260239312635074,
    "trusting": 0.8497311686257973,
    "excitement_seeking": 0.8596410310473881,
    "outgoing": 0.8172210215592219,
    "gregariousness": 0.15311528121870221,
    "altruism": 0.1641716303832165,
    "modesty": 0.043685098307943725,
    "uncompromising": 0.04549048547783459,
    "sympathy": 0.1228058615781983,
    "fiery": 0.9313557535185283,
    "prone_to_worry": 0.7916820410099625,
    "immoderation": 0.8615123082599758
}