{
    "id": "1",
    "extraversion": 0.6603819813092835,
    "active": 0.7923953751560476,
    "assertive": 0.15510261226680355,
    "cheerful": 0.7891635846040764,
    "openness": 0.6827711728949609,
    "adventurous": 0.7412117464502805,
    "artistic": 0.28241415920943636,
    "emotionally_aware": 0.7355531962058545,
    "imaginative": 1,
    "intellectual": 0.9253888065709186,
    "conscientiousness": 0.6727374549357726,
    "cautious": 0.7562506562751572,
    "disciplined": 0.9122049678571011,
    "dutiful": 0.13547852667685595,
    "neuroticism": 0.6847895836007046,
    "melancholy": 0.8585012425476309,
    "self_conscious": 0.7821866504882687,
    "authority_challenging": 0.987691194829135,
    "achievement_striving": 0.21637829450128923,
    "orderliness": 0.2425242967647093,
    "self_efficacy": 0.9371142560464817,
    "stress_prone": 0.8132211734783166,
    "agreeableness": 0.368715800772363,
    "cooperative": 0.824619943764511,
    "trusting": 0.9438578478841688,
    "excitement_seeking": 0.19918096860379644,
    "outgoing": 0.8492025527645225,
    "gregariousness": 0.8058592246036097,
    "altruism": 0.7933404113824363,
    "modesty": 0.8562494895637666,
    "uncompromising": 0.9326224171926591,
    "sympathy": 0.7860834665328837,
    "fiery": 0.809441028572762,
    "prone_to_worry": 0.8750685442941979,
    "immoderation": 0
}