{
    "id": "1",
    "extraversion": 0.26572882657960445,
    "active": 1,
    "assertive": 0.09033992702131746,
    "cheerful": 0.10823890916074515,
    "openness": 0.28909160745150764,
    "adventurous": 0.16786057230651044,
    "artistic": 0.14522757826003457,
    "emotionally_aware": 0.6990013443441522,
    "imaginative": 0.7487420779719609,
    "intellectual": 0.8198002688688305,
    "conscientiousness": 0.5578932206644902,
    "cautious": 0.6512195121951221,
    "disciplined": 0.9180238140964088,
    "dutiful": 0.7598233147685808,
    "neuroticism": 0.5846552717495679,
    "melancholy": 0.16225273670059537,
    "self_conscious": 0.8511907048204341,
    "authority_challenging": 0.17291146533512583,
    "achievement_striving": 0.6920011522949876,
    "orderliness": 0.7094296139811793,
    "self_efficacy": 0.7087286345304399,
    "stress_prone": 0.788006529671596,
    "agreeableness": 0.29033992702131745,
    "cooperative": 0.7752160553101595,
    "trusting": 0.11491261763011332,
    "excitement_seeking": 0,
    "outgoing": 0.6482523526022662,
    "gregariousness": 0.16366429806030344,
    "altruism": 0.13229306702515847,
    "modesty": 0.05657768388707507,
    "uncompromising": 0.7353946610332246,
    "sympathy": 0.66565200691377,
    "fiery": 0.7435759554445939,
    "prone_to_worry": 0.8008738236988671,
    "immoderation": 0.08435759554445937
}