{
    "id": "1",
    "extraversion": 0.19762659748246375,
    "active": 1,
    "assertive": 0.015883539925050438,
    "cheerful": 0.20214278850773518,
    "openness": 0.5975305083117133,
    "adventurous": 0.18982415681752668,
    "artistic": 0.13636014221197276,
    "emotionally_aware": 0.649687710195061,
    "imaginative": 0.7906985682713559,
    "intellectual": 0.7837417123090228,
    "conscientiousness": 0.2775343518785433,
    "cautious": 0.23490919573364086,
    "disciplined": 0.826309214951475,
    "dutiful": 0.07958105121552801,
    "neuroticism": 0.5689151532622273,
    "melancholy": 0,
    "self_conscious": 0.8996732968194485,
    "authority_challenging": 0.8277889881810321,
    "achievement_striving": 0.16979917363313157,
    "orderliness": 0.7289708849812626,
    "self_efficacy": 0.649899106370712,
    "stress_prone": 0.6864514269241857,
    "agreeableness": 0.3021908330931104,
    "cooperative": 0.7323820505429038,
    "trusting": 0.059056404343230534,
    "excitement_seeking": 0.180205630825406,
    "outgoing": 0.6716825213798405,
    "gregariousness": 0.6615162871144422,
    "altruism": 0.675987316229461,
    "modesty": 0.11341404823676375,
    "uncompromising": 0.6873642740463151,
    "sympathy": 0.6641875660613049,
    "fiery": 0.6997213414048237,
    "prone_to_worry": 0.7094551744018449,
    "immoderation": 0.9006822331123283
}