{
    "id": "1",
    "extraversion": 0.31104712331801315,
    "active": 0.001129630655075055,
    "assertive": 0.8278531480148402,
    "cheerful": 0.7195193532310759,
    "openness": 0.6208538678775125,
    "adventurous": 0.22325710172213303,
    "artistic": 0.7107591782490725,
    "emotionally_aware": 0.6845894014065008,
    "imaginative": 1,
    "intellectual": 0.8112077080679994,
    "conscientiousness": 0.26781106373553354,
    "cautious": 0.6731823467523118,
    "disciplined": 0.0652084833047234,
    "dutiful": 0.0967495431640733,
    "neuroticism": 0.6215737305498643,
    "melancholy": 0.8743562766487625,
    "self_conscious": 0.863159643391107,
    "authority_challenging": 0.7641729885375713,
    "achievement_striving": 0.7274932166786643,
    "orderliness": 0.1835317570186611,
    "self_efficacy": 0.7161747605072264,
    "stress_prone": 0.7451686139874854,
    "agreeableness": 0.29769090204330256,
    "cooperative": 0.21690016058474998,
    "trusting": 0,
    "excitement_seeking": 0.21579267955036271,
    "outgoing": 0.025660335566753446,
    "gregariousness": 0.23704524060025473,
    "altruism": 0.024132011739299,
    "modesty": 0.030610775790464586,
    "uncompromising": 0.7831662882773133,
    "sympathy": 0.8225704634808129,
    "fiery": 0.15421673403842956,
    "prone_to_worry": 0.7422005648153276,
    "immoderation": 0.8783764328035882
}