{
    "id": "1",
    "extraversion": 0.3150841332830825,
    "active": 0.24219079078635247,
    "assertive": 0.20255171037754674,
    "cheerful": 0.270811625690026,
    "openness": 0.3508102955195424,
    "adventurous": 0.16204801915445502,
    "artistic": 0.23143857937792364,
    "emotionally_aware": 0.7875606890283106,
    "imaginative": 0.9612255304054804,
    "intellectual": 0.8791540115724833,
    "conscientiousness": 0.7372469904892811,
    "cautious": 0.860864167424125,
    "disciplined": 0.9740616755714192,
    "dutiful": 0.19404970403706748,
    "neuroticism": 0.7608353470636487,
    "melancholy": 0.8683020373777908,
    "self_conscious": 0.9371826989159111,
    "authority_challenging": 0.25358591792848123,
    "achievement_striving": 0.15523089542643048,
    "orderliness": 0.22299199680759088,
    "self_efficacy": 0.8315006540004878,
    "stress_prone": 0.845644800141885,
    "agreeableness": 0.35508901057485537,
    "cooperative": 0.27267386436694974,
    "trusting": 0,
    "excitement_seeking": 0.15534174296672362,
    "outgoing": 0.11157913405901526,
    "gregariousness": 0.20084465825703332,
    "altruism": 0.15428869133393935,
    "modesty": 0.266277961292039,
    "uncompromising": 0.23170461347462706,
    "sympathy": 0.8300263817145899,
    "fiery": 0.8788325537056334,
    "prone_to_worry": 0.8883986964329262,
    "immoderation": 1
}