{
    "id": "1",
    "extraversion": 0.4073403249604623,
    "active": 0.28928372635466465,
    "assertive": 0.14028608536617695,
    "cheerful": 0.3127501479904226,
    "openness": 0.7013155685924566,
    "adventurous": 0.2878700864970888,
    "artistic": 0.3045422015673732,
    "emotionally_aware": 0.9152876315347713,
    "imaginative": 0.18925103593295814,
    "intellectual": 0.8468497919298836,
    "conscientiousness": 0.37359850860995036,
    "cautious": 0.329015841601654,
    "disciplined": 0.15564174831909391,
    "dutiful": 0.23188994813708777,
    "neuroticism": 0.7673590556885752,
    "melancholy": 0.9584036471908327,
    "self_conscious": 0.8945866428703959,
    "authority_challenging": 0.8584416387620051,
    "achievement_striving": 0.29658164211939964,
    "orderliness": 0.22797593278142483,
    "self_efficacy": 0.2435701474603077,
    "stress_prone": 0.8630271330500164,
    "agreeableness": 0.33330977266904044,
    "cooperative": 0.1234637710610251,
    "trusting": 0,
    "excitement_seeking": 0.7761412933037648,
    "outgoing": 0.25537404027106547,
    "gregariousness": 0.3268246998224115,
    "altruism": 0.7803026956345035,
    "modesty": 0.19907583294310988,
    "uncompromising": 0.2976507072616913,
    "sympathy": 0.8141240292270042,
    "fiery": 0.8509758532641829,
    "prone_to_worry": 1,
    "immoderation": 0.8315383052225158
}