{
    "id": "1",
    "extraversion": 0.3483870967741936,
    "active": 0.7644462708033696,
    "assertive": 0.21344565440723237,
    "cheerful": 0.7206246147524142,
    "openness": 0.6349619889048695,
    "adventurous": 0.21250051366344772,
    "artistic": 0.7002917608382987,
    "emotionally_aware": 0.7960221902609411,
    "imaginative": 0.955685227039244,
    "intellectual": 0.8893445654407234,
    "conscientiousness": 0.37452229299363055,
    "cautious": 0.3354920895829053,
    "disciplined": 0.7997370043147729,
    "dutiful": 0.13261557427573453,
    "neuroticism": 0.7045407848777482,
    "melancholy": 0.858319293199096,
    "self_conscious": 1,
    "authority_challenging": 0.2568481610848572,
    "achievement_striving": 0.20694472981302653,
    "orderliness": 0.2370002054653791,
    "self_efficacy": 0.24756934456544072,
    "stress_prone": 0.7713827820012328,
    "agreeableness": 0.32052599137045407,
    "cooperative": 0.11104170947195398,
    "trusting": 0,
    "excitement_seeking": 0.2713704540784878,
    "outgoing": 0.2103718923361414,
    "gregariousness": 0.2622724470926649,
    "altruism": 0.1995561947811794,
    "modesty": 0.17082391617012535,
    "uncompromising": 0.7660406821450586,
    "sympathy": 0.7453955208547359,
    "fiery": 0.696223546332443,
    "prone_to_worry": 0.8136100267104992,
    "immoderation": 0.7580768440517773
}