{
    "id": "1",
    "extraversion": 0.3593387238811945,
    "active": 0.20549795853014172,
    "assertive": 0.817978944840285,
    "cheerful": 0.2561444239852694,
    "openness": 0.667320470738932,
    "adventurous": 0.22473180690096867,
    "artistic": 0.7393623408854375,
    "emotionally_aware": 0.7831238491714034,
    "imaginative": 0.8303478504523256,
    "intellectual": 0.9048615002802016,
    "conscientiousness": 0.6732547434152589,
    "cautious": 0.7189976783283965,
    "disciplined": 0.11235089264270277,
    "dutiful": 0.1540509166599952,
    "neuroticism": 0.650958690256985,
    "melancholy": 0.908103834761028,
    "self_conscious": 1,
    "authority_challenging": 0.8558261948602994,
    "achievement_striving": 0.7696341365783363,
    "orderliness": 0.20117484588904008,
    "self_efficacy": 0.2106216475862621,
    "stress_prone": 0.7558842366503883,
    "agreeableness": 0.30191738051397005,
    "cooperative": 0.06780882235209348,
    "trusting": 0,
    "excitement_seeking": 0.209680970298615,
    "outgoing": 0.15867424545672887,
    "gregariousness": 0.2631694820270595,
    "altruism": 0.24836882555439918,
    "modesty": 0.17755784164598512,
    "uncompromising": 0.8513629813465695,
    "sympathy": 0.7557041069570091,
    "fiery": 0.7962633095828997,
    "prone_to_worry": 0.8564766631975023,
    "immoderation": 0.7756384596909774
}