{
    "id": "1",
    "extraversion": 0.29261019130348703,
    "active": 0.019365456480312813,
    "assertive": 0.035105303536515954,
    "cheerful": 0.10779072932907666,
    "openness": 0.33016556537233643,
    "adventurous": 0.11597000519711934,
    "artistic": 0.06945578736357563,
    "emotionally_aware": 0.8854406414730119,
    "imaginative": 0.9630262083302397,
    "intellectual": 0.865629717623184,
    "conscientiousness": 0.6932338456208083,
    "cautious": 0.842972752245898,
    "disciplined": 1,
    "dutiful": 0.8617566263271215,
    "neuroticism": 0.7719330809018239,
    "melancholy": 0.8862944539312495,
    "self_conscious": 0.9008835102828717,
    "authority_challenging": 0.1310911475734403,
    "achievement_striving": 0.7900611280223724,
    "orderliness": 0.17667730838716064,
    "self_efficacy": 0.8079664414581631,
    "stress_prone": 0.9818100824114633,
    "agreeableness": 0.28670774865741083,
    "cooperative": 0.06341722968792537,
    "trusting": 0.08473779295666589,
    "excitement_seeking": 0,
    "outgoing": 0.8342737644467542,
    "gregariousness": 0.06132600786992351,
    "altruism": 0.22729972529512213,
    "modesty": 0.7977206919593139,
    "uncompromising": 0.19100650877323233,
    "sympathy": 0.8037097532605736,
    "fiery": 0.8759125894028261,
    "prone_to_worry": 0.8876556042269902,
    "immoderation": 0.06196946073700103
}