{
    "id": "1",
    "extraversion": 0.20650074252727252,
    "active": 0.8939693386482653,
    "assertive": 0.022465637177726382,
    "cheerful": 0.18162328744179815,
    "openness": 0.25989571120713717,
    "adventurous": 0.08018177960897284,
    "artistic": 0,
    "emotionally_aware": 0.7254435623443762,
    "imaginative": 0.918132181020333,
    "intellectual": 0.7930526245268483,
    "conscientiousness": 0.24139394142408915,
    "cautious": 0.651514643977713,
    "disciplined": 0.9120133096617872,
    "dutiful": 0.10988287050994316,
    "neuroticism": 0.6524190756931185,
    "melancholy": 0.9042195647561941,
    "self_conscious": 1,
    "authority_challenging": 0.8833394745363392,
    "achievement_striving": 0.10047008117553792,
    "orderliness": 0.8275103563014325,
    "self_efficacy": 0.7866881050480689,
    "stress_prone": 0.7995399680657442,
    "agreeableness": 0.3038108956107147,
    "cooperative": 0.0961600732478031,
    "trusting": 0.0027914559117453324,
    "excitement_seeking": 0.18682656126129144,
    "outgoing": 0.8330262731830413,
    "gregariousness": 0.06942909143692987,
    "altruism": 0.10071572929577151,
    "modesty": 0.09284382362464967,
    "uncompromising": 0.7996292946549203,
    "sympathy": 0.752610011277482,
    "fiery": 0.184079768644134,
    "prone_to_worry": 0.8119563639611875,
    "immoderation": 0.7954086133163613
}