{
    "id": "1",
    "extraversion": 0.7413261791683283,
    "active": 0.8738715875720553,
    "assertive": 0,
    "cheerful": 0.8653760166285996,
    "openness": 0.6822318094478482,
    "adventurous": 0.3307230298855575,
    "artistic": 0.19141016809870812,
    "emotionally_aware": 0.8317079360475655,
    "imaginative": 0.917992966682377,
    "intellectual": 0.9073704818185114,
    "conscientiousness": 0.37506193428319373,
    "cautious": 0.8057740879043855,
    "disciplined": 0.026622678219676364,
    "dutiful": 0.03574665554870753,
    "neuroticism": 0.7274045607801908,
    "melancholy": 0.16734945437407098,
    "self_conscious": 0.9307423654666522,
    "authority_challenging": 0.17884204038719498,
    "achievement_striving": 0.8389466942198697,
    "orderliness": 0.9339931600381878,
    "self_efficacy": 0.8739924349538968,
    "stress_prone": 0.8352850185500731,
    "agreeableness": 0.6840566049136545,
    "cooperative": 0.9015093837992,
    "trusting": 0.9700056798269466,
    "excitement_seeking": 0.8171216570592998,
    "outgoing": 0.890258492549759,
    "gregariousness": 0.8496900264655767,
    "altruism": 0.8627898826571923,
    "modesty": 0.8695452513021306,
    "uncompromising": 0.8852554109415219,
    "sympathy": 0.9114672080629374,
    "fiery": 0.9515522846197537,
    "prone_to_worry": 0.8343303242335256,
    "immoderation": 1
}