{
    "id": "1",
    "extraversion": 0.2755084368350734,
    "active": 1,
    "assertive": 0.9515809787718343,
    "cheerful": 0.1617472413281211,
    "openness": 0.7156093819585334,
    "adventurous": 0.21398881686377352,
    "artistic": 0.949230540848137,
    "emotionally_aware": 0.8750680389925282,
    "imaginative": 0.9666361522094117,
    "intellectual": 0.8768741649760008,
    "conscientiousness": 0.6854124400019793,
    "cautious": 0.7106610915928547,
    "disciplined": 0,
    "dutiful": 0.08347765846899895,
    "neuroticism": 0.6712603295561383,
    "melancholy": 0.7925181849670939,
    "self_conscious": 0.8858676827156218,
    "authority_challenging": 0.9166584195160573,
    "achievement_striving": 0.866321935771191,
    "orderliness": 0.05294670691276158,
    "self_efficacy": 0.8148226037903904,
    "stress_prone": 0.8146988965312485,
    "agreeableness": 0.3016601514176852,
    "cooperative": 0.13615220941164827,
    "trusting": 0.05324360433470232,
    "excitement_seeking": 0.16657182443465782,
    "outgoing": 0.8587139393339602,
    "gregariousness": 0.7138032559750607,
    "altruism": 0.16121530011381066,
    "modesty": 0.0694245138304715,
    "uncompromising": 0.7969716462962046,
    "sympathy": 0.7927161165817211,
    "fiery": 0.80058389826315,
    "prone_to_worry": 0.8297045870651689,
    "immoderation": 0.8471720520560146
}