{
    "id": "1",
    "extraversion": 0.632888318618316,
    "active": 0.8091426592938828,
    "assertive": 0.822258882473345,
    "cheerful": 0.24996181223841385,
    "openness": 0.5910141651136976,
    "adventurous": 0.25388242242792697,
    "artistic": 0.6889072190144503,
    "emotionally_aware": 0.735150052444526,
    "imaginative": 0.8930029837371053,
    "intellectual": 0.7459240929133698,
    "conscientiousness": 0.3388629212110103,
    "cautious": 0.6961985356266357,
    "disciplined": 0,
    "dutiful": 0.9089501929754885,
    "neuroticism": 0.6420635648020856,
    "melancholy": 0.7382458069837778,
    "self_conscious": 0.7983177018095907,
    "authority_challenging": 0.19611197670037372,
    "achievement_striving": 0.7517489994806466,
    "orderliness": 0.7795395065122864,
    "self_efficacy": 0.7434698927687656,
    "stress_prone": 0.8832065499648672,
    "agreeableness": 0.3634558396725018,
    "cooperative": 0.7522581696351287,
    "trusting": 0.13244534058391635,
    "excitement_seeking": 0.22352569781769674,
    "outgoing": 0.11653886495789162,
    "gregariousness": 0.23911648794794246,
    "altruism": 0.19368832676503833,
    "modesty": 0.060835650057536245,
    "uncompromising": 0.8051507652827422,
    "sympathy": 0.16306683367447736,
    "fiery": 0.18900396134380187,
    "prone_to_worry": 0.736209126365849,
    "immoderation": 1
}