{
    "id": "1",
    "extraversion": 0.652953242518277,
    "active": 1,
    "assertive": 0.8527113027928259,
    "cheerful": 0.7789302056487667,
    "openness": 0.40984589491400625,
    "adventurous": 0.2950086782727608,
    "artistic": 0.29329406195760804,
    "emotionally_aware": 0.8697522747593752,
    "imaginative": 0.9706095829169515,
    "intellectual": 0.8745700310313995,
    "conscientiousness": 0.3040130437069374,
    "cautious": 0.17763635407352865,
    "disciplined": 0,
    "dutiful": 0.10623257770998792,
    "neuroticism": 0.8122547730500185,
    "melancholy": 0.9071372219008048,
    "self_conscious": 0.8649029611318573,
    "authority_challenging": 0.8479145847577974,
    "achievement_striving": 0.8488402671856099,
    "orderliness": 0.22033345605638252,
    "self_efficacy": 0.2415399989480882,
    "stress_prone": 0.9179087992426236,
    "agreeableness": 0.35184347551675177,
    "cooperative": 0.22705517277652137,
    "trusting": 0.13969389365171203,
    "excitement_seeking": 0.9084836690685321,
    "outgoing": 0.8662599274180823,
    "gregariousness": 0.7486667017303951,
    "altruism": 0.7647819912691317,
    "modesty": 0.15912270551727767,
    "uncompromising": 0.2963761636774839,
    "sympathy": 0.8829537684742019,
    "fiery": 0.8563719560300848,
    "prone_to_worry": 0.9914269184242361,
    "immoderation": 0.9975700836269921
}