{
    "id": "1",
    "extraversion": 0.1974572137078743,
    "active": 1,
    "assertive": 0.8879019472336274,
    "cheerful": 0.03357860075612831,
    "openness": 0.555652668807675,
    "adventurous": 0.12287084840847189,
    "artistic": 0.6728322289523964,
    "emotionally_aware": 0.8533680230903694,
    "imaginative": 0.6958006423025326,
    "intellectual": 0.6652099678848733,
    "conscientiousness": 0.5632546038456848,
    "cautious": 0.5985609171104517,
    "disciplined": 0.9185535997398269,
    "dutiful": 0.8204906703524533,
    "neuroticism": 0.5731838692629782,
    "melancholy": 0.08130411805357943,
    "self_conscious": 0.7071933818447905,
    "authority_challenging": 0.8086202691166307,
    "achievement_striving": 0.7727753160697589,
    "orderliness": 0.663776982804179,
    "self_efficacy": 0.7125594536363267,
    "stress_prone": 0.6295479491036221,
    "agreeableness": 0.22016138867433635,
    "cooperative": 0.6273425749014188,
    "trusting": 0.003882271637058463,
    "excitement_seeking": 0.05793934712793203,
    "outgoing": 0.12691572828163747,
    "gregariousness": 0.16423431846823042,
    "altruism": 0.6017825927883247,
    "modesty": 0.030255294930688258,
    "uncompromising": 0.6518252774503028,
    "sympathy": 0,
    "fiery": 0.10481117118582056,
    "prone_to_worry": 0.6520387007601935,
    "immoderation": 0.6538070653278588
}