{
    "id": "1",
    "extraversion": 0.5846550117827587,
    "active": 0.9647065271003452,
    "assertive": 0.7991998684715296,
    "cheerful": 0.7361648490162767,
    "openness": 0.6846714528415629,
    "adventurous": 0.25078095029319886,
    "artistic": 0.7990683400010961,
    "emotionally_aware": 0.7490327177070203,
    "imaginative": 1,
    "intellectual": 0.9222776346796734,
    "conscientiousness": 0.23424124513618674,
    "cautious": 0.09635556529840521,
    "disciplined": 0.9079410314024223,
    "dutiful": 0.028815695730805044,
    "neuroticism": 0.6613032279278785,
    "melancholy": 0.8475804241793172,
    "self_conscious": 0.9700005480352935,
    "authority_challenging": 0.08992163095303338,
    "achievement_striving": 0.7625911108675398,
    "orderliness": 0.03816517783745269,
    "self_efficacy": 0.17781553132021702,
    "stress_prone": 0.9058256151696169,
    "agreeableness": 0.23848303830766698,
    "cooperative": 0,
    "trusting": 0.055866717816627345,
    "excitement_seeking": 0.8167589192744013,
    "outgoing": 0.7956814818874336,
    "gregariousness": 0.6935934674193018,
    "altruism": 0.11475859045322515,
    "modesty": 0.04762426700279497,
    "uncompromising": 0.7753493724995889,
    "sympathy": 0.9581410642845399,
    "fiery": 0.8114977804570614,
    "prone_to_worry": 0.82568093385214,
    "immoderation": 0.952638789938072
}