{
    "id": "1",
    "extraversion": 0.202435169685691,
    "active": 1,
    "assertive": 0.12047730822103556,
    "cheerful": 0.22820831735759775,
    "openness": 0.25402822327999774,
    "adventurous": 0.05519343888229075,
    "artistic": 0.3087727829575529,
    "emotionally_aware": 0.7877081911103214,
    "imaginative": 0.9006293660516398,
    "intellectual": 0.850934697427361,
    "conscientiousness": 0.7949463682866842,
    "cautious": 0.9903865036985777,
    "disciplined": 0.10329832698979736,
    "dutiful": 0.23279997755603973,
    "neuroticism": 0.9245789419543079,
    "melancholy": 0.8650930956767322,
    "self_conscious": 0.9150122039033788,
    "authority_challenging": 0.3022079245882936,
    "achievement_striving": 0.3566719347628889,
    "orderliness": 0.32619490709135623,
    "self_efficacy": 0.8313897487211619,
    "stress_prone": 0.9021162784173268,
    "agreeableness": 0.3913572049788185,
    "cooperative": 0.2679247753266064,
    "trusting": 0.2887696033965193,
    "excitement_seeking": 0,
    "outgoing": 0.8350555955598365,
    "gregariousness": 0.3704562670083136,
    "altruism": 0.23995398988151456,
    "modesty": 0.18193635266942848,
    "uncompromising": 0.20186471902967276,
    "sympathy": 0.9252990190119047,
    "fiery": 0.8711623165907625,
    "prone_to_worry": 0.952736760401373,
    "immoderation": 0.9320789653334332
}