{
    "id": "1",
    "extraversion": 0.8152569014637981,
    "active": 0.8843083799980352,
    "assertive": 0.19139895864033796,
    "cheerful": 0.13859416445623346,
    "openness": 0.739500442086649,
    "adventurous": 0.7624889478337754,
    "artistic": 0.8205251006975145,
    "emotionally_aware": 0.7979786815993714,
    "imaginative": 0.9755501522742903,
    "intellectual": 0.8758596129285785,
    "conscientiousness": 0.8505992730130663,
    "cautious": 0.8077045878770018,
    "disciplined": 0.9592666273700757,
    "dutiful": 0.11806169564790256,
    "neuroticism": 0.8048924255820809,
    "melancholy": 0.9567860300618922,
    "self_conscious": 1,
    "authority_challenging": 0.15976520286865115,
    "achievement_striving": 0.1977478141271245,
    "orderliness": 0.13594164456233426,
    "self_efficacy": 0.9428848609883094,
    "stress_prone": 0.7729885057471265,
    "agreeableness": 0.3646723646723647,
    "cooperative": 0.19025690146379803,
    "trusting": 0,
    "excitement_seeking": 0.23202180960801652,
    "outgoing": 0.8249950879261225,
    "gregariousness": 0.09380833087729643,
    "altruism": 0.9041408782788093,
    "modesty": 0.2401021711366539,
    "uncompromising": 0.882761076726594,
    "sympathy": 0.8442995382650555,
    "fiery": 0.1948005698005698,
    "prone_to_worry": 0.8546885745161608,
    "immoderation": 0.14416936830729937
}