{
    "id": "1",
    "extraversion": 0.3074027779728382,
    "active": 1,
    "assertive": 0.8909877392806482,
    "cheerful": 0.1279019142451863,
    "openness": 0.6518545566900271,
    "adventurous": 0.09729927109812783,
    "artistic": 0.7926210974256704,
    "emotionally_aware": 0.8874064295043749,
    "imaginative": 0.8871114981110347,
    "intellectual": 0.8578571127621026,
    "conscientiousness": 0.6755052455654958,
    "cautious": 0.8752580649691728,
    "disciplined": 0.9995365363818941,
    "dutiful": 0.9543277670884653,
    "neuroticism": 0.6911085207083971,
    "melancholy": 0.8774911169473197,
    "self_conscious": 0.8175498223389465,
    "authority_challenging": 0.8894428605536285,
    "achievement_striving": 0.9054955549625718,
    "orderliness": 0.10722862800724686,
    "self_efficacy": 0.9686389618414954,
    "stress_prone": 0.9051584905130402,
    "agreeableness": 0.2939763773998286,
    "cooperative": 0.9838068620704183,
    "trusting": 0.04332682611687708,
    "excitement_seeking": 0.10975661137873405,
    "outgoing": 0.8594862576015055,
    "gregariousness": 0.8107242672359312,
    "altruism": 0.20223866971897247,
    "modesty": 0,
    "uncompromising": 0.8909877392806482,
    "sympathy": 0.9162816173475837,
    "fiery": 0.9340617670603766,
    "prone_to_worry": 0.8753563754336193,
    "immoderation": 0.9324607109251015
}