{
    "id": "1",
    "extraversion": 0.19647617838553474,
    "active": 0.09244817642684851,
    "assertive": 0.052757576307150986,
    "cheerful": 0.5800975715917953,
    "openness": 0.4728232285678014,
    "adventurous": 0.5790456845427012,
    "artistic": 0.573740909338218,
    "emotionally_aware": 0.5847947913455087,
    "imaginative": 0.6179564373673807,
    "intellectual": 0.5979796514263952,
    "conscientiousness": 0.47536226627251127,
    "cautious": 0.5524674005694699,
    "disciplined": 0.6114818912203704,
    "dutiful": 0.06239685159324615,
    "neuroticism": 0.4709733582400842,
    "melancholy": 0,
    "self_conscious": 0.696276682565879,
    "authority_challenging": 0.03171983532526883,
    "achievement_striving": 0.14166923593101072,
    "orderliness": 0.07170967917445002,
    "self_efficacy": 0.5750013601987705,
    "stress_prone": 0.5753459438872668,
    "agreeableness": 0.4616514626670778,
    "cooperative": 0.10242296740963747,
    "trusting": 0.6159614791708229,
    "excitement_seeking": 0.14547779248807557,
    "outgoing": 0.6717840367072309,
    "gregariousness": 0.061580732331017955,
    "altruism": 0.15605107092983186,
    "modesty": 0.643890893922632,
    "uncompromising": 0.5950053501151635,
    "sympathy": 0.5792089083951468,
    "fiery": 0.10284009503255406,
    "prone_to_worry": 0.5848491992963238,
    "immoderation": 1
}