{
    "id": "1",
    "extraversion": 0.6022243713733075,
    "active": 0.7700386847195357,
    "assertive": 0.1512088974854932,
    "cheerful": 0.2615377176015473,
    "openness": 0.6339845261121857,
    "adventurous": 0.19209864603481622,
    "artistic": 0.12312379110251448,
    "emotionally_aware": 0.6860735009671179,
    "imaginative": 0.7939168278529981,
    "intellectual": 0.9481624758220502,
    "conscientiousness": 0.22336557059961315,
    "cautious": 0.21115087040618952,
    "disciplined": 0.16675048355899416,
    "dutiful": 0.034903288201160496,
    "neuroticism": 0.6645454545454546,
    "melancholy": 0.8746615087040619,
    "self_conscious": 0.8517214700193423,
    "authority_challenging": 0.8299129593810445,
    "achievement_striving": 0.21373307543520306,
    "orderliness": 0.13547388781431333,
    "self_efficacy": 0.1729206963249516,
    "stress_prone": 0.8031624758220504,
    "agreeableness": 0.10539651837524175,
    "cooperative": 0,
    "trusting": 0.10558027079303674,
    "excitement_seeking": 0.15489361702127658,
    "outgoing": 0.19991295938104447,
    "gregariousness": 0.6811121856866537,
    "altruism": 0.03684719535783362,
    "modesty": 0.24767891682785298,
    "uncompromising": 0.2038201160541586,
    "sympathy": 0.1709574468085106,
    "fiery": 1,
    "prone_to_worry": 0.8140328820116054,
    "immoderation": 0.8220696324951644
}