{
    "id": "1",
    "extraversion": 0.34441432033951896,
    "active": 0.7922362836860409,
    "assertive": 0.8173936368948969,
    "cheerful": 0.2792312924518361,
    "openness": 0.7423335217420463,
    "adventurous": 0.2889646781564048,
    "artistic": 0.2542751214278187,
    "emotionally_aware": 0.7655077934146366,
    "imaginative": 0.8318787542032708,
    "intellectual": 0.8711188603508235,
    "conscientiousness": 0.6418957109874215,
    "cautious": 0.7378212927392392,
    "disciplined": 0.22093635936886277,
    "dutiful": 0.15505398388626504,
    "neuroticism": 0.6723604418343984,
    "melancholy": 0.8496306869892609,
    "self_conscious": 1,
    "authority_challenging": 0.9615933629039214,
    "achievement_striving": 0.23068890528151137,
    "orderliness": 0.26429591025358534,
    "self_efficacy": 0.7669735493327458,
    "stress_prone": 0.7164001801059561,
    "agreeableness": 0.39311956927852243,
    "cooperative": 0.17501892070547886,
    "trusting": 0.15899140664667621,
    "excitement_seeking": 0.13803971911134957,
    "outgoing": 0,
    "gregariousness": 0.31513752239349324,
    "altruism": 0.2668633781362866,
    "modesty": 0.23489457095504057,
    "uncompromising": 0.7991243784907505,
    "sympathy": 0.7536380445091635,
    "fiery": 0.7717923416648306,
    "prone_to_worry": 0.8094996311659945,
    "immoderation": 0.12445513158272899
}