{
    "id": "1",
    "extraversion": 0.3129892514303498,
    "active": 0.9310200368659183,
    "assertive": 0.08550977904388002,
    "cheerful": 0.735666578890671,
    "openness": 0.32279223421827496,
    "adventurous": 0.17110334426543458,
    "artistic": 0.7270725109520504,
    "emotionally_aware": 0.7632920786153735,
    "imaginative": 0.9401168218705862,
    "intellectual": 0.7880209704833266,
    "conscientiousness": 0.6521676681109808,
    "cautious": 0.7786249491298206,
    "disciplined": 0.8780432336676801,
    "dutiful": 0.9479089363943217,
    "neuroticism": 0.6353625547602518,
    "melancholy": 0.07024872525315391,
    "self_conscious": 0.8532784334378666,
    "authority_challenging": 0.041940966653101305,
    "achievement_striving": 0.15184449285423596,
    "orderliness": 1,
    "self_efficacy": 0.8672946640174276,
    "stress_prone": 0.24035860484044716,
    "agreeableness": 0.6438369281593375,
    "cooperative": 0.9569578435831757,
    "trusting": 0.8854044478490891,
    "excitement_seeking": 0.11390132382160723,
    "outgoing": 0.7940655447298495,
    "gregariousness": 0.7154501711631915,
    "altruism": 0.7919589208340316,
    "modesty": 0.8886721087783976,
    "uncompromising": 0.8381490436406291,
    "sympathy": 0.7975845641921816,
    "fiery": 0.10870658080578366,
    "prone_to_worry": 0.17560385895195463,
    "immoderation": 0
}