{
    "id": "1",
    "extraversion": 0.3411252782837482,
    "active": 0.9769839663585868,
    "assertive": 0.8251703433852795,
    "cheerful": 0.821482380984506,
    "openness": 0.6895027997031639,
    "adventurous": 0.1901774269715982,
    "artistic": 0.18060896354763992,
    "emotionally_aware": 0.8823000292338482,
    "imaginative": 0.8261935280757381,
    "intellectual": 0.8817940587825226,
    "conscientiousness": 0.3288920371494749,
    "cautious": 0.3018732150486856,
    "disciplined": 0.05825406462929227,
    "dutiful": 0.11912793181767072,
    "neuroticism": 0.8082147113719669,
    "melancholy": 0.8883604308619487,
    "self_conscious": 0.9251163732038049,
    "authority_challenging": 0.8909802334210348,
    "achievement_striving": 0.8132069531583799,
    "orderliness": 0.1260316175313139,
    "self_efficacy": 0.8209988981087949,
    "stress_prone": 0.8638939485934021,
    "agreeableness": 0.35139085655175517,
    "cooperative": 0.1844880703411365,
    "trusting": 0.11198812656007551,
    "excitement_seeking": 0.23249904427803636,
    "outgoing": 0.7802401673075624,
    "gregariousness": 0.2136656997009152,
    "altruism": 0.20193842901796755,
    "modesty": 0,
    "uncompromising": 0.14426904135465152,
    "sympathy": 0.23342103487822974,
    "fiery": 0.8552025006184082,
    "prone_to_worry": 0.8149272526928871,
    "immoderation": 1
}