{
    "id": "1",
    "extraversion": 0.37418359676269874,
    "active": 0,
    "assertive": 0.07993673790161182,
    "cheerful": 0.2635920766174302,
    "openness": 0.4136638322382872,
    "adventurous": 0.3511436967324345,
    "artistic": 0.30069022073395746,
    "emotionally_aware": 0.3590221710224444,
    "imaginative": 0.8503187511593169,
    "intellectual": 0.8242426609132,
    "conscientiousness": 0.39329890365221465,
    "cautious": 0.3481367945250949,
    "disciplined": 0.14759203756675224,
    "dutiful": 0.23504603098671298,
    "neuroticism": 0.6932081108258241,
    "melancholy": 0.85912467905224,
    "self_conscious": 0.868096572326737,
    "authority_challenging": 0.8715330319922678,
    "achievement_striving": 0.11377415040368635,
    "orderliness": 0.25611387177709866,
    "self_efficacy": 0.17026095615585124,
    "stress_prone": 0.8572697718464136,
    "agreeableness": 0.34566683914049456,
    "cooperative": 0.1367652370864289,
    "trusting": 0.01822690396462005,
    "excitement_seeking": 0.7533168669641027,
    "outgoing": 0.28214114867569384,
    "gregariousness": 0.25448350596987235,
    "altruism": 0.3012857435737228,
    "modesty": 0.16610205894699842,
    "uncompromising": 0.2720074977301793,
    "sympathy": 0.8341712957991232,
    "fiery": 0.8498110923450908,
    "prone_to_worry": 0.949380558619949,
    "immoderation": 1
}