{
    "id": "1",
    "extraversion": 0.29590700720366736,
    "active": 1,
    "assertive": 0.1735319799170487,
    "cheerful": 0.23840864440078585,
    "openness": 0.7089718402095613,
    "adventurous": 0.185592665356909,
    "artistic": 0.0480571927526741,
    "emotionally_aware": 0.9412901113294041,
    "imaginative": 0.2149421523684785,
    "intellectual": 0.8561886051080551,
    "conscientiousness": 0.7218183802663174,
    "cautious": 0.815378738266754,
    "disciplined": 0.08366077275703994,
    "dutiful": 0.9172560576293385,
    "neuroticism": 0.7693080113512334,
    "melancholy": 0.8901222440515172,
    "self_conscious": 0.8800261951538965,
    "authority_challenging": 0.8421305391835844,
    "achievement_striving": 0.8277996070726915,
    "orderliness": 0.8729862475442044,
    "self_efficacy": 0.25283780833879066,
    "stress_prone": 0.8547915302335736,
    "agreeableness": 0.4191988648766645,
    "cooperative": 0.8637087972058504,
    "trusting": 0.1702903296223532,
    "excitement_seeking": 0,
    "outgoing": 0.7839882121807465,
    "gregariousness": 0.21824929054791534,
    "altruism": 0.2534599432438332,
    "modesty": 0.88646583715346,
    "uncompromising": 0.8184894127919669,
    "sympathy": 0.21317397948046277,
    "fiery": 0.8845776031434185,
    "prone_to_worry": 0.8749836280288147,
    "immoderation": 0.06363239467365206
}