{
    "id": "1",
    "extraversion": 0.4327683955365908,
    "active": 1,
    "assertive": 0.18478674599835732,
    "cheerful": 0.7716208906785263,
    "openness": 0.679708315804235,
    "adventurous": 0.26259590920928744,
    "artistic": 0.2709197267463991,
    "emotionally_aware": 0.795550614019272,
    "imaginative": 0.9320772482320653,
    "intellectual": 0.8160646673477974,
    "conscientiousness": 0.41920588176372786,
    "cautious": 0.7729931686599756,
    "disciplined": 0,
    "dutiful": 0.9234128653564918,
    "neuroticism": 0.7749764609251357,
    "melancholy": 0.30051886130977423,
    "self_conscious": 0.9096099525211851,
    "authority_challenging": 0.8669591521926399,
    "achievement_striving": 0.8214035298595669,
    "orderliness": 0.8917703387623455,
    "self_efficacy": 0.34136666866999216,
    "stress_prone": 0.9484444177334376,
    "agreeableness": 0.41596049442073846,
    "cooperative": 0.23319710719794862,
    "trusting": 0.18391529939699902,
    "excitement_seeking": 0.33764048320211554,
    "outgoing": 0.242252138549993,
    "gregariousness": 0.3423683314301741,
    "altruism": 0.37270869643608395,
    "modesty": 0.32762385560029655,
    "uncompromising": 0.270088346655448,
    "sympathy": 0.8726586132980748,
    "fiery": 0.9049221708035339,
    "prone_to_worry": 0.8874030891279524,
    "immoderation": 0.9414628282949696
}