{
    "id": "1",
    "extraversion": 0.30056857739614756,
    "active": 0.8545834300301695,
    "assertive": 0.03173590160129959,
    "cheerful": 0.1944186586214899,
    "openness": 0.29242283592480856,
    "adventurous": 0.16153399860756557,
    "artistic": 0.13899976792759342,
    "emotionally_aware": 0.7289046182408911,
    "imaginative": 1,
    "intellectual": 0.738883731724298,
    "conscientiousness": 0.6096774193548387,
    "cautious": 0.7047922951961012,
    "disciplined": 0.8618240891158042,
    "dutiful": 0.07519145973543748,
    "neuroticism": 0.6652587607333489,
    "melancholy": 0.7655140403805987,
    "self_conscious": 0.763831515432815,
    "authority_challenging": 0.07997215131120908,
    "achievement_striving": 0.7891274077512184,
    "orderliness": 0.780912044557902,
    "self_efficacy": 0.8683917382223254,
    "stress_prone": 0.8547574843351126,
    "agreeableness": 0.29698305871431885,
    "cooperative": 0.1614295660245997,
    "trusting": 0.8111858899976792,
    "excitement_seeking": 0.11746344859596192,
    "outgoing": 0.7738222325365512,
    "gregariousness": 0.7013692271988861,
    "altruism": 0.7708052912508703,
    "modesty": 0.08580877233696915,
    "uncompromising": 0.7383847760501276,
    "sympathy": 0.7459619401253191,
    "fiery": 0.7750174054304944,
    "prone_to_worry": 0.8335112555117197,
    "immoderation": 0
}