{
    "id": "1",
    "extraversion": 0.3377454560207725,
    "active": 1,
    "assertive": 0.16750851996105162,
    "cheerful": 0.2738660337552743,
    "openness": 0.4233203505355404,
    "adventurous": 0.336741317753976,
    "artistic": 0.24184518013631942,
    "emotionally_aware": 0.8380598831548198,
    "imaginative": 0.8774342745861734,
    "intellectual": 0.818595829276209,
    "conscientiousness": 0.4347107270366764,
    "cautious": 0.7809152872444012,
    "disciplined": 0,
    "dutiful": 0.20619320025965598,
    "neuroticism": 0.6962025316455697,
    "melancholy": 0.2084449042518663,
    "self_conscious": 0.9018378773125609,
    "authority_challenging": 0.2491074326517365,
    "achievement_striving": 0.9108751217137293,
    "orderliness": 0.84382099967543,
    "self_efficacy": 0.8706385913664395,
    "stress_prone": 0.8783674131775397,
    "agreeableness": 0.4182895163907822,
    "cooperative": 0.9113822622525154,
    "trusting": 0.14482919506653685,
    "excitement_seeking": 0.17850332684193446,
    "outgoing": 0.8256957968192146,
    "gregariousness": 0.32516837065887705,
    "altruism": 0.33144677052904903,
    "modesty": 0.23261522233041224,
    "uncompromising": 0.8499472573839661,
    "sympathy": 0.7923462349886401,
    "fiery": 0.2537731256085687,
    "prone_to_worry": 0.8304730606945797,
    "immoderation": 0.07781564427134048
}