{
    "id": "1",
    "extraversion": 0.25365238751939323,
    "active": 0.8703995000861922,
    "assertive": 0,
    "cheerful": 0.818662730563696,
    "openness": 0.6562230649887951,
    "adventurous": 0.8069837097052232,
    "artistic": 0.13702378900189624,
    "emotionally_aware": 0.7407882261679021,
    "imaginative": 0.8160338734700914,
    "intellectual": 0.940559817272884,
    "conscientiousness": 0.2033054645750733,
    "cautious": 0.1754546629891398,
    "disciplined": 0.7849400965350802,
    "dutiful": 0.0855455955869678,
    "neuroticism": 0.6967117738320979,
    "melancholy": 0.9086148939837959,
    "self_conscious": 1,
    "authority_challenging": 0.7959834511291157,
    "achievement_striving": 0.13767022927081538,
    "orderliness": 0.12342699534563006,
    "self_efficacy": 0.1446302361661783,
    "stress_prone": 0.7828714876745388,
    "agreeableness": 0.29641441130839513,
    "cooperative": 0.11223280468884674,
    "trusting": 0.020804602654714698,
    "excitement_seeking": 0.7174625064644028,
    "outgoing": 0.8125,
    "gregariousness": 0.16490691260127568,
    "altruism": 0.1536696259265644,
    "modesty": 0.07063437338389934,
    "uncompromising": 0.9243772625409412,
    "sympathy": 0.8297815031891054,
    "fiery": 0.17457119462161697,
    "prone_to_worry": 0.9287730563695914,
    "immoderation": 0.9882024650922255
}