{
    "id": "1",
    "extraversion": 0.32706842435656,
    "active": 0.1683866917765223,
    "assertive": 0.9430382925298181,
    "cheerful": 0.8559447583176396,
    "openness": 0.6709730069052102,
    "adventurous": 0.2176522284996861,
    "artistic": 0.1428374136848713,
    "emotionally_aware": 0.6928185812931577,
    "imaginative": 0.8929692404268675,
    "intellectual": 0.9724419334588827,
    "conscientiousness": 0.338091650973007,
    "cautious": 0.21074701820464534,
    "disciplined": 0.06986817325800374,
    "dutiful": 0,
    "neuroticism": 0.7348901443816698,
    "melancholy": 0.836572504708098,
    "self_conscious": 0.862887633396108,
    "authority_challenging": 1,
    "achievement_striving": 0.057250470809792814,
    "orderliness": 0.1189579409918393,
    "self_efficacy": 0.12440677966101697,
    "stress_prone": 0.83293157564344,
    "agreeableness": 0.33168863779033275,
    "cooperative": 0.1661770244821092,
    "trusting": 0.03096045197740115,
    "excitement_seeking": 0.7842059008160702,
    "outgoing": 0.08477087256748277,
    "gregariousness": 0.23608286252354052,
    "altruism": 0.15928436911487756,
    "modesty": 0.12998116760828626,
    "uncompromising": 0.1832768361581921,
    "sympathy": 0.19760200878844947,
    "fiery": 0.9228625235404897,
    "prone_to_worry": 0.8828625235404897,
    "immoderation": 0.922284996861268
}