{
    "id": "1",
    "extraversion": 0.800468987897445,
    "active": 0.9463886820551004,
    "assertive": 0.19311854724886363,
    "cheerful": 0.856202976183861,
    "openness": 0.7089607806092397,
    "adventurous": 0.8126937909114146,
    "artistic": 0.8016914681988421,
    "emotionally_aware": 0.8733732676898457,
    "imaginative": 0.9560685033507073,
    "intellectual": 0.9477667507584935,
    "conscientiousness": 0.35835343016859117,
    "cautious": 0.30406419132928064,
    "disciplined": 0.09247507807203743,
    "dutiful": 0,
    "neuroticism": 0.7227303541858837,
    "melancholy": 0.8309198608595149,
    "self_conscious": 0.9578244296018049,
    "authority_challenging": 1,
    "achievement_striving": 0.8920549893866484,
    "orderliness": 0.19874195663528965,
    "self_efficacy": 0.8380547004367588,
    "stress_prone": 0.8003689667818762,
    "agreeableness": 0.3576755092741801,
    "cooperative": 0.08119491892732912,
    "trusting": 0.899156488592036,
    "excitement_seeking": 0.8650715150976317,
    "outgoing": 0.8475678198730844,
    "gregariousness": 0.8349651593114101,
    "altruism": 0.8764628088151944,
    "modesty": 0.27006812549315967,
    "uncompromising": 0.24432935842011091,
    "sympathy": 0.8401884842355609,
    "fiery": 0.9176270546004157,
    "prone_to_worry": 0.9021015547726742,
    "immoderation": 0.9006234649537124
}