{
    "id": "1",
    "extraversion": 0.7940128380610751,
    "active": 0.13179072072497286,
    "assertive": 0.9670316703639023,
    "cheerful": 0.22861896445933824,
    "openness": 0.6636498796431773,
    "adventurous": 0.22382829093311932,
    "artistic": 0.8067565016283571,
    "emotionally_aware": 1,
    "imaginative": 0.8946759805541133,
    "intellectual": 0.945461839807429,
    "conscientiousness": 0.6883230282720536,
    "cautious": 0.90366734318214,
    "disciplined": 0.9144404587718883,
    "dutiful": 0.08190163779676213,
    "neuroticism": 0.7621654788313589,
    "melancholy": 0.8396540331335252,
    "self_conscious": 0.8217657053853779,
    "authority_challenging": 0.908363619200453,
    "achievement_striving": 0.8921272478406569,
    "orderliness": 0.11929485061594369,
    "self_efficacy": 0.8670057110492282,
    "stress_prone": 0.9754684476329823,
    "agreeableness": 0.35741256430830226,
    "cooperative": 0.7921602869684241,
    "trusting": 0.12167838769056495,
    "excitement_seeking": 0.8097536225043659,
    "outgoing": 0.9879997168074762,
    "gregariousness": 0.8154882711096427,
    "altruism": 0.8784160098173408,
    "modesty": 0.20086609713503562,
    "uncompromising": 0.21851843111341862,
    "sympathy": 0,
    "fiery": 0.8642327842544958,
    "prone_to_worry": 0.9219332609619106,
    "immoderation": 0.9989262283475716
}