{
    "id": "1",
    "extraversion": 0.80916983279188,
    "active": 1,
    "assertive": 0.17711946845805113,
    "cheerful": 0.22844740561275997,
    "openness": 0.6405667822990658,
    "adventurous": 0.1847732320173265,
    "artistic": 0.1433658205311749,
    "emotionally_aware": 0.6930877521428702,
    "imaginative": 0.8246333718774664,
    "intellectual": 0.7446175871372721,
    "conscientiousness": 0.2761228273039297,
    "cautious": 0.6841767156727786,
    "disciplined": 0.797725896151093,
    "dutiful": 0.10902483343428226,
    "neuroticism": 0.5988473468788429,
    "melancholy": 0.748683075454729,
    "self_conscious": 0.7655415450691041,
    "authority_challenging": 0.73308187875117,
    "achievement_striving": 0.6846447515738854,
    "orderliness": 0.7267496283244315,
    "self_efficacy": 0.6900592845474735,
    "stress_prone": 0.7659269863994272,
    "agreeableness": 0.2990932951562873,
    "cooperative": 0.202219040801718,
    "trusting": 0.08207147183525136,
    "excitement_seeking": 0.13643705375988843,
    "outgoing": 0.7962483710515206,
    "gregariousness": 0.6888111888111887,
    "altruism": 0.7852724703118403,
    "modesty": 0.15381862232255936,
    "uncompromising": 0.6969421654461024,
    "sympathy": 0.1910045335242186,
    "fiery": 0.705853201916194,
    "prone_to_worry": 0.677119468458051,
    "immoderation": 0
}