{
    "id": "1",
    "extraversion": 0.674791921308422,
    "active": 0.8286828473313543,
    "assertive": 0.08530353297246954,
    "cheerful": 0.8765845992666318,
    "openness": 0.6667714335603283,
    "adventurous": 0.24861183865898376,
    "artistic": 0.20538967464059135,
    "emotionally_aware": 0.7333449740992958,
    "imaginative": 0.8867935510156569,
    "intellectual": 0.9221814795413539,
    "conscientiousness": 0.1921541237413422,
    "cautious": 0.19372562714626618,
    "disciplined": 0.056364588789942334,
    "dutiful": 0.14363541121005763,
    "neuroticism": 0.7576508934287877,
    "melancholy": 0.8801466736511262,
    "self_conscious": 0.9470577964030032,
    "authority_challenging": 0.1837727722484139,
    "achievement_striving": 0,
    "orderliness": 0.09807345323322274,
    "self_efficacy": 0.23472440486584017,
    "stress_prone": 0.8732204179034981,
    "agreeableness": 0.307269658343519,
    "cooperative": 0.18569349863221,
    "trusting": 0.01744950817763803,
    "excitement_seeking": 0.8269367324369944,
    "outgoing": 0.9598626389616437,
    "gregariousness": 0.7602351434724405,
    "altruism": 0.8317792910773528,
    "modesty": 0.21679762528374363,
    "uncompromising": 0.15548571095978111,
    "sympathy": 0.8269483732029568,
    "fiery": 0.9178860369012282,
    "prone_to_worry": 0.938967464059135,
    "immoderation": 1
}