{
    "id": "1",
    "extraversion": 0.5408073329807862,
    "active": 0.9996091325040809,
    "assertive": 0.33477417822025,
    "cheerful": 0.4507851838226841,
    "openness": 0.5304685045103044,
    "adventurous": 0.45680147763241596,
    "artistic": 0.4496279094720223,
    "emotionally_aware": 0.897531403520873,
    "imaginative": 0.9898451091746563,
    "intellectual": 0.8753592532131607,
    "conscientiousness": 0.5839866951770016,
    "cautious": 0.8733359391166394,
    "disciplined": 0,
    "dutiful": 0.9969037163068386,
    "neuroticism": 0.7693881774078586,
    "melancholy": 0.42578499222097044,
    "self_conscious": 0.9241563776546416,
    "authority_challenging": 0.43429210830861664,
    "achievement_striving": 0.9454011756681152,
    "orderliness": 0.9250224174005012,
    "self_efficacy": 0.8727074854957503,
    "stress_prone": 0.9378903884916345,
    "agreeableness": 0.7985806145050162,
    "cooperative": 1,
    "trusting": 0.454249342806122,
    "excitement_seeking": 0.3155986787145824,
    "outgoing": 0.8910246093241058,
    "gregariousness": 0.4966239778048575,
    "altruism": 0.4563722897937598,
    "modesty": 0.29747315659991264,
    "uncompromising": 0.4405613163804137,
    "sympathy": 0.45891676055150626,
    "fiery": 0.9053104330965136,
    "prone_to_worry": 0.8435840250155197,
    "immoderation": 0.9513255006552778
}