{
    "id": "1",
    "extraversion": 0.28293540388577815,
    "active": 0.2276171961398321,
    "assertive": 0.09852973702897454,
    "cheerful": 0.7821612749263704,
    "openness": 0.6768564543729555,
    "adventurous": 0.8025796537955601,
    "artistic": 0.2688148260247023,
    "emotionally_aware": 0.7519062198060603,
    "imaginative": 0.8665704340942691,
    "intellectual": 0.8467806712221925,
    "conscientiousness": 0.32912703863660175,
    "cautious": 0.7945356972399101,
    "disciplined": 0.8638697135140798,
    "dutiful": 0.08887931736959126,
    "neuroticism": 0.6800460985064549,
    "melancholy": 0.9609443209201076,
    "self_conscious": 1,
    "authority_challenging": 0.9053467282865558,
    "achievement_striving": 0.14936614553624436,
    "orderliness": 0.14056552157666202,
    "self_efficacy": 0.8370371232669406,
    "stress_prone": 0.27352944600304996,
    "agreeableness": 0.6452393979255673,
    "cooperative": 0.8133592540423501,
    "trusting": 0.13905218676879738,
    "excitement_seeking": 0.14529178259199327,
    "outgoing": 0.8363270200109425,
    "gregariousness": 0.15928430904624985,
    "altruism": 0.8091335576173125,
    "modesty": 0.12609571260607894,
    "uncompromising": 0.8643120729194557,
    "sympathy": 0.8273284984226396,
    "fiery": 0.1372943901842776,
    "prone_to_worry": 0.8323341443255765,
    "immoderation": 0
}