{
    "id": "1",
    "extraversion": 0.7031360234613842,
    "active": 0.948567555229703,
    "assertive": 0.9025301221485981,
    "cheerful": 0.791282214444798,
    "openness": 0.7104538726500574,
    "adventurous": 0.1845093997703662,
    "artistic": 0.8232234503174756,
    "emotionally_aware": 0.8276362932119685,
    "imaginative": 0.969926268173581,
    "intellectual": 0.926987508472935,
    "conscientiousness": 0.6866881544910014,
    "cautious": 0.7834386974505112,
    "disciplined": 0,
    "dutiful": 0.886165253358049,
    "neuroticism": 0.7640996555492536,
    "melancholy": 0.9936089861528032,
    "self_conscious": 0.8495898407779884,
    "authority_challenging": 0.8988227807826917,
    "achievement_striving": 0.8772565673892294,
    "orderliness": 0.8603383640664556,
    "self_efficacy": 0.8660238763850655,
    "stress_prone": 0.9027652893247936,
    "agreeableness": 0.36539445835465983,
    "cooperative": 0.1331599551799029,
    "trusting": 0.050975943781211515,
    "excitement_seeking": 0.08964019422042084,
    "outgoing": 0.8976607782650197,
    "gregariousness": 0.8091964199255766,
    "altruism": 0.8252984548133188,
    "modesty": 0.04378259486228888,
    "uncompromising": 0.15937417864405376,
    "sympathy": 0.7985170634536374,
    "fiery": 0.8925839339318569,
    "prone_to_worry": 1,
    "immoderation": 0.06598514296780979
}