{
    "id": "1",
    "extraversion": 0.35696725726990475,
    "active": 1,
    "assertive": 0.9172567801839392,
    "cheerful": 0.7499681681505207,
    "openness": 0.6820047209081382,
    "adventurous": 0.14332167797921624,
    "artistic": 0.8287348553854594,
    "emotionally_aware": 0.8188816736696737,
    "imaginative": 0.7880390601279151,
    "intellectual": 0.7292235967051588,
    "conscientiousness": 0.3215408574031088,
    "cautious": 0.24293088081176115,
    "disciplined": 0,
    "dutiful": 0.08772857716530034,
    "neuroticism": 0.6978324959108317,
    "melancholy": 0.7353940782965555,
    "self_conscious": 0.9189708028482161,
    "authority_challenging": 0.7541895611122539,
    "achievement_striving": 0.8073046748743867,
    "orderliness": 0.15585852946649822,
    "self_efficacy": 0.20113811104907983,
    "stress_prone": 0.7931615392902968,
    "agreeableness": 0.32158003506400656,
    "cooperative": 0.7762074065367929,
    "trusting": 0.09897256584295634,
    "excitement_seeking": 0.7143948520553581,
    "outgoing": 0.7156779204497595,
    "gregariousness": 0.6762456047561681,
    "altruism": 0.19760232715305734,
    "modesty": 0.17848362863495232,
    "uncompromising": 0.21039383343617474,
    "sympathy": 0.2317260697950029,
    "fiery": 0.8452776226995368,
    "prone_to_worry": 0.7450709605383011,
    "immoderation": 0.9411061812554483
}