{
    "id": "1",
    "extraversion": 0.6568720898384006,
    "active": 0.21385921665297183,
    "assertive": 0.20216926869350868,
    "cheerful": 0.8532456861133937,
    "openness": 0.6809531635168448,
    "adventurous": 0.2853464804163243,
    "artistic": 0.7320295809367298,
    "emotionally_aware": 0.738756505067105,
    "imaginative": 0.8391454396055875,
    "intellectual": 0.918499041358532,
    "conscientiousness": 0.28353875650506716,
    "cautious": 0.2730758696247604,
    "disciplined": 0.17827444535743636,
    "dutiful": 0.0035935360175294497,
    "neuroticism": 0.7269679539852096,
    "melancholy": 0.8084360449192003,
    "self_conscious": 0.9036647493837306,
    "authority_challenging": 0.8350150643659271,
    "achievement_striving": 0.18517666392769105,
    "orderliness": 0.12904957545877843,
    "self_efficacy": 0.2441741988496303,
    "stress_prone": 0.82557107641742,
    "agreeableness": 0.24953163516844704,
    "cooperative": 0.13933716789920572,
    "trusting": 0,
    "excitement_seeking": 0.8637962202136401,
    "outgoing": 0.7833470282114491,
    "gregariousness": 0.2651328403177212,
    "altruism": 0.7971952889619284,
    "modesty": 0.8036154478225145,
    "uncompromising": 0.1923966036702274,
    "sympathy": 0.7875431388660642,
    "fiery": 1,
    "prone_to_worry": 0.8719693234730211,
    "immoderation": 0.8500246507806081
}