{
    "id": "1",
    "extraversion": 0.37288976212731056,
    "active": 1,
    "assertive": 0.9709669419911108,
    "cheerful": 0.2934875913244187,
    "openness": 0.645117601052973,
    "adventurous": 0.30386471586898883,
    "artistic": 0.7509299353337276,
    "emotionally_aware": 0.7934112889380616,
    "imaginative": 0.23803483203937212,
    "intellectual": 0.7933635999465884,
    "conscientiousness": 0.29343990233294553,
    "cautious": 0.3043702191786049,
    "disciplined": 0,
    "dutiful": 0.12493561986151122,
    "neuroticism": 0.7058924517864297,
    "melancholy": 0.8709535890734983,
    "self_conscious": 0.8477195124277512,
    "authority_challenging": 0.8523453446006525,
    "achievement_striving": 0.7819468553879024,
    "orderliness": 0.1524235545466685,
    "self_efficacy": 0.1570493867195697,
    "stress_prone": 0.8284436220742804,
    "agreeableness": 0.2400568452778361,
    "cooperative": 0.02959578810827309,
    "trusting": 0.08383724700990026,
    "excitement_seeking": 0.7473055719817637,
    "outgoing": 0.22809644621635547,
    "gregariousness": 0.213656219598268,
    "altruism": 0.14662457318352634,
    "modesty": 0.17253877115006777,
    "uncompromising": 0.25827404002060167,
    "sympathy": 0.2885851630009729,
    "fiery": 0.9147034698510197,
    "prone_to_worry": 0.9002250920397536,
    "immoderation": 0.8886366671117639
}