{
    "id": "1",
    "extraversion": 0.2565194448194191,
    "active": 0.1772920833998061,
    "assertive": 0.1302784493232049,
    "cheerful": 0.12336937180163708,
    "openness": 0.30474799661295665,
    "adventurous": 0.13937192435603227,
    "artistic": 0.1980193159645097,
    "emotionally_aware": 0.7304232576975468,
    "imaginative": 0.9338053922711599,
    "intellectual": 0.9589259636506436,
    "conscientiousness": 0.6706468516450478,
    "cautious": 0.7953538601249279,
    "disciplined": 0.12916170677531386,
    "dutiful": 0.10993164553855216,
    "neuroticism": 0.7093278682489231,
    "melancholy": 0.8979223679850773,
    "self_conscious": 1,
    "authority_challenging": 0.851546872507271,
    "achievement_striving": 0.7647232073827727,
    "orderliness": 0.1500730177819775,
    "self_efficacy": 0.8172960104065681,
    "stress_prone": 0.8727772528133323,
    "agreeableness": 0.30391350767607106,
    "cooperative": 0.11568716482383695,
    "trusting": 0,
    "excitement_seeking": 0.04956618847178075,
    "outgoing": 0.9049050768834291,
    "gregariousness": 0.14161768134794508,
    "altruism": 0.18031096984795122,
    "modesty": 0.17348779559929806,
    "uncompromising": 0.09160970461546013,
    "sympathy": 0.06042681654742475,
    "fiery": 0.1594732902180716,
    "prone_to_worry": 0.8717832292267479,
    "immoderation": 0.9293261501834648
}