{
    "id": "1",
    "extraversion": 0.593561571027986,
    "active": 0.6844839909829005,
    "assertive": 0.7645748950754173,
    "cheerful": 0.7006396275864597,
    "openness": 0.5769660759122482,
    "adventurous": 0.2528544984696589,
    "artistic": 0.22068984476660009,
    "emotionally_aware": 0.6844931547019042,
    "imaginative": 1,
    "intellectual": 0.7179773839414988,
    "conscientiousness": 0.5932133497058446,
    "cautious": 0.6695288015688287,
    "disciplined": 0.7712552462291296,
    "dutiful": 0.1287319245642652,
    "neuroticism": 0.5609204039367337,
    "melancholy": 0.15285999670106115,
    "self_conscious": 0.6883327529644631,
    "authority_challenging": 0.7626138592086211,
    "achievement_striving": 0.07162362773307919,
    "orderliness": 0.6865549914777412,
    "self_efficacy": 0.6708117222293495,
    "stress_prone": 0.7783479647380092,
    "agreeableness": 0.3364367795025933,
    "cooperative": 0.2210105749317303,
    "trusting": 0.14798489819108188,
    "excitement_seeking": 0.6667430309916975,
    "outgoing": 0.7223118230302585,
    "gregariousness": 0.6690064695856166,
    "altruism": 0.6855653098253394,
    "modesty": 0.7532210472298076,
    "uncompromising": 0.7123050418781958,
    "sympathy": 0.2335923611238385,
    "fiery": 0.7303667320345288,
    "prone_to_worry": 0.13672268753550945,
    "immoderation": 0
}