{
    "id": "1",
    "extraversion": 0.616992230854606,
    "active": 0.7914095449500556,
    "assertive": 0.7454827968923419,
    "cheerful": 0.14435072142064373,
    "openness": 0.3311098779134295,
    "adventurous": 0.10412874583795778,
    "artistic": 0.20120976692563816,
    "emotionally_aware": 0.7768701442841286,
    "imaginative": 0.8038290788013319,
    "intellectual": 1,
    "conscientiousness": 0.2743840177580466,
    "cautious": 0.6939844617092119,
    "disciplined": 0.9143507214206438,
    "dutiful": 0.1260266370699223,
    "neuroticism": 0.7252497225305216,
    "melancholy": 0.7971587125416204,
    "self_conscious": 0.7323418423973362,
    "authority_challenging": 0.8566148723640399,
    "achievement_striving": 0.21199778024417312,
    "orderliness": 0.13913429522752493,
    "self_efficacy": 0.13933407325194228,
    "stress_prone": 0.8006215316315205,
    "agreeableness": 0.2694339622641509,
    "cooperative": 0.7071920088790232,
    "trusting": 0,
    "excitement_seeking": 0.18065482796892338,
    "outgoing": 0.06714761376248612,
    "gregariousness": 0.18035516093229742,
    "altruism": 0.118834628190899,
    "modesty": 0.11359600443951165,
    "uncompromising": 0.1086015538290788,
    "sympathy": 0.20568257491675915,
    "fiery": 0.8305438401775804,
    "prone_to_worry": 0.8814317425083241,
    "immoderation": 0.8192230854605993
}