{
    "id": "1",
    "extraversion": 0.7137651915227269,
    "active": 0.18446601941747576,
    "assertive": 0.9081244378848328,
    "cheerful": 0.20981020685838161,
    "openness": 0.6933676175541361,
    "adventurous": 0.2724211885709015,
    "artistic": 0.2092336784816549,
    "emotionally_aware": 0.7263911629730416,
    "imaginative": 0.8931347000899386,
    "intellectual": 0.9306090445771742,
    "conscientiousness": 0.6433134238867237,
    "cautious": 0.8131471531028758,
    "disciplined": 0.1581417337361345,
    "dutiful": 0.9015981366602864,
    "neuroticism": 0.6923183359084935,
    "melancholy": 0.9144085971911539,
    "self_conscious": 0.21659018056868762,
    "authority_challenging": 0.8882918617254343,
    "achievement_striving": 0.9250859027281323,
    "orderliness": 0.1656942554712543,
    "self_efficacy": 0.8651154209810208,
    "stress_prone": 1,
    "agreeableness": 0.3578165717316607,
    "cooperative": 0.174907178931347,
    "trusting": 0,
    "excitement_seeking": 0.06066231579918363,
    "outgoing": 0.13554182136844775,
    "gregariousness": 0.7915042778405553,
    "altruism": 0.20600511957198533,
    "modesty": 0.2017503401517423,
    "uncompromising": 0.8596384014021171,
    "sympathy": 0.05938242280285035,
    "fiery": 0.9486889744713235,
    "prone_to_worry": 0.8711689689366512,
    "immoderation": 0.023683785715932944
}