{
    "id": "1",
    "extraversion": 0.7243510762763634,
    "active": 0.7052793969953305,
    "assertive": 0.7451518383152315,
    "cheerful": 0.16951223300166693,
    "openness": 0.3355870080656016,
    "adventurous": 0,
    "artistic": 0.17856144456063697,
    "emotionally_aware": 0.8639408591574086,
    "imaginative": 0.920110164314631,
    "intellectual": 0.8349502500440036,
    "conscientiousness": 0.5915016100141847,
    "cautious": 0.7175279293457442,
    "disciplined": 0.8539598065912222,
    "dutiful": 0.11342575815619725,
    "neuroticism": 0.6611101332532641,
    "melancholy": 0.7623080666369857,
    "self_conscious": 1,
    "authority_challenging": 0.08907364650093702,
    "achievement_striving": 0.7807171034239981,
    "orderliness": 0.17619042688671918,
    "self_efficacy": 0.7728689313854405,
    "stress_prone": 0.8649451766874088,
    "agreeableness": 0.3283082944203431,
    "cooperative": 0.7262147582907965,
    "trusting": 0.12503235559052833,
    "excitement_seeking": 0.17271155379311062,
    "outgoing": 0.7928931592516282,
    "gregariousness": 0.10713065446300074,
    "altruism": 0.0957311328080511,
    "modesty": 0.13089260014702378,
    "uncompromising": 0.19265295134754565,
    "sympathy": 0.2108859737220836,
    "fiery": 0.150005694583933,
    "prone_to_worry": 0.7341768220080138,
    "immoderation": 0.7754366710497707
}