{
    "id": "1",
    "extraversion": 0.27731707609778344,
    "active": 0.833451342302015,
    "assertive": 0.08898676299398754,
    "cheerful": 0.12855377008652658,
    "openness": 0.6926566419047847,
    "adventurous": 0.1264776122985347,
    "artistic": 0.7779471239814225,
    "emotionally_aware": 0.8915357567175106,
    "imaginative": 0.8591932986907006,
    "intellectual": 0.8869634092191007,
    "conscientiousness": 0.6963649237342039,
    "cautious": 0.8021889663614434,
    "disciplined": 0.9510482796692549,
    "dutiful": 0.8686500174013224,
    "neuroticism": 0.7058576451810338,
    "melancholy": 0.9299626771634645,
    "self_conscious": 0.8855232997707826,
    "authority_challenging": 0.9278745184634032,
    "achievement_striving": 0.9600129609850349,
    "orderliness": 0.13077393881935023,
    "self_efficacy": 1,
    "stress_prone": 0.8535888727543294,
    "agreeableness": 0.24982298654697754,
    "cooperative": 0.8756225473135959,
    "trusting": 0.1552678003528268,
    "excitement_seeking": 0,
    "outgoing": 0.8204903572671522,
    "gregariousness": 0.2408943079674055,
    "altruism": 0.8725023101755733,
    "modesty": 0.17539332989307188,
    "uncompromising": 0.8650857465167353,
    "sympathy": 0.7899360351386706,
    "fiery": 0.8408559050487837,
    "prone_to_worry": 0.8753225245118629,
    "immoderation": 0.0986955008580652
}