{
    "id": "1",
    "extraversion": 0.4083000260665567,
    "active": 0.2368038057172648,
    "assertive": 0.21129116343731,
    "cheerful": 0.8957446346337649,
    "openness": 0.44318576766009216,
    "adventurous": 0.26486879833174043,
    "artistic": 0.2935528716656531,
    "emotionally_aware": 0.7448192718741854,
    "imaginative": 0.8954079416109133,
    "intellectual": 0.8154487792162656,
    "conscientiousness": 0.3903466852028848,
    "cautious": 0.2987335997914676,
    "disciplined": 0.13448170996611353,
    "dutiful": 0.15334738031106096,
    "neuroticism": 0.7439721087844295,
    "melancholy": 0.9028803545051699,
    "self_conscious": 0.9295225475714659,
    "authority_challenging": 0.8883699713267879,
    "achievement_striving": 0.23056955426188205,
    "orderliness": 0.24443913459032066,
    "self_efficacy": 0.27928143192284305,
    "stress_prone": 0.8299157181336346,
    "agreeableness": 0.3654422625771136,
    "cooperative": 0.06727343817881663,
    "trusting": 0,
    "excitement_seeking": 0.8132439829698498,
    "outgoing": 0.1967916413241811,
    "gregariousness": 0.30806325484403513,
    "altruism": 0.29675688591537064,
    "modesty": 0.2067620992266922,
    "uncompromising": 0.16452341645668614,
    "sympathy": 0.8880984446954557,
    "fiery": 1,
    "prone_to_worry": 0.8880332783039362,
    "immoderation": 0.944847510643844
}