{
    "id": "1",
    "extraversion": 0.216820987654321,
    "active": 1,
    "assertive": 0,
    "cheerful": 0.16565965683197323,
    "openness": 0.26622985980330616,
    "adventurous": 0.21692561205273073,
    "artistic": 0.7861346516007534,
    "emotionally_aware": 0.7802495291902072,
    "imaginative": 0.8710373509102323,
    "intellectual": 0.7675245867336263,
    "conscientiousness": 0.6228944339820046,
    "cautious": 0.21185132872985984,
    "disciplined": 0.004695019878635747,
    "dutiful": 0.911173885750157,
    "neuroticism": 0.6509860849550115,
    "melancholy": 0.8406831973216153,
    "self_conscious": 0.9065704122201298,
    "authority_challenging": 0.8373613726721071,
    "achievement_striving": 0.9617728604310526,
    "orderliness": 0.776744611843482,
    "self_efficacy": 0.8493670223896214,
    "stress_prone": 0.7863700564971752,
    "agreeableness": 0.29736869637999586,
    "cooperative": 0.8204776103787403,
    "trusting": 0.08388261142498435,
    "excitement_seeking": 0.10512136430215527,
    "outgoing": 0.8035284578363675,
    "gregariousness": 0.2007872985980331,
    "altruism": 0.11927181418706843,
    "modesty": 0.1557334170328521,
    "uncompromising": 0.9209431889516637,
    "sympathy": 0.03903797865662271,
    "fiery": 0.030432621887424165,
    "prone_to_worry": 0.8154556392550744,
    "immoderation": 0.9213093743460976
}