{
    "id": "1",
    "extraversion": 0.316505212058167,
    "active": 0.26768957371649,
    "assertive": 0.05492707452918104,
    "cheerful": 0.779056411590057,
    "openness": 0.4350172290488265,
    "adventurous": 0.24558437899573066,
    "artistic": 0.2611230305788527,
    "emotionally_aware": 0.7693149556812517,
    "imaginative": 0.9297834991222937,
    "intellectual": 0.875734130854084,
    "conscientiousness": 0.38720932752530174,
    "cautious": 0.3617991894761936,
    "disciplined": 0.878085516763106,
    "dutiful": 0,
    "neuroticism": 0.7878551459593004,
    "melancholy": 0.8959213748564246,
    "self_conscious": 1,
    "authority_challenging": 0.9031380707799666,
    "achievement_striving": 0.8394664412803675,
    "orderliness": 0.8386429144182216,
    "self_efficacy": 0.32483800359751214,
    "stress_prone": 0.8418503348286848,
    "agreeableness": 0.43106213293457296,
    "cooperative": 0.2772793273085842,
    "trusting": 0.9014910170556747,
    "excitement_seeking": 0.8352621199315172,
    "outgoing": 0.8597187005612985,
    "gregariousness": 0.18241119996532518,
    "altruism": 0.8904059120559998,
    "modesty": 0.8519493747697375,
    "uncompromising": 0.2768675638775112,
    "sympathy": 0.8304618251955875,
    "fiery": 0.2671586156080012,
    "prone_to_worry": 0.8723208287280845,
    "immoderation": 0.22572221138634244
}