{
    "id": "1",
    "extraversion": 0.21511504424778763,
    "active": 0.9092271386430679,
    "assertive": 0.016530973451327462,
    "cheerful": 0.19282595870206493,
    "openness": 0.6146194690265487,
    "adventurous": 0.15002949852507375,
    "artistic": 0.13584660766961654,
    "emotionally_aware": 0.7950914454277287,
    "imaginative": 0.9659587020648969,
    "intellectual": 0.8375811209439529,
    "conscientiousness": 0.6189380530973452,
    "cautious": 0.7638702064896756,
    "disciplined": 1,
    "dutiful": 0.9359764011799411,
    "neuroticism": 0.6623834808259588,
    "melancholy": 0.7968023598820059,
    "self_conscious": 0.8687197640117995,
    "authority_challenging": 0.0793864306784661,
    "achievement_striving": 0.17752212389380534,
    "orderliness": 0.8254395280235989,
    "self_efficacy": 0.8486135693215341,
    "stress_prone": 0.8212625368731564,
    "agreeableness": 0.2583008849557522,
    "cooperative": 0.7995634218289086,
    "trusting": 0.008365781710914438,
    "excitement_seeking": 0.037616519174041324,
    "outgoing": 0.01681415929203538,
    "gregariousness": 0.12302064896755166,
    "altruism": 0.7582772861356932,
    "modesty": 0.026843657817109137,
    "uncompromising": 0.8597640117994101,
    "sympathy": 0.1238938053097345,
    "fiery": 0.11520943952802362,
    "prone_to_worry": 0.8786902654867258,
    "immoderation": 0
}