{
    "id": "1",
    "extraversion": 0.33246181061625923,
    "active": 0.18676917257262382,
    "assertive": 0.026980118156228784,
    "cheerful": 0.905319255459997,
    "openness": 0.7028849256238805,
    "adventurous": 0.2679097918358719,
    "artistic": 0.1115808680366262,
    "emotionally_aware": 0.33706790089117833,
    "imaginative": 0.15024309920895407,
    "intellectual": 1,
    "conscientiousness": 0.3946217776838264,
    "cautious": 0.7204303467918692,
    "disciplined": 0,
    "dutiful": 0.08921796597723655,
    "neuroticism": 0.6462767436944405,
    "melancholy": 0.8029728196170492,
    "self_conscious": 0.8115842057832022,
    "authority_challenging": 0.19149764688866389,
    "achievement_striving": 0.23256305559573212,
    "orderliness": 0.23195113539012693,
    "self_efficacy": 0.7693839632402844,
    "stress_prone": 0.7907900446145459,
    "agreeableness": 0.37508483439214074,
    "cooperative": 0.2162414748389537,
    "trusting": 0.06898009590458495,
    "excitement_seeking": 0.29772699458172475,
    "outgoing": 0.7723434318710295,
    "gregariousness": 0.20691803606991463,
    "altruism": 0.17933712353000078,
    "modesty": 0.2583972140941912,
    "uncompromising": 0.16477342263659728,
    "sympathy": 0.23436543874678742,
    "fiery": 0.18978427031296938,
    "prone_to_worry": 0.8603598090808958,
    "immoderation": 0.8894872108677028
}