{
    "id": "1",
    "extraversion": 0.7496558611568463,
    "active": 0.9367459310642663,
    "assertive": 1,
    "cheerful": 0.9575427137034739,
    "openness": 0.7603174174741558,
    "adventurous": 0.1339712272935842,
    "artistic": 0.011687225026316502,
    "emotionally_aware": 0.8809009689870173,
    "imaginative": 0.9112931523118033,
    "intellectual": 0.9995006612864045,
    "conscientiousness": 0.4044238710896381,
    "cautious": 0.8371346055224164,
    "disciplined": 0,
    "dutiful": 0.1706658749224001,
    "neuroticism": 0.3946530270722557,
    "melancholy": 0.2032173607924641,
    "self_conscious": 0.24342087505735652,
    "authority_challenging": 0.9945747523549895,
    "achievement_striving": 0.8795783961780346,
    "orderliness": 0.9557747847445276,
    "self_efficacy": 0.9630354395530243,
    "stress_prone": 0.2575373154471106,
    "agreeableness": 0.43206294366919495,
    "cooperative": 0.26632297767820995,
    "trusting": 0.16333774190936332,
    "excitement_seeking": 0.24023590380307167,
    "outgoing": 0.9511187886312722,
    "gregariousness": 0.25124834678398883,
    "altruism": 0.2736106237685228,
    "modesty": 0.8653944775837406,
    "uncompromising": 0.9630759264757485,
    "sympathy": 0.13036789117115175,
    "fiery": 0.17671192204917813,
    "prone_to_worry": 0.9380685038732489,
    "immoderation": 0.9918216416097602
}