{
    "id": "1",
    "extraversion": 0.2539708608028529,
    "active": 0.9194566313961946,
    "assertive": 0.0038711493794429883,
    "cheerful": 0.6775449874480914,
    "openness": 0.5988902705112262,
    "adventurous": 0.12375947258522392,
    "artistic": 0.7590972010416911,
    "emotionally_aware": 0.8500809422142974,
    "imaginative": 0.828003659995777,
    "intellectual": 0.7562348966520424,
    "conscientiousness": 0.6107735260305469,
    "cautious": 0.6654036553034747,
    "disciplined": 1,
    "dutiful": 0.04896417427210661,
    "neuroticism": 0.6276071604532764,
    "melancholy": 0.7318583863172465,
    "self_conscious": 0.8239213570138189,
    "authority_challenging": 0.8780705253032401,
    "achievement_striving": 0.12063909157027894,
    "orderliness": 0.05030148042136871,
    "self_efficacy": 0.7931633155807897,
    "stress_prone": 0.7762241043568027,
    "agreeableness": 0.25209393989160783,
    "cooperative": 0.07009126527930926,
    "trusting": 0.04408417990286934,
    "excitement_seeking": 0.10757102972573494,
    "outgoing": 0.8519695938812378,
    "gregariousness": 0.6574150106749878,
    "altruism": 0.7213476292142739,
    "modesty": 0.6927832390962626,
    "uncompromising": 0.09460854468244845,
    "sympathy": 0.6920207399760693,
    "fiery": 0.10418084132979846,
    "prone_to_worry": 0.7509912488562513,
    "immoderation": 0
}