{
    "id": "1",
    "extraversion": 0.7380641214581654,
    "active": 0.17519394933681842,
    "assertive": 0.04033312015126663,
    "cheerful": 0.8998693101242945,
    "openness": 0.3397102577649251,
    "adventurous": 0.22399410505241502,
    "artistic": 0.17697355615493704,
    "emotionally_aware": 0.8608708950866168,
    "imaginative": 1,
    "intellectual": 0.9845674721241275,
    "conscientiousness": 0.34488224008008234,
    "cautious": 0.22801212357144848,
    "disciplined": 0.0013486082918555548,
    "dutiful": 0.0690292800934294,
    "neuroticism": 0.7589745015710592,
    "melancholy": 0.9608764563579233,
    "self_conscious": 0.9836637655368018,
    "authority_challenging": 0.022773406000611746,
    "achievement_striving": 0.08179239774212392,
    "orderliness": 0.10355087172927738,
    "self_efficacy": 0.8670717125934989,
    "stress_prone": 0.8707838611906682,
    "agreeableness": 0.3109862914662292,
    "cooperative": 0,
    "trusting": 0.01583572004560244,
    "excitement_seeking": 0.8909156633206351,
    "outgoing": 0.18485665823207187,
    "gregariousness": 0.8573672941634458,
    "altruism": 0.8900814726246421,
    "modesty": 0.13242777298890526,
    "uncompromising": 0.1989266746378222,
    "sympathy": 0.9555793454383673,
    "fiery": 0.9677585295998665,
    "prone_to_worry": 0.9371715374134526,
    "immoderation": 0.921155076050385
}