{
    "id": "1",
    "extraversion": 0.27937672794913937,
    "active": 0.8318108269948655,
    "assertive": 0.0021276866822102524,
    "cheerful": 0.1270369096306489,
    "openness": 0.27904547133993296,
    "adventurous": 0.17206232720508607,
    "artistic": 0.12223368879715625,
    "emotionally_aware": 0.7663112028437106,
    "imaginative": 0.8517371861025113,
    "intellectual": 0.815910509752959,
    "conscientiousness": 0.6401533972913401,
    "cautious": 0.7548701091872746,
    "disciplined": 0.03650193020678058,
    "dutiful": 1,
    "neuroticism": 0.657595331829938,
    "melancholy": 0.8507051943584452,
    "self_conscious": 0.8225101606594556,
    "authority_challenging": 0.11053778236440776,
    "achievement_striving": 0.8260138363337539,
    "orderliness": 0.8603371173030616,
    "self_efficacy": 0.8949406923263132,
    "stress_prone": 0.8284345577087235,
    "agreeableness": 0.3042974174725121,
    "cooperative": 0.8164838384996623,
    "trusting": 0.009835773165666533,
    "excitement_seeking": 0.00662513218412769,
    "outgoing": 0.19495725515677356,
    "gregariousness": 0.8267527933850604,
    "altruism": 0.7768094892277899,
    "modesty": 0.1499573188599676,
    "uncompromising": 0.1830320172253437,
    "sympathy": 0.827797525767942,
    "fiery": 0.919479162685217,
    "prone_to_worry": 0.9435462294079425,
    "immoderation": 0
}