{
    "id": "1",
    "extraversion": 0.6959173635022136,
    "active": 0.8671052631578948,
    "assertive": 1,
    "cheerful": 0.23188637481554358,
    "openness": 0.7003197245450075,
    "adventurous": 0.1666256763403837,
    "artistic": 0.8520044269552386,
    "emotionally_aware": 0.8588047220855879,
    "imaginative": 0.8505902606984752,
    "intellectual": 0.8432488932611903,
    "conscientiousness": 0.6786030496802755,
    "cautious": 0.2325135268076734,
    "disciplined": 0.9643876045253321,
    "dutiful": 0.8973684210526317,
    "neuroticism": 0.7837555336940483,
    "melancholy": 0.8934087555336943,
    "self_conscious": 0.9106492867683227,
    "authority_challenging": 0.9215322183964585,
    "achievement_striving": 0.8798573536645353,
    "orderliness": 0.10648057058534187,
    "self_efficacy": 0.797208558780128,
    "stress_prone": 0.8575627151992131,
    "agreeableness": 0.3457697983275947,
    "cooperative": 0.7684825381210035,
    "trusting": 0.12003197245450072,
    "excitement_seeking": 0.8523733398917855,
    "outgoing": 0.09565912444663063,
    "gregariousness": 0.1719995081160846,
    "altruism": 0.21012051155927203,
    "modesty": 0.1875061485489425,
    "uncompromising": 0.08620265617314314,
    "sympathy": 0,
    "fiery": 0.17835710772257748,
    "prone_to_worry": 0.8689990162321694,
    "immoderation": 0.9388834235120513
}