{
    "id": "1",
    "extraversion": 0.16277545257425244,
    "active": 0.891493116837275,
    "assertive": 0.7362815793454691,
    "cheerful": 0.1283545963390651,
    "openness": 0.5134587262367001,
    "adventurous": 0.060481064999243626,
    "artistic": 0.642125964399173,
    "emotionally_aware": 0.6406434370430134,
    "imaginative": 0.7560687812011497,
    "intellectual": 0.7085270536029448,
    "conscientiousness": 0.5698048509908729,
    "cautious": 0.1688669255206495,
    "disciplined": 0.9487065705209016,
    "dutiful": 0.05669910745802026,
    "neuroticism": 0.5808683374514649,
    "melancholy": 0.724663405778831,
    "self_conscious": 1,
    "authority_challenging": 0.7188240633351822,
    "achievement_striving": 0.12226312339266804,
    "orderliness": 0.07968332408854825,
    "self_efficacy": 0.6592809238061621,
    "stress_prone": 0.1410317180172457,
    "agreeableness": 0.2468660178508396,
    "cooperative": 0.6481871816852403,
    "trusting": 0.05015379960667641,
    "excitement_seeking": 0.06748020775553429,
    "outgoing": 0.6482779486662297,
    "gregariousness": 0,
    "altruism": 0.6641319146790379,
    "modesty": 0.6371136100045384,
    "uncompromising": 0.6811658514447079,
    "sympathy": 0.6561545055720841,
    "fiery": 0.08998033382078566,
    "prone_to_worry": 0.6314658867429782,
    "immoderation": 0.06581614643739597
}