{
    "id": "1",
    "extraversion": 0.2641239663034238,
    "active": 0.1662493237499034,
    "assertive": 0.0784450112064302,
    "cheerful": 0.6307674472524925,
    "openness": 0.5163923023417575,
    "adventurous": 0.6188963598423372,
    "artistic": 0.052863436123348075,
    "emotionally_aware": 0.5744725249246464,
    "imaginative": 0.8214622459231778,
    "intellectual": 0.6524151789164542,
    "conscientiousness": 0.3213308601901229,
    "cautious": 0.5600432800061829,
    "disciplined": 0.6708014529716361,
    "dutiful": 0.15591622227374605,
    "neuroticism": 0.5418811345544479,
    "melancholy": 0,
    "self_conscious": 0.7131926733132391,
    "authority_challenging": 0.18291212613030378,
    "achievement_striving": 0.16905479557925654,
    "orderliness": 0.6301800757400109,
    "self_efficacy": 0.23044284720612104,
    "stress_prone": 0.6512713501816215,
    "agreeableness": 0.3159440451348636,
    "cooperative": 0.18909498415642634,
    "trusting": 0.6641394234484891,
    "excitement_seeking": 0.26198315171187886,
    "outgoing": 0.7439987634283948,
    "gregariousness": 0.16531416647345237,
    "altruism": 0.1560630651518665,
    "modesty": 0.6558389365484195,
    "uncompromising": 0.6679650668521524,
    "sympathy": 0.6608161372594482,
    "fiery": 0.20379472911353275,
    "prone_to_worry": 0.16926346703763817,
    "immoderation": 1
}