{
    "id": "1",
    "extraversion": 0.2891285339551151,
    "active": 0.7932683485000595,
    "assertive": 0.17059058475555125,
    "cheerful": 0.2269503546099291,
    "openness": 0.313006681995315,
    "adventurous": 0.17463864330667014,
    "artistic": 0.17897816207346956,
    "emotionally_aware": 0.7112708744885953,
    "imaginative": 0.9634055506978852,
    "intellectual": 0.8191435387588113,
    "conscientiousness": 0.30863477876010664,
    "cautious": 0.7711605513995488,
    "disciplined": 0.17259842179690624,
    "dutiful": 0.13648973952092575,
    "neuroticism": 0.7875794768828869,
    "melancholy": 0.8977622332329416,
    "self_conscious": 0.875589667195613,
    "authority_challenging": 0.8812245646987705,
    "achievement_striving": 0.235607802497922,
    "orderliness": 0.2310955665662748,
    "self_efficacy": 0.26370672625408853,
    "stress_prone": 0.8233966989431868,
    "agreeableness": 0.3214374386044453,
    "cooperative": 0.08805336960393799,
    "trusting": 0.04213219340004535,
    "excitement_seeking": 0,
    "outgoing": 0.014724138303269735,
    "gregariousness": 0.3002256117965824,
    "altruism": 0.23215345920096725,
    "modesty": 0.15612552219955314,
    "uncompromising": 0.9059123244491941,
    "sympathy": 0.0837354404827445,
    "fiery": 1,
    "prone_to_worry": 0.9698500599112665,
    "immoderation": 0.9510562734112719
}