{
    "id": "1",
    "extraversion": 0.2907123198208704,
    "active": 0.16279096888557165,
    "assertive": 0,
    "cheerful": 0.243259318001586,
    "openness": 0.2875052479358119,
    "adventurous": 0.09125577272939309,
    "artistic": 0.14798012781639222,
    "emotionally_aware": 0.7566473853617577,
    "imaginative": 0.9995451788963007,
    "intellectual": 0.8646032560526192,
    "conscientiousness": 0.7136259737836451,
    "cautious": 0.9130941829547045,
    "disciplined": 0.8563814899472872,
    "dutiful": 0.8880207118533378,
    "neuroticism": 0.7486471987684844,
    "melancholy": 0.8491276764472641,
    "self_conscious": 0.8454541213789243,
    "authority_challenging": 0.016746746279796595,
    "achievement_striving": 0.19222605775061805,
    "orderliness": 0.7786187432943041,
    "self_efficacy": 0.8936651583710407,
    "stress_prone": 1,
    "agreeableness": 0.3399496198162056,
    "cooperative": 0.13405560479544712,
    "trusting": 0.8410458552969164,
    "excitement_seeking": 0.11179269487334981,
    "outgoing": 0.7858725567943275,
    "gregariousness": 0.20317675047814523,
    "altruism": 0.7950039651070578,
    "modesty": 0.08340719317068616,
    "uncompromising": 0.8293254653169754,
    "sympathy": 0.8260134347156785,
    "fiery": 0.8218034239865653,
    "prone_to_worry": 0.8420721183001352,
    "immoderation": 0.104748798805803
}