{
    "id": "1",
    "extraversion": 0.6939117034468644,
    "active": 0.9702868975812956,
    "assertive": 0.84753374026318,
    "cheerful": 0.241473134202574,
    "openness": 0.3864509216118274,
    "adventurous": 0.17437786686892762,
    "artistic": 0.8149793525240485,
    "emotionally_aware": 0.9160376109124617,
    "imaginative": 0.8835073018624865,
    "intellectual": 0.8259712741238366,
    "conscientiousness": 0.22044039922466618,
    "cautious": 0.17928991945678474,
    "disciplined": 0.028304499103068797,
    "dutiful": 0.03992246662091711,
    "neuroticism": 0.8130410180469775,
    "melancholy": 0.8314010185285513,
    "self_conscious": 0.9261988177363623,
    "authority_challenging": 0.8584413864509216,
    "achievement_striving": 0.8509047567450427,
    "orderliness": 0.09731402222463009,
    "self_efficacy": 0.8158461853336704,
    "stress_prone": 0.9180361421124232,
    "agreeableness": 0.24083504893993568,
    "cooperative": 0.1281829017228302,
    "trusting": 0,
    "excitement_seeking": 0.8697944883880521,
    "outgoing": 0.21066445142726425,
    "gregariousness": 0.1387293675732293,
    "altruism": 0.1772673095676671,
    "modesty": 0.19456784772636973,
    "uncompromising": 0.15633088934638392,
    "sympathy": 0.17071790611719095,
    "fiery": 0.9862992258701435,
    "prone_to_worry": 0.9433548837601281,
    "immoderation": 1
}