{
    "id": "1",
    "extraversion": 0.37442878675503033,
    "active": 0.8477043806971792,
    "assertive": 0.17494078522381992,
    "cheerful": 0.03457185922434629,
    "openness": 0.7199679402827954,
    "adventurous": 0.22533913917266793,
    "artistic": 0.219489437040936,
    "emotionally_aware": 0.7840873746919637,
    "imaginative": 0.9795080986673685,
    "intellectual": 0.9906811493647869,
    "conscientiousness": 0.712335813575137,
    "cautious": 0.7693853625858315,
    "disciplined": 0.16114792927722085,
    "dutiful": 0.16194942220733546,
    "neuroticism": 0.727013900519176,
    "melancholy": 0.9335957126109529,
    "self_conscious": 0.8499054956097328,
    "authority_challenging": 0.9717802713113382,
    "achievement_striving": 0.9740770868722636,
    "orderliness": 0.18302749001124485,
    "self_efficacy": 0.2524463478240065,
    "stress_prone": 0.8395817881666149,
    "agreeableness": 0.39535134100533537,
    "cooperative": 0.8582912649233199,
    "trusting": 1,
    "excitement_seeking": 0.26015025001794384,
    "outgoing": 0.9632031007010072,
    "gregariousness": 0.837548149388712,
    "altruism": 0.8314711582170969,
    "modesty": 0,
    "uncompromising": 0.012321458477881225,
    "sympathy": 0.8789626049716488,
    "fiery": 0.9326506687082805,
    "prone_to_worry": 0.9932052539655956,
    "immoderation": 0.978634830250975
}