{
    "id": "1",
    "extraversion": 0.3605283605283605,
    "active": 0.9067256273138626,
    "assertive": 0.1534462269756387,
    "cheerful": 0.10206133735545496,
    "openness": 0.8661387631975868,
    "adventurous": 0.28502216737510855,
    "artistic": 0.12361168243521185,
    "emotionally_aware": 0.9054115818821702,
    "imaginative": 0.12806801042095156,
    "intellectual": 0.9522487316604964,
    "conscientiousness": 0.67946432652315,
    "cautious": 0.7511655011655011,
    "disciplined": 0.06796471502353853,
    "dutiful": 0.0033479592303121584,
    "neuroticism": 0.7061108825814708,
    "melancholy": 0.9062114356232004,
    "self_conscious": 0.9560308972073679,
    "authority_challenging": 1,
    "achievement_striving": 0.811760135289547,
    "orderliness": 0.27423556835321544,
    "self_efficacy": 0.20960738607797433,
    "stress_prone": 0.8438456967868733,
    "agreeableness": 0.3085035879153526,
    "cooperative": 0.20779057543763424,
    "trusting": 0.13154166095342568,
    "excitement_seeking": 0.1590452031628502,
    "outgoing": 0.2661227661227661,
    "gregariousness": 0.2242447095388272,
    "altruism": 0.2225650166826637,
    "modesty": 0,
    "uncompromising": 0.9025435348964761,
    "sympathy": 0.19237625119978058,
    "fiery": 0.8866950043420633,
    "prone_to_worry": 0.9442273412861648,
    "immoderation": 0.8864550482197542
}