{
    "id": "1",
    "extraversion": 0.1450624221000797,
    "active": 1,
    "assertive": 0.8342085368096279,
    "cheerful": 0.15780225169081136,
    "openness": 0.25808626713798244,
    "adventurous": 0.024560184712204496,
    "artistic": 0.7853844424919801,
    "emotionally_aware": 0.7681085388529045,
    "imaginative": 0.7966020310169388,
    "intellectual": 0.7999632210212296,
    "conscientiousness": 0.6542775995586523,
    "cautious": 0.7980629737847613,
    "disciplined": 0.026603461310557616,
    "dutiful": 0.1299115261232913,
    "neuroticism": 0.7593020167140025,
    "melancholy": 0.8134181974213849,
    "self_conscious": 0.8314909789338182,
    "authority_challenging": 0.856521117263644,
    "achievement_striving": 0.7827792648290799,
    "orderliness": 0.1713696083038761,
    "self_efficacy": 0.26728101183057146,
    "stress_prone": 0.7961933756972681,
    "agreeableness": 0.3530884125784107,
    "cooperative": 0.7874175027073415,
    "trusting": 0.1509674914693202,
    "excitement_seeking": 0,
    "outgoing": 0.7915142722870395,
    "gregariousness": 0.2890419076030322,
    "altruism": 0.09693304182587198,
    "modesty": 0.11517950184916532,
    "uncompromising": 0.7791013669520442,
    "sympathy": 0.26161091927014163,
    "fiery": 0.8113544880570484,
    "prone_to_worry": 0.8375084285159682,
    "immoderation": 0.9106577307370098
}