{
    "id": "1",
    "extraversion": 0.23330966696989197,
    "active": 0.8805107497060194,
    "assertive": 0.9491579951631872,
    "cheerful": 0.15298085243282822,
    "openness": 0.6141421313039427,
    "adventurous": 0.1406336668811431,
    "artistic": 0.7888442679328171,
    "emotionally_aware": 0.89273590557121,
    "imaginative": 0.8105544585210003,
    "intellectual": 0.9407268531871937,
    "conscientiousness": 0.20481018836946155,
    "cautious": 0.18542965543253978,
    "disciplined": 1,
    "dutiful": 0,
    "neuroticism": 0.6061103592110226,
    "melancholy": 0.7810343679971601,
    "self_conscious": 0.9706685008098336,
    "authority_challenging": 0.7451576401677354,
    "achievement_striving": 0.7393224024317189,
    "orderliness": 0.11810254931108696,
    "self_efficacy": 0.6630316611568415,
    "stress_prone": 0.8537973419715561,
    "agreeableness": 0.16441836213973512,
    "cooperative": 0.7748774156331124,
    "trusting": 0.036841871713518694,
    "excitement_seeking": 0.05430321049011559,
    "outgoing": 0.6823123516229949,
    "gregariousness": 0.12470324598966079,
    "altruism": 0.7665128353042977,
    "modesty": 0.050719975150318376,
    "uncompromising": 0.7222382463224691,
    "sympathy": 0.6749461960018638,
    "fiery": 0.04480708215925982,
    "prone_to_worry": 0.6930065896030707,
    "immoderation": 0.06069312861928955
}