{
    "id": "1",
    "extraversion": 0.4140485095082047,
    "active": 0.09242632816402109,
    "assertive": 0.042004215040140354,
    "cheerful": 0.14395702120920487,
    "openness": 0.4150474496570712,
    "adventurous": 0.3044696480563305,
    "artistic": 0.2582991216636008,
    "emotionally_aware": 0.8201176800224153,
    "imaginative": 0.1554813795119812,
    "intellectual": 0.9861610242791184,
    "conscientiousness": 0.7882490528341881,
    "cautious": 0.9359094619123612,
    "disciplined": 0.1744734245373811,
    "dutiful": 0,
    "neuroticism": 0.8636081230889179,
    "melancholy": 0.9806424890664783,
    "self_conscious": 0.9659994883477286,
    "authority_challenging": 0.9975148318247712,
    "achievement_striving": 0.8632304749838586,
    "orderliness": 0.2506730663807911,
    "self_efficacy": 0.19423294796983692,
    "stress_prone": 0.9541096641368304,
    "agreeableness": 0.42297805986331577,
    "cooperative": 0.20842520740190287,
    "trusting": 0.05358948432760367,
    "excitement_seeking": 0.8741213590458904,
    "outgoing": 0.12441677732162218,
    "gregariousness": 0.31205915674832807,
    "altruism": 0.9018480392754029,
    "modesty": 0.2707249625397445,
    "uncompromising": 0.912068902505878,
    "sympathy": 0.22321439448390124,
    "fiery": 0.9546456808020759,
    "prone_to_worry": 1,
    "immoderation": 0.9571552133711795
}