{
    "id": "1",
    "extraversion": 0.5440643648763853,
    "active": 0.6860294117647058,
    "assertive": 0.7873721227621482,
    "cheerful": 0.5946824381926683,
    "openness": 0.2664535379369139,
    "adventurous": 0.5642583120204603,
    "artistic": 0.15657502131287296,
    "emotionally_aware": 0.6080562659846547,
    "imaginative": 0.8417412617220801,
    "intellectual": 0.6658994032395567,
    "conscientiousness": 0.5518542199488491,
    "cautious": 0.8138320545609549,
    "disciplined": 0,
    "dutiful": 0.8734335038363171,
    "neuroticism": 0.528505967604433,
    "melancholy": 0.0769181585677749,
    "self_conscious": 0.6783461210571186,
    "authority_challenging": 0.7391091219096334,
    "achievement_striving": 0.683578431372549,
    "orderliness": 0.06978900255754475,
    "self_efficacy": 0.7256713554987212,
    "stress_prone": 0.7505967604433077,
    "agreeableness": 0.2714833759590793,
    "cooperative": 0.6807011935208866,
    "trusting": 0.7946078431372549,
    "excitement_seeking": 0.5950980392156862,
    "outgoing": 0.6617007672634272,
    "gregariousness": 0.5954497016197783,
    "altruism": 0.6148976982097186,
    "modesty": 0.6507885763000852,
    "uncompromising": 0.6621376811594203,
    "sympathy": 0.04493819266837168,
    "fiery": 0.12434995737425404,
    "prone_to_worry": 0.6416453537936914,
    "immoderation": 1
}