{
    "id": "1",
    "extraversion": 0.6354803886290032,
    "active": 1,
    "assertive": 0.8314029327096077,
    "cheerful": 0.20047679021230655,
    "openness": 0.6128440985966175,
    "adventurous": 0.08113305145735876,
    "artistic": 0.7163323137819358,
    "emotionally_aware": 0.6976992623245771,
    "imaginative": 0.960226250449802,
    "intellectual": 0.7891102914717525,
    "conscientiousness": 0.25230523569629365,
    "cautious": 0.12199757106872974,
    "disciplined": 0,
    "dutiful": 0.06919080604534002,
    "neuroticism": 0.6927289492623245,
    "melancholy": 0.8475395825836632,
    "self_conscious": 0.8577388449082404,
    "authority_challenging": 0.8058429291111912,
    "achievement_striving": 0.8704232637639437,
    "orderliness": 0.10615329255127742,
    "self_efficacy": 0.7039402662828356,
    "stress_prone": 0.8447845448002879,
    "agreeableness": 0.257759086002159,
    "cooperative": 0.13148839510615326,
    "trusting": 0.06821248650593738,
    "excitement_seeking": 0.7717029507016913,
    "outgoing": 0.755881162288593,
    "gregariousness": 0.2309846167686218,
    "altruism": 0.0805820439006837,
    "modesty": 0.07944629363080244,
    "uncompromising": 0.143441885570349,
    "sympathy": 0.15989339690536164,
    "fiery": 0.8283442785174523,
    "prone_to_worry": 0.7921464555595538,
    "immoderation": 0.9292461317020512
}