{
    "id": "1",
    "extraversion": 0.23355072978263733,
    "active": 1,
    "assertive": 0.9813167530504812,
    "cheerful": 0.14446551916503533,
    "openness": 0.6285766449270217,
    "adventurous": 0.12454483674980475,
    "artistic": 0.731993792536844,
    "emotionally_aware": 0.8086843626700206,
    "imaginative": 0.8016654664218843,
    "intellectual": 0.8763375967380389,
    "conscientiousness": 0.580306518850605,
    "cautious": 0.6422391496181193,
    "disciplined": 0,
    "dutiful": 0.11879380470834051,
    "neuroticism": 0.5964134657321662,
    "melancholy": 0.7080260875739165,
    "self_conscious": 0.799363025022568,
    "authority_challenging": 0.15506486393281335,
    "achievement_striving": 0.7508291831911635,
    "orderliness": 0.16798693592721442,
    "self_efficacy": 0.18370845208994735,
    "stress_prone": 0.7403211246462658,
    "agreeableness": 0.29114219350650666,
    "cooperative": 0.1419805053199582,
    "trusting": 0.0029921595277459484,
    "excitement_seeking": 0.041088943209826444,
    "outgoing": 0.15425343084054324,
    "gregariousness": 0.2244018216672921,
    "altruism": 0.12398697649886907,
    "modesty": 0.11287034313476887,
    "uncompromising": 0.17510726131188445,
    "sympathy": 0.1395259202158412,
    "fiery": 0.8266474627501496,
    "prone_to_worry": 0.1788499964499802,
    "immoderation": 0.7490541733018226
}