{
    "id": "1",
    "extraversion": 0.7088600899233006,
    "active": 0.22656704575509123,
    "assertive": 0.01979635017191217,
    "cheerful": 0.8281671515472098,
    "openness": 0.7219783126157101,
    "adventurous": 0.9384025390108436,
    "artistic": 0.8699682623644538,
    "emotionally_aware": 0.8316318434276646,
    "imaginative": 0.9482941020893944,
    "intellectual": 0.8902142290399365,
    "conscientiousness": 0.7308912985982544,
    "cautious": 0.8347262628934145,
    "disciplined": 0.14311028828352285,
    "dutiful": 0,
    "neuroticism": 0.7191219254165564,
    "melancholy": 0.9386273472626289,
    "self_conscious": 0.879172176672838,
    "authority_challenging": 1,
    "achievement_striving": 0.1524861147844485,
    "orderliness": 0.10669135149431364,
    "self_efficacy": 0.8619412853742395,
    "stress_prone": 0.8508860089923301,
    "agreeableness": 0.6881909547738694,
    "cooperative": 0.897064268711981,
    "trusting": 0.9130256545887332,
    "excitement_seeking": 0.186696641100238,
    "outgoing": 0.9455964030679715,
    "gregariousness": 0.8461385876752182,
    "altruism": 0.9479767257339329,
    "modesty": 0.22810103147315522,
    "uncompromising": 0.2220841047341973,
    "sympathy": 0.9896059243586353,
    "fiery": 0.16264215815921712,
    "prone_to_worry": 0.8916159746098915,
    "immoderation": 0.12889447236180904
}