{
    "id": "1",
    "extraversion": 0.3810965562695667,
    "active": 0.9078925687922227,
    "assertive": 0.912506178942165,
    "cheerful": 0.2611529906080079,
    "openness": 0.4408778217169221,
    "adventurous": 0.2818730433349811,
    "artistic": 0.3611076783654638,
    "emotionally_aware": 0.9292408139726478,
    "imaginative": 0.30176923710660736,
    "intellectual": 0.9035673092766517,
    "conscientiousness": 0.7630787609161311,
    "cautious": 0.8759165430878233,
    "disciplined": 0.2845505849398583,
    "dutiful": 0.901116328884495,
    "neuroticism": 0.7736344537815125,
    "melancholy": 0.9020946613939694,
    "self_conscious": 0.882569204152249,
    "authority_challenging": 0.9983934750370737,
    "achievement_striving": 0.9881776239907727,
    "orderliness": 0.34360067556434337,
    "self_efficacy": 1,
    "stress_prone": 0.9180054374691052,
    "agreeableness": 0.46010463008732905,
    "cooperative": 0.33420868347338933,
    "trusting": 0.1788803756796837,
    "excitement_seeking": 0.1815270225737354,
    "outgoing": 0.8541666666666666,
    "gregariousness": 0.8213564837699786,
    "altruism": 0.3665554457076948,
    "modesty": 0.27517918932278795,
    "uncompromising": 0.2438725490196079,
    "sympathy": 0,
    "fiery": 0.3360417696490361,
    "prone_to_worry": 0.9084692700609655,
    "immoderation": 0.2389087988136431
}