{
    "id": "1",
    "extraversion": 0.1529918059510096,
    "active": 0.8600056510682693,
    "assertive": 0.8504857745223761,
    "cheerful": 0.2415070964376535,
    "openness": 0.27015366558716775,
    "adventurous": 0.028016257688713107,
    "artistic": 0.784085722358669,
    "emotionally_aware": 1,
    "imaginative": 0.8470516638049077,
    "intellectual": 0.774870134104197,
    "conscientiousness": 0.6911039144515203,
    "cautious": 0.8751005238105588,
    "disciplined": 0.9419570084113978,
    "dutiful": 0.17094481514486295,
    "neuroticism": 0.7889978047773262,
    "melancholy": 0.8019517920406878,
    "self_conscious": 0.8527027320741594,
    "authority_challenging": 0.8696342020039557,
    "achievement_striving": 0.8356517203155904,
    "orderliness": 0.14796018170357972,
    "self_efficacy": 0.8317503097220109,
    "stress_prone": 0.8780129974570193,
    "agreeableness": 0.35235497402682087,
    "cooperative": 0.2156425916668478,
    "trusting": 0.15136169010411007,
    "excitement_seeking": 0,
    "outgoing": 0.8661457540915908,
    "gregariousness": 0.25775391771175205,
    "altruism": 0.7786520028690039,
    "modesty": 0.19906974722336934,
    "uncompromising": 0.8275228759590515,
    "sympathy": 0.7675128779151905,
    "fiery": 0.8358799365341565,
    "prone_to_worry": 0.9532808798278598,
    "immoderation": 0.195700841139777
}