{
    "id": "1",
    "extraversion": 0.25825458699507986,
    "active": 0.10016734640706267,
    "assertive": 0.020742937881414524,
    "cheerful": 0.6877135670838637,
    "openness": 0.5525237241089054,
    "adventurous": 0.6742557093182889,
    "artistic": 0.07514555129117273,
    "emotionally_aware": 0.6137705049452367,
    "imaginative": 0.11355505897207223,
    "intellectual": 0.7385788582365497,
    "conscientiousness": 0.2885372721533575,
    "cautious": 0.6246329902899002,
    "disciplined": 0,
    "dutiful": 0.038519735853216185,
    "neuroticism": 0.5863236900383795,
    "melancholy": 0.7173950076658684,
    "self_conscious": 0.7926006834146684,
    "authority_challenging": 0.045043239505777,
    "achievement_striving": 0.14760554347499327,
    "orderliness": 0.09579830248614635,
    "self_efficacy": 0.1495295261190665,
    "stress_prone": 0.6922730051205996,
    "agreeableness": 0.3179080697042879,
    "cooperative": 0.01631376950287096,
    "trusting": 0.031184552022687,
    "excitement_seeking": 0.7196296333410159,
    "outgoing": 0.08344272644373855,
    "gregariousness": 0.15900914893830234,
    "altruism": 0.15289649574619468,
    "modesty": 0.1759943082180113,
    "uncompromising": 0.6958103273776718,
    "sympathy": 0.6783842554086961,
    "fiery": 0.6790356036996582,
    "prone_to_worry": 0.7330874911065907,
    "immoderation": 1
}