{
    "id": "1",
    "extraversion": 0.6884933652197838,
    "active": 0.17653594632917827,
    "assertive": 0.8450508983936849,
    "cheerful": 0.700249730164441,
    "openness": 0.656060189202345,
    "adventurous": 0.24549744978942248,
    "artistic": 0.8458022052443335,
    "emotionally_aware": 0.7303972402700472,
    "imaginative": 0.8727963429345411,
    "intellectual": 0.7966074792067893,
    "conscientiousness": 0.6136907155404119,
    "cautious": 0.18211254788258455,
    "disciplined": 0.8529237476455526,
    "dutiful": 0.049787306088760065,
    "neuroticism": 0.6447270957228419,
    "melancholy": 0.734185519883177,
    "self_conscious": 0.8592304924763497,
    "authority_challenging": 0.8398975683054327,
    "achievement_striving": 0.16023999492074242,
    "orderliness": 0.11652663435694482,
    "self_efficacy": 0.209551120611204,
    "stress_prone": 0.7243232947450848,
    "agreeableness": 0.33615161583881825,
    "cooperative": 0.1474995238196017,
    "trusting": 0.12135192905970245,
    "excitement_seeking": 0.19604876087278578,
    "outgoing": 1,
    "gregariousness": 0.23907430530570783,
    "altruism": 0.8139721910647394,
    "modesty": 0,
    "uncompromising": 0.7713699180969715,
    "sympathy": 0.17389049967196465,
    "fiery": 0.7972529681911494,
    "prone_to_worry": 0.184694503820025,
    "immoderation": 0.8601299443398024
}