{
    "id": "1",
    "extraversion": 0.29136482036663885,
    "active": 0.669268196785767,
    "assertive": 0,
    "cheerful": 0.7223669337002998,
    "openness": 0.5778542291246866,
    "adventurous": 0.20179879097655679,
    "artistic": 0.6350911682311888,
    "emotionally_aware": 0.6937435494176046,
    "imaginative": 0.7789059812257335,
    "intellectual": 0.7394112154125916,
    "conscientiousness": 0.31229173833980445,
    "cautious": 0.2578267066397995,
    "disciplined": 0.131921167739716,
    "dutiful": 0.053993217673367115,
    "neuroticism": 0.6385019904654249,
    "melancholy": 0.7653020101243427,
    "self_conscious": 0.775780213299258,
    "authority_challenging": 0.8007961861699514,
    "achievement_striving": 0.19655968938909918,
    "orderliness": 0.057915171769794105,
    "self_efficacy": 0.1902983240772596,
    "stress_prone": 0.7412493242247015,
    "agreeableness": 0.2681476384725021,
    "cooperative": 0.062073032879540024,
    "trusting": 0.08621418390917582,
    "excitement_seeking": 0.6657197621270949,
    "outgoing": 0.191507347520519,
    "gregariousness": 0.6440851231139727,
    "altruism": 0.18617978080306682,
    "modesty": 0.13744532363493392,
    "uncompromising": 0.17217280188725614,
    "sympathy": 0.7245490735734998,
    "fiery": 0.7991153487000541,
    "prone_to_worry": 0.7931292082370867,
    "immoderation": 1
}