{
    "id": "1",
    "extraversion": 0.6917424306623245,
    "active": 0.9382831132041208,
    "assertive": 1,
    "cheerful": 0.8716148323910754,
    "openness": 0.7173347214992192,
    "adventurous": 0.8127065602944203,
    "artistic": 0.8877522608137719,
    "emotionally_aware": 0.9116860162463832,
    "imaginative": 0.9904482888030701,
    "intellectual": 0.9220246238030095,
    "conscientiousness": 0.7147682287568249,
    "cautious": 0.26686682081764584,
    "disciplined": 0.950122876893091,
    "dutiful": 0.9817561105528855,
    "neuroticism": 0.7638947737975618,
    "melancholy": 0.8445455976175199,
    "self_conscious": 0.15612023776376163,
    "authority_challenging": 0.9369393363437164,
    "achievement_striving": 0.9300146483783882,
    "orderliness": 0.12043146132707046,
    "self_efficacy": 0.9295667227582534,
    "stress_prone": 0.8468941805987675,
    "agreeableness": 0.3855065796641769,
    "cooperative": 0.2362383932786945,
    "trusting": 0.17041753931455275,
    "excitement_seeking": 0.7915451012675083,
    "outgoing": 0.8791206130527947,
    "gregariousness": 0.26653995617592585,
    "altruism": 0.22238901734803823,
    "modesty": 0.19962955340605068,
    "uncompromising": 0.1857680713775529,
    "sympathy": 0,
    "fiery": 0.1984794741111098,
    "prone_to_worry": 0.21149352929070375,
    "immoderation": 0.9310799849884387
}