{
    "id": "1",
    "extraversion": 0.22163585622259055,
    "active": 0.8609228444929391,
    "assertive": 0.12907862433640385,
    "cheerful": 0.1578047296304845,
    "openness": 0.583880647124242,
    "adventurous": 0.1484252051115261,
    "artistic": 0.12343412300396582,
    "emotionally_aware": 0.7596680445684789,
    "imaginative": 0.7234299263487001,
    "intellectual": 0.6984598275174685,
    "conscientiousness": 0.3014772226535451,
    "cautious": 0.22745871540382315,
    "disciplined": 0.03916528526764166,
    "dutiful": 0.06925530352309205,
    "neuroticism": 0.6287114170006505,
    "melancholy": 0.8185051513943387,
    "self_conscious": 0.7821726084310804,
    "authority_challenging": 0.9179553895545252,
    "achievement_striving": 0.7733176658203411,
    "orderliness": 0.05150345174895605,
    "self_efficacy": 0.0972469941456659,
    "stress_prone": 0.7040413790209202,
    "agreeableness": 0.25924837904190356,
    "cooperative": 0.7500996705625617,
    "trusting": 0,
    "excitement_seeking": 0.07035692553035226,
    "outgoing": 0.10426590007763809,
    "gregariousness": 0.21078750236061858,
    "altruism": 0.0779843464758587,
    "modesty": 0.029082820991669606,
    "uncompromising": 0.1651803512600457,
    "sympathy": 0.10566128795350102,
    "fiery": 0.7785844681788614,
    "prone_to_worry": 0.7504983528128082,
    "immoderation": 1
}