{
    "id": "1",
    "extraversion": 0.30883442887865575,
    "active": 0.9996840941399464,
    "assertive": 0.12513517125742687,
    "cheerful": 0.288033243016658,
    "openness": 0.37296331846955766,
    "adventurous": 0.10028796034166435,
    "artistic": 0.20488925069560043,
    "emotionally_aware": 0.8694458282201135,
    "imaginative": 0.9863674471161441,
    "intellectual": 0.9439267098404677,
    "conscientiousness": 0.3204621945737094,
    "cautious": 0.2835619600743594,
    "disciplined": 0.974678930294157,
    "dutiful": 0.97437517465949,
    "neuroticism": 0.7531924717203505,
    "melancholy": 0.9213151403958544,
    "self_conscious": 1,
    "authority_challenging": 0.1146981276502679,
    "achievement_striving": 0.8111976477163653,
    "orderliness": 0.88047823287122,
    "self_efficacy": 0.8552786654192436,
    "stress_prone": 0.9438538084881476,
    "agreeableness": 0.31978178195205526,
    "cooperative": 0.8833092353863166,
    "trusting": 0,
    "excitement_seeking": 0.18854719755051455,
    "outgoing": 0.8886188838802961,
    "gregariousness": 0.13165984229007452,
    "altruism": 0.2074164975760301,
    "modesty": 0.18470772632832339,
    "uncompromising": 0.8044421224013706,
    "sympathy": 0.8435050970195498,
    "fiery": 0.8830540806531961,
    "prone_to_worry": 0.8961398733946515,
    "immoderation": 0.8863710921837601
}