{
    "id": "1",
    "extraversion": 0.2370495817647126,
    "active": 1,
    "assertive": 0,
    "cheerful": 0.08451671224725657,
    "openness": 0.6844183039443421,
    "adventurous": 0.06986989506928631,
    "artistic": 0.12630591250815298,
    "emotionally_aware": 0.7868888100605326,
    "imaginative": 0.8485770845968119,
    "intellectual": 0.8286322390177479,
    "conscientiousness": 0.18268471581741827,
    "cautious": 0.18879518485885272,
    "disciplined": 0.9447998077605244,
    "dutiful": 0.8479820576489571,
    "neuroticism": 0.6332688720806491,
    "melancholy": 0.10420981565607441,
    "self_conscious": 0.9192250918286781,
    "authority_challenging": 0.8087903788719661,
    "achievement_striving": 0.8368710736803561,
    "orderliness": 0.05243102836676543,
    "self_efficacy": 0.7259443192090718,
    "stress_prone": 0.8469979746198121,
    "agreeableness": 0.25500337563364645,
    "cooperative": 0.7736609032966781,
    "trusting": 0.09642869403027766,
    "excitement_seeking": 0.6861347278323856,
    "outgoing": 0.7909624560881556,
    "gregariousness": 0.09722969184469796,
    "altruism": 0.9245688915334531,
    "modesty": 0.03651405751164307,
    "uncompromising": 0.7121099426714421,
    "sympathy": 0.7398931240059045,
    "fiery": 0.03572450252314308,
    "prone_to_worry": 0.7825290933849023,
    "immoderation": 0.1032715039306107
}