{
    "id": "1",
    "extraversion": 0.19607572345217356,
    "active": 1,
    "assertive": 0.7437746993583478,
    "cheerful": 0.09797943313644672,
    "openness": 0.5558152381761781,
    "adventurous": 0.024455020609357055,
    "artistic": 0.6971593082054987,
    "emotionally_aware": 0.7112990268983979,
    "imaginative": 0.8474695108995878,
    "intellectual": 0.6594356860578762,
    "conscientiousness": 0.574331789402116,
    "cautious": 0.6166128415416648,
    "disciplined": 0.9540645051629626,
    "dutiful": 0.7231228487655632,
    "neuroticism": 0.5706985934644966,
    "melancholy": 0.7452938426889899,
    "self_conscious": 0.8829940934007564,
    "authority_challenging": 0.733438150682021,
    "achievement_striving": 0.6282773127098117,
    "orderliness": 0.0001487273190838705,
    "self_efficacy": 0.6818722644796668,
    "stress_prone": 0.7365083074831088,
    "agreeableness": 0.25356945565801214,
    "cooperative": 0.11198104789019675,
    "trusting": 0.04421450728763862,
    "excitement_seeking": 0,
    "outgoing": 0.6916563973993965,
    "gregariousness": 0.0341329197297412,
    "altruism": 0.08369098712446353,
    "modesty": 0.6834126545701781,
    "uncompromising": 0.13328092465898952,
    "sympathy": 0.6836782390685421,
    "fiery": 0.052606977435941026,
    "prone_to_worry": 0.7353291123103727,
    "immoderation": 0.0561445629541495
}