{
    "id": "1",
    "extraversion": 0.6998693580613761,
    "active": 1,
    "assertive": 0.881103027819048,
    "cheerful": 0.7989907269839643,
    "openness": 0.6976151442184538,
    "adventurous": 0.8387084379322711,
    "artistic": 0.7866822070802808,
    "emotionally_aware": 0.8244018648496337,
    "imaginative": 0.9713100056355345,
    "intellectual": 0.9270838670013832,
    "conscientiousness": 0.7510374506890722,
    "cautious": 0.21269019929299657,
    "disciplined": 0.09746913263999181,
    "dutiful": 0,
    "neuroticism": 0.6637378964086275,
    "melancholy": 0.928018853424868,
    "self_conscious": 0.8956017213996618,
    "authority_challenging": 0.9680055330703418,
    "achievement_striving": 0.9499974383933603,
    "orderliness": 0.15898611609201294,
    "self_efficacy": 0.8435498744812747,
    "stress_prone": 0.17792919719247913,
    "agreeableness": 0.6246477790870434,
    "cooperative": 0.13914647266765717,
    "trusting": 0.05132178902607715,
    "excitement_seeking": 0.8072903324965418,
    "outgoing": 0.8747502433526309,
    "gregariousness": 0.8225447000358624,
    "altruism": 0.9219734617552129,
    "modesty": 0.16437829806854862,
    "uncompromising": 0.8350197243711256,
    "sympathy": 0.7793303960243866,
    "fiery": 0.8146805676520313,
    "prone_to_worry": 0.11248014754854245,
    "immoderation": 0.9103437676110457
}