{
    "id": "1",
    "extraversion": 0.3239279286733828,
    "active": 0.8494238844872882,
    "assertive": 1,
    "cheerful": 0.14491839225502162,
    "openness": 0.6652737841583749,
    "adventurous": 0.13265137254090734,
    "artistic": 0.784313522682609,
    "emotionally_aware": 0.8757886680043855,
    "imaginative": 0.8679692186756583,
    "intellectual": 0.7917295877205685,
    "conscientiousness": 0.596377815932645,
    "cautious": 0.6895078711652635,
    "disciplined": 0,
    "dutiful": 0.05832523117022816,
    "neuroticism": 0.6490866965929543,
    "melancholy": 0.7321838604910945,
    "self_conscious": 0.7280672720878757,
    "authority_challenging": 0.8050412693159016,
    "achievement_striving": 0.7519186611778821,
    "orderliness": 0.13172048571605885,
    "self_efficacy": 0.16140543224178236,
    "stress_prone": 0.7160174592995594,
    "agreeableness": 0.34200781944932873,
    "cooperative": 0.21743447591071763,
    "trusting": 0.0776049316315343,
    "excitement_seeking": 0.6917316563579571,
    "outgoing": 0.7496535032374175,
    "gregariousness": 0.224250636105997,
    "altruism": 0.16347406963033453,
    "modesty": 0.17318632216958688,
    "uncompromising": 0.20971845845141804,
    "sympathy": 0.09118553608737925,
    "fiery": 0.7611034111830537,
    "prone_to_worry": 0.7743530336567302,
    "immoderation": 0.764206367265882
}