{
    "id": "1",
    "extraversion": 0.22364645946742012,
    "active": 0.9460874687728409,
    "assertive": 0.7935134781328069,
    "cheerful": 0.6625503179988437,
    "openness": 0.5773724459183786,
    "adventurous": 0.11902865807760699,
    "artistic": 0.756793611659594,
    "emotionally_aware": 0.7659572147010375,
    "imaginative": 0.9027458081970613,
    "intellectual": 0.7379536801684358,
    "conscientiousness": 0.5968560114326857,
    "cautious": 0.14781764429947525,
    "disciplined": 1,
    "dutiful": 0.0846433285697143,
    "neuroticism": 0.6000959996509104,
    "melancholy": 0.01845811469776473,
    "self_conscious": 0.9601819629746801,
    "authority_challenging": 0.7547318009752693,
    "achievement_striving": 0.7349318729750074,
    "orderliness": 0.6885356780520798,
    "self_efficacy": 0.7206410158508516,
    "stress_prone": 0.7780771706284705,
    "agreeableness": 0.2786717139210403,
    "cooperative": 0.7925425725724634,
    "trusting": 0.11504685437507502,
    "excitement_seeking": 0.7157755789978947,
    "outgoing": 0.8152988534587149,
    "gregariousness": 0.05842887844044204,
    "altruism": 0.052417991207304684,
    "modesty": 0.13885040418034839,
    "uncompromising": 0.12608681422976642,
    "sympathy": 0.8037461681957521,
    "fiery": 0,
    "prone_to_worry": 0.7249610001418177,
    "immoderation": 0.8917058483423697
}