{
    "id": "1",
    "extraversion": 0.24466651695486186,
    "active": 0.8100606332809341,
    "assertive": 0.8256007186166628,
    "cheerful": 0.1946440601841455,
    "openness": 0.5669885470469346,
    "adventurous": 0.6766225016842577,
    "artistic": 0.12558949023130472,
    "emotionally_aware": 0.6964855153828879,
    "imaginative": 0.9204356613518975,
    "intellectual": 0.8383449359982034,
    "conscientiousness": 0.28531327195149336,
    "cautious": 0.23819896698854703,
    "disciplined": 0,
    "dutiful": 0.007680215584998891,
    "neuroticism": 0.6243094543004716,
    "melancholy": 0.8241522569054569,
    "self_conscious": 1,
    "authority_challenging": 0.8028632382663373,
    "achievement_striving": 0.7363687401751627,
    "orderliness": 0.1835616438356164,
    "self_efficacy": 0.7014260049404895,
    "stress_prone": 0.7573770491803278,
    "agreeableness": 0.29696833595328986,
    "cooperative": 0.7592072759937121,
    "trusting": 0.806299124185942,
    "excitement_seeking": 0.759151134066921,
    "outgoing": 0.7088704244329664,
    "gregariousness": 0.7356501235122389,
    "altruism": 0.7809117448910846,
    "modesty": 0.07893554906804398,
    "uncompromising": 0.6980350325623175,
    "sympathy": 0.7039299348753649,
    "fiery": 0.8482371434987648,
    "prone_to_worry": 0.779665394116326,
    "immoderation": 0.7852908151807769
}