{
    "id": "1",
    "extraversion": 0.3984794792794877,
    "active": 0.203976908274535,
    "assertive": 0,
    "cheerful": 0.22305176710585814,
    "openness": 0.7566010157835519,
    "adventurous": 0.31466156321307276,
    "artistic": 0.20997066215207313,
    "emotionally_aware": 0.8617020157940672,
    "imaginative": 0.9452255018454453,
    "intellectual": 0.8829640690228079,
    "conscientiousness": 0.45544117183145993,
    "cautious": 0.3379110190433128,
    "disciplined": 0.13581635979347842,
    "dutiful": 0.15334546104585756,
    "neuroticism": 0.43409499574128024,
    "melancholy": 0.9408616284082904,
    "self_conscious": 0.8823226322043345,
    "authority_challenging": 0.2818641626094912,
    "achievement_striving": 0.18135837390508847,
    "orderliness": 0.2515483864183641,
    "self_efficacy": 0.2295502581520311,
    "stress_prone": 0.8276953490572982,
    "agreeableness": 0.4420761522203178,
    "cooperative": 0.2663960714623709,
    "trusting": 0.2311485925193746,
    "excitement_seeking": 0.8317963385524558,
    "outgoing": 0.3057760859735644,
    "gregariousness": 0.27499763404452204,
    "altruism": 0.30445115090589814,
    "modesty": 0.0011461739871082087,
    "uncompromising": 0.1701805486913638,
    "sympathy": 0.886255375976614,
    "fiery": 0.2782889409983281,
    "prone_to_worry": 0.9947002597293347,
    "immoderation": 1
}