{
    "id": "1",
    "extraversion": 0.6916353175481301,
    "active": 1,
    "assertive": 0.7561628678911263,
    "cheerful": 0.1681677362248285,
    "openness": 0.7003208674485506,
    "adventurous": 0.1265324186766984,
    "artistic": 0.15355167072361145,
    "emotionally_aware": 0.7542597919893782,
    "imaginative": 0.7477649922549237,
    "intellectual": 0.8162978535074132,
    "conscientiousness": 0.5697720734675813,
    "cautious": 0.6533193184332818,
    "disciplined": 0,
    "dutiful": 0.059725603009515356,
    "neuroticism": 0.5894556317769419,
    "melancholy": 0.022272626687320184,
    "self_conscious": 0.7602456295640629,
    "authority_challenging": 0.8126466032308033,
    "achievement_striving": 0.7985616286789113,
    "orderliness": 0.15610754591723833,
    "self_efficacy": 0.11783580438150032,
    "stress_prone": 0.7314560743527329,
    "agreeableness": 0.2601349856162868,
    "cooperative": 0.7748063730913919,
    "trusting": 0.045076344323965484,
    "excitement_seeking": 0.19402522682009293,
    "outgoing": 0.7230028767426422,
    "gregariousness": 0.676997123257358,
    "altruism": 0.7403075901748174,
    "modesty": 0.10593051560079664,
    "uncompromising": 0.7278380172604559,
    "sympathy": 0.10163753042708565,
    "fiery": 0.7449325071918567,
    "prone_to_worry": 0.7115733569373756,
    "immoderation": 0.07108873644611638
}