{
    "id": "1",
    "extraversion": 0.6832273545290942,
    "active": 0.8745650869826035,
    "assertive": 0.04010797840431916,
    "cheerful": 0.718872225554889,
    "openness": 0.33516496700659865,
    "adventurous": 0.22951409718056387,
    "artistic": 0.21480503899220155,
    "emotionally_aware": 0.2677984403119376,
    "imaginative": 0.8795680863827234,
    "intellectual": 0.825746850629874,
    "conscientiousness": 0.6467186562687461,
    "cautious": 0.7177804439112176,
    "disciplined": 0.8229394121175766,
    "dutiful": 0.8796400719856028,
    "neuroticism": 0.31035392921415716,
    "melancholy": 0.10025194961007801,
    "self_conscious": 0.2008878224355129,
    "authority_challenging": 0.03617276544691063,
    "achievement_striving": 1,
    "orderliness": 0.7697660467906418,
    "self_efficacy": 0.7837552489502099,
    "stress_prone": 0.10061187762447509,
    "agreeableness": 0.21116976604679064,
    "cooperative": 0.8019916016796641,
    "trusting": 0.8983683263347331,
    "excitement_seeking": 0.8175644871025796,
    "outgoing": 0.8325974805038991,
    "gregariousness": 0.7592921415716857,
    "altruism": 0.7686622675464907,
    "modesty": 0.7725614877024595,
    "uncompromising": 0.7824475104979004,
    "sympathy": 0.821751649670066,
    "fiery": 0.7559088182363527,
    "prone_to_worry": 0.16973005398920213,
    "immoderation": 0
}