{
    "id": "1",
    "extraversion": 0.6940753817089412,
    "active": 1,
    "assertive": 0.20628284142174327,
    "cheerful": 0.9179906469695561,
    "openness": 0.7078158712461416,
    "adventurous": 0.3516574271939877,
    "artistic": 0.28044638524987875,
    "emotionally_aware": 0.7478088513115921,
    "imaginative": 0.9157194916741511,
    "intellectual": 0.8828187101902609,
    "conscientiousness": 0.41786160405504463,
    "cautious": 0.3201709560531451,
    "disciplined": 0.21302404327583183,
    "dutiful": 0.20099724364334606,
    "neuroticism": 0.7403759794357212,
    "melancholy": 0.9078220653060382,
    "self_conscious": 0.8803823799642809,
    "authority_challenging": 0.9023196754312613,
    "achievement_striving": 0.2784023454840142,
    "orderliness": 0.24540865310167553,
    "self_efficacy": 0.2626797567799148,
    "stress_prone": 0.9462975006968317,
    "agreeableness": 0.31560799859601313,
    "cooperative": 0.2330824739075227,
    "trusting": 0,
    "excitement_seeking": 0.7688583315267326,
    "outgoing": 0.813878823541557,
    "gregariousness": 0.8296943231441049,
    "altruism": 0.7996531326457927,
    "modesty": 0.2549165350428939,
    "uncompromising": 0.1378694498642469,
    "sympathy": 0.8032766576852799,
    "fiery": 0.9112597685486286,
    "prone_to_worry": 0.955526649942705,
    "immoderation": 0.9136031878761601
}