{
    "id": "1",
    "extraversion": 0.22766253756505167,
    "active": 0.04540790148794251,
    "assertive": 0.8049182731070879,
    "cheerful": 0,
    "openness": 0.6140022966600699,
    "adventurous": 0.19304160863935108,
    "artistic": 0.1098487624911432,
    "emotionally_aware": 0.7125510029563391,
    "imaginative": 0.057147743653644105,
    "intellectual": 0.7521928217156539,
    "conscientiousness": 0.3100368931564416,
    "cautious": 0.6717242053311833,
    "disciplined": 0.03397346624642674,
    "dutiful": 0.07984558625913164,
    "neuroticism": 0.6569058613696891,
    "melancholy": 0.8489090864668085,
    "self_conscious": 1,
    "authority_challenging": 0.08519631557086658,
    "achievement_striving": 0.11909648415548874,
    "orderliness": 0.0930880304918273,
    "self_efficacy": 0.1192186469251631,
    "stress_prone": 0.7152996652740111,
    "agreeableness": 0.302316206113025,
    "cooperative": 0.07042683671724204,
    "trusting": 0.05051430526032886,
    "excitement_seeking": 0.04973246353441321,
    "outgoing": 0.14426201470839745,
    "gregariousness": 0.14266168242566396,
    "altruism": 0.14571575166752182,
    "modesty": 0.14531261452759658,
    "uncompromising": 0.15316768061765496,
    "sympathy": 0.016504190182999787,
    "fiery": 0.8121014439639376,
    "prone_to_worry": 0.8500207676708447,
    "immoderation": 0.8419702411493073
}