{
    "id": "1",
    "extraversion": 0.6315687415163855,
    "active": 0.7706943161208638,
    "assertive": 0.04021946183941874,
    "cheerful": 0.9495716844038372,
    "openness": 0.3120487287410601,
    "adventurous": 0.7853631272171464,
    "artistic": 0.22004357298474947,
    "emotionally_aware": 0.7710022927146426,
    "imaginative": 0.8497986745599927,
    "intellectual": 0.7696791340154444,
    "conscientiousness": 0.34559536438193666,
    "cautious": 0.6875862619626094,
    "disciplined": 0.034025710342310306,
    "dutiful": 0.8215218606348881,
    "neuroticism": 0.6779477352313816,
    "melancholy": 0,
    "self_conscious": 0.8664978498671138,
    "authority_challenging": 0.048956871870330466,
    "achievement_striving": 0.9088389282414536,
    "orderliness": 0.2161539426707274,
    "self_efficacy": 0.8116323900124331,
    "stress_prone": 0.8437646146300288,
    "agreeableness": 0.35368260160375964,
    "cooperative": 0.12397768880676181,
    "trusting": 1,
    "excitement_seeking": 0.8792275490766406,
    "outgoing": 0.7901196546099534,
    "gregariousness": 0.739292110095929,
    "altruism": 0.9442106103639827,
    "modesty": 0.7816331884702687,
    "uncompromising": 0.8197082206937458,
    "sympathy": 0.8763759139490584,
    "fiery": 0.8501294642347923,
    "prone_to_worry": 0.8517491929872589,
    "immoderation": 0.955776842441456
}