{
    "id": "1",
    "extraversion": 0.652154332651283,
    "active": 0.7505849642168332,
    "assertive": 0.1597172591367005,
    "cheerful": 0.7439765818509344,
    "openness": 0.6089893580568418,
    "adventurous": 0.21573676120732696,
    "artistic": 0.23430876320452695,
    "emotionally_aware": 0.7489108406841388,
    "imaginative": 0.9296672312346415,
    "intellectual": 1,
    "conscientiousness": 0.3727225556327893,
    "cautious": 0.32146108886561,
    "disciplined": 0.10888656099781677,
    "dutiful": 0.1957745513642638,
    "neuroticism": 0.7562241171690668,
    "melancholy": 0.7867205780131775,
    "self_conscious": 0.7831177858492505,
    "authority_challenging": 0.7972744094064204,
    "achievement_striving": 0.7452395171475283,
    "orderliness": 0.16656060620894236,
    "self_efficacy": 0.2668807456213348,
    "stress_prone": 0.8075051643284414,
    "agreeableness": 0.2841604417336479,
    "cooperative": 0.11855927474227307,
    "trusting": 0.11267536688759872,
    "excitement_seeking": 0.7507220269622,
    "outgoing": 0,
    "gregariousness": 0.22260947886786167,
    "altruism": 0.2781296809375091,
    "modesty": 0.18992980429398001,
    "uncompromising": 0.7330800935942746,
    "sympathy": 0.805674397658185,
    "fiery": 0.7802198878043527,
    "prone_to_worry": 0.8504253840204418,
    "immoderation": 0.8537148899092448
}