{
    "id": "1",
    "extraversion": 0.6295507188303248,
    "active": 0.23960359268562048,
    "assertive": 0.19519346357958933,
    "cheerful": 0.8019136230807573,
    "openness": 0.6237355720833863,
    "adventurous": 0.2932690898073672,
    "artistic": 0.16155357265024095,
    "emotionally_aware": 0.6977296494297247,
    "imaginative": 0.20314897526363632,
    "intellectual": 0.8023045573158455,
    "conscientiousness": 0.3710747759458165,
    "cautious": 0.27613639695462233,
    "disciplined": 0,
    "dutiful": 0.10681300638200143,
    "neuroticism": 0.665536215170203,
    "melancholy": 0.7686842130982515,
    "self_conscious": 0.7893939542020544,
    "authority_challenging": 0.8056274983140962,
    "achievement_striving": 0.18519532051720602,
    "orderliness": 0.14591620324670887,
    "self_efficacy": 0.2323908560482413,
    "stress_prone": 0.7694367615007964,
    "agreeableness": 0.35247607971149053,
    "cooperative": 0.16980228501060415,
    "trusting": 0.10929543877481214,
    "excitement_seeking": 0.7261505683206443,
    "outgoing": 0.25035428415054883,
    "gregariousness": 0.7279781858696821,
    "altruism": 0.23141352046052058,
    "modesty": 0.2389780979094792,
    "uncompromising": 0.12068139837175894,
    "sympathy": 0.2388705909948299,
    "fiery": 0.847056753877579,
    "prone_to_worry": 0.8974286300687067,
    "immoderation": 1
}