{
    "id": "1",
    "extraversion": 0.7027057412681756,
    "active": 0.1614200769499825,
    "assertive": 0.04007395193124469,
    "cheerful": 0.7595812721730876,
    "openness": 0.6263428771298657,
    "adventurous": 0.7303127966821565,
    "artistic": 0.12886623694598515,
    "emotionally_aware": 0.7678508969170039,
    "imaginative": 0.9930295308049767,
    "intellectual": 0.8687977814420625,
    "conscientiousness": 0.2991305651326638,
    "cautious": 0.24267975815719786,
    "disciplined": 0.07863638634887324,
    "dutiful": 0.07005446459801132,
    "neuroticism": 0.71264927796932,
    "melancholy": 0.9019637235796732,
    "self_conscious": 0.973442262529356,
    "authority_challenging": 0.8610403237895368,
    "achievement_striving": 0.20466696647179336,
    "orderliness": 0.07296507270274324,
    "self_efficacy": 0.14759156548243646,
    "stress_prone": 0.923974416629191,
    "agreeableness": 0.28553939939039624,
    "cooperative": 0,
    "trusting": 0.8586918502973068,
    "excitement_seeking": 0.8102108629390896,
    "outgoing": 0.10294558536950986,
    "gregariousness": 0.7768575425973118,
    "altruism": 0.22024434117823416,
    "modesty": 0.08118472992554839,
    "uncompromising": 0.008606905511417587,
    "sympathy": 0.8889971518512966,
    "fiery": 1,
    "prone_to_worry": 0.9814995253085494,
    "immoderation": 0.9195397991305652
}