{
    "id": "1",
    "extraversion": 0.6077363685530262,
    "active": 0.11981906681744432,
    "assertive": 0.08472638772801028,
    "cheerful": 0.7789591425340479,
    "openness": 0.302288706426078,
    "adventurous": 0.20310733074389106,
    "artistic": 0.10686366094694923,
    "emotionally_aware": 0.23214022321648067,
    "imaginative": 0.885404887162594,
    "intellectual": 0.7181031515807069,
    "conscientiousness": 0.2705639411967157,
    "cautious": 0.14603716996902505,
    "disciplined": 0,
    "dutiful": 0.01568415359653866,
    "neuroticism": 0.6427430060474949,
    "melancholy": 0.04334038054968289,
    "self_conscious": 0.7690643591130341,
    "authority_challenging": 0.05892620089483263,
    "achievement_striving": 0.8136707802743497,
    "orderliness": 0.1138699051084124,
    "self_efficacy": 0.7095358670534441,
    "stress_prone": 1,
    "agreeableness": 0.21211711490240426,
    "cooperative": 0.11540636216136489,
    "trusting": 0.9345469295442254,
    "excitement_seeking": 0.8278676434436304,
    "outgoing": 0.8007399577167019,
    "gregariousness": 0.1480775849353459,
    "altruism": 0.7032425389645508,
    "modesty": 0.7112812822655981,
    "uncompromising": 0.12932051723290233,
    "sympathy": 0.801637248635626,
    "fiery": 0.7479964600029501,
    "prone_to_worry": 0.030839765966861693,
    "immoderation": 0.9351492207089828
}