{
    "id": "1",
    "extraversion": 0.6889014796574343,
    "active": 0.7841421691472902,
    "assertive": 0.03425657564993792,
    "cheerful": 0.820174769552616,
    "openness": 0.30628255137396765,
    "adventurous": 0.7777789884285994,
    "artistic": 0.1999389831985879,
    "emotionally_aware": 0.784000523001155,
    "imaginative": 0.8655669114602628,
    "intellectual": 0.8415851293338272,
    "conscientiousness": 0.31702586676545574,
    "cautious": 0.19544988995184032,
    "disciplined": 0,
    "dutiful": 0.10676850661378545,
    "neuroticism": 0.6781690601233411,
    "melancholy": 0.14684347011266316,
    "self_conscious": 0.7360260628908889,
    "authority_challenging": 0.8710802153021422,
    "achievement_striving": 0.7184728366275142,
    "orderliness": 0.7321907210878423,
    "self_efficacy": 0.7936542526531412,
    "stress_prone": 0.8350911983263962,
    "agreeableness": 0.6256619233367473,
    "cooperative": 0.10619102617184945,
    "trusting": 1,
    "excitement_seeking": 0.8908888840462856,
    "outgoing": 0.8369543899409445,
    "gregariousness": 0.7429667240515156,
    "altruism": 0.9507616204319117,
    "modesty": 0.1837695308243806,
    "uncompromising": 0.8107825404781102,
    "sympathy": 0.8821286147006908,
    "fiery": 0.17872474885048706,
    "prone_to_worry": 0.8501274815315216,
    "immoderation": 0.09270195471681665
}