{
    "id": "1",
    "extraversion": 0.3266606822262119,
    "active": 0.16828994614003592,
    "assertive": 0.12758078994614006,
    "cheerful": 0.8828657989228007,
    "openness": 0.6564407540394973,
    "adventurous": 0.22336175942549374,
    "artistic": 0.14605026929982054,
    "emotionally_aware": 0.6979914721723519,
    "imaginative": 0.9945578994614004,
    "intellectual": 0.8364228007181328,
    "conscientiousness": 0.3366472172351886,
    "cautious": 0.27425942549371635,
    "disciplined": 0,
    "dutiful": 0.0579106822262119,
    "neuroticism": 0.7442773788150808,
    "melancholy": 0.8480587971274686,
    "self_conscious": 0.9464878815080789,
    "authority_challenging": 0.15647441651705568,
    "achievement_striving": 0.2644860861759426,
    "orderliness": 0.16635996409335727,
    "self_efficacy": 0.1539833931777379,
    "stress_prone": 0.8943559245960503,
    "agreeableness": 0.2893738779174148,
    "cooperative": 0.0705116696588869,
    "trusting": 0.02479802513464992,
    "excitement_seeking": 0.8660345601436267,
    "outgoing": 0.12884874326750453,
    "gregariousness": 0.28039721723518857,
    "altruism": 0.22933123877917416,
    "modesty": 0.11022217235188514,
    "uncompromising": 0.7838307899461401,
    "sympathy": 0.8751009874326751,
    "fiery": 0.8990798922800719,
    "prone_to_worry": 0.8634762118491922,
    "immoderation": 1
}