{
    "id": "1",
    "extraversion": 0.3416525781910397,
    "active": 0.8539623837700762,
    "assertive": 0.14026838546069315,
    "cheerful": 0.1554733727810651,
    "openness": 0.34607988165680476,
    "adventurous": 0.8093829247675403,
    "artistic": 0.16994928148774302,
    "emotionally_aware": 0.7170540997464075,
    "imaginative": 0.0849218089602705,
    "intellectual": 0.2033072696534235,
    "conscientiousness": 0.19615384615384615,
    "cautious": 0.1389792899408284,
    "disciplined": 0.19133558748943363,
    "dutiful": 0.1493977176669484,
    "neuroticism": 0.674006762468301,
    "melancholy": 0.9640849535080305,
    "self_conscious": 0.8416948436179207,
    "authority_challenging": 1,
    "achievement_striving": 0.13238588334742177,
    "orderliness": 0.13209002535925615,
    "self_efficacy": 0,
    "stress_prone": 0.8620879120879121,
    "agreeableness": 0.3111475063398141,
    "cooperative": 0.2123203719357566,
    "trusting": 0.024535080304311035,
    "excitement_seeking": 0.7759932375316991,
    "outgoing": 0.14469568892645818,
    "gregariousness": 0.1584002535925613,
    "altruism": 0.16673710904480135,
    "modesty": 0.09149408284023669,
    "uncompromising": 0.9356086221470837,
    "sympathy": 0.15309594251901942,
    "fiery": 0.8777049873203719,
    "prone_to_worry": 0.8849323753169906,
    "immoderation": 0.8994188503803889
}