{
    "id": "1",
    "extraversion": 0.40306688333462304,
    "active": 0.23416905259356705,
    "assertive": 0.061634295442234775,
    "cheerful": 0.8472104000619052,
    "openness": 0.40282184219350514,
    "adventurous": 0.22466403569862523,
    "artistic": 0.9466971033557741,
    "emotionally_aware": 0.7934561118419355,
    "imaginative": 0.9920555082669144,
    "intellectual": 0.9404292089040213,
    "conscientiousness": 0.779334003972246,
    "cautious": 0.9436534344450462,
    "disciplined": 0.19759343805617893,
    "dutiful": 0.10451649513786788,
    "neuroticism": 0.8433671232170034,
    "melancholy": 0.24963243828832318,
    "self_conscious": 0.9562021202507158,
    "authority_challenging": 0.11791637648636799,
    "achievement_striving": 0.074918104671258,
    "orderliness": 1,
    "self_efficacy": 0.9256751528282907,
    "stress_prone": 0.8677035776006604,
    "agreeableness": 0.4433954964017643,
    "cooperative": 0.938958962057314,
    "trusting": 0.174946477856019,
    "excitement_seeking": 0.16729861487270759,
    "outgoing": 0,
    "gregariousness": 0.25315329257912256,
    "altruism": 0.2924243596688076,
    "modesty": 0.9845882019139004,
    "uncompromising": 0.3003817483040574,
    "sympathy": 0.911153240991514,
    "fiery": 0.2706028012071501,
    "prone_to_worry": 0.958665428564059,
    "immoderation": 0.14836596249580855
}