{
    "id": "1",
    "extraversion": 0.24289781392984242,
    "active": 0.7662430096593797,
    "assertive": 1,
    "cheerful": 0.12712760549059485,
    "openness": 0.7594712760549059,
    "adventurous": 0.2043924758515506,
    "artistic": 0.7846568378240976,
    "emotionally_aware": 0.9133299440772751,
    "imaginative": 0.8964107778342654,
    "intellectual": 0.8002033553634977,
    "conscientiousness": 0.5885612608032538,
    "cautious": 0.614316217590239,
    "disciplined": 0.9619318759532283,
    "dutiful": 0.0703202846975089,
    "neuroticism": 0.5784646670055922,
    "melancholy": 0.6953940010167768,
    "self_conscious": 0.6995017793594306,
    "authority_challenging": 0.898393492628368,
    "achievement_striving": 0.687025927808846,
    "orderliness": 0.14209456024402647,
    "self_efficacy": 0.6839450940518557,
    "stress_prone": 0.7123741738688358,
    "agreeableness": 0.26613116420945604,
    "cooperative": 0.6370411794611083,
    "trusting": 0,
    "excitement_seeking": 0.6442806304016269,
    "outgoing": 0.677864768683274,
    "gregariousness": 0.1937874936451449,
    "altruism": 0.1211489578037621,
    "modesty": 0.020213523131672607,
    "uncompromising": 0.1599389933909507,
    "sympathy": 0.127025927808846,
    "fiery": 0.704616166751398,
    "prone_to_worry": 0.6590747330960853,
    "immoderation": 0.7832943568886629
}