{
    "id": "1",
    "extraversion": 0.2677028353697061,
    "active": 0.9580186432605293,
    "assertive": 0.8400937023104811,
    "cheerful": 0.6371562709590878,
    "openness": 0.5542238940891727,
    "adventurous": 0.12000505448147825,
    "artistic": 0.6958757375168888,
    "emotionally_aware": 0.7104073717668329,
    "imaginative": 0.7740841182359859,
    "intellectual": 0.9174175487708861,
    "conscientiousness": 0.5574898667366517,
    "cautious": 0.6222066699715199,
    "disciplined": 1,
    "dutiful": 0,
    "neuroticism": 0.62926350372768,
    "melancholy": 0.7112724657121472,
    "self_conscious": 0.9491052595767842,
    "authority_challenging": 0.7210606634978954,
    "achievement_striving": 0.682996529904062,
    "orderliness": 0.11307458276227411,
    "self_efficacy": 0.6281359655517647,
    "stress_prone": 0.6354260830684589,
    "agreeableness": 0.12400003888062676,
    "cooperative": 0.6911614615227597,
    "trusting": 0.12137559657461676,
    "excitement_seeking": 0.17177460900669717,
    "outgoing": 0.6495105901107125,
    "gregariousness": 0.13946480817270773,
    "altruism": 0.12199768660270803,
    "modesty": 0.07156951370056082,
    "uncompromising": 0.6671040737176682,
    "sympathy": 0.6659376549149971,
    "fiery": 0.09230260791803963,
    "prone_to_worry": 0.11149991737866811,
    "immoderation": 0.8202257020383167
}