{
    "id": "1",
    "extraversion": 0.7161426607504107,
    "active": 0.9098814140894814,
    "assertive": 0.21019101161270132,
    "cheerful": 0.8481966223692593,
    "openness": 0.7024957807557757,
    "adventurous": 0.8237529478825542,
    "artistic": 0.3216014127482648,
    "emotionally_aware": 0.7948497278447765,
    "imaginative": 0.9600429189346268,
    "intellectual": 0.9975411027036692,
    "conscientiousness": 0.40522627443529186,
    "cautious": 0.7868471348258095,
    "disciplined": 0.12315722412848851,
    "dutiful": 0,
    "neuroticism": 0.7948720814565613,
    "melancholy": 0.12013948653753727,
    "self_conscious": 0.8509796470364699,
    "authority_challenging": 0.17429111108627374,
    "achievement_striving": 0.2242626102312481,
    "orderliness": 0.23557353779436907,
    "self_efficacy": 0.8156050563869857,
    "stress_prone": 0.809267807445988,
    "agreeableness": 0.3619049747963027,
    "cooperative": 0.2236255322953806,
    "trusting": 0.9903767701266332,
    "excitement_seeking": 1,
    "outgoing": 0.8641906316013009,
    "gregariousness": 0.8499290272825832,
    "altruism": 0.8613852533223055,
    "modesty": 0.1649920085837869,
    "uncompromising": 0.847213063450727,
    "sympathy": 0.8808552491868873,
    "fiery": 0.8468665824680623,
    "prone_to_worry": 0.990857372780007,
    "immoderation": 0.9099596517307283
}