{
    "id": "1",
    "extraversion": 0.6204830311118089,
    "active": 0.9014051338409607,
    "assertive": 0.8602454405107675,
    "cheerful": 0.744982599366774,
    "openness": 0.6157469189104324,
    "adventurous": 0.7092000941989167,
    "artistic": 0.8713661459559883,
    "emotionally_aware": 0.8971530994060234,
    "imaginative": 0.8743752780176361,
    "intellectual": 0.859879111390219,
    "conscientiousness": 0.2068189549153518,
    "cautious": 0.1432870188659497,
    "disciplined": 0.9877018080958735,
    "dutiful": 0.025289792500719593,
    "neuroticism": 0.6833608080173744,
    "melancholy": 0.15919616924405366,
    "self_conscious": 0.8416019049114268,
    "authority_challenging": 0.9090849621896014,
    "achievement_striving": 0.8392730983593688,
    "orderliness": 0.10131616819739907,
    "self_efficacy": 0.8562158201847344,
    "stress_prone": 0.8257189208990763,
    "agreeableness": 0.2813407645812073,
    "cooperative": 0.8181437580134495,
    "trusting": 0,
    "excitement_seeking": 0.8617761729073449,
    "outgoing": 0.8498050605751367,
    "gregariousness": 0.7474945704791061,
    "altruism": 0.7666221838448858,
    "modesty": 0.11973728968783524,
    "uncompromising": 0.10410288615014257,
    "sympathy": 0.7876206923620377,
    "fiery": 0.9023732893738389,
    "prone_to_worry": 0.8585446267367925,
    "immoderation": 1
}