{
    "id": "1",
    "extraversion": 0.3249015135807589,
    "active": 0.8783303960190753,
    "assertive": 0,
    "cheerful": 0.993922351233672,
    "openness": 0.7343976777939042,
    "adventurous": 0.8571039809247357,
    "artistic": 0.8540975533900061,
    "emotionally_aware": 0.8105821065726726,
    "imaginative": 1,
    "intellectual": 0.8777472527472527,
    "conscientiousness": 0.3265343147418619,
    "cautious": 0.25434117769023434,
    "disciplined": 0.9168826456562306,
    "dutiful": 0.04023688575575371,
    "neuroticism": 0.7011714700393945,
    "melancholy": 0.9275606469002696,
    "self_conscious": 0.9349600870827285,
    "authority_challenging": 0.057264669292971186,
    "achievement_striving": 0.7854291934480615,
    "orderliness": 0.15437746216048104,
    "self_efficacy": 0.841708998548621,
    "stress_prone": 0.8429919137466306,
    "agreeableness": 0.6541960398092473,
    "cooperative": 0.12078840970350406,
    "trusting": 0.1163435620982791,
    "excitement_seeking": 0.8528923906282397,
    "outgoing": 0.9291286543645034,
    "gregariousness": 0.8265731909599834,
    "altruism": 0.823100248807796,
    "modesty": 0.113311217084802,
    "uncompromising": 0.8726415094339622,
    "sympathy": 0.9567178104913954,
    "fiery": 0.8189145759900477,
    "prone_to_worry": 0.7931137258967448,
    "immoderation": 0.9711149699357247
}