{
    "id": "1",
    "extraversion": 0.618941951323151,
    "active": 0.8386487571114941,
    "assertive": 0.014907580085455932,
    "cheerful": 0.7939968367130144,
    "openness": 0.6482377658695498,
    "adventurous": 0.7161304029649914,
    "artistic": 0.2164608956351361,
    "emotionally_aware": 0.7009631500672789,
    "imaginative": 0.9712589410070585,
    "intellectual": 0.8158919761101013,
    "conscientiousness": 0.25496329170699467,
    "cautious": 0.2196005760015108,
    "disciplined": 0.028894502018365954,
    "dutiful": 0.07176412265999389,
    "neuroticism": 0.6059937206392673,
    "melancholy": 0.052253251811808,
    "self_conscious": 0.8023771865631123,
    "authority_challenging": 0.8529071551663087,
    "achievement_striving": 0,
    "orderliness": 0.17337881541984373,
    "self_efficacy": 0.819480182243101,
    "stress_prone": 0.7662590590401548,
    "agreeableness": 0.6037983050447345,
    "cooperative": 0.748589504497061,
    "trusting": 1,
    "excitement_seeking": 0.8137791836831048,
    "outgoing": 0.8531432213592691,
    "gregariousness": 0.7858407497462289,
    "altruism": 0.8508769859068482,
    "modesty": 0.14479119945232644,
    "uncompromising": 0.7860650126295413,
    "sympathy": 0.8177214891055452,
    "fiery": 0.12694459526451216,
    "prone_to_worry": 0.7495219659592551,
    "immoderation": 0.9320011331177261
}