{
    "id": "1",
    "extraversion": 0.2573153103879361,
    "active": 0.23170684064538813,
    "assertive": 0.10023635582294799,
    "cheerful": 0.19692737430167598,
    "openness": 0.6311970152752275,
    "adventurous": 0.7506153064812282,
    "artistic": 0.27706371840450056,
    "emotionally_aware": 0.8725729577684884,
    "imaginative": 0.74991209907411,
    "intellectual": 0.6994276673047622,
    "conscientiousness": 0.3308883853576591,
    "cautious": 0.2108352541313435,
    "disciplined": 0,
    "dutiful": 0.09915224440364104,
    "neuroticism": 0.6679786693753174,
    "melancholy": 0.8277825526428878,
    "self_conscious": 0.841329061999453,
    "authority_challenging": 0.16531234128999492,
    "achievement_striving": 0.16705082626870338,
    "orderliness": 0.1427901707231316,
    "self_efficacy": 0.17983552760089072,
    "stress_prone": 0.679815994061804,
    "agreeableness": 0.6176700394577489,
    "cooperative": 0.03381255615892491,
    "trusting": 0.13464468492401455,
    "excitement_seeking": 0.6904324725553775,
    "outgoing": 0.8169609719889049,
    "gregariousness": 0.14266320271906865,
    "altruism": 0.2525100597726296,
    "modesty": 0.11066726569519866,
    "uncompromising": 0.07590733289057311,
    "sympathy": 1,
    "fiery": 0.7604406766417938,
    "prone_to_worry": 0.7966460913388287,
    "immoderation": 0.8318650623119896
}