{
    "id": "1",
    "extraversion": 0.7538755178995391,
    "active": 0.8571761091196872,
    "assertive": 0.09181369582421677,
    "cheerful": 0.7707974489083376,
    "openness": 0.31824635724593825,
    "adventurous": 0.23413714445323774,
    "artistic": 0.6904473720962712,
    "emotionally_aware": 0.7125366603044551,
    "imaginative": 0.8712699594990923,
    "intellectual": 0.7888250081467343,
    "conscientiousness": 0.6318374377356734,
    "cautious": 0.7583562217773847,
    "disciplined": 0,
    "dutiful": 0.0911503188864578,
    "neuroticism": 0.6608398119268191,
    "melancholy": 0.17721474791676364,
    "self_conscious": 0.7903030585168288,
    "authority_challenging": 0.8220520459941343,
    "achievement_striving": 0.8261836041152646,
    "orderliness": 0.7120013034774917,
    "self_efficacy": 0.8144057539220707,
    "stress_prone": 0.9631185698989805,
    "agreeableness": 0.28487966109585217,
    "cooperative": 0.19563800567943765,
    "trusting": 0.929926446627252,
    "excitement_seeking": 0.8456077463805223,
    "outgoing": 0.8677319491643778,
    "gregariousness": 0.21175690144779108,
    "altruism": 0.7291210837484289,
    "modesty": 0.7109073134397841,
    "uncompromising": 0.7034937852055304,
    "sympathy": 0.7556910758344584,
    "fiery": 0.7700293282435641,
    "prone_to_worry": 0.7962036218053163,
    "immoderation": 1
}