{
    "id": "1",
    "extraversion": 0.7095236218921155,
    "active": 0.1756833077216071,
    "assertive": 0.1929810735910267,
    "cheerful": 0.8871770624006725,
    "openness": 0.7405072435215466,
    "adventurous": 0.3122003756386514,
    "artistic": 0.15518079251874906,
    "emotionally_aware": 0.9142204184562039,
    "imaginative": 1,
    "intellectual": 0.9217331914837726,
    "conscientiousness": 0.31532631966061175,
    "cautious": 0.8046284986274741,
    "disciplined": 0.06078516358669239,
    "dutiful": 0.08606853435254867,
    "neuroticism": 0.806874450004597,
    "melancholy": 0.9407252715499691,
    "self_conscious": 0.9283528376479242,
    "authority_challenging": 0.9817565703928444,
    "achievement_striving": 0.26665090560437105,
    "orderliness": 0.255736369964669,
    "self_efficacy": 0.13554513574214905,
    "stress_prone": 0.9442452421293195,
    "agreeableness": 0.3848851412585208,
    "cooperative": 0.1929810735910267,
    "trusting": 0.0827455770518933,
    "excitement_seeking": 0.2907259282608981,
    "outgoing": 0.21918383965745955,
    "gregariousness": 0.31667914417431736,
    "altruism": 0.16954962764490325,
    "modesty": 0,
    "uncompromising": 0.17443555695653884,
    "sympathy": 0.1902754245636156,
    "fiery": 0.9737052944035094,
    "prone_to_worry": 0.9546081405886756,
    "immoderation": 0.9598618280205419
}