{
    "id": "1",
    "extraversion": 0.4068100358422939,
    "active": 1,
    "assertive": 0.18168032684161714,
    "cheerful": 0.25552046519788457,
    "openness": 0.7053412537283505,
    "adventurous": 0.3491114620146878,
    "artistic": 0.1866681705391383,
    "emotionally_aware": 0.8583728099857133,
    "imaginative": 0.9665513697771763,
    "intellectual": 0.8366669173120787,
    "conscientiousness": 0.41618417424869036,
    "cautious": 0.836942627265208,
    "disciplined": 0,
    "dutiful": 0.2402060305286112,
    "neuroticism": 0.756673434092789,
    "melancholy": 0.20819861142441787,
    "self_conscious": 0.9058325187357446,
    "authority_challenging": 0.13242850339624532,
    "achievement_striving": 0.8965461062235256,
    "orderliness": 0.8737624382785674,
    "self_efficacy": 0.9366493721332432,
    "stress_prone": 0.963982254304835,
    "agreeableness": 0.37098027420608065,
    "cooperative": 0.23618317166704267,
    "trusting": 0.11275283855929016,
    "excitement_seeking": 0.23779983457402817,
    "outgoing": 0.9302579141288819,
    "gregariousness": 0.3308644760257664,
    "altruism": 0.8844775296388199,
    "modesty": 0.9070732135248264,
    "uncompromising": 0.8996290447903351,
    "sympathy": 0.27822893951926214,
    "fiery": 0.8735117928666316,
    "prone_to_worry": 0.8488357520615586,
    "immoderation": 0.10629871920194502
}