{
    "id": "1",
    "extraversion": 0.1891001719829964,
    "active": 0.6489032027776876,
    "assertive": 0.029618392445727997,
    "cheerful": 0.12165363273517862,
    "openness": 0.23495960022065743,
    "adventurous": 0.17671252879903948,
    "artistic": 0.1826021351851251,
    "emotionally_aware": 0.6628159781938541,
    "imaginative": 0.6998896712853295,
    "intellectual": 0.7032725443748581,
    "conscientiousness": 0.5283771944056852,
    "cautious": 0.5411785702696564,
    "disciplined": 0.7048139014180486,
    "dutiful": 0,
    "neuroticism": 0.5119739105039426,
    "melancholy": 0.7304977772008956,
    "self_conscious": 1,
    "authority_challenging": 0.11616153421812635,
    "achievement_striving": 0.027744426777428048,
    "orderliness": 0.14638835707564007,
    "self_efficacy": 0.10945257487750266,
    "stress_prone": 0.5465003082714087,
    "agreeableness": 0.24326670344290485,
    "cooperative": 0.6091605282798456,
    "trusting": 0.08698121166888405,
    "excitement_seeking": 0.14608819807249246,
    "outgoing": 0.6534137002303924,
    "gregariousness": 0.11777590291073108,
    "altruism": 0.10079663821916476,
    "modesty": 0.16429243599312066,
    "uncompromising": 0.6233247882662166,
    "sympathy": 0.6136385761105883,
    "fiery": 0.05815783496122268,
    "prone_to_worry": 0.6488869779667068,
    "immoderation": 0.6756903657072395
}