{
    "id": "1",
    "extraversion": 0.31201544417403443,
    "active": 1,
    "assertive": 0.8920653502151299,
    "cheerful": 0.10281055214975919,
    "openness": 0.3830648059722949,
    "adventurous": 0.21029337769425874,
    "artistic": 0.8097306511403428,
    "emotionally_aware": 0.9474446258587228,
    "imaginative": 0.8390376143680109,
    "intellectual": 0.8050173028146596,
    "conscientiousness": 0.6464372631773513,
    "cautious": 0.747892342605999,
    "disciplined": 0,
    "dutiful": 0.879280777959192,
    "neuroticism": 0.6672519844326011,
    "melancholy": 0.8068245997761415,
    "self_conscious": 0.7805777189037101,
    "authority_challenging": 0.9064621135105716,
    "achievement_striving": 0.8597907232268466,
    "orderliness": 0.8058182639680437,
    "self_efficacy": 0.7932390663668196,
    "stress_prone": 0.7921403119641005,
    "agreeableness": 0.359508333076615,
    "cooperative": 0.8403006684945011,
    "trusting": 0.22889005267859894,
    "excitement_seeking": 0.18976618095560824,
    "outgoing": 0.2327305587217481,
    "gregariousness": 0.30284546584106053,
    "altruism": 0.2843104032531345,
    "modesty": 0.17590339176242256,
    "uncompromising": 0.28289331813560886,
    "sympathy": 0.03473912284484969,
    "fiery": 0.7964018360494132,
    "prone_to_worry": 0.8130782580121787,
    "immoderation": 0.9064929197087787
}