{
    "id": "1",
    "extraversion": 0.23063728038257617,
    "active": 0.9548419794157396,
    "assertive": 0.9549459403264373,
    "cheerful": 0.138047094292546,
    "openness": 0.5803227986277161,
    "adventurous": 0.10279135045222997,
    "artistic": 0.7748726478843954,
    "emotionally_aware": 0.8922835014034725,
    "imaginative": 0.828412516893648,
    "intellectual": 0.7815651315105521,
    "conscientiousness": 0.5842343278927123,
    "cautious": 0.6823734275912258,
    "disciplined": 1,
    "dutiful": 0.03179904355962157,
    "neuroticism": 0.6596579686038049,
    "melancholy": 0.05599594552448282,
    "self_conscious": 0.8346631666493399,
    "authority_challenging": 0.8481650899261877,
    "achievement_striving": 0.8003820563468136,
    "orderliness": 0.08119347125480816,
    "self_efficacy": 0.7250883667740929,
    "stress_prone": 0.85858717122362,
    "agreeableness": 0.23796652458675538,
    "cooperative": 0.11756679488512319,
    "trusting": 0,
    "excitement_seeking": 0.0838704647052708,
    "outgoing": 0.8427591225699137,
    "gregariousness": 0.11764476556814638,
    "altruism": 0.09780122673874622,
    "modesty": 0.7834104376754341,
    "uncompromising": 0.7815651315105521,
    "sympathy": 0.7492982638527914,
    "fiery": 0.7741969019648614,
    "prone_to_worry": 0.7819809751533424,
    "immoderation": 0.9948929202619815
}