{
    "id": "1",
    "extraversion": 0.20245166032412185,
    "active": 0.8264276653507369,
    "assertive": 0.8526632760726015,
    "cheerful": 0.11556472359545235,
    "openness": 0.637811051439817,
    "adventurous": 0.09262486514682695,
    "artistic": 0.775082690187431,
    "emotionally_aware": 0.8039620158622898,
    "imaginative": 0.856978577610224,
    "intellectual": 0.8121184099773566,
    "conscientiousness": 0.20923284845467158,
    "cautious": 0.6320138469016372,
    "disciplined": 1,
    "dutiful": 0.7850292231271709,
    "neuroticism": 0.5982146032649286,
    "melancholy": 0.7546798496757595,
    "self_conscious": 0.8782112838022075,
    "authority_challenging": 0.7568256452205665,
    "achievement_striving": 0.7465234555606928,
    "orderliness": 0.023437777856812617,
    "self_efficacy": 0.10725421156832758,
    "stress_prone": 0.7859183649275053,
    "agreeableness": 0.24805870706927008,
    "cooperative": 0.7328662375075576,
    "trusting": 0,
    "excitement_seeking": 0.023176962928714552,
    "outgoing": 0.6715035980604854,
    "gregariousness": 0.04731419900179014,
    "altruism": 0.6953800192054629,
    "modesty": 0.7198017806546454,
    "uncompromising": 0.6817702220483457,
    "sympathy": 0.7341703121480481,
    "fiery": 0.7101397730910126,
    "prone_to_worry": 0.7257649583288877,
    "immoderation": 0.7337909449799054
}