{
    "id": "1",
    "extraversion": 0.2791319676615403,
    "active": 1,
    "assertive": 0.0412335622961117,
    "cheerful": 0.2373310639677426,
    "openness": 0.569742467529836,
    "adventurous": 0.20794075334832737,
    "artistic": 0.7016493424918444,
    "emotionally_aware": 0.7119324053249042,
    "imaginative": 0.7793548517820599,
    "intellectual": 0.6863209936579336,
    "conscientiousness": 0.5774927562660831,
    "cautious": 0.651186351386947,
    "disciplined": 0.8768058679310274,
    "dutiful": 0.7917046582781189,
    "neuroticism": 0.6461106720969343,
    "melancholy": 0.7635604725143355,
    "self_conscious": 0.769872145563593,
    "authority_challenging": 0.7106660182764979,
    "achievement_striving": 0.7445140113063035,
    "orderliness": 0.09939618665531987,
    "self_efficacy": 0.6973740198164246,
    "stress_prone": 0.8824083642331773,
    "agreeableness": 0.29171478937450607,
    "cooperative": 0.08160598139930704,
    "trusting": 0,
    "excitement_seeking": 0.05970255101007035,
    "outgoing": 0.19953194334690902,
    "gregariousness": 0.20078819929892813,
    "altruism": 0.19610763276801815,
    "modesty": 0.1801005004761615,
    "uncompromising": 0.7525175774522318,
    "sympathy": 0.744129029643588,
    "fiery": 0.748485401090106,
    "prone_to_worry": 0.7759811966851053,
    "immoderation": 0.7923834417360647
}