{
    "id": "1",
    "extraversion": 0.7135504481320437,
    "active": 1,
    "assertive": 0.0748291773892981,
    "cheerful": 0.8147905759162304,
    "openness": 0.3438969739994676,
    "adventurous": 0.2696889697399947,
    "artistic": 0.7487021918537582,
    "emotionally_aware": 0.711209956517881,
    "imaginative": 0.8774846925193007,
    "intellectual": 0.88056837341379,
    "conscientiousness": 0.6643002928387614,
    "cautious": 0.85338095660662,
    "disciplined": 0.883530038157778,
    "dutiful": 0.8998802023249624,
    "neuroticism": 0.650013310852782,
    "melancholy": 0.0926657201171355,
    "self_conscious": 0.759217765551513,
    "authority_challenging": 0.8636303132487355,
    "achievement_striving": 0.13416230366492146,
    "orderliness": 0.929042062294791,
    "self_efficacy": 0.9113497204720916,
    "stress_prone": 0.2061074629514598,
    "agreeableness": 0.6846437128405359,
    "cooperative": 0.8761646996184222,
    "trusting": 0.8328933356997072,
    "excitement_seeking": 0.19683423551335522,
    "outgoing": 0.9203012689679653,
    "gregariousness": 0.905836808944893,
    "altruism": 0.9654583370307924,
    "modesty": 0.9197577424793683,
    "uncompromising": 0.9083880557281035,
    "sympathy": 0.835666430029284,
    "fiery": 0.10683068595261337,
    "prone_to_worry": 0.25598988375188575,
    "immoderation": 0
}