{
    "id": "1",
    "extraversion": 0.2893481133460578,
    "active": 0.9035995693241325,
    "assertive": 0.8957079234571527,
    "cheerful": 0.7059291342436255,
    "openness": 0.6446434688983507,
    "adventurous": 0.15591200508980568,
    "artistic": 0.8255885087848088,
    "emotionally_aware": 0.8233250134586207,
    "imaginative": 0.9622913913766945,
    "intellectual": 0.982075564038565,
    "conscientiousness": 0.29068174032202804,
    "cautious": 0.2349263446385748,
    "disciplined": 0.9603215386874173,
    "dutiful": 0.06652229237018545,
    "neuroticism": 0.689387265697646,
    "melancholy": 0.8545857191797581,
    "self_conscious": 1,
    "authority_challenging": 0.10576028972740177,
    "achievement_striving": 0.8290388097685115,
    "orderliness": 0.07184456516419517,
    "self_efficacy": 0.8019747467332257,
    "stress_prone": 0.8171340478637498,
    "agreeableness": 0.30992756814956196,
    "cooperative": 0.19062301179464589,
    "trusting": 0.02117897518719717,
    "excitement_seeking": 0.17824108060490382,
    "outgoing": 0.014107081681593482,
    "gregariousness": 0.154602848333578,
    "altruism": 0.08964665002691724,
    "modesty": 0,
    "uncompromising": 0.09994861253854057,
    "sympathy": 0.748336025057505,
    "fiery": 0.1404101208828855,
    "prone_to_worry": 0.8518572896784612,
    "immoderation": 0.8543043116527186
}