{
    "id": "1",
    "extraversion": 0.2637264011487942,
    "active": 0.7667250918613,
    "assertive": 0.7565569962410779,
    "cheerful": 0.14091734594754404,
    "openness": 0.6037399163745407,
    "adventurous": 0.02123368670017318,
    "artistic": 0.6786227140262702,
    "emotionally_aware": 0.6779152764286015,
    "imaginative": 0.7309519787135194,
    "intellectual": 1,
    "conscientiousness": 0.15298602018836843,
    "cautious": 0.6328293280398699,
    "disciplined": 0.7658698314820289,
    "dutiful": 0,
    "neuroticism": 0.6184271656037504,
    "melancholy": 0.7692169616083119,
    "self_conscious": 0.9694534780588757,
    "authority_challenging": 0.833393166363982,
    "achievement_striving": 0.6759619039574271,
    "orderliness": 0.07092325885880812,
    "self_efficacy": 0.08485027663977698,
    "stress_prone": 0.717658487139418,
    "agreeableness": 0.2141107403809604,
    "cooperative": 0.10785783671917896,
    "trusting": 0.015025129872872429,
    "excitement_seeking": 0.14167757739578496,
    "outgoing": 0.6529754614182539,
    "gregariousness": 0.16907758584280103,
    "altruism": 0.6852219453478059,
    "modesty": 0.10047725640917347,
    "uncompromising": 0.7724690628035645,
    "sympathy": 0.7182392194957131,
    "fiery": 0.6753178189804452,
    "prone_to_worry": 0.8203636440427419,
    "immoderation": 0.7257570638172066
}