{
    "id": "1",
    "extraversion": 0.35836551757020935,
    "active": 0.17081485719734896,
    "assertive": 0,
    "cheerful": 0.9207433366709579,
    "openness": 0.4307323701902445,
    "adventurous": 0.8231893386735327,
    "artistic": 0.20131836170314213,
    "emotionally_aware": 0.3487817670338053,
    "imaginative": 0.9783769608544318,
    "intellectual": 0.9323892623849711,
    "conscientiousness": 0.3221642111285939,
    "cautious": 0.31818290182615744,
    "disciplined": 0.1664759452629571,
    "dutiful": 1,
    "neuroticism": 0.38597244075716397,
    "melancholy": 0.9520812473179803,
    "self_conscious": 0.9903804892004004,
    "authority_challenging": 0.9232346350069136,
    "achievement_striving": 0.2130477280312783,
    "orderliness": 0.15370953130215032,
    "self_efficacy": 0.19624040432937587,
    "stress_prone": 0.8891789443570305,
    "agreeableness": 0.334978305440328,
    "cooperative": 0.18330710914032325,
    "trusting": 0.9644185381204405,
    "excitement_seeking": 0.8237257426214657,
    "outgoing": 0.27336337195441757,
    "gregariousness": 0.9218161445668239,
    "altruism": 0.2344442855099413,
    "modesty": 0.07867257903018167,
    "uncompromising": 0.9595432222381157,
    "sympathy": 0.8785223859247603,
    "fiery": 0.2470914985934296,
    "prone_to_worry": 0.9514852429313879,
    "immoderation": 0.9512706813522147
}