{
    "id": "1",
    "extraversion": 0.2606265644108672,
    "active": 0,
    "assertive": 0.06128490279222338,
    "cheerful": 0.22518372898403305,
    "openness": 0.3682923205284995,
    "adventurous": 0.1258500680054405,
    "artistic": 0.018184311887808207,
    "emotionally_aware": 0.7380819036951527,
    "imaginative": 0.11240899271941755,
    "intellectual": 0.8673951058941858,
    "conscientiousness": 0.7642439966625902,
    "cautious": 0.9801241242156515,
    "disciplined": 0.01395540214645743,
    "dutiful": 0.10028230829894967,
    "neuroticism": 0.7208119506703393,
    "melancholy": 1,
    "self_conscious": 0.8748128421702309,
    "authority_challenging": 0.9479158332666615,
    "achievement_striving": 0.13562227835369692,
    "orderliness": 0.17685986307476032,
    "self_efficacy": 0.21775456322220066,
    "stress_prone": 0.1840718686066314,
    "agreeableness": 0.3360611706079344,
    "cooperative": 0.11706079343490337,
    "trusting": 0.0752631639102557,
    "excitement_seeking": 0.16224155075263166,
    "outgoing": 0.20562787880173272,
    "gregariousness": 0.005188986547495279,
    "altruism": 0.8176882722046335,
    "modesty": 0.24913993119449557,
    "uncompromising": 0.2530259563622233,
    "sympathy": 0.24105928474277946,
    "fiery": 0.1872492656555382,
    "prone_to_worry": 0.883259232167145,
    "immoderation": 0.16073285862869033
}