{
    "id": "1",
    "extraversion": 0.8337205156187534,
    "active": 0.9052177765291899,
    "assertive": 0.08269133107867183,
    "cheerful": 0.8182260208105977,
    "openness": 0.2670261158953635,
    "adventurous": 0.6451501366843511,
    "artistic": 0.6967876476245016,
    "emotionally_aware": 0.6539562826178564,
    "imaginative": 0.8661465818107164,
    "intellectual": 0.7942927530281255,
    "conscientiousness": 0.263644123653416,
    "cautious": 0.24764178975461648,
    "disciplined": 0,
    "dutiful": 0.049001069703616465,
    "neuroticism": 0.6107251293909173,
    "melancholy": 0.04774767960755925,
    "self_conscious": 0.7578039741110115,
    "authority_challenging": 0.7951895752520287,
    "achievement_striving": 0.7484035483905822,
    "orderliness": 0.15094706587861564,
    "self_efficacy": 0.747603971949994,
    "stress_prone": 0.8928999773093172,
    "agreeableness": 0.21948373294146883,
    "cooperative": 0.6991431565981264,
    "trusting": 1,
    "excitement_seeking": 0.8887616289749214,
    "outgoing": 0.7418664707344218,
    "gregariousness": 0.7726609687841035,
    "altruism": 0.7781175377367664,
    "modesty": 0.7411101146419734,
    "uncompromising": 0.18285448789289996,
    "sympathy": 0.7584846945942149,
    "fiery": 0.6991539616851613,
    "prone_to_worry": 0.7385385039276492,
    "immoderation": 0.9965963975839826
}