{
    "id": "1",
    "extraversion": 0.5674462091109279,
    "active": 0.7611795244011957,
    "assertive": 0,
    "cheerful": 0.15920134830907767,
    "openness": 0.6143048703974805,
    "adventurous": 0.09718651198838678,
    "artistic": 0.09974534673441016,
    "emotionally_aware": 0.801874838535067,
    "imaginative": 1,
    "intellectual": 0.7250728898839913,
    "conscientiousness": 0.570743169264458,
    "cautious": 0.6777590512628094,
    "disciplined": 0.8052456112293479,
    "dutiful": 0.8061928721689815,
    "neuroticism": 0.6037988854306346,
    "melancholy": 0.808874727816256,
    "self_conscious": 0.7689175390898914,
    "authority_challenging": 0.8016534009128151,
    "achievement_striving": 0.7599616174788097,
    "orderliness": 0.04917145423007363,
    "self_efficacy": 0.7095107458757244,
    "stress_prone": 0.822148683061252,
    "agreeableness": 0.24638626102574826,
    "cooperative": 0.08168587843074533,
    "trusting": 0.024653388610724896,
    "excitement_seeking": 0.727890068522642,
    "outgoing": 0.029611130931145178,
    "gregariousness": 0.6885971926630333,
    "altruism": 0.09603011551662623,
    "modesty": 0.08155055543936911,
    "uncompromising": 0.7609457846888186,
    "sympathy": 0.004035085561036759,
    "fiery": 0.7202381684648221,
    "prone_to_worry": 0.7370797298461008,
    "immoderation": 0.808542571382878
}