{
    "id": "1",
    "extraversion": 0.28697535561669496,
    "active": 0.9967101797108237,
    "assertive": 0.8384592870104782,
    "cheerful": 0.19695603816659837,
    "openness": 0.6322425803430312,
    "adventurous": 0.1670900895627232,
    "artistic": 0.8050459521161388,
    "emotionally_aware": 0.7631914769068665,
    "imaginative": 0.9910203125914653,
    "intellectual": 0.8228062986594861,
    "conscientiousness": 0.6006204999121935,
    "cautious": 0.6740736404612774,
    "disciplined": 1,
    "dutiful": 0.8529298132646491,
    "neuroticism": 0.6142714979804484,
    "melancholy": 0.7981033776268806,
    "self_conscious": 0.8916232511853889,
    "authority_challenging": 0.9008253819586725,
    "achievement_striving": 0.7688110987531463,
    "orderliness": 0.8526254170813089,
    "self_efficacy": 0.8011941696423345,
    "stress_prone": 0.9105777673710708,
    "agreeableness": 0.5832347948252649,
    "cooperative": 0.758321137973424,
    "trusting": 0.8129602528829832,
    "excitement_seeking": 0.1831528420066733,
    "outgoing": 0.8076684423110695,
    "gregariousness": 0.15567523268746705,
    "altruism": 0.7564245156003044,
    "modesty": 0.13245916993502316,
    "uncompromising": 0.8105953286893403,
    "sympathy": 0.771281390856407,
    "fiery": 0.07614587601709301,
    "prone_to_worry": 0.14018614997365805,
    "immoderation": 0
}