{
    "id": "1",
    "extraversion": 0.7192881490991191,
    "active": 0.8246602328567002,
    "assertive": 0.2078113240957989,
    "cheerful": 0.8767652397184471,
    "openness": 0.7320266501394485,
    "adventurous": 0.9205476116693966,
    "artistic": 0.8419252733631414,
    "emotionally_aware": 0.354973659745894,
    "imaginative": 0.9126344681039444,
    "intellectual": 0.8574638098189383,
    "conscientiousness": 0.4077537739607774,
    "cautious": 0.29146929921643283,
    "disciplined": 0.8966532383018283,
    "dutiful": 0,
    "neuroticism": 0.7052879720217805,
    "melancholy": 0.8746845809907476,
    "self_conscious": 0.8380295719155342,
    "authority_challenging": 0.9356766567798486,
    "achievement_striving": 0.2817411129310727,
    "orderliness": 0.26475275576608087,
    "self_efficacy": 0.8156624905927665,
    "stress_prone": 0.8499822922661473,
    "agreeableness": 0.6897494355659834,
    "cooperative": 0.26929036256585065,
    "trusting": 0.94042454291912,
    "excitement_seeking": 0.8829186772322812,
    "outgoing": 0.9124795254327328,
    "gregariousness": 0.9181460002656161,
    "altruism": 0.8307029970339547,
    "modesty": 0.2846628890167781,
    "uncompromising": 0.28153083359157116,
    "sympathy": 1,
    "fiery": 0.8637721900039842,
    "prone_to_worry": 0.8450794634556643,
    "immoderation": 0.9651157643100624
}