{
    "id": "1",
    "extraversion": 0.6414638735574512,
    "active": 0.7290098678708815,
    "assertive": 0.7686486034453922,
    "cheerful": 0.7622303060712493,
    "openness": 0.6027241177454423,
    "adventurous": 0.668976835591236,
    "artistic": 0.7220166415788594,
    "emotionally_aware": 0.19691838100016726,
    "imaginative": 0.8667314768355914,
    "intellectual": 0.7147934437196856,
    "conscientiousness": 0.5858734738250544,
    "cautious": 0.17796663321625686,
    "disciplined": 0.08320789429670515,
    "dutiful": 0.7889801806322128,
    "neuroticism": 0.6846671684228133,
    "melancholy": 0,
    "self_conscious": 0.16703253052349892,
    "authority_challenging": 0.8287025422311424,
    "achievement_striving": 0.7595333667837431,
    "orderliness": 0.727232814851982,
    "self_efficacy": 0.7861055360428165,
    "stress_prone": 0.21395718347549755,
    "agreeableness": 0.5902742933600936,
    "cooperative": 0.7971232647599933,
    "trusting": 1,
    "excitement_seeking": 0.8077228633550761,
    "outgoing": 0.8511247700284329,
    "gregariousness": 0.7729448904499081,
    "altruism": 0.9170847967887608,
    "modesty": 0.7950639739086804,
    "uncompromising": 0.7702688576685064,
    "sympathy": 0.7642895969225623,
    "fiery": 0.1147558120086971,
    "prone_to_worry": 0.8606372303060713,
    "immoderation": 0.03190332831577186
}