{
    "id": "1",
    "extraversion": 0.6777102528915899,
    "active": 0.8336233091550677,
    "assertive": 0.04811556557537741,
    "cheerful": 0.2121275240148991,
    "openness": 0.6502033914918643,
    "adventurous": 0.1866300725347971,
    "artistic": 0.1835424426583023,
    "emotionally_aware": 0.8887595569496178,
    "imaginative": 0.9627769064889238,
    "intellectual": 0.808089100176436,
    "conscientiousness": 0.30943687512252505,
    "cautious": 0.7409208978631642,
    "disciplined": 1,
    "dutiful": 0.052575475396980986,
    "neuroticism": 0.7821995687120173,
    "melancholy": 0.14570672417173106,
    "self_conscious": 0.7762938639482455,
    "authority_challenging": 0.8359757890609685,
    "achievement_striving": 0.13730150950793968,
    "orderliness": 0.16805528327778868,
    "self_efficacy": 0.8405092138796316,
    "stress_prone": 0.982221623211135,
    "agreeableness": 0.2963021956479122,
    "cooperative": 0.7338757106449716,
    "trusting": 0,
    "excitement_seeking": 0.1802097627916095,
    "outgoing": 0.8451406586943736,
    "gregariousness": 0.19302587727896492,
    "altruism": 0.13684816702607333,
    "modesty": 0.051019407959223696,
    "uncompromising": 0.19417761223289554,
    "sympathy": 0.056251225249951,
    "fiery": 0.8113360125465595,
    "prone_to_worry": 0.8884900019603998,
    "immoderation": 0.9139752009409919
}