{
    "id": "1",
    "extraversion": 0.5464732787674531,
    "active": 0.7865551275878672,
    "assertive": 0.7637217140105923,
    "cheerful": 0.6193307655272027,
    "openness": 0.2020341839191141,
    "adventurous": 0.578562831006259,
    "artistic": 0.6332330284063554,
    "emotionally_aware": 0.6218945594607607,
    "imaginative": 0.9776721232546942,
    "intellectual": 0.6252046220510351,
    "conscientiousness": 0.5250962927298989,
    "cautious": 0.6425854597977853,
    "disciplined": 1,
    "dutiful": 0.9593283582089552,
    "neuroticism": 0.5605681271064035,
    "melancholy": 0.016935483870967775,
    "self_conscious": 0.06218103033220993,
    "authority_challenging": 0,
    "achievement_striving": 0.7418271545498315,
    "orderliness": 0.7044415021665865,
    "self_efficacy": 0.6965816080885894,
    "stress_prone": 0.8045377948964852,
    "agreeableness": 0.21420317766008667,
    "cooperative": 0.7861699566682716,
    "trusting": 0.8532498796340876,
    "excitement_seeking": 0.6716779008184882,
    "outgoing": 0.7285748675974963,
    "gregariousness": 0.647532498796341,
    "altruism": 0.6474000962927299,
    "modesty": 0.04198363023591722,
    "uncompromising": 0.6915142031776602,
    "sympathy": 0.7067645642753972,
    "fiery": 0.6494824265767934,
    "prone_to_worry": 0.6444511314395764,
    "immoderation": 0.74174289841117
}