{
    "id": "1",
    "extraversion": 0.6517716879036481,
    "active": 0.17294466748123585,
    "assertive": 0.08127072787572003,
    "cheerful": 0.7436667248501775,
    "openness": 0.2739977890265899,
    "adventurous": 0.8752778262640367,
    "artistic": 0.2456391458660616,
    "emotionally_aware": 0.7172397742479781,
    "imaginative": 0.8956653284459184,
    "intellectual": 0.9034502821900273,
    "conscientiousness": 0.6801652411706522,
    "cautious": 0.7814161866527026,
    "disciplined": 0.9523360679583405,
    "dutiful": 1,
    "neuroticism": 0.2355733984988654,
    "melancholy": 0.11673939605515798,
    "self_conscious": 0.21773433408971898,
    "authority_challenging": 0,
    "achievement_striving": 0.8430557979868505,
    "orderliness": 0.8676208762436725,
    "self_efficacy": 0.8133938441845581,
    "stress_prone": 0.20066329202304067,
    "agreeableness": 0.6250654564496422,
    "cooperative": 0.7955896898818875,
    "trusting": 0.93453191365567,
    "excitement_seeking": 0.7795077674986908,
    "outgoing": 0.8437889102228429,
    "gregariousness": 0.8725781113632396,
    "altruism": 0.8035259207540582,
    "modesty": 0.8635596671903182,
    "uncompromising": 0.03481701285855589,
    "sympathy": 0.823378134636644,
    "fiery": 0.8080642345959155,
    "prone_to_worry": 0.7889684063536394,
    "immoderation": 0.009751556408913712
}