{
    "id": "1",
    "extraversion": 0.329997966239577,
    "active": 0.17549318690258287,
    "assertive": 0.03512304250559285,
    "cheerful": 0.9294691885295912,
    "openness": 0.6819808826520236,
    "adventurous": 0.7599247508643482,
    "artistic": 0.14416310758592638,
    "emotionally_aware": 0.785417937766931,
    "imaginative": 0.9442647956070774,
    "intellectual": 0.7706121618873297,
    "conscientiousness": 0.3112466951393126,
    "cautious": 0.242017490339638,
    "disciplined": 0,
    "dutiful": 0.20135245068130975,
    "neuroticism": 0.7584197681513117,
    "melancholy": 0.8899227171039252,
    "self_conscious": 0.8623347569656294,
    "authority_challenging": 0.09693919056335165,
    "achievement_striving": 0.22627618466544644,
    "orderliness": 0.24167175106772423,
    "self_efficacy": 0.15772828960748425,
    "stress_prone": 0.8738153345535895,
    "agreeableness": 0.3164327842180191,
    "cooperative": 0.08892617449664432,
    "trusting": 0.05335570469798659,
    "excitement_seeking": 0.854962375432174,
    "outgoing": 0.8033455358958715,
    "gregariousness": 0.2298454342078503,
    "altruism": 0.8347061216188734,
    "modesty": 0.26866992068334355,
    "uncompromising": 0.8061724628838723,
    "sympathy": 1,
    "fiery": 0.2288895668090299,
    "prone_to_worry": 0.9161073825503355,
    "immoderation": 0.8212324588163515
}