{
    "id": "1",
    "extraversion": 0.7576197535913296,
    "active": 0.8841777005265579,
    "assertive": 0.25290118092122077,
    "cheerful": 0.8416952098563468,
    "openness": 0.7250447318644241,
    "adventurous": 0.7804917948980113,
    "artistic": 0.8482081693164971,
    "emotionally_aware": 0.8448647819641122,
    "imaginative": 0.9421604212463576,
    "intellectual": 0.900250498440775,
    "conscientiousness": 0.4390164102039773,
    "cautious": 0.29863503910843,
    "disciplined": 0,
    "dutiful": 0.21089923828025148,
    "neuroticism": 0.780195286539543,
    "melancholy": 0.8842390470834824,
    "self_conscious": 0.9245130617044119,
    "authority_challenging": 0.9643372015745616,
    "achievement_striving": 0.25225704207351357,
    "orderliness": 0.2793926690864475,
    "self_efficacy": 0.8073615868309391,
    "stress_prone": 0.8589335923521292,
    "agreeableness": 0.41740197331424767,
    "cooperative": 0.2603547875875466,
    "trusting": 0.25854506415827405,
    "excitement_seeking": 0.8698941771893053,
    "outgoing": 0.07858493942027496,
    "gregariousness": 0.7905015081028578,
    "altruism": 1,
    "modesty": 0.2793415469556771,
    "uncompromising": 0.31272429834875515,
    "sympathy": 0.9441235110679413,
    "fiery": 0.9109452481979449,
    "prone_to_worry": 0.9022442615408209,
    "immoderation": 0.9181739174888809
}