{
    "id": "1",
    "extraversion": 0.2851974804221995,
    "active": 0.9672199523323121,
    "assertive": 0.2854273067756214,
    "cheerful": 0.17995403472931565,
    "openness": 0.3505788219271365,
    "adventurous": 0.13931733060946544,
    "artistic": 0.4223953013278856,
    "emotionally_aware": 0.8672029281579845,
    "imaginative": 0.8895471569628874,
    "intellectual": 0.8755022131426627,
    "conscientiousness": 0.7521876064010896,
    "cautious": 0.9838185223016686,
    "disciplined": 0.19393939393939397,
    "dutiful": 0.9154919986380662,
    "neuroticism": 0.7742849846782431,
    "melancholy": 0.821220633299285,
    "self_conscious": 0.8559329247531495,
    "authority_challenging": 1,
    "achievement_striving": 0.9625212802179096,
    "orderliness": 0.8361763704460334,
    "self_efficacy": 0.892739189649302,
    "stress_prone": 0.9274429690160029,
    "agreeableness": 0.4511916922029282,
    "cooperative": 0.32076098059244124,
    "trusting": 0.25578821927136536,
    "excitement_seeking": 0,
    "outgoing": 0.3310861423220974,
    "gregariousness": 0.40911644535240044,
    "altruism": 0.3714164113040518,
    "modesty": 0.30686925434116447,
    "uncompromising": 0.3292560435818863,
    "sympathy": 0.23487402110997616,
    "fiery": 0.9362189308818523,
    "prone_to_worry": 0.931511746680286,
    "immoderation": 0.30170241743275455
}