{
    "id": "1",
    "extraversion": 0.6224438300860101,
    "active": 0.8198832718974899,
    "assertive": 0.15944795506406878,
    "cheerful": 0.774662102861155,
    "openness": 0.33625153589608564,
    "adventurous": 0.7034733192908548,
    "artistic": 0.7551562225732842,
    "emotionally_aware": 0.7117232754081094,
    "imaginative": 0.840617869053888,
    "intellectual": 0.8472441635948744,
    "conscientiousness": 0.6230362471476216,
    "cautious": 0.80173775671406,
    "disciplined": 0.790646392838336,
    "dutiful": 0.8740784623486045,
    "neuroticism": 0.618088467614534,
    "melancholy": 0,
    "self_conscious": 0.7855669650693347,
    "authority_challenging": 0.038869141653501804,
    "achievement_striving": 0.14915745129015268,
    "orderliness": 1,
    "self_efficacy": 0.8380836405125505,
    "stress_prone": 0.23573810777602244,
    "agreeableness": 0.6489928909952606,
    "cooperative": 0.8131582411795681,
    "trusting": 0.894922766368264,
    "excitement_seeking": 0.2158263120940846,
    "outgoing": 0.8236901000526593,
    "gregariousness": 0.7879146919431279,
    "altruism": 0.9607688256977356,
    "modesty": 0.9435887309110058,
    "uncompromising": 0.8023630858346498,
    "sympathy": 0.7656222573284185,
    "fiery": 0.128214411093558,
    "prone_to_worry": 0.1857666315604704,
    "immoderation": 0.007536861506055805
}