{
    "id": "1",
    "extraversion": 0.27269294814700074,
    "active": 1,
    "assertive": 0.7270940634318244,
    "cheerful": 0.6815919916353639,
    "openness": 0.5752720443015916,
    "adventurous": 0,
    "artistic": 0.15825039693296677,
    "emotionally_aware": 0.701177245091585,
    "imaginative": 0.7312570189366069,
    "intellectual": 0.7170158385935019,
    "conscientiousness": 0.21676412500484066,
    "cautious": 0.25277853076714557,
    "disciplined": 0.02065019556209582,
    "dutiful": 0.09543817527010803,
    "neuroticism": 0.6914862719281261,
    "melancholy": 0.8511985439337024,
    "self_conscious": 0.9402180226929481,
    "authority_challenging": 0.7569898927312861,
    "achievement_striving": 0.2159605777794989,
    "orderliness": 0.19245440111528483,
    "self_efficacy": 0.17599620493358634,
    "stress_prone": 0.7544340316771869,
    "agreeableness": 0.3005557061534291,
    "cooperative": 0.14391240367114588,
    "trusting": 0.06072106261859582,
    "excitement_seeking": 0.1991441737985517,
    "outgoing": 0.6972563218835921,
    "gregariousness": 0.1557526236300972,
    "altruism": 0.15294504898733688,
    "modesty": 0.2088351469620106,
    "uncompromising": 0.12601169500058093,
    "sympathy": 0.12472408318165976,
    "fiery": 0.7952600394996707,
    "prone_to_worry": 0.7077121171049064,
    "immoderation": 0.743571622197266
}