{
    "id": "1",
    "extraversion": 0.5659459298102468,
    "active": 0.8168339983482422,
    "assertive": 1,
    "cheerful": 0.767062358829441,
    "openness": 0.6607528433118738,
    "adventurous": 0.6474193773072368,
    "artistic": 0.8512024995273585,
    "emotionally_aware": 0.7523656951810465,
    "imaginative": 0.8733619239992438,
    "intellectual": 0.7214101632852067,
    "conscientiousness": 0.5452790575030597,
    "cautious": 0.18385257564751886,
    "disciplined": 0.8086050607468731,
    "dutiful": 0.11057821470860407,
    "neuroticism": 0.5589906367227534,
    "melancholy": 0.10627966447427332,
    "self_conscious": 0.7401665688215803,
    "authority_challenging": 0.775181842605399,
    "achievement_striving": 0.795968119085762,
    "orderliness": 0,
    "self_efficacy": 0.685618762375745,
    "stress_prone": 0.816754395566125,
    "agreeableness": 0.29595319356411504,
    "cooperative": 0.6718673817649926,
    "trusting": 0.7847441268072318,
    "excitement_seeking": 0.7771221604195065,
    "outgoing": 0.7066836485935183,
    "gregariousness": 0.6641061105085622,
    "altruism": 0.14150389556114987,
    "modesty": 0.6409914526512702,
    "uncompromising": 0.13581229663976754,
    "sympathy": 0.12388182966994696,
    "fiery": 0.7311515537468034,
    "prone_to_worry": 0.7024547507935401,
    "immoderation": 0.8573020627070915
}