{
    "id": "1",
    "extraversion": 0.20656339541547272,
    "active": 0.9731017191977077,
    "assertive": 0.8899086676217765,
    "cheerful": 0.23500179083094552,
    "openness": 0.39099212034383946,
    "adventurous": 0.13653295128939824,
    "artistic": 0.8095630372492837,
    "emotionally_aware": 1,
    "imaginative": 0.864711676217765,
    "intellectual": 0.8370612464183381,
    "conscientiousness": 0.6790204154727794,
    "cautious": 0.8107002148997133,
    "disciplined": 0.14477972779369622,
    "dutiful": 0.8722421203438395,
    "neuroticism": 0.6820379656160458,
    "melancholy": 0.7997313753581662,
    "self_conscious": 0.9518535100286533,
    "authority_challenging": 0.8381894699140401,
    "achievement_striving": 0.840795128939828,
    "orderliness": 0.21776504297994267,
    "self_efficacy": 0.8036353868194842,
    "stress_prone": 0.8323871776504298,
    "agreeableness": 0.3856017191977077,
    "cooperative": 0.8319931948424069,
    "trusting": 0.20058202005730658,
    "excitement_seeking": 0,
    "outgoing": 0.8479763610315186,
    "gregariousness": 0.3339989255014326,
    "altruism": 0.25699319484240685,
    "modesty": 0.08555694842406879,
    "uncompromising": 0.8197260028653295,
    "sympathy": 0.2873925501432664,
    "fiery": 0.7837392550143266,
    "prone_to_worry": 0.9015490687679083,
    "immoderation": 0.2316081661891117
}