{
    "id": "1",
    "extraversion": 0.37336012894538184,
    "active": 0.18225776834717325,
    "assertive": 0.19289780262379372,
    "cheerful": 0.28491420643502746,
    "openness": 0.6618958235570155,
    "adventurous": 0.24485340623916105,
    "artistic": 0.2596862057005284,
    "emotionally_aware": 0.8430518433884888,
    "imaginative": 0.8421235182502601,
    "intellectual": 0.8605676045130883,
    "conscientiousness": 0.6700161181727297,
    "cautious": 0.7421602432007834,
    "disciplined": 0.17069961030746947,
    "dutiful": 0.19472384877481488,
    "neuroticism": 0.7432211862159019,
    "melancholy": 0.2649093097749577,
    "self_conscious": 0.8052353457246038,
    "authority_challenging": 0.838338808071328,
    "achievement_striving": 0.7502091281904801,
    "orderliness": 0,
    "self_efficacy": 0.2852406504396793,
    "stress_prone": 0.848774814845041,
    "agreeableness": 0.3360945055393467,
    "cooperative": 0.11577540652479958,
    "trusting": 0.12323261175606473,
    "excitement_seeking": 0.3046436659661723,
    "outgoing": 0.8428070103849999,
    "gregariousness": 0.2663579050456002,
    "altruism": 0.23764103401138478,
    "modesty": 0.26237936873890605,
    "uncompromising": 0.116836349539918,
    "sympathy": 0.7749984697937282,
    "fiery": 0.9187460469671311,
    "prone_to_worry": 0.891079917572889,
    "immoderation": 1
}