{
    "id": "1",
    "extraversion": 0.27886359709744296,
    "active": 0.9827984623358673,
    "assertive": 0.7484558569454043,
    "cheerful": 0.6961925535590878,
    "openness": 0.5615821527297858,
    "adventurous": 0.11487128541810646,
    "artistic": 0.7423116793365584,
    "emotionally_aware": 0.7252073255010366,
    "imaginative": 0.8155019004837595,
    "intellectual": 0.7949205252246025,
    "conscientiousness": 0.26620810297166553,
    "cautious": 0.20407524187975123,
    "disciplined": 0.8672576883206634,
    "dutiful": 0.8307489633724948,
    "neuroticism": 0.6306042674498963,
    "melancholy": 0.1134675190048376,
    "self_conscious": 0.7856772633033864,
    "authority_challenging": 0.0933612646855563,
    "achievement_striving": 0.748779803040774,
    "orderliness": 0.006230563234277813,
    "self_efficacy": 0.764426399447132,
    "stress_prone": 0.7726654284727021,
    "agreeableness": 0.2389318417415342,
    "cooperative": 0.7276153248099515,
    "trusting": 0.023270127850725655,
    "excitement_seeking": 0.12171734623358671,
    "outgoing": 0.7679682100898411,
    "gregariousness": 0.6742398064961991,
    "altruism": 0.07262871458189356,
    "modesty": 0.6865929509329647,
    "uncompromising": 0,
    "sympathy": 0.14089495507947475,
    "fiery": 0.8571829647546648,
    "prone_to_worry": 0.7640916551485833,
    "immoderation": 1
}