{
    "id": "1",
    "extraversion": 0.7185372347190544,
    "active": 0.2677525203279606,
    "assertive": 0.9011624456295945,
    "cheerful": 0.7644754580680171,
    "openness": 0.31535259155001233,
    "adventurous": 0.35349878328995005,
    "artistic": 0.2707879363410519,
    "emotionally_aware": 0.8493060089366716,
    "imaginative": 0.9902578407847992,
    "intellectual": 0.8061403583147505,
    "conscientiousness": 0.374704301303194,
    "cautious": 0.3853452149803715,
    "disciplined": 0.17038180107002654,
    "dutiful": 0.24473253575940512,
    "neuroticism": 0.8672302252821326,
    "melancholy": 0.8927345028446425,
    "self_conscious": 0.8377578619818383,
    "authority_challenging": 0.845821215692592,
    "achievement_striving": 0.7752096387176639,
    "orderliness": 0.3235261698645933,
    "self_efficacy": 0.3139790234100101,
    "stress_prone": 0.9594882186856138,
    "agreeableness": 0.31701443942310137,
    "cooperative": 0,
    "trusting": 0.22928413359221983,
    "excitement_seeking": 0.7855537938460756,
    "outgoing": 0.25996048871893573,
    "gregariousness": 0.3752469455066516,
    "altruism": 0.3220762923834799,
    "modesty": 0.30779796678000015,
    "uncompromising": 0.8817374789089459,
    "sympathy": 0.3120458534351922,
    "fiery": 1,
    "prone_to_worry": 0.9198158401234515,
    "immoderation": 0.8663399496358348
}