{
    "id": "1",
    "extraversion": 0.7713625345284403,
    "active": 0.9585094988443542,
    "assertive": 0.25660972997350473,
    "cheerful": 0.8976830711990529,
    "openness": 0.7426686960933536,
    "adventurous": 0.8915947911381702,
    "artistic": 0.15969333107841485,
    "emotionally_aware": 0.8301820846721912,
    "imaginative": 1,
    "intellectual": 0.948407463780371,
    "conscientiousness": 0.4422571734596088,
    "cautious": 0.8131010767236034,
    "disciplined": 0.9801116184677828,
    "dutiful": 0.2237217430520323,
    "neuroticism": 0.7517447432211511,
    "melancholy": 0.10466204408365751,
    "self_conscious": 0.8392355826145781,
    "authority_challenging": 0.1853543040757653,
    "achievement_striving": 0.1400417159930098,
    "orderliness": 0.9445177292970292,
    "self_efficacy": 0.9126895540898584,
    "stress_prone": 0.918236653700885,
    "agreeableness": 0.7321833248773888,
    "cooperative": 0.3211793223969785,
    "trusting": 0.9676531935283837,
    "excitement_seeking": 0.90291448221433,
    "outgoing": 0.9221714865550482,
    "gregariousness": 0.9007835841930211,
    "altruism": 0.852618524155815,
    "modesty": 0.9910930717627827,
    "uncompromising": 0.29255313151812395,
    "sympathy": 0.8832741417216303,
    "fiery": 0.9006370144878517,
    "prone_to_worry": 0.1534246575342466,
    "immoderation": 0
}