{
    "id": "1",
    "extraversion": 0.6202930851952972,
    "active": 0.14860422354711095,
    "assertive": 0.1544659274530562,
    "cheerful": 0.7651752382013707,
    "openness": 0.6152560316487435,
    "adventurous": 0.1975149049980498,
    "artistic": 0.22239928678887838,
    "emotionally_aware": 0.6869114615256031,
    "imaginative": 1,
    "intellectual": 0.8201147824148882,
    "conscientiousness": 0.3012536914247506,
    "cautious": 0.25993202206496907,
    "disciplined": 0.12014264222432719,
    "dutiful": 0.10840809048866108,
    "neuroticism": 0.6880815735220371,
    "melancholy": 0.15385301164540036,
    "self_conscious": 0.9149272858973644,
    "authority_challenging": 0.8491558477740011,
    "achievement_striving": 0.7940045690087479,
    "orderliness": 0.22059397113723742,
    "self_efficacy": 0.7798629297375606,
    "stress_prone": 0.8539031593023904,
    "agreeableness": 0.33980052376441744,
    "cooperative": 0.21455396445088315,
    "trusting": 0.9649523597258594,
    "excitement_seeking": 0.8142865102802697,
    "outgoing": 0.7929013205549674,
    "gregariousness": 0.7162088371315539,
    "altruism": 0.7729759848442636,
    "modesty": 0.7330138741851004,
    "uncompromising": 0.7784699392656155,
    "sympathy": 0.8102078341784141,
    "fiery": 0.13322560873683623,
    "prone_to_worry": 0,
    "immoderation": 0.8444753997882654
}