{
    "id": "1",
    "extraversion": 0.6198126198126197,
    "active": 0.9403839403839404,
    "assertive": 0.7916047916047915,
    "cheerful": 0.7029637029637029,
    "openness": 0.6452556452556452,
    "adventurous": 0.2858672858672858,
    "artistic": 0.27557127557127553,
    "emotionally_aware": 0.6906876906876906,
    "imaginative": 0.9087579087579087,
    "intellectual": 0.7578727578727578,
    "conscientiousness": 0.39111339111339105,
    "cautious": 0.2674442674442674,
    "disciplined": 0,
    "dutiful": 0.1823221823221823,
    "neuroticism": 0.6476856476856476,
    "melancholy": 0.20799020799020795,
    "self_conscious": 0.792990792990793,
    "authority_challenging": 0.7711747711747711,
    "achievement_striving": 0.842049842049842,
    "orderliness": 0.7164097164097164,
    "self_efficacy": 0.7199107199107199,
    "stress_prone": 0.8447498447498447,
    "agreeableness": 0.36000036000035995,
    "cooperative": 0.7726507726507725,
    "trusting": 0.868131868131868,
    "excitement_seeking": 0.8396108396108395,
    "outgoing": 0.8082548082548082,
    "gregariousness": 0.7263817263817264,
    "altruism": 0.2627462627462627,
    "modesty": 0.1544581544581544,
    "uncompromising": 0.7512217512217512,
    "sympathy": 0.7172377172377171,
    "fiery": 0.7784197784197784,
    "prone_to_worry": 0.7517257517257516,
    "immoderation": 1
}