{
    "id": "1",
    "extraversion": 0.27208550742954124,
    "active": 0.624803654287107,
    "assertive": 0.026224565331214877,
    "cheerful": 0.5853539639265531,
    "openness": 0.5657735569718526,
    "adventurous": 0.16379294780363624,
    "artistic": 0.13913914817556466,
    "emotionally_aware": 0.7568924115767238,
    "imaginative": 0,
    "intellectual": 1,
    "conscientiousness": 0.18831133659522992,
    "cautious": 0.11185837831982232,
    "disciplined": 0.0758481232058064,
    "dutiful": 0.029673027966851437,
    "neuroticism": 0.5989040749634391,
    "melancholy": 0.7685648256811165,
    "self_conscious": 0.6976546843122033,
    "authority_challenging": 0.6525989853214653,
    "achievement_striving": 0.18031306985393683,
    "orderliness": 0.04005452543015506,
    "self_efficacy": 0.0846137180204741,
    "stress_prone": 0.7274089587809414,
    "agreeableness": 0.1884557748208063,
    "cooperative": 0.053830321194504094,
    "trusting": 0.1067308213118602,
    "excitement_seeking": 0.6122555834401575,
    "outgoing": 0.18018668640655747,
    "gregariousness": 0.1681170671818297,
    "altruism": 0.1149547727806164,
    "modesty": 0.13041869030638958,
    "uncompromising": 0.6212829725386825,
    "sympathy": 0.6798707277881092,
    "fiery": 0.6850885586870564,
    "prone_to_worry": 0.7441637929478037,
    "immoderation": 0.81921750591294
}