{
    "id": "1",
    "extraversion": 0.24196233638058398,
    "active": 1,
    "assertive": 0.8777776670089423,
    "cheerful": 0.1059526064460816,
    "openness": 0.5926985614451346,
    "adventurous": 0.19412016867878257,
    "artistic": 0.7726225961778105,
    "emotionally_aware": 0.8006559730432962,
    "imaginative": 0.7333439671415326,
    "intellectual": 0.7700904206003449,
    "conscientiousness": 0.5793996550658465,
    "cautious": 0.6137235940942488,
    "disciplined": 0.8529643401888164,
    "dutiful": 0.7135451455004037,
    "neuroticism": 0.5701881187131762,
    "melancholy": 0.6760410332073892,
    "self_conscious": 0.7930893538964598,
    "authority_challenging": 0.7161969514201119,
    "achievement_striving": 0.8104257843264312,
    "orderliness": 0.15569889042857568,
    "self_efficacy": 0.6918222691882083,
    "stress_prone": 0.772742226520053,
    "agreeableness": 0.19379118523761574,
    "cooperative": 0.6435215185078109,
    "trusting": 0,
    "excitement_seeking": 0.1434068727631618,
    "outgoing": 0.6532913297909461,
    "gregariousness": 0.07885633392816198,
    "altruism": 0.7065667088695929,
    "modesty": 0.10788663031233486,
    "uncompromising": 0.15647648765315175,
    "sympathy": 0.01877199453688105,
    "fiery": 0.13173294519933404,
    "prone_to_worry": 0.6930983261721281,
    "immoderation": 0.11047862106092173
}