{
    "id": "1",
    "extraversion": 0.5596813328225229,
    "active": 0.6643974891698348,
    "assertive": 0.7429346064303186,
    "cheerful": 0.684721853849252,
    "openness": 0.6114893073605832,
    "adventurous": 0.8175031188911482,
    "artistic": 0.7357734358883683,
    "emotionally_aware": 0.6038271495790725,
    "imaginative": 0.8119726126975707,
    "intellectual": 0.6985530309727993,
    "conscientiousness": 0.2636175208007937,
    "cautious": 0.18822385288657062,
    "disciplined": 0.1300896865391605,
    "dutiful": 0,
    "neuroticism": 0.569701077613729,
    "melancholy": 0.7144667432882444,
    "self_conscious": 0.7913437263627344,
    "authority_challenging": 0.7876010569848427,
    "achievement_striving": 0.09376320003143447,
    "orderliness": 0.025461939704712225,
    "self_efficacy": 0.1632039607461763,
    "stress_prone": 0.6915392096189551,
    "agreeableness": 0.29649603630683996,
    "cooperative": 0.11593434120177999,
    "trusting": 0.7347616381300406,
    "excitement_seeking": 0.7422764467234453,
    "outgoing": 0.7541331447263726,
    "gregariousness": 0.6621479582314168,
    "altruism": 0.16617059106670987,
    "modesty": 0.6933663395514691,
    "uncompromising": 0.08873368107741723,
    "sympathy": 0.731205611057083,
    "fiery": 0.7734653582058763,
    "prone_to_worry": 0.705468619534573,
    "immoderation": 1
}