{
    "id": "1",
    "extraversion": 0.6482737909863416,
    "active": 1,
    "assertive": 0.8117520131690171,
    "cheerful": 0.7188125639542643,
    "openness": 0.5986341593629043,
    "adventurous": 0.20725630644658985,
    "artistic": 0.7654713707345286,
    "emotionally_aware": 0.8251768474440538,
    "imaginative": 0.9303955154157583,
    "intellectual": 0.9036237042309916,
    "conscientiousness": 0.3066023045780131,
    "cautious": 0.6958112737464964,
    "disciplined": 0,
    "dutiful": 0.8774747519686791,
    "neuroticism": 0.7214152244516616,
    "melancholy": 0.21307336388308049,
    "self_conscious": 0.7996618765849535,
    "authority_challenging": 0.1689838501579392,
    "achievement_striving": 0.7671731102905192,
    "orderliness": 0.07036081327579306,
    "self_efficacy": 0.770943631267518,
    "stress_prone": 0.8770076077768384,
    "agreeableness": 0.2639364683899097,
    "cooperative": 0.16643680206433248,
    "trusting": 0.12902077679405619,
    "excitement_seeking": 0.7923655292076344,
    "outgoing": 0.7826556035058059,
    "gregariousness": 0.7180117453396806,
    "altruism": 0.18417715887351516,
    "modesty": 0.21063754059705478,
    "uncompromising": 0.10557458735596387,
    "sympathy": 0.19852515905147486,
    "fiery": 0.9044912577301241,
    "prone_to_worry": 0.8324287048983405,
    "immoderation": 0.9049250344796904
}