{
    "id": "1",
    "extraversion": 0.36542624471703944,
    "active": 0.8776028244510875,
    "assertive": 0,
    "cheerful": 0.26472786310689617,
    "openness": 0.35826203484176883,
    "adventurous": 0.28772806927120914,
    "artistic": 0.09719358828986702,
    "emotionally_aware": 0.7860014431501907,
    "imaginative": 1,
    "intellectual": 0.9547984743840842,
    "conscientiousness": 0.7196938459952583,
    "cautious": 0.8350298938253788,
    "disciplined": 0.06927120915369546,
    "dutiful": 0.1065354087207504,
    "neuroticism": 0.7501030821564787,
    "melancholy": 0.1824811875064426,
    "self_conscious": 0.9613441913204824,
    "authority_challenging": 0.13078548603236778,
    "achievement_striving": 0.19213225440676215,
    "orderliness": 0.817544583032677,
    "self_efficacy": 0.8685960210287599,
    "stress_prone": 0.9055252035872591,
    "agreeableness": 0.3658514586125142,
    "cooperative": 0.20957890939078447,
    "trusting": 0.057004432532728584,
    "excitement_seeking": 0.8635707659004227,
    "outgoing": 0.8715080919492837,
    "gregariousness": 0.8259457787856922,
    "altruism": 0.9398386764251108,
    "modesty": 0.16837181733841874,
    "uncompromising": 0.8947273476961138,
    "sympathy": 0.866908050716421,
    "fiery": 0.8840712297701268,
    "prone_to_worry": 0.8941990516441604,
    "immoderation": 0.1488119781465828
}