{
    "id": "1",
    "extraversion": 0.28724597371136334,
    "active": 1,
    "assertive": 0.030113050109909813,
    "cheerful": 0.14061728948903143,
    "openness": 0.6161455295859315,
    "adventurous": 0.07892198645193126,
    "artistic": 0.14383607734063072,
    "emotionally_aware": 0.7816046835045534,
    "imaginative": 0.9299829527612041,
    "intellectual": 0.7618321295590148,
    "conscientiousness": 0.5957897806289534,
    "cautious": 0.6614104347045893,
    "disciplined": 0.914068458122112,
    "dutiful": 0.07914629222556185,
    "neuroticism": 0.6577654658830918,
    "melancholy": 0.8937127091651339,
    "self_conscious": 0.942768381858149,
    "authority_challenging": 0.7973397335247409,
    "achievement_striving": 0.6997218608406981,
    "orderliness": 0.6880803911892692,
    "self_efficacy": 0.739177246422323,
    "stress_prone": 0.9768516441613208,
    "agreeableness": 0.19521331479072268,
    "cooperative": 0.028812076622852262,
    "trusting": 0,
    "excitement_seeking": 0.022004396393163126,
    "outgoing": 0.1430285765555605,
    "gregariousness": 0.12391772464223226,
    "altruism": 0.1893701493876452,
    "modesty": 0.014445291821811434,
    "uncompromising": 0.8626463595172938,
    "sympathy": 0.6963348436588758,
    "fiery": 0.7805616616571711,
    "prone_to_worry": 0.7862702435960701,
    "immoderation": 0.046767753801982816
}