{
    "id": "1",
    "extraversion": 0.22743587498905715,
    "active": 1,
    "assertive": 0.8396874726429134,
    "cheerful": 0.10075067845574716,
    "openness": 0.592904666024687,
    "adventurous": 0.057296682132539634,
    "artistic": 0.7402389915083604,
    "emotionally_aware": 0.7966055326971899,
    "imaginative": 0.8748030289766261,
    "intellectual": 0.7304232688435611,
    "conscientiousness": 0.5856057953252211,
    "cautious": 0.184879191105664,
    "disciplined": 0.9809813534097873,
    "dutiful": 0.02303466690011382,
    "neuroticism": 0.6209839796900989,
    "melancholy": 0.7651558259651581,
    "self_conscious": 0.9863214567101463,
    "authority_challenging": 0.7555699028276284,
    "achievement_striving": 0.7235073973562112,
    "orderliness": 0.05821588024161776,
    "self_efficacy": 0.6523570865797076,
    "stress_prone": 0.8072747964632758,
    "agreeableness": 0.23803948174735184,
    "cooperative": 0.09845268318305174,
    "trusting": 0,
    "excitement_seeking": 0.12259257638098575,
    "outgoing": 0.7442987831567889,
    "gregariousness": 0.05383874638886459,
    "altruism": 0.05277729142957191,
    "modesty": 0.04862995710408822,
    "uncompromising": 0.16731594152149173,
    "sympathy": 0.6472139543027227,
    "fiery": 0.6817167118970499,
    "prone_to_worry": 0.7333997198634334,
    "immoderation": 0.912895036330211
}