{
    "id": "1",
    "extraversion": 0.7209396634127974,
    "active": 0.7607392173333719,
    "assertive": 1,
    "cheerful": 0.20599793374465336,
    "openness": 0.7768540779576901,
    "adventurous": 0.28291284071488576,
    "artistic": 0.8025181280112776,
    "emotionally_aware": 0.9253348009539535,
    "imaginative": 0.903600498218579,
    "intellectual": 0.9167221852098602,
    "conscientiousness": 0.6614817175023414,
    "cautious": 0.8773474688372004,
    "disciplined": 0.9738338692079678,
    "dutiful": 0.9743166391487801,
    "neuroticism": 0.6222421767131092,
    "melancholy": 0.7140843302532611,
    "self_conscious": 0.2622502872481148,
    "authority_challenging": 0.9184794677944172,
    "achievement_striving": 0.8648726935666078,
    "orderliness": 0.2566887775299559,
    "self_efficacy": 0.8371423881663432,
    "stress_prone": 0.7737450395388582,
    "agreeableness": 0.33977348434377086,
    "cooperative": 0.2603674844789464,
    "trusting": 0.7899757649489713,
    "excitement_seeking": 0.28006449806409256,
    "outgoing": 0.821413743494675,
    "gregariousness": 0.716063687010592,
    "altruism": 0.2663634871438365,
    "modesty": 0.7434270872558391,
    "uncompromising": 0.22640944684220185,
    "sympathy": 0,
    "fiery": 0.26228890884337985,
    "prone_to_worry": 0.23195164576272828,
    "immoderation": 0.17820969595149128
}