{
    "id": "1",
    "extraversion": 0.6415244193008395,
    "active": 0.7914126171478842,
    "assertive": 0.034738089710536234,
    "cheerful": 0.9672780146870151,
    "openness": 0.34304321794699477,
    "adventurous": 0.8100829657506627,
    "artistic": 0.7601324519495118,
    "emotionally_aware": 0.7822118498063318,
    "imaginative": 1,
    "intellectual": 0.8744394618834082,
    "conscientiousness": 0.3036864163438863,
    "cautious": 0.21629745482093327,
    "disciplined": 0,
    "dutiful": 0.15717061130729093,
    "neuroticism": 0.6703852592221503,
    "melancholy": 0.17419141994843657,
    "self_conscious": 0.9263205483803962,
    "authority_challenging": 0.09172664068132107,
    "achievement_striving": 0.7700296917193094,
    "orderliness": 0.022836964357717995,
    "self_efficacy": 0.7806722791754744,
    "stress_prone": 0.8026172700724576,
    "agreeableness": 0.6160481910045087,
    "cooperative": 0.7903740179127821,
    "trusting": 0.8875991251328798,
    "excitement_seeking": 0.7663884849891863,
    "outgoing": 0.8663750442932027,
    "gregariousness": 0.7982429344704977,
    "altruism": 0.9391503036375412,
    "modesty": 0.21872899891252548,
    "uncompromising": 0.7441868989870603,
    "sympathy": 0.9456507129678279,
    "fiery": 0.7999902249483755,
    "prone_to_worry": 0.8034481494605393,
    "immoderation": 0.9944282205740399
}