{
    "id": "1",
    "extraversion": 0.4456589879654238,
    "active": 0.3112125519835419,
    "assertive": 0.24033834553272648,
    "cheerful": 0.7275753375067326,
    "openness": 0.6648419082264232,
    "adventurous": 0.22970765603892038,
    "artistic": 0.28735530695674444,
    "emotionally_aware": 0.780878886073267,
    "imaginative": 0.906522334160361,
    "intellectual": 0.9631722542536003,
    "conscientiousness": 0.4135196941469402,
    "cautious": 0.3762593040606762,
    "disciplined": 0.13901127524126544,
    "dutiful": 0.2773426808056015,
    "neuroticism": 0.8110668656241999,
    "melancholy": 0.824964461357797,
    "self_conscious": 0.8585871071986722,
    "authority_challenging": 0.8245759643995516,
    "achievement_striving": 0.3106386360224975,
    "orderliness": 0.23874021031812603,
    "self_efficacy": 0.3419567885428716,
    "stress_prone": 0.8006039361805453,
    "agreeableness": 0.35413263639333553,
    "cooperative": 0.2611317622751795,
    "trusting": 0.21509487272309882,
    "excitement_seeking": 0.7554058468792217,
    "outgoing": 0,
    "gregariousness": 0.3434313110889393,
    "altruism": 0.3313260990490654,
    "modesty": 0.3392549687878012,
    "uncompromising": 0.33094643156714376,
    "sympathy": 0.8232515429509877,
    "fiery": 0.8294851532355617,
    "prone_to_worry": 0.9037675375473482,
    "immoderation": 1
}