{
    "id": "1",
    "extraversion": 0.33459660842754363,
    "active": 0.09328108941418288,
    "assertive": 0.1256166495375128,
    "cheerful": 0.9817702980472764,
    "openness": 0.6853160328879754,
    "adventurous": 0.0906603288797533,
    "artistic": 0.1548818088386433,
    "emotionally_aware": 0.7786613566289825,
    "imaginative": 0.9165339157245632,
    "intellectual": 0.9803057553956833,
    "conscientiousness": 0.28368448098663923,
    "cautious": 0.2800488180883864,
    "disciplined": 0.13811664953751285,
    "dutiful": 0.09489979445015416,
    "neuroticism": 0.7548304213771839,
    "melancholy": 0.9186793422404933,
    "self_conscious": 1,
    "authority_challenging": 0.9631166495375129,
    "achievement_striving": 0.1250899280575539,
    "orderliness": 0.19344809866392598,
    "self_efficacy": 0.16753597122302155,
    "stress_prone": 0.8920477903391572,
    "agreeableness": 0.3448098663926002,
    "cooperative": 0.1784172661870503,
    "trusting": 0,
    "excitement_seeking": 0.8235739979445016,
    "outgoing": 0.2443859198355601,
    "gregariousness": 0.1991264131551901,
    "altruism": 0.22765930113052413,
    "modesty": 0.06523638232271325,
    "uncompromising": 0.838450668036999,
    "sympathy": 0.24550359712230213,
    "fiery": 0.9292137718396712,
    "prone_to_worry": 0.9651849948612539,
    "immoderation": 0.9748458376156218
}