{
    "id": "1",
    "extraversion": 0.22772423288749016,
    "active": 0.11498082218725411,
    "assertive": 0.0448957513768686,
    "cheerful": 0.6268931943351691,
    "openness": 0.5424616443745083,
    "adventurous": 0,
    "artistic": 0.030180468135326467,
    "emotionally_aware": 0.716168371361133,
    "imaginative": 1,
    "intellectual": 0.6812795043273014,
    "conscientiousness": 0.1751573564122738,
    "cautious": 0.7269743312352479,
    "disciplined": 0.8738075334382377,
    "dutiful": 0.00903570023603458,
    "neuroticism": 0.5760474036191975,
    "melancholy": 0.7970962824547602,
    "self_conscious": 0.9314147324940991,
    "authority_challenging": 0.7680222265932337,
    "achievement_striving": 0.6854469905586154,
    "orderliness": 0.7111649291896145,
    "self_efficacy": 0.6733993902439025,
    "stress_prone": 0.7890809402045633,
    "agreeableness": 0.26213365460267507,
    "cooperative": 0.8744713808025177,
    "trusting": 0.03240558615263572,
    "excitement_seeking": 0.7081038552321007,
    "outgoing": 0.7064442368214006,
    "gregariousness": 0.07340430763178599,
    "altruism": 0.0484116837136113,
    "modesty": 0.01792387883556253,
    "uncompromising": 0.09521292289535795,
    "sympathy": 0.6884834775767112,
    "fiery": 0.0394620377655389,
    "prone_to_worry": 0.7046616837136113,
    "immoderation": 0.7953997836349331
}