{
    "id": "1",
    "extraversion": 0.7055982281702088,
    "active": 0.8798477922812308,
    "assertive": 0.9851444324018661,
    "cheerful": 0.8290019320484426,
    "openness": 0.6862070590452853,
    "adventurous": 0.7526035530842091,
    "artistic": 0.14275953065359787,
    "emotionally_aware": 0.7901135667499175,
    "imaginative": 0.14094529004288206,
    "intellectual": 0.9262876396022808,
    "conscientiousness": 0.32104990339757783,
    "cautious": 0.22283351397200887,
    "disciplined": 0,
    "dutiful": 0.05333160548513269,
    "neuroticism": 0.6624923424909288,
    "melancholy": 0.7969110786485085,
    "self_conscious": 0.8437161302483389,
    "authority_challenging": 0.8834527119362896,
    "achievement_striving": 0.8292493284953583,
    "orderliness": 0.1757928467084492,
    "self_efficacy": 0.13931954196314975,
    "stress_prone": 0.9192780736063333,
    "agreeableness": 0.36733660053720374,
    "cooperative": 0.16059563639790778,
    "trusting": 0.005749022194995583,
    "excitement_seeking": 0.7798996277272513,
    "outgoing": 0.9006055322557843,
    "gregariousness": 0.7979242260025448,
    "altruism": 0.18216625041232745,
    "modesty": 0.2126077941661562,
    "uncompromising": 0.8010579143301446,
    "sympathy": 0.08546958201781255,
    "fiery": 1,
    "prone_to_worry": 0.183544602045144,
    "immoderation": 0.8485580321379766
}