{
    "id": "1",
    "extraversion": 0.28405879862553784,
    "active": 0.8947098959307649,
    "assertive": 0.859245621117095,
    "cheerful": 0.6497287504799787,
    "openness": 0.3148660490119822,
    "adventurous": 0.654612226412122,
    "artistic": 0.7044906317996986,
    "emotionally_aware": 0.7463250859038861,
    "imaginative": 0.8168794982622307,
    "intellectual": 0.7652977837289671,
    "conscientiousness": 0.5746846908936958,
    "cautious": 0.6935520395404019,
    "disciplined": 0,
    "dutiful": 0.8841848238108834,
    "neuroticism": 0.6015044256500635,
    "melancholy": 0.700965864897063,
    "self_conscious": 0.7712544428800692,
    "authority_challenging": 0.1675051936160367,
    "achievement_striving": 0.8181299043980821,
    "orderliness": 0.11389526125611665,
    "self_efficacy": 0.7651304065296799,
    "stress_prone": 0.7986649206927446,
    "agreeableness": 0.26659249559404136,
    "cooperative": 0.757352289621629,
    "trusting": 9.845717605126564e-05,
    "excitement_seeking": 0.6781139543355618,
    "outgoing": 0.6693414199493929,
    "gregariousness": 0.714621875215375,
    "altruism": 0.6911103015743302,
    "modesty": 0.7072966613171601,
    "uncompromising": 0.732678921303179,
    "sympathy": 0.15885080784112948,
    "fiery": 0.79946242381876,
    "prone_to_worry": 0.7278643653942717,
    "immoderation": 1
}