{
    "id": "1",
    "extraversion": 0.5505690314005649,
    "active": 0.7024734175112144,
    "assertive": 1,
    "cheerful": 0.17491485296560888,
    "openness": 0.5885632995514205,
    "adventurous": 0.6232555241734508,
    "artistic": 0.7682546934706761,
    "emotionally_aware": 0.761349476657252,
    "imaginative": 0.7787734673533809,
    "intellectual": 0.6821108157501247,
    "conscientiousness": 0.15817619205848146,
    "cautious": 0.577566871573351,
    "disciplined": 0.8622902475494267,
    "dutiful": 0,
    "neuroticism": 0.5828106828376806,
    "melancholy": 0.6445942016946337,
    "self_conscious": 0.698132995514205,
    "authority_challenging": 0.7076549260674531,
    "achievement_striving": 0.6831907293570361,
    "orderliness": 0.05780652932380794,
    "self_efficacy": 0.06052708091045025,
    "stress_prone": 0.6890264163482305,
    "agreeableness": 0.5134781525170294,
    "cooperative": 0.1355810765907958,
    "trusting": 0.006199119455058954,
    "excitement_seeking": 0.6439607908290415,
    "outgoing": 0.7016842498753947,
    "gregariousness": 0.18944176773550422,
    "altruism": 0.06805532480478484,
    "modesty": 0.6512502076756937,
    "uncompromising": 0.618022096693803,
    "sympathy": 0.07834565542448914,
    "fiery": 0.6520186077421499,
    "prone_to_worry": 0.6934602924073766,
    "immoderation": 0.08502242897491279
}