{
    "id": "1",
    "extraversion": 0.375417112126219,
    "active": 0.8534573060766083,
    "assertive": 0.16712562499325062,
    "cheerful": 0.9059837366767098,
    "openness": 0.7168173129879807,
    "adventurous": 0.25451129037483394,
    "artistic": 0.32043930411118676,
    "emotionally_aware": 0.7590306800142547,
    "imaginative": 0.9160592218226585,
    "intellectual": 0.9821384218312977,
    "conscientiousness": 0.7167849159296337,
    "cautious": 0.788630792324057,
    "disciplined": 0.21849656051230548,
    "dutiful": 0.22163907517197443,
    "neuroticism": 0.7491819742767357,
    "melancholy": 1,
    "self_conscious": 0.9954104167341605,
    "authority_challenging": 0.19612099221390702,
    "achievement_striving": 0.2354942171250851,
    "orderliness": 0.21184436453170052,
    "self_efficacy": 0.860336281465643,
    "stress_prone": 0.91369423656332,
    "agreeableness": 0.3648880681634108,
    "cooperative": 0.21693070269219555,
    "trusting": 0,
    "excitement_seeking": 0.2006565803825013,
    "outgoing": 0.2518871286487187,
    "gregariousness": 0.23511625144436887,
    "altruism": 0.2503536678869559,
    "modesty": 0.2543277070442004,
    "uncompromising": 0.24776190321918773,
    "sympathy": 0.8976252956231574,
    "fiery": 0.8724851783458062,
    "prone_to_worry": 0.9460912949104222,
    "immoderation": 0.8826902517251434
}