{
    "id": "1",
    "extraversion": 0.37172974061723696,
    "active": 1,
    "assertive": 0.7810502129818202,
    "cheerful": 0.2784653373020314,
    "openness": 0.416653611738991,
    "adventurous": 0.3156756111571142,
    "artistic": 0.28332177039739204,
    "emotionally_aware": 0.7854217487635119,
    "imaginative": 0.8041984647405054,
    "intellectual": 0.7506359614767734,
    "conscientiousness": 0.41827242277077786,
    "cautious": 0.6711053420764049,
    "disciplined": 0,
    "dutiful": 0.2675364978478019,
    "neuroticism": 0.6580429544420324,
    "melancholy": 0.2823445158113824,
    "self_conscious": 0.8862207103372647,
    "authority_challenging": 0.3255675163559594,
    "achievement_striving": 0.7846533730203135,
    "orderliness": 0.7642280061768458,
    "self_efficacy": 0.716417131049094,
    "stress_prone": 0.7332393378540684,
    "agreeableness": 0.43302822102365557,
    "cooperative": 0.8042581444098801,
    "trusting": 0.30746219665943053,
    "excitement_seeking": 0.17502555035845102,
    "outgoing": 0.7235115517460033,
    "gregariousness": 0.3179210587173347,
    "altruism": 0.2961752791889533,
    "modesty": 0.21997926131489232,
    "uncompromising": 0.31816723735350505,
    "sympathy": 0.34191974576460843,
    "fiery": 0.727927847279726,
    "prone_to_worry": 0.7309192907071295,
    "immoderation": 0.7594536326268753
}