{
    "id": "1",
    "extraversion": 0.491978808439446,
    "active": 0.6120457291569849,
    "assertive": 0.6831025188214518,
    "cheerful": 0.6785203085788641,
    "openness": 0.45963379496235707,
    "adventurous": 0.6792824611952784,
    "artistic": 0.5916534993958547,
    "emotionally_aware": 0.13815410354122132,
    "imaginative": 0.6739102147039687,
    "intellectual": 0.5984756947671717,
    "conscientiousness": 0.19987917092666604,
    "cautious": 0.5675899247141928,
    "disciplined": 0,
    "dutiful": 0.08477553675992193,
    "neuroticism": 0.5484245747746073,
    "melancholy": 0.005483781020540957,
    "self_conscious": 0.6035969885677107,
    "authority_challenging": 0.748814945626917,
    "achievement_striving": 0.589729528766614,
    "orderliness": 0.6620131982526256,
    "self_efficacy": 0.6920996375127799,
    "stress_prone": 0.6796449484152802,
    "agreeableness": 0.4426991356073985,
    "cooperative": 0.6314713263314434,
    "trusting": 0.8423273538432939,
    "excitement_seeking": 0.6541128357654056,
    "outgoing": 0.6551910028813086,
    "gregariousness": 0.5798866065619481,
    "altruism": 0.5860303002137744,
    "modesty": 0.06719025931778047,
    "uncompromising": 0.06616785946649319,
    "sympathy": 0.5823589552932428,
    "fiery": 0.598299098429222,
    "prone_to_worry": 0.6386838925550701,
    "immoderation": 1
}