{
    "id": "1",
    "extraversion": 0.2884676911144506,
    "active": 0.9247758010567648,
    "assertive": 0.8080469242328762,
    "cheerful": 0.6565223714188764,
    "openness": 0.5949294682243443,
    "adventurous": 0.08108972805274134,
    "artistic": 0.7272383537738136,
    "emotionally_aware": 0.7977992146977556,
    "imaginative": 0.8853652624945466,
    "intellectual": 0.7807940278249067,
    "conscientiousness": 0.6189538998497262,
    "cautious": 0.2635222259925348,
    "disciplined": 1,
    "dutiful": 0.13682679722720445,
    "neuroticism": 0.6011828009113385,
    "melancholy": 0.7391923990498812,
    "self_conscious": 0.9910514324494643,
    "authority_challenging": 0.7440981143051045,
    "achievement_striving": 0.6903679286441418,
    "orderliness": 0.17436618352804306,
    "self_efficacy": 0.6754277958214164,
    "stress_prone": 0.8210965146153474,
    "agreeableness": 0.2688254399146832,
    "cooperative": 0.10309758107518546,
    "trusting": 0,
    "excitement_seeking": 0.6580929759077028,
    "outgoing": 0.7705947937369723,
    "gregariousness": 0.15536380823113094,
    "altruism": 0.17433709825973148,
    "modesty": 0.1742304522759223,
    "uncompromising": 0.6925687139463862,
    "sympathy": 0.6691550729555481,
    "fiery": 0.14242086383246888,
    "prone_to_worry": 0.7077803092733531,
    "immoderation": 0.09202578893790296
}