{
    "id": "1",
    "extraversion": 0.7370316489821663,
    "active": 1,
    "assertive": 0.1303600313336114,
    "cheerful": 0.23963091447348342,
    "openness": 0.4452628259255115,
    "adventurous": 0.28212458162507503,
    "artistic": 0,
    "emotionally_aware": 0.8306458996714041,
    "imaginative": 0.9589814541644202,
    "intellectual": 0.9000478142771398,
    "conscientiousness": 0.41616732962348807,
    "cautious": 0.8181429748618982,
    "disciplined": 0.10208856831846339,
    "dutiful": 0.20348535560596967,
    "neuroticism": 0.7760358912276062,
    "melancholy": 0.9208012452058557,
    "self_conscious": 0.9066706003235094,
    "authority_challenging": 0.2116341292206273,
    "achievement_striving": 0.27483036104865866,
    "orderliness": 0.3370804805843515,
    "self_efficacy": 0.31634739615654595,
    "stress_prone": 0.9522365891125875,
    "agreeableness": 0.4706857788131886,
    "cooperative": 0.2500076299378414,
    "trusting": 0.16339257556181774,
    "excitement_seeking": 0.20164399727356883,
    "outgoing": 0.889681272063237,
    "gregariousness": 0.2951972084600751,
    "altruism": 0.3536323590750481,
    "modesty": 0.19795110735831206,
    "uncompromising": 0.864746635197412,
    "sympathy": 0.8172782485732016,
    "fiery": 0.9323580577230232,
    "prone_to_worry": 0.9318188754488949,
    "immoderation": 0.19543831449586455
}