{
    "id": "1",
    "extraversion": 0.31230641592920355,
    "active": 1,
    "assertive": 0.7696810471976402,
    "cheerful": 0.2547197640117994,
    "openness": 0.6101493362831859,
    "adventurous": 0.25760508849557523,
    "artistic": 0.6909752949852508,
    "emotionally_aware": 0.8119837758112095,
    "imaginative": 0.7780973451327434,
    "intellectual": 0.7089417404129794,
    "conscientiousness": 0.6167035398230089,
    "cautious": 0.2594764011799411,
    "disciplined": 0.9276640855457229,
    "dutiful": 0.14272676991150446,
    "neuroticism": 0.7069321533923304,
    "melancholy": 0.8091445427728614,
    "self_conscious": 0.8348359144542773,
    "authority_challenging": 0.7265394542772862,
    "achievement_striving": 0.7945519911504426,
    "orderliness": 0.057079646017699145,
    "self_efficacy": 0.7527286135693216,
    "stress_prone": 0.7762352507374631,
    "agreeableness": 0.25580752212389385,
    "cooperative": 0.7205291297935104,
    "trusting": 0.11900811209439532,
    "excitement_seeking": 0.16255530973451332,
    "outgoing": 0.7292311946902655,
    "gregariousness": 0.18914085545722717,
    "altruism": 0.7413808997050148,
    "modesty": 0,
    "uncompromising": 0.7236449115044248,
    "sympathy": 0.24592551622418882,
    "fiery": 0.0819229351032449,
    "prone_to_worry": 0.738209808259587,
    "immoderation": 0.7932983038348084
}