{
    "id": "1",
    "extraversion": 0.6969104910765294,
    "active": 0.19609926647014467,
    "assertive": 0.9335367107698637,
    "cheerful": 0.29220081808002557,
    "openness": 0.6820113799958868,
    "adventurous": 0.32082219327711886,
    "artistic": 0.8061401704714244,
    "emotionally_aware": 0.84710130024451,
    "imaginative": 0.9905166700943763,
    "intellectual": 0.8722835401384795,
    "conscientiousness": 0.7053997851968649,
    "cautious": 0.7916980873380407,
    "disciplined": 0.13593153721350063,
    "dutiful": 1,
    "neuroticism": 0.6930371792235095,
    "melancholy": 0.282648933982313,
    "self_conscious": 0.8527455953931583,
    "authority_challenging": 0.18113160119741323,
    "achievement_striving": 0.20457713489179863,
    "orderliness": 0.8811498823153036,
    "self_efficacy": 0.9262928178058089,
    "stress_prone": 0.8544365987980164,
    "agreeableness": 0.6999840040218459,
    "cooperative": 0.9893741002262288,
    "trusting": 0.9102397111583372,
    "excitement_seeking": 0.29109252530792257,
    "outgoing": 0.8395489134160554,
    "gregariousness": 0.8532826032311875,
    "altruism": 0.86383994881287,
    "modesty": 0.9465620072667443,
    "uncompromising": 0.8489751148282718,
    "sympathy": 0.15588080711135485,
    "fiery": 0.9064463791960877,
    "prone_to_worry": 0.26559036585087176,
    "immoderation": 0
}