{
    "id": "1",
    "extraversion": 0.2553511987527915,
    "active": 0.8524944170564194,
    "assertive": 0,
    "cheerful": 0.6520983440778663,
    "openness": 0.5651202966333797,
    "adventurous": 0.19955336451354655,
    "artistic": 0.13231576286183794,
    "emotionally_aware": 0.6957717102768297,
    "imaginative": 0.8983166898411494,
    "intellectual": 0.6986790544811022,
    "conscientiousness": 0.2804323094425483,
    "cautious": 0.6057599123583196,
    "disciplined": 0.7987928201238781,
    "dutiful": 0.05362785994185312,
    "neuroticism": 0.5898959255045717,
    "melancholy": 0.04991994269582442,
    "self_conscious": 0.9824295285046138,
    "authority_challenging": 0.8570766443348923,
    "achievement_striving": 0.13147305439683143,
    "orderliness": 0.6600830067838032,
    "self_efficacy": 0.708528209665866,
    "stress_prone": 0.7339569375974382,
    "agreeableness": 0.2939999157291535,
    "cooperative": 0.08352294273795982,
    "trusting": 0.06750094804702315,
    "excitement_seeking": 0.6631483588252644,
    "outgoing": 0.755540808157418,
    "gregariousness": 0.14872751021784017,
    "altruism": 0.7093498504192475,
    "modesty": 0.11546159356170736,
    "uncompromising": 0.7569523448363039,
    "sympathy": 0.7187039143808199,
    "fiery": 0.12493152993721825,
    "prone_to_worry": 0.7055892638941558,
    "immoderation": 1
}