{
    "id": "1",
    "extraversion": 0.33348007662379375,
    "active": 0.12646495413280662,
    "assertive": 0.9241614810760646,
    "cheerful": 0.2521446333599057,
    "openness": 0.7132556783704355,
    "adventurous": 0.21282139755137008,
    "artistic": 0.23930657846205097,
    "emotionally_aware": 0.7812890406558234,
    "imaginative": 0.9427463205111425,
    "intellectual": 0.8983425940247718,
    "conscientiousness": 0.28387687841326875,
    "cautious": 0.7888562352017323,
    "disciplined": 0.9830333027948647,
    "dutiful": 0.07247135531309865,
    "neuroticism": 0.8517258200768617,
    "melancholy": 0.8489297654883576,
    "self_conscious": 0.8960462598308089,
    "authority_challenging": 0.9320023320285078,
    "achievement_striving": 0.18131521648601379,
    "orderliness": 0.22683736480778613,
    "self_efficacy": 0.8624341142456006,
    "stress_prone": 0.860280557307221,
    "agreeableness": 0.3789546325270384,
    "cooperative": 0.7772436850809665,
    "trusting": 0.09572025176389404,
    "excitement_seeking": 0.1659904577200852,
    "outgoing": 0.23746237224410152,
    "gregariousness": 0.7847275928944519,
    "altruism": 0.9088605185193999,
    "modesty": 0.15110592882553808,
    "uncompromising": 0.8115102264209312,
    "sympathy": 0.14782205194712483,
    "fiery": 0.18813283044011087,
    "prone_to_worry": 1,
    "immoderation": 0
}