{
    "id": "1",
    "extraversion": 0.29431635666545775,
    "active": 1,
    "assertive": 0.8420599968913528,
    "cheerful": 0.19197969017149377,
    "openness": 0.3623542821615461,
    "adventurous": 0.19326459768923893,
    "artistic": 0.21965701259002124,
    "emotionally_aware": 0.7050204652608674,
    "imaginative": 0.7958240505673282,
    "intellectual": 0.7678151391119631,
    "conscientiousness": 0.6719548209937309,
    "cautious": 0.7801564685767578,
    "disciplined": 0.18561732552717478,
    "dutiful": 0.19133723641262115,
    "neuroticism": 0.6976944199782396,
    "melancholy": 0.22739754416869595,
    "self_conscious": 0.8128905238070567,
    "authority_challenging": 0.8840474586808975,
    "achievement_striving": 0.2734262473446972,
    "orderliness": 0.8159991710274079,
    "self_efficacy": 0.8311797316201234,
    "stress_prone": 0.19158592819024922,
    "agreeableness": 0.3992021138801099,
    "cooperative": 0.8583596704833947,
    "trusting": 0.04603906533340244,
    "excitement_seeking": 0,
    "outgoing": 0.15375369151857418,
    "gregariousness": 0.736345267084607,
    "altruism": 0.2891352779648723,
    "modesty": 0.19323351121703544,
    "uncompromising": 0.8372312315424072,
    "sympathy": 0.19816589813999277,
    "fiery": 0.8451790062691052,
    "prone_to_worry": 0.8437283042329414,
    "immoderation": 0.10447127091860528
}