{
    "id": "1",
    "extraversion": 0.3965609077113253,
    "active": 0.29850356270665207,
    "assertive": 0.20692843431856323,
    "cheerful": 0.7670924494738852,
    "openness": 0.4382581429705637,
    "adventurous": 0.3086339105353607,
    "artistic": 0.2772479221732008,
    "emotionally_aware": 0.8873199803021015,
    "imaginative": 0.9861612212697105,
    "intellectual": 0.9440820879772469,
    "conscientiousness": 0.4233842195712692,
    "cautious": 0.81854818447685,
    "disciplined": 0.05983739183743202,
    "dutiful": 0.24021386289860608,
    "neuroticism": 0.8145985548174427,
    "melancholy": 0.9513381506085243,
    "self_conscious": 0.9350170346622715,
    "authority_challenging": 0.8970684300975851,
    "achievement_striving": 0.8321156146045847,
    "orderliness": 0.10300191954011434,
    "self_efficacy": 0.1872104358662553,
    "stress_prone": 0.9799302533591953,
    "agreeableness": 0.3322713888023477,
    "cooperative": 0.19015507070138588,
    "trusting": 0,
    "excitement_seeking": 0.29145854898847273,
    "outgoing": 0.17930112659919803,
    "gregariousness": 0.3057294754932012,
    "altruism": 0.2768760740882184,
    "modesty": 0.19110981578444872,
    "uncompromising": 0.33030159894676536,
    "sympathy": 0.24300774851009518,
    "fiery": 0.9409867039184748,
    "prone_to_worry": 0.9666944715234715,
    "immoderation": 1
}