{
    "id": "1",
    "extraversion": 0.8155806599503919,
    "active": 0.9595495315457228,
    "assertive": 0.08744871689374252,
    "cheerful": 0.11353403787602713,
    "openness": 0.6649934757308945,
    "adventurous": 0.2736078620381581,
    "artistic": 0.20236989666968386,
    "emotionally_aware": 0.8152750185148177,
    "imaginative": 0.9158545616984259,
    "intellectual": 0.9239305488614856,
    "conscientiousness": 0.7076422114333407,
    "cautious": 0.7789977312001128,
    "disciplined": 0.15186852716094368,
    "dutiful": 0.129603724123338,
    "neuroticism": 0.669472298306041,
    "melancholy": 0.9093655589123867,
    "self_conscious": 0.8077632924635875,
    "authority_challenging": 0.9657916700953365,
    "achievement_striving": 0.09277393113663346,
    "orderliness": 0.9356859886912668,
    "self_efficacy": 0.8430531228325908,
    "stress_prone": 0.23907037981826085,
    "agreeableness": 0.6891979263404139,
    "cooperative": 0.224928585703034,
    "trusting": 0.8876767724264403,
    "excitement_seeking": 0.10356542490037259,
    "outgoing": 1,
    "gregariousness": 0.8142052734903076,
    "altruism": 0.906226856477835,
    "modesty": 0.024086896211221686,
    "uncompromising": 0.8543971222683295,
    "sympathy": 0.8114780114497983,
    "fiery": 0.1810455288184607,
    "prone_to_worry": 0.8280179152903004,
    "immoderation": 0
}