{
    "id": "1",
    "extraversion": 0.3546875137402499,
    "active": 0.21359163537553755,
    "assertive": 0.1225938074342447,
    "cheerful": 0.6655645154198582,
    "openness": 0.5980548202995155,
    "adventurous": 0.28532233527089185,
    "artistic": 0.269959636641839,
    "emotionally_aware": 0.6341883799256048,
    "imaginative": 1,
    "intellectual": 0.7072997001327858,
    "conscientiousness": 0.3176657843594186,
    "cautious": 0.640563855887862,
    "disciplined": 0,
    "dutiful": 0.19172155438500843,
    "neuroticism": 0.5896040169895442,
    "melancholy": 0.7275781105727376,
    "self_conscious": 0.7600270847806397,
    "authority_challenging": 0.7485512280485768,
    "achievement_striving": 0.2043405999103037,
    "orderliness": 0.690450856072531,
    "self_efficacy": 0.7046263971086117,
    "stress_prone": 0.6688094128406483,
    "agreeableness": 0.38430489724491507,
    "cooperative": 0.20161453432644197,
    "trusting": 0.1036872235461717,
    "excitement_seeking": 0.6610445228066165,
    "outgoing": 0.15756659074720583,
    "gregariousness": 0.6804875260515139,
    "altruism": 0.6948389422865535,
    "modesty": 0.21803248414924772,
    "uncompromising": 0.7525172137850982,
    "sympathy": 0.7922650087497912,
    "fiery": 0.13631207295303255,
    "prone_to_worry": 0.7540033592163001,
    "immoderation": 0.18546919106202242
}