{
    "id": "1",
    "extraversion": 0.7933551862843433,
    "active": 0.7305986123031424,
    "assertive": 0.6890607711954666,
    "cheerful": 0.040172893378969454,
    "openness": 0.2535287000940986,
    "adventurous": 0.10606264282833712,
    "artistic": 0.1339303256227574,
    "emotionally_aware": 0.6503562306761661,
    "imaginative": 0.7778857786923387,
    "intellectual": 0.8733183740577206,
    "conscientiousness": 0.6024176119619055,
    "cautious": 0.6245876720402865,
    "disciplined": 0.7359756791131976,
    "dutiful": 0.8152046904567404,
    "neuroticism": 0.5959754723029357,
    "melancholy": 0.6549474184909055,
    "self_conscious": 0.6278862957179935,
    "authority_challenging": 0.6991531119774163,
    "achievement_striving": 0.7297300092030565,
    "orderliness": 0.1467732428883121,
    "self_efficacy": 0.7847208578489664,
    "stress_prone": 1,
    "agreeableness": 0.14014497399360953,
    "cooperative": 0.07634400818968637,
    "trusting": 0.0003412369321765714,
    "excitement_seeking": 0.6810882355982504,
    "outgoing": 0.8127746698791193,
    "gregariousness": 0.16220128842793177,
    "altruism": 0.13841810830653414,
    "modesty": 0.6796715853040627,
    "uncompromising": 0.060554044691697596,
    "sympathy": 0,
    "fiery": 0.6438727289648112,
    "prone_to_worry": 0.6831666787305986,
    "immoderation": 0.9118367853412885
}