{
    "id": "1",
    "extraversion": 0.285441017387404,
    "active": 0.9161367773937363,
    "assertive": 0.030645629402918165,
    "cheerful": 0,
    "openness": 0.6551542175668188,
    "adventurous": 0.19206617239650672,
    "artistic": 0.19630088915859742,
    "emotionally_aware": 0.8060869106356032,
    "imaginative": 0.9605023614152661,
    "intellectual": 0.8938682356666051,
    "conscientiousness": 0.6547980264372971,
    "cautious": 0.9843143980369911,
    "disciplined": 0.044484314398037024,
    "dutiful": 1,
    "neuroticism": 0.6504841560908683,
    "melancholy": 0.8778924038943562,
    "self_conscious": 0.8739083401493364,
    "authority_challenging": 0.083652146381362,
    "achievement_striving": 0.8288303738687633,
    "orderliness": 0.1455106725416216,
    "self_efficacy": 0.9031819740903935,
    "stress_prone": 0.9120603678003218,
    "agreeableness": 0.26308012981187834,
    "cooperative": 0.1469618215878209,
    "trusting": 0.04643676947837789,
    "excitement_seeking": 0.10403419434843406,
    "outgoing": 0.0696683464816232,
    "gregariousness": 0.1838341996253397,
    "altruism": 0.8516925674784306,
    "modesty": 0.15415160549853565,
    "uncompromising": 0.7621698635919897,
    "sympathy": 0.02898340413181709,
    "fiery": 0.1581092847154429,
    "prone_to_worry": 0.806997176855492,
    "immoderation": 0.03895675575842326
}