{
    "id": "1",
    "extraversion": 0.3014533338519181,
    "active": 0.850686476605344,
    "assertive": 0.11940414608533313,
    "cheerful": 0.051015777941996285,
    "openness": 0.6607936940090492,
    "adventurous": 0.20911931339374845,
    "artistic": 0.8210882501652987,
    "emotionally_aware": 0.7464768646364072,
    "imaginative": 0.9007428727004005,
    "intellectual": 0.9600949010151297,
    "conscientiousness": 0.3626593027627604,
    "cautious": 0.7597915289175838,
    "disciplined": 0,
    "dutiful": 1,
    "neuroticism": 0.6776088055696006,
    "melancholy": 0.1330299612357875,
    "self_conscious": 0.8432577496013379,
    "authority_challenging": 0.8872467037454786,
    "achievement_striving": 0.8823849714130138,
    "orderliness": 0.8975795055294101,
    "self_efficacy": 0.8496752362801914,
    "stress_prone": 0.8619527309971088,
    "agreeableness": 0.6485032346725785,
    "cooperative": 0.9277611398493512,
    "trusting": 0.12156923755072409,
    "excitement_seeking": 0.1570015427897268,
    "outgoing": 0.8771861589721649,
    "gregariousness": 0.8072679657215459,
    "altruism": 0.8101979697405779,
    "modesty": 0.10407996577340439,
    "uncompromising": 0.9263868901767077,
    "sympathy": 0.834376985207369,
    "fiery": 0.8827998392387175,
    "prone_to_worry": 0.9258553407750248,
    "immoderation": 0.9863482556104389
}