{
    "id": "1",
    "extraversion": 0.2451060163691188,
    "active": 0.9572105489876992,
    "assertive": 0.8040731345426698,
    "cheerful": 0.1830517398171636,
    "openness": 0.27701861867611155,
    "adventurous": 0.11935815823481549,
    "artistic": 0.21473699325132817,
    "emotionally_aware": 0.8133106782175847,
    "imaginative": 0.7896304982530034,
    "intellectual": 0.7364787249317953,
    "conscientiousness": 0.6707749006844397,
    "cautious": 0.7357488153927152,
    "disciplined": 1,
    "dutiful": 0.9280380988847938,
    "neuroticism": 0.6684176518451155,
    "melancholy": 0.0369142775092136,
    "self_conscious": 0.795553534676686,
    "authority_challenging": 0.1208897716938687,
    "achievement_striving": 0.12189489302637242,
    "orderliness": 0.879445268750299,
    "self_efficacy": 0.8570095247211984,
    "stress_prone": 0.7631742688938878,
    "agreeableness": 0.5766644330637055,
    "cooperative": 0.8180969702771262,
    "trusting": 0,
    "excitement_seeking": 0.0438902981859953,
    "outgoing": 0.7418034748480351,
    "gregariousness": 0.14860240271861386,
    "altruism": 0.7675058632077729,
    "modesty": 0.07111233427463742,
    "uncompromising": 0.7740032546786004,
    "sympathy": 0.144175082563538,
    "fiery": 0.13260422150959647,
    "prone_to_worry": 0.7910185229502704,
    "immoderation": 0.9721557459436174
}