{
    "id": "1",
    "extraversion": 0.44292338264517556,
    "active": 0.8084459291020591,
    "assertive": 0.2526869849500353,
    "cheerful": 0.3934643409141091,
    "openness": 0.45221832064330947,
    "adventurous": 0.23559996866074545,
    "artistic": 0.20198861815255098,
    "emotionally_aware": 0.6691856779606692,
    "imaginative": 0.3003440195442988,
    "intellectual": 0.7225407588373136,
    "conscientiousness": 0.4212280714250102,
    "cautious": 0.7230749506762869,
    "disciplined": 0,
    "dutiful": 0.295792705076247,
    "neuroticism": 0.6697626051467603,
    "melancholy": 0.7412873311063469,
    "self_conscious": 0.8222280785475681,
    "authority_challenging": 0.27464583081076077,
    "achievement_striving": 0.7118854122892613,
    "orderliness": 0.34620616955961225,
    "self_efficacy": 0.3387915868346641,
    "stress_prone": 0.8516656101539184,
    "agreeableness": 0.42171240535901255,
    "cooperative": 0.23999458685603176,
    "trusting": 0.18616941716109092,
    "excitement_seeking": 0.3201945882805433,
    "outgoing": 0.35117059238313664,
    "gregariousness": 0.37731750226141214,
    "altruism": 0.38194004230799367,
    "modesty": 0.32546528109174566,
    "uncompromising": 0.3593045534512354,
    "sympathy": 0.3578871644384931,
    "fiery": 0.8399632476014786,
    "prone_to_worry": 0.7551122158989736,
    "immoderation": 1
}