{
    "id": "1",
    "extraversion": 0.3079633150654289,
    "active": 0.20635275696230845,
    "assertive": 0.18785370763896655,
    "cheerful": 0.7786153674085673,
    "openness": 0.6998769712560116,
    "adventurous": 0.04065540767251984,
    "artistic": 0.22236886254333968,
    "emotionally_aware": 0.8098870372441561,
    "imaginative": 0.9343809417291131,
    "intellectual": 0.965417738507997,
    "conscientiousness": 0.26903030980874626,
    "cautious": 0.2990605077731798,
    "disciplined": 0.19126495917682584,
    "dutiful": 0.16748685829325577,
    "neuroticism": 0.8099541438317862,
    "melancholy": 0.8975394251202327,
    "self_conscious": 0.9696007158036014,
    "authority_challenging": 0.15966894083435856,
    "achievement_striving": 0.20784028632144055,
    "orderliness": 0.1631137456660329,
    "self_efficacy": 0.2735040823174142,
    "stress_prone": 0.8677552846437758,
    "agreeableness": 0.22593669611900238,
    "cooperative": 0.12616038474443575,
    "trusting": 0,
    "excitement_seeking": 0.8092718935242144,
    "outgoing": 0.9176378481154233,
    "gregariousness": 0.14016329269656636,
    "altruism": 0.27234090146516055,
    "modesty": 0.2205793535398725,
    "uncompromising": 0.21561346605525109,
    "sympathy": 0.8262163069007942,
    "fiery": 1,
    "prone_to_worry": 0.9129627558438653,
    "immoderation": 0.8859859076165977
}