{
    "id": "1",
    "extraversion": 0.7153601837387104,
    "active": 0.8156198595060987,
    "assertive": 0.9505684933632667,
    "cheerful": 0.2751114743583112,
    "openness": 0.29748911120537147,
    "adventurous": 0.7483731468357836,
    "artistic": 0.08376871269100657,
    "emotionally_aware": 0.7216089551929981,
    "imaginative": 0.1576366401473221,
    "intellectual": 0.23131834593778133,
    "conscientiousness": 0.31956672425744115,
    "cautious": 0.24640230087213816,
    "disciplined": 0.11857147290992048,
    "dutiful": 0.04997982598619892,
    "neuroticism": 0.742879607693024,
    "melancholy": 0.9845849843263431,
    "self_conscious": 0.19951582366877374,
    "authority_challenging": 0.9799190970318336,
    "achievement_striving": 0.22367291198957162,
    "orderliness": 0,
    "self_efficacy": 0.16724774723512556,
    "stress_prone": 0.733475413567283,
    "agreeableness": 0.34224438489949205,
    "cooperative": 0.16499239594864426,
    "trusting": 0.13549695320663366,
    "excitement_seeking": 0.8090089903682017,
    "outgoing": 0.011721619300841165,
    "gregariousness": 0.2009228318107988,
    "altruism": 0.2561582470333854,
    "modesty": 0.12107511975087681,
    "uncompromising": 1,
    "sympathy": 0.048996989416402056,
    "fiery": 0.8920121250995768,
    "prone_to_worry": 0.8016739258630857,
    "immoderation": 0.9646799573759297
}