{
    "id": "1",
    "extraversion": 0.2027021522167153,
    "active": 0.06456650145970531,
    "assertive": 0.022961504514902545,
    "cheerful": 0.09908344083101361,
    "openness": 0.2940729173738882,
    "adventurous": 0.10304840790277685,
    "artistic": 0.8235997012696041,
    "emotionally_aware": 0.8140403286034352,
    "imaginative": 0.9991309661212573,
    "intellectual": 0.9252495077737796,
    "conscientiousness": 0.6614569896123293,
    "cautious": 0.7798492769366554,
    "disciplined": 0.9269468395681987,
    "dutiful": 1,
    "neuroticism": 0.6496707176318827,
    "melancholy": 0.12457057505601192,
    "self_conscious": 0.8589992531740104,
    "authority_challenging": 0.895254260302804,
    "achievement_striving": 0.785674519655102,
    "orderliness": 0.9596035032928236,
    "self_efficacy": 0.9938624482313801,
    "stress_prone": 0.8853146853146854,
    "agreeableness": 0.3087107067689592,
    "cooperative": 0.9194242650553329,
    "trusting": 0.06479733858374633,
    "excitement_seeking": 0.035616810374091895,
    "outgoing": 0.837504243329486,
    "gregariousness": 0.8050648380745468,
    "altruism": 0.1636092063276529,
    "modesty": 0.055862584017923836,
    "uncompromising": 0.8578993821712266,
    "sympathy": 0.8212234367574172,
    "fiery": 0.05322832507298528,
    "prone_to_worry": 0.913164505397515,
    "immoderation": 0
}