{
    "id": "1",
    "extraversion": 0.6697599396707026,
    "active": 1,
    "assertive": 0.8813523817503874,
    "cheerful": 0.7539172147974359,
    "openness": 0.6960178474171519,
    "adventurous": 0.3095542335246554,
    "artistic": 0.8200071222087225,
    "emotionally_aware": 0.7194897146926976,
    "imaginative": 0.9404038711299174,
    "intellectual": 0.8517218986970547,
    "conscientiousness": 0.3740102224642842,
    "cautious": 0.27175415811303366,
    "disciplined": 0.10514684318572204,
    "dutiful": 0.20481586995684778,
    "neuroticism": 0.6588776236960073,
    "melancholy": 0.08048095856550333,
    "self_conscious": 0.8403577862499476,
    "authority_challenging": 0.9005404499560098,
    "achievement_striving": 0.8302819556747245,
    "orderliness": 0.7793476894716996,
    "self_efficacy": 0.806370187272194,
    "stress_prone": 0.7856948343039087,
    "agreeableness": 0.4121454606393229,
    "cooperative": 0.8303029033474381,
    "trusting": 0.9323809124806234,
    "excitement_seeking": 0.7969332607147346,
    "outgoing": 0.8456261259374083,
    "gregariousness": 0.7413486111692991,
    "altruism": 0.7727282248942142,
    "modesty": 0.21346725878754869,
    "uncompromising": 0.20843981733629388,
    "sympathy": 0.2856005697766978,
    "fiery": 0.18730361556831035,
    "prone_to_worry": 0,
    "immoderation": 0.9487200971972013
}