{
    "id": "1",
    "extraversion": 0.3252864515000437,
    "active": 0.21038514242397735,
    "assertive": 0.1491491491491491,
    "cheerful": 0.733617112257889,
    "openness": 0.3457146466855205,
    "adventurous": 0.14519373742674713,
    "artistic": 0,
    "emotionally_aware": 0.31228315694335107,
    "imaginative": 0.22096854135689084,
    "intellectual": 0.7922874330641321,
    "conscientiousness": 0.6582602019495224,
    "cautious": 0.7044325879277336,
    "disciplined": 0.10517313429934783,
    "dutiful": 0.870287763491647,
    "neuroticism": 0.35772665869753245,
    "melancholy": 0.13790489518644855,
    "self_conscious": 0.7793813230706436,
    "authority_challenging": 0.11917742985704148,
    "achievement_striving": 0.1785280426057125,
    "orderliness": 1,
    "self_efficacy": 0.22307744637841723,
    "stress_prone": 0.19730410021672157,
    "agreeableness": 0.6196682119012216,
    "cooperative": 0.8703169188606081,
    "trusting": 0.21835427660670373,
    "excitement_seeking": 0.25812219986977264,
    "outgoing": 0.2652652652652652,
    "gregariousness": 0.18922806301447073,
    "altruism": 0.1442121733383869,
    "modesty": 0.7696628667502454,
    "uncompromising": 0.21688678970232367,
    "sympathy": 0.26987181356113393,
    "fiery": 0.2067407213038281,
    "prone_to_worry": 0.7257160072694053,
    "immoderation": 0.8001399457710138
}