{
    "id": "1",
    "extraversion": 0.4575409403063919,
    "active": 0.3579552958267301,
    "assertive": 0.25856774960380347,
    "cheerful": 0.4421470549392499,
    "openness": 0.7812747622820919,
    "adventurous": 0.3783594162704701,
    "artistic": 0.32703545958795566,
    "emotionally_aware": 0.8177330956154252,
    "imaginative": 0.8731593370311675,
    "intellectual": 0.3991102086634971,
    "conscientiousness": 0.7199716059165345,
    "cautious": 0.8593832540940306,
    "disciplined": 0.343634442683571,
    "dutiful": 0.18309231378763866,
    "neuroticism": 0.7028856312731114,
    "melancholy": 0.3677363972530375,
    "self_conscious": 0.861661384046487,
    "authority_challenging": 0,
    "achievement_striving": 0.2209786053882726,
    "orderliness": 0.40510268092974117,
    "self_efficacy": 0.39918449550977286,
    "stress_prone": 0.34426175382989965,
    "agreeableness": 0.7293482567353406,
    "cooperative": 0.29219492868462754,
    "trusting": 0.24825838615953513,
    "excitement_seeking": 0.3603242208135235,
    "outgoing": 0.37558604067617535,
    "gregariousness": 0.3531018885367142,
    "altruism": 0.37383617274167985,
    "modesty": 0.8771790808240887,
    "uncompromising": 1,
    "sympathy": 0.39629556259904913,
    "fiery": 0.3411251980982567,
    "prone_to_worry": 0.8412737717908082,
    "immoderation": 0.08556193872160597
}