{
    "id": "1",
    "extraversion": 0.7430197137766539,
    "active": 0.18606816483705954,
    "assertive": 1,
    "cheerful": 0.19957468820047128,
    "openness": 0.779631013276625,
    "adventurous": 0.35128455658371166,
    "artistic": 0.2304615207770561,
    "emotionally_aware": 0.7520547157882637,
    "imaginative": 0.05860106902695554,
    "intellectual": 0.9717799873555951,
    "conscientiousness": 0.39614920397724007,
    "cautious": 0.34696246910741996,
    "disciplined": 0,
    "dutiful": 0.15457210184493358,
    "neuroticism": 0.7443301339157422,
    "melancholy": 0.8657738950514396,
    "self_conscious": 0.8116558422897867,
    "authority_challenging": 0.9883211678832118,
    "achievement_striving": 0.9195011207540663,
    "orderliness": 0.2594861773665153,
    "self_efficacy": 0.25870452324846255,
    "stress_prone": 0.9232024829013161,
    "agreeableness": 0.39504569228116554,
    "cooperative": 0.1293752514512328,
    "trusting": 0.11935168687855621,
    "excitement_seeking": 0.8674636473360539,
    "outgoing": 0.24358871199494223,
    "gregariousness": 0.8075866429105121,
    "altruism": 0.10731651244324386,
    "modesty": 0.1509512040921892,
    "uncompromising": 0.24495660670153452,
    "sympathy": 0.24120926490028158,
    "fiery": 0.9596528536122766,
    "prone_to_worry": 0.9484912926030231,
    "immoderation": 0.9442036898672337
}