{
    "id": "1",
    "extraversion": 0.2672121552081555,
    "active": 1,
    "assertive": 0.8536570494841842,
    "cheerful": 0.10797990390947006,
    "openness": 0.5928834475526181,
    "adventurous": 0.06087359461502819,
    "artistic": 0.7877594322366656,
    "emotionally_aware": 0.7450796283198791,
    "imaginative": 0.8833378045508866,
    "intellectual": 0.8436090042192035,
    "conscientiousness": 0.5906519035192547,
    "cautious": 0.638819110796771,
    "disciplined": 0.9341389654415531,
    "dutiful": 0.9615759822452017,
    "neuroticism": 0.6203204643562666,
    "melancholy": 0.7575299368338901,
    "self_conscious": 0.8791551837670415,
    "authority_challenging": 0.0941638416701217,
    "achievement_striving": 0.8258907884788919,
    "orderliness": 0.7444211399165915,
    "self_efficacy": 0.7560788235007195,
    "stress_prone": 0.8994585762017414,
    "agreeableness": 0.2715045240592152,
    "cooperative": 0.8395483257322635,
    "trusting": 0.10104138721556964,
    "excitement_seeking": 0.11868643757773825,
    "outgoing": 0.055861766212228395,
    "gregariousness": 0.08217691388434993,
    "altruism": 0.0656415384240178,
    "modesty": 0.12807599443943127,
    "uncompromising": 0.09859034704777703,
    "sympathy": 0,
    "fiery": 0.10071214301392581,
    "prone_to_worry": 0.7410677267517012,
    "immoderation": 0.846608784723069
}