{
    "id": "1",
    "extraversion": 0.3296254972895606,
    "active": 0.8971498123541941,
    "assertive": 0,
    "cheerful": 0.2784821539259109,
    "openness": 0.39282776030924926,
    "adventurous": 0.3065219596307942,
    "artistic": 0.33767229040583335,
    "emotionally_aware": 0.8186541344062391,
    "imaginative": 0.9166469441345189,
    "intellectual": 0.9099976332961422,
    "conscientiousness": 0.26061917480925495,
    "cautious": 0.804172160800622,
    "disciplined": 0.923758325726071,
    "dutiful": 0.08830059392996814,
    "neuroticism": 0.7210557753209138,
    "melancholy": 1,
    "self_conscious": 0.9920884471041688,
    "authority_challenging": 0.928187442945532,
    "achievement_striving": 0.17066188817887773,
    "orderliness": 0.9811790693218829,
    "self_efficacy": 0.8346462904734535,
    "stress_prone": 0.8181131735244728,
    "agreeableness": 0.3827072838128726,
    "cooperative": 0.8814168667094926,
    "trusting": 0.05391576788270164,
    "excitement_seeking": 0.1549965626443971,
    "outgoing": 0.8471222008091873,
    "gregariousness": 0.23556592397245604,
    "altruism": 0.8489254037484081,
    "modesty": 0.19990758584936497,
    "uncompromising": 0.9494877776650775,
    "sympathy": 0.8348153407490053,
    "fiery": 0.23411209160270932,
    "prone_to_worry": 0.851866878543012,
    "immoderation": 0.17574466646380635
}