{
    "id": "1",
    "extraversion": 0.3117389242885062,
    "active": 0.8024701351867056,
    "assertive": 0,
    "cheerful": 0.8013830906757022,
    "openness": 0.7240410301481387,
    "adventurous": 0.9199865854081621,
    "artistic": 0.25190521897008317,
    "emotionally_aware": 0.7147664588946838,
    "imaginative": 0.9170839452777167,
    "intellectual": 0.8555387230696287,
    "conscientiousness": 0.319406057382073,
    "cautious": 0.7760919593399096,
    "disciplined": 0.13829750326691573,
    "dutiful": 0.8552380511836064,
    "neuroticism": 0.691267794571716,
    "melancholy": 0.7873902836723602,
    "self_conscious": 0.8458131439871406,
    "authority_challenging": 0.05518485538838711,
    "achievement_striving": 0.16326483411006906,
    "orderliness": 0.8708036034369109,
    "self_efficacy": 0.800215096041539,
    "stress_prone": 0.7540503972338187,
    "agreeableness": 0.6954656366727187,
    "cooperative": 0.9064216576272363,
    "trusting": 0.9223803961930312,
    "excitement_seeking": 0.2803649694124178,
    "outgoing": 0.8902663259051959,
    "gregariousness": 0.23194523145953075,
    "altruism": 1,
    "modesty": 0.8635065280492177,
    "uncompromising": 0.9381309772992726,
    "sympathy": 0.8598637725070253,
    "fiery": 0.10901668728967426,
    "prone_to_worry": 0.8247545476622761,
    "immoderation": 0.014941079874642937
}