{
    "id": "1",
    "extraversion": 0.31359113755256945,
    "active": 0.8985434403528566,
    "assertive": 0.15228228536260133,
    "cheerful": 0.15932916196532979,
    "openness": 0.3379526105241563,
    "adventurous": 0.21942763360344647,
    "artistic": 0.2366088829623551,
    "emotionally_aware": 0.7795773925530823,
    "imaginative": 0.9071084213765513,
    "intellectual": 0.8890963175710329,
    "conscientiousness": 0.32900810339522,
    "cautious": 0.27328956816083705,
    "disciplined": 0.07463329572263826,
    "dutiful": 0.1341163196225254,
    "neuroticism": 0.6650220535439533,
    "melancholy": 0.8477997743358293,
    "self_conscious": 1,
    "authority_challenging": 0,
    "achievement_striving": 0.7431223715252846,
    "orderliness": 0.20607241768386503,
    "self_efficacy": 0.7727356651964303,
    "stress_prone": 0.8646322699764077,
    "agreeableness": 0.3556775053851677,
    "cooperative": 0.0723766540157965,
    "trusting": 0.05163606523746024,
    "excitement_seeking": 0.09803056723766544,
    "outgoing": 0.7560160016411939,
    "gregariousness": 0.2855574930762129,
    "altruism": 0.21362190993948096,
    "modesty": 0.026341163196225287,
    "uncompromising": 0.8588778336239614,
    "sympathy": 0.9303518309570211,
    "fiery": 0.7686429377372037,
    "prone_to_worry": 0.9627756692994152,
    "immoderation": 0.8299107600779566
}