{
    "id": "1",
    "extraversion": 0.2683180209719832,
    "active": 0.7075934162256922,
    "assertive": 0.637421679706522,
    "cheerful": 0.6747313573353244,
    "openness": 0.49978898159270196,
    "adventurous": 0.5629565302080966,
    "artistic": 0.1688471902087459,
    "emotionally_aware": 0.6598464435282277,
    "imaginative": 0.15784988475148523,
    "intellectual": 0.6053387657046391,
    "conscientiousness": 0.28699315001785536,
    "cautious": 0.24695646527935589,
    "disciplined": 0.11858422880888221,
    "dutiful": 0.11834074603123071,
    "neuroticism": 0.5536636041943966,
    "melancholy": 0.623648670584034,
    "self_conscious": 0.6662987371359931,
    "authority_challenging": 0.6172613057169756,
    "achievement_striving": 0.6336801610232768,
    "orderliness": 0.11828393338311201,
    "self_efficacy": 0.21049897737233383,
    "stress_prone": 0.620840502548453,
    "agreeableness": 0.2882186799987014,
    "cooperative": 0.16258968282310163,
    "trusting": 0,
    "excitement_seeking": 0.5604405415056974,
    "outgoing": 0.1902655585494919,
    "gregariousness": 0.6136821088854981,
    "altruism": 0.20691166444826797,
    "modesty": 0.16145342986072783,
    "uncompromising": 0.5836119858455344,
    "sympathy": 0.1411550822971788,
    "fiery": 0.7092815634840762,
    "prone_to_worry": 0.6082686751290458,
    "immoderation": 1
}