{
    "id": "1",
    "extraversion": 0.34675388389206874,
    "active": 1,
    "assertive": 0.18124829653856633,
    "cheerful": 0.7534696102480241,
    "openness": 0.6065630962115018,
    "adventurous": 0.194941400926683,
    "artistic": 0.7581466339602072,
    "emotionally_aware": 0.7643063505042247,
    "imaginative": 0.8853420550558735,
    "intellectual": 0.8047424366312347,
    "conscientiousness": 0.34734260016353236,
    "cautious": 0.6657072771872445,
    "disciplined": 0.06664486236031612,
    "dutiful": 0.8890596892886347,
    "neuroticism": 0.6364240937585173,
    "melancholy": 0,
    "self_conscious": 0.8304497138184792,
    "authority_challenging": 0.1490978468247479,
    "achievement_striving": 0.8011883346961026,
    "orderliness": 0.9636631234668849,
    "self_efficacy": 0.7459253202507495,
    "stress_prone": 0.7698664486236031,
    "agreeableness": 0.5889343145271192,
    "cooperative": 0.8353556827473426,
    "trusting": 0.9617007358953394,
    "excitement_seeking": 0.7553774870536931,
    "outgoing": 0.7617334423548652,
    "gregariousness": 0.24814390842191333,
    "altruism": 0.7999345870809487,
    "modesty": 0.7657781411828837,
    "uncompromising": 0.721166530389752,
    "sympathy": 0.7633033524121015,
    "fiery": 0.19883346961024803,
    "prone_to_worry": 0.7412919051512674,
    "immoderation": 0.8202671027527938
}