{
    "id": "1",
    "extraversion": 0.27507054310262835,
    "active": 0.9685911459158978,
    "assertive": 0.028798495080477257,
    "cheerful": 0.13612969362628535,
    "openness": 0.6562886401826195,
    "adventurous": 0.19938070025258128,
    "artistic": 0.24788899104868795,
    "emotionally_aware": 1,
    "imaginative": 0.8345433985394671,
    "intellectual": 0.8336345286029824,
    "conscientiousness": 0.6388615875632774,
    "cautious": 0.7251091172336536,
    "disciplined": 0,
    "dutiful": 0.8905868552043372,
    "neuroticism": 0.7347896388827241,
    "melancholy": 0.19680204601418258,
    "self_conscious": 0.9115965462942414,
    "authority_challenging": 0.873571964532936,
    "achievement_striving": 0.8494763429610138,
    "orderliness": 0.18218614924489815,
    "self_efficacy": 0.7941198228760449,
    "stress_prone": 0.8074252560159793,
    "agreeableness": 0.358823964575209,
    "cooperative": 0.8658254335626644,
    "trusting": 0.1611870264100694,
    "excitement_seeking": 0.12986271836657048,
    "outgoing": 0.7691047631125625,
    "gregariousness": 0.22605497606290223,
    "altruism": 0.23326252602432815,
    "modesty": 0.1608911152679581,
    "uncompromising": 0.7627321053020936,
    "sympathy": 0.25909134142861673,
    "fiery": 0.8746499265506272,
    "prone_to_worry": 0.8733394629212771,
    "immoderation": 0.9577269796983819
}