{
    "id": "1",
    "extraversion": 0.3065143267332655,
    "active": 0.9274630615541066,
    "assertive": 0.06822994556439556,
    "cheerful": 0.14311180235688223,
    "openness": 0.6898725847939223,
    "adventurous": 0.13084883651372858,
    "artistic": 0.14129329425136095,
    "emotionally_aware": 1,
    "imaginative": 0.8022013519172101,
    "intellectual": 0.8478794041993181,
    "conscientiousness": 0.632254591134773,
    "cautious": 0.7591792785786924,
    "disciplined": 0,
    "dutiful": 0.8076449123646589,
    "neuroticism": 0.6459173296644135,
    "melancholy": 0.10377460070586833,
    "self_conscious": 0.821690494705988,
    "authority_challenging": 0.8875515941855596,
    "achievement_striving": 0.7960997786684214,
    "orderliness": 0.0905784530717234,
    "self_efficacy": 0.1474786145839565,
    "stress_prone": 0.9044326135072083,
    "agreeableness": 0.33293054973978586,
    "cooperative": 0.7772327570736377,
    "trusting": 0.8224561823293653,
    "excitement_seeking": 0.7186935454926123,
    "outgoing": 0.7356104564216067,
    "gregariousness": 0.2196327092181612,
    "altruism": 0.7670156128491955,
    "modesty": 0.15148651073757255,
    "uncompromising": 0.042866543040019175,
    "sympathy": 0.10123826045343068,
    "fiery": 0.8575821020518035,
    "prone_to_worry": 0.7863133337321291,
    "immoderation": 0.8630017347610218
}