{
    "id": "1",
    "extraversion": 0.3211040741497404,
    "active": 0.8340340426447027,
    "assertive": 0.04696723691143106,
    "cheerful": 0.12159009042913518,
    "openness": 0.6427027666369179,
    "adventurous": 0.7368953022010516,
    "artistic": 0.25974989516241764,
    "emotionally_aware": 0.8353566090687198,
    "imaginative": 0.8286577563682112,
    "intellectual": 0.8125719078289481,
    "conscientiousness": 0.7140783432436211,
    "cautious": 0.8367114332103955,
    "disciplined": 0.9806131116869711,
    "dutiful": 1,
    "neuroticism": 0.6250255373598134,
    "melancholy": 0.1967183148568295,
    "self_conscious": 0.7510241825356717,
    "authority_challenging": 0.14679412049332807,
    "achievement_striving": 0.7668842270513221,
    "orderliness": 0.7845076934656617,
    "self_efficacy": 0.8048193030182472,
    "stress_prone": 0.8233567380995903,
    "agreeableness": 0.33920065375641123,
    "cooperative": 0.801012892334491,
    "trusting": 0,
    "excitement_seeking": 0.7743357598305395,
    "outgoing": 0.15865420801926863,
    "gregariousness": 0.16161116547133905,
    "altruism": 0.21886861431597512,
    "modesty": 0.12775131450199462,
    "uncompromising": 0.22786851754282214,
    "sympathy": 0.07660132686745307,
    "fiery": 0.2245459726239503,
    "prone_to_worry": 0.7472500295695744,
    "immoderation": 0.11867614326727673
}