{
    "id": "1",
    "extraversion": 0.2767141120267233,
    "active": 1,
    "assertive": 0.8577990101563363,
    "cheerful": 0.17232613260957666,
    "openness": 0.6334753828582655,
    "adventurous": 0.20240215162046987,
    "artistic": 0.7278421162513662,
    "emotionally_aware": 0.9042946442826089,
    "imaginative": 0.8352389256634777,
    "intellectual": 0.853193658123227,
    "conscientiousness": 0.2932688174684073,
    "cautious": 0.6909992999864909,
    "disciplined": 0.854925270487676,
    "dutiful": 0.8573323344836478,
    "neuroticism": 0.6440861139425498,
    "melancholy": 0.023714492735824717,
    "self_conscious": 0.8374249327618603,
    "authority_challenging": 0.8137841256585653,
    "achievement_striving": 0.8139314969236248,
    "orderliness": 0.13866407948223564,
    "self_efficacy": 0.8145823866776375,
    "stress_prone": 0.8548270229776364,
    "agreeableness": 0.33374679160475024,
    "cooperative": 0.7895661144337872,
    "trusting": 0,
    "excitement_seeking": 0.16127328773011407,
    "outgoing": 0.837216156803026,
    "gregariousness": 0.14177115698724008,
    "altruism": 0.8137227209647905,
    "modesty": 0.15454333329239686,
    "uncompromising": 0.08452970145037886,
    "sympathy": 0.12217077873432645,
    "fiery": 0.15550124651528363,
    "prone_to_worry": 0.7419529148808134,
    "immoderation": 0.9607992434941727
}