{
    "id": "1",
    "extraversion": 0.32660850599781893,
    "active": 0.2574037248487181,
    "assertive": 0.0774477730023307,
    "cheerful": 0.1888938781619518,
    "openness": 0.34742446596959387,
    "adventurous": 0.2568691598776915,
    "artistic": 0.28202578741420226,
    "emotionally_aware": 0.7191181816237945,
    "imaginative": 0.8782154083007248,
    "intellectual": 0.9978189749182115,
    "conscientiousness": 0.7195672161994568,
    "cautious": 0.8547586973720785,
    "disciplined": 0.01351380246755189,
    "dutiful": 0.19636709645690337,
    "neuroticism": 0.6830778112771826,
    "melancholy": 0.8660700921590009,
    "self_conscious": 0.8471892573823423,
    "authority_challenging": 0.11337053905531674,
    "achievement_striving": 0.15725832317659888,
    "orderliness": 0.09288600936557824,
    "self_efficacy": 0.7684692197489682,
    "stress_prone": 0.7592212457502083,
    "agreeableness": 0.27514059058737994,
    "cooperative": 0.10130006200953663,
    "trusting": 0,
    "excitement_seeking": 0.13171680886094891,
    "outgoing": 0.8206320696217417,
    "gregariousness": 0.2700622233626275,
    "altruism": 0.2838005431180105,
    "modesty": 0.24538670430004061,
    "uncompromising": 0.8454251929779544,
    "sympathy": 0.850867064383005,
    "fiery": 0.7845596253768682,
    "prone_to_worry": 0.8906707721256442,
    "immoderation": 1
}