{
    "id": "1",
    "extraversion": 0.23032125390982766,
    "active": 0.2625589714344963,
    "assertive": 0.2521126030380009,
    "cheerful": 0.22484317486650424,
    "openness": 0.41046710560423033,
    "adventurous": 0.11193771925276923,
    "artistic": 0.36152729534968114,
    "emotionally_aware": 0.9723590301899183,
    "imaginative": 0.839727305718285,
    "intellectual": 0.860974303143415,
    "conscientiousness": 0.7323863341801027,
    "cautious": 0.87136018801735,
    "disciplined": 0.2170753624691102,
    "dutiful": 0.18710145678884338,
    "neuroticism": 0.7473776072718475,
    "melancholy": 0.8722069573331952,
    "self_conscious": 0.8421639276271449,
    "authority_challenging": 0.9291997165914941,
    "achievement_striving": 0.3992862944337878,
    "orderliness": 0.35940173155684585,
    "self_efficacy": 0.3569046261254255,
    "stress_prone": 0.7910985535797604,
    "agreeableness": 0.3936613268356749,
    "cooperative": 0.8919418666943163,
    "trusting": 0.1440458292290943,
    "excitement_seeking": 0,
    "outgoing": 0.8205194670537611,
    "gregariousness": 0.36125079924654807,
    "altruism": 0.31364162648832666,
    "modesty": 0.03107989009279896,
    "uncompromising": 0.9171289335890923,
    "sympathy": 0.8225327043046986,
    "fiery": 0.882411391639449,
    "prone_to_worry": 1,
    "immoderation": 0.8702110010887034
}