{
    "id": "1",
    "extraversion": 0.4951880128565245,
    "active": 0.9542838197507896,
    "assertive": 0.29041378484661495,
    "cheerful": 0.4018492765902581,
    "openness": 0.8057614912094894,
    "adventurous": 0.3747824245047567,
    "artistic": 0.3292504351509904,
    "emotionally_aware": 0.8816205114981166,
    "imaginative": 0.27122109354134616,
    "intellectual": 0.9163773334684066,
    "conscientiousness": 0.4248915576103073,
    "cautious": 0.8574915041949476,
    "disciplined": 0,
    "dutiful": 0.2522218026762936,
    "neuroticism": 0.8064061593435435,
    "melancholy": 0.8989620843041727,
    "self_conscious": 0.9812401572990245,
    "authority_challenging": 0.9230082057043919,
    "achievement_striving": 0.8929482515679249,
    "orderliness": 0.37355755505005384,
    "self_efficacy": 0.2689463359826123,
    "stress_prone": 1,
    "agreeableness": 0.5018925614506874,
    "cooperative": 0.2906163948316034,
    "trusting": 0.12037795971745115,
    "excitement_seeking": 0.3955131097869832,
    "outgoing": 0.3627087113084,
    "gregariousness": 0.4127625871453174,
    "altruism": 0.3862298886566037,
    "modesty": 0.2230091266588692,
    "uncompromising": 0.37925826326404677,
    "sympathy": 0.8911892285164342,
    "fiery": 0.9416483243233287,
    "prone_to_worry": 0.8988055220430452,
    "immoderation": 0.9825755412909939
}