{
    "id": "1",
    "extraversion": 0.23515380478994027,
    "active": 0.9584568505522082,
    "assertive": 0,
    "cheerful": 0.1572379941263254,
    "openness": 0.6849862809712245,
    "adventurous": 0.05541384587808678,
    "artistic": 0.08708480979497289,
    "emotionally_aware": 0.9145559584706384,
    "imaginative": 0.9798419898796309,
    "intellectual": 0.8609069725757303,
    "conscientiousness": 0.16213272298592252,
    "cautious": 0.7563803824782495,
    "disciplined": 1,
    "dutiful": 0.9808209356515504,
    "neuroticism": 0.708108704344589,
    "melancholy": 0.8425827622816329,
    "self_conscious": 0.9429867497621576,
    "authority_challenging": 0.03692417996056644,
    "achievement_striving": 0.1226853447681553,
    "orderliness": 0.13288844154590707,
    "self_efficacy": 0.13196464764846197,
    "stress_prone": 0.8871041129510389,
    "agreeableness": 0.3181573758738125,
    "cooperative": 0.8479324941056434,
    "trusting": 0.029947467839563216,
    "excitement_seeking": 0.7543949149971734,
    "outgoing": 0.9019675431218718,
    "gregariousness": 0.06496890813076509,
    "altruism": 0.859693631337295,
    "modesty": 0.8281467591379761,
    "uncompromising": 0.05782674038633892,
    "sympathy": 0.1410095550622527,
    "fiery": 0.13395011512953797,
    "prone_to_worry": 0.8627269844333834,
    "immoderation": 0.10875949646338605
}