{
    "id": "1",
    "extraversion": 0.31231920860291035,
    "active": 0.8262636076578268,
    "assertive": 0.10452226908384302,
    "cheerful": 0.1807141122176342,
    "openness": 0.3457062733234703,
    "adventurous": 0.19687769116965131,
    "artistic": 0.7360279992050699,
    "emotionally_aware": 0.8875836332722414,
    "imaginative": 0.8104974937620067,
    "intellectual": 0.7644688321151765,
    "conscientiousness": 0.6658864574822797,
    "cautious": 0.7414821030317752,
    "disciplined": 0,
    "dutiful": 1,
    "neuroticism": 0.6480557334334356,
    "melancholy": 0.7929869498973215,
    "self_conscious": 0.8033983262304856,
    "authority_challenging": 0.05863713648508401,
    "achievement_striving": 0.8067215757281339,
    "orderliness": 0.201437498619913,
    "self_efficacy": 0.7574469494556938,
    "stress_prone": 0.8039393203347538,
    "agreeableness": 0.3344889261819065,
    "cooperative": 0.878552343939762,
    "trusting": 0.03450217501711308,
    "excitement_seeking": 0.15758385408616163,
    "outgoing": 0.1679731490273147,
    "gregariousness": 0.15315653498796566,
    "altruism": 0.06546028661646831,
    "modesty": 0.14017267648552567,
    "uncompromising": 0.14313158301499324,
    "sympathy": 0.20749884072691943,
    "fiery": 0.2128867003775918,
    "prone_to_worry": 0.7895643341356239,
    "immoderation": 0.8953673239561022
}