{
    "id": "1",
    "extraversion": 0.3202735760851468,
    "active": 0.16811609052601922,
    "assertive": 0,
    "cheerful": 0.9037744790399223,
    "openness": 0.6853234627355047,
    "adventurous": 0.7298051923101554,
    "artistic": 0.7305096251136698,
    "emotionally_aware": 0.6991431535535434,
    "imaginative": 0.9374847906553786,
    "intellectual": 1,
    "conscientiousness": 0.30035733954941923,
    "cautious": 0.16693776656377682,
    "disciplined": 0.0919476926623718,
    "dutiful": 0.017623627957016857,
    "neuroticism": 0.7247076603865416,
    "melancholy": 0.8312691317545501,
    "self_conscious": 0.8513902941967545,
    "authority_challenging": 0.9122148648129411,
    "achievement_striving": 0.7544219168256978,
    "orderliness": 0.07940878875981404,
    "self_efficacy": 0.8353804577532437,
    "stress_prone": 0.7378613420085302,
    "agreeableness": 0.638638779666227,
    "cooperative": 0.16283924843423805,
    "trusting": 0.874726231796816,
    "excitement_seeking": 0.7601982658145164,
    "outgoing": 0.8150543694045623,
    "gregariousness": 0.7890159714128361,
    "altruism": 0.7390908974473918,
    "modesty": 0.10405112901366605,
    "uncompromising": 0.9608207282554403,
    "sympathy": 0.7879273025346774,
    "fiery": 0.15651216107176255,
    "prone_to_worry": 0.7792051436402526,
    "immoderation": 0.8581144255030292
}