{
    "id": "1",
    "extraversion": 0.26773122757824414,
    "active": 0.8946022844418786,
    "assertive": 0.08872829986392305,
    "cheerful": 0.7790606572924827,
    "openness": 0.4119830110098552,
    "adventurous": 0.32431652302997815,
    "artistic": 0.24034060451115413,
    "emotionally_aware": 0.7347222794936291,
    "imaginative": 1,
    "intellectual": 0.7849263947878438,
    "conscientiousness": 0.6430971918683765,
    "cautious": 0.7171663024205187,
    "disciplined": 0,
    "dutiful": 0.8998907261556224,
    "neuroticism": 0.6894045606366748,
    "melancholy": 0.14955053399859797,
    "self_conscious": 0.8049771143458,
    "authority_challenging": 0.8891282833697579,
    "achievement_striving": 0.8324708259453218,
    "orderliness": 0.8636860335656261,
    "self_efficacy": 0.8728093686858274,
    "stress_prone": 0.923394911550039,
    "agreeableness": 0.40474619603315326,
    "cooperative": 0.8784173848501092,
    "trusting": 0.15235454208073893,
    "excitement_seeking": 0.7569069316729207,
    "outgoing": 0.8025236072739268,
    "gregariousness": 0.30458537792255985,
    "altruism": 0.7841326130881201,
    "modesty": 0.2552059708877984,
    "uncompromising": 0.8279452393715723,
    "sympathy": 0.8077708135746978,
    "fiery": 0.8087501546327985,
    "prone_to_worry": 0.8024411364479815,
    "immoderation": 0.1621376438085027
}