{
    "id": "1",
    "extraversion": 0.3514796100271702,
    "active": 0.2650143227725937,
    "assertive": 0.9594659388485228,
    "cheerful": 0.8415397287893875,
    "openness": 0.3673637492469787,
    "adventurous": 0.18448714638734182,
    "artistic": 0.2076740554961334,
    "emotionally_aware": 0.8269587774622259,
    "imaginative": 0.8977120446526266,
    "intellectual": 0.898929172967457,
    "conscientiousness": 0.6791084227738231,
    "cautious": 0.8234180405463553,
    "disciplined": 0,
    "dutiful": 0.16613186786166534,
    "neuroticism": 0.684382645471422,
    "melancholy": 0.9406557739829602,
    "self_conscious": 0.19117520500620855,
    "authority_challenging": 0.9725592889020026,
    "achievement_striving": 1,
    "orderliness": 0.8086649700635611,
    "self_efficacy": 0.9390575246806574,
    "stress_prone": 0.9176532782552035,
    "agreeableness": 0.33577988418839666,
    "cooperative": 0.10343131830978987,
    "trusting": 0.04974243597782121,
    "excitement_seeking": 0.13414229336480651,
    "outgoing": 0.8296143301491289,
    "gregariousness": 0.28311142256482125,
    "altruism": 0.22380407922398846,
    "modesty": 0.07862157144789086,
    "uncompromising": 0.8778445764024636,
    "sympathy": 0.11886057118971217,
    "fiery": 0.9141740124663443,
    "prone_to_worry": 0.9100308585057598,
    "immoderation": 0.16330419601912982
}