{
    "id": "1",
    "extraversion": 0.26345124748071447,
    "active": 0.16334700118145806,
    "assertive": 0.9477795538258392,
    "cheerful": 0.12807005351310027,
    "openness": 0.36128987420946557,
    "adventurous": 0.20337758009590662,
    "artistic": 0.8110223087080409,
    "emotionally_aware": 0.7742720133435264,
    "imaginative": 0.9279727569671276,
    "intellectual": 0.867662797970672,
    "conscientiousness": 0.6877058864410314,
    "cautious": 0.7633609006880255,
    "disciplined": 0.1038432135659184,
    "dutiful": 0.05652929321009109,
    "neuroticism": 0.6622975884356105,
    "melancholy": 0.9216901799986101,
    "self_conscious": 0.8638404336646051,
    "authority_challenging": 0.09536451455973313,
    "achievement_striving": 0.19423170477448054,
    "orderliness": 0.12761136979637222,
    "self_efficacy": 1,
    "stress_prone": 0.7906734310931962,
    "agreeableness": 0.3027173535339496,
    "cooperative": 0.8795468760858989,
    "trusting": 0,
    "excitement_seeking": 0.11663075960803397,
    "outgoing": 0.8212523455417332,
    "gregariousness": 0.8782959204948225,
    "altruism": 0.13297657933143378,
    "modesty": 0.10366251998054074,
    "uncompromising": 0.12612412259364797,
    "sympathy": 0.11211341997359095,
    "fiery": 0.8900966015706441,
    "prone_to_worry": 0.9680450344012789,
    "immoderation": 0.10456598790742931
}