{
    "id": "1",
    "extraversion": 0.31519614376471633,
    "active": 0.22597627615620414,
    "assertive": 0.17310853436403215,
    "cheerful": 0.8044559953796259,
    "openness": 0.6551490514905148,
    "adventurous": 0.2609844950908525,
    "artistic": 0.1363565684837176,
    "emotionally_aware": 0.7986694211204407,
    "imaginative": 0.1288484606157537,
    "intellectual": 0.8156070904971344,
    "conscientiousness": 0.3326558265582655,
    "cautious": 0.7943822471011596,
    "disciplined": 0.0448709405126838,
    "dutiful": 0.12161801945888309,
    "neuroticism": 0.7087720467368608,
    "melancholy": 0.9149895597316628,
    "self_conscious": 1,
    "authority_challenging": 0.8951419432227108,
    "achievement_striving": 0.2410035985605757,
    "orderliness": 0,
    "self_efficacy": 0.12668266026922562,
    "stress_prone": 0.8610888977742236,
    "agreeableness": 0.33346661335465805,
    "cooperative": 0.01616020258563236,
    "trusting": 0.051546048247367665,
    "excitement_seeking": 0.20452929939135453,
    "outgoing": 0.15341641121329241,
    "gregariousness": 0.7226664889599715,
    "altruism": 0.11574259185214798,
    "modesty": 0.12038517926162866,
    "uncompromising": 0.1236172197787551,
    "sympathy": 0.851392776222844,
    "fiery": 0.9907370385179262,
    "prone_to_worry": 0.8598893775823003,
    "immoderation": 0.9799302501221733
}